fecha,comuna,tipo_delito,sector,cantidad_casos,gravedad,edad_involucrado,mes,mes_año
2024-08-06,la serena,hurto,NaN,8.0,baja,28,8.0,2024-08
2024-04-11,la serena,NaN,centro,13.0,baja,44,4.0,2024-04
2025-10-25,la serena,fraude,norte,17.0,baja,23,10.0,2025-10
2024-03-27,coquimbo,hurto,NaN,3.0,alta,65,3.0,2024-03
NaN,illapel,hurto,centro,7.0,baja,59,NaN,NaN
NaN,monte patria,robo,centro,13.0,baja,60,NaN,NaN
2024-12-31,monte patria,fraude,sur,11.0,baja,57,12.0,2024-12
2024-11-28,vicuna,robo,centro,18.0,NaN,48,11.0,2024-11
2025-09-07,ovalle,hurto,NaN,7.0,media,30,9.0,2025-09
2025-05-05,coquimbo,accidente,centro,2.0,NaN,62,5.0,2025-05
NaN,monte patria,robo,norte,12.0,media,60,NaN,NaN
NaN,ovalle,violencia,centro,NaN,baja,NaN,NaN,NaN
2025-11-17,vicuna,NaN,norte,9.0,alta,20,11.0,2025-11
2025-10-26,monte patria,robo,centro,4.0,baja,46,10.0,2025-10
2025-04-04,la serena,hurto,NaN,6.0,alta,23,4.0,2025-04
NaN,la serena,robo,centro,10.0,alta,41,NaN,NaN
2025-04-25,vicuna,accidente,NaN,3.0,NaN,45,4.0,2025-04
2025-12-15,la serena,NaN,centro,2.0,alta,37,12.0,2025-12
2024-04-28,la serena,violencia,sur,2.0,alta,18,4.0,2024-04
2025-10-19,coquimbo,fraude,centro,2.0,media,59,10.0,2025-10
2024-04-15,vicuna,robo,rural,16.0,alta,15,4.0,2024-04
2025-07-11,andacollo,robo,norte,5.0,alta,18,7.0,2025-07
2025-05-22,illapel,violencia,rural,10.0,NaN,49,5.0,2025-05
2024-08-06,vicuna,robo,centro,11.0,baja,42,8.0,2024-08
2025-11-03,coquimbo,robo,NaN,7.0,NaN,54,11.0,2025-11
2024-08-20,ovalle,hurto,centro,1.0,alta,57,8.0,2024-08
2024-04-11,coquimbo,robo,centro,19.0,alta,67,4.0,2024-04
2025-07-04,vicuna,fraude,rural,11.0,NaN,24,7.0,2025-07
2024-02-04,vicuna,violencia,rural,1.0,media,62,2.0,2024-02
2024-08-25,coquimbo,violencia,sur,NaN,media,20,8.0,2024-08
NaN,salamanca,robo,centro,7.0,baja,25,NaN,NaN
2025-04-28,ovalle,robo,centro,7.0,baja,52,4.0,2025-04
2024-01-02,la serena,robo,rural,NaN,alta,69,1.0,2024-01
NaN,monte patria,robo,sur,NaN,media,17,NaN,NaN
2024-11-10,coquimbo,fraude,sur,19.0,NaN,22,11.0,2024-11
NaN,vicuna,hurto,centro,18.0,alta,41,NaN,NaN
2024-05-23,salamanca,hurto,rural,16.0,baja,14,5.0,2024-05
2024-10-01,illapel,hurto,centro,14.0,baja,52,10.0,2024-10
2025-01-21,illapel,robo,rural,1.0,NaN,18,1.0,2025-01
2024-02-27,andacollo,NaN,norte,8.0,NaN,61,2.0,2024-02
2025-02-09,la serena,robo,sur,18.0,media,30,2.0,2025-02
2025-01-30,ovalle,accidente,norte,4.0,baja,46,1.0,2025-01
2024-09-14,andacollo,hurto,NaN,9.0,baja,49,9.0,2024-09
2024-08-01,vicuna,fraude,centro,3.0,NaN,25,8.0,2024-08
2024-01-30,la serena,hurto,centro,11.0,baja,22,1.0,2024-01
2025-04-01,monte patria,violencia,sur,18.0,baja,67,4.0,2025-04
2024-02-07,coquimbo,NaN,rural,4.0,alta,38,2.0,2024-02
2024-12-22,illapel,NaN,norte,4.0,alta,21,12.0,2024-12
NaN,monte patria,accidente,rural,18.0,baja,65,NaN,NaN
2024-02-15,illapel,robo,centro,6.0,alta,46,2.0,2024-02
2024-11-03,ovalle,hurto,centro,11.0,alta,34,11.0,2024-11
NaN,la serena,NaN,NaN,12.0,NaN,66,NaN,NaN
2025-03-10,ovalle,violencia,centro,12.0,baja,20,3.0,2025-03
2025-09-03,la serena,robo,rural,4.0,baja,50,9.0,2025-09
NaN,vicuna,robo,centro,NaN,baja,32,NaN,NaN
2025-01-05,vicuna,hurto,norte,8.0,NaN,61,1.0,2025-01
2024-08-31,salamanca,NaN,norte,6.0,baja,130,8.0,2024-08
2024-01-02,illapel,hurto,norte,NaN,NaN,NaN,1.0,2024-01
2024-09-15,la serena,accidente,sur,17.0,media,65,9.0,2024-09
2025-12-22,ovalle,robo,norte,5.0,baja,14,12.0,2025-12
2025-12-03,la serena,violencia,norte,13.0,alta,25,12.0,2025-12
2024-12-12,coquimbo,accidente,NaN,13.0,baja,24,12.0,2024-12
2024-02-02,monte patria,hurto,norte,6.0,NaN,59,2.0,2024-02
2025-03-22,salamanca,hurto,NaN,11.0,baja,69,3.0,2025-03
2024-03-18,la serena,robo,NaN,10.0,NaN,40,3.0,2024-03
2025-04-27,monte patria,accidente,rural,8.0,alta,17,4.0,2025-04
2025-09-07,la serena,robo,NaN,8.0,NaN,41,9.0,2025-09
2024-09-01,coquimbo,accidente,centro,7.0,baja,45,9.0,2024-09
2024-08-20,illapel,robo,NaN,13.0,baja,48,8.0,2024-08
2024-06-01,ovalle,hurto,norte,1.0,media,26,6.0,2024-06
NaN,monte patria,violencia,NaN,3.0,baja,51,NaN,NaN
2025-07-18,ovalle,accidente,centro,3.0,baja,14,7.0,2025-07
NaN,ovalle,NaN,NaN,3.0,alta,54,NaN,NaN
2025-05-06,illapel,hurto,norte,1.0,baja,24,5.0,2025-05
NaN,illapel,robo,norte,18.0,NaN,21,NaN,NaN
2024-08-11,coquimbo,accidente,sur,12.0,media,27,8.0,2024-08
2024-08-19,salamanca,robo,norte,NaN,NaN,35,8.0,2024-08
NaN,monte patria,accidente,centro,10.0,baja,57,NaN,NaN
2025-07-03,salamanca,fraude,NaN,4.0,baja,36,7.0,2025-07
2024-04-27,monte patria,robo,NaN,13.0,alta,48,4.0,2024-04
2024-10-02,coquimbo,violencia,centro,8.0,alta,28,10.0,2024-10
2025-07-18,coquimbo,hurto,rural,18.0,NaN,32,7.0,2025-07
2024-11-01,vicuna,NaN,NaN,5.0,alta,NaN,11.0,2024-11
2025-10-20,monte patria,NaN,centro,19.0,NaN,57,10.0,2025-10
NaN,vicuna,accidente,norte,10.0,alta,32,NaN,NaN
2025-06-22,monte patria,accidente,norte,1.0,alta,33,6.0,2025-06
2024-07-19,ovalle,hurto,sur,19.0,baja,16,7.0,2024-07
2025-03-22,monte patria,NaN,norte,12.0,alta,67,3.0,2025-03
2024-11-24,coquimbo,robo,centro,NaN,baja,43,11.0,2024-11
2025-10-30,illapel,hurto,NaN,15.0,alta,27,10.0,2025-10
NaN,ovalle,robo,sur,NaN,baja,130,NaN,NaN
2025-09-04,ovalle,NaN,centro,2.0,NaN,69,9.0,2025-09
2025-01-21,illapel,hurto,norte,4.0,alta,33,1.0,2025-01
2025-07-27,ovalle,accidente,norte,14.0,baja,25,7.0,2025-07
2025-07-12,monte patria,NaN,sur,5.0,baja,54,7.0,2025-07
2024-11-15,la serena,fraude,centro,3.0,NaN,19,11.0,2024-11
2025-01-18,illapel,robo,norte,19.0,baja,48,1.0,2025-01
NaN,coquimbo,NaN,centro,3.0,baja,61,NaN,NaN
2024-08-30,andacollo,hurto,norte,2.0,media,22,8.0,2024-08
2024-05-11,vicuna,NaN,centro,9.0,NaN,17,5.0,2024-05
NaN,monte patria,hurto,sur,13.0,NaN,56,NaN,NaN
2024-04-02,la serena,NaN,NaN,17.0,NaN,69,4.0,2024-04
2025-06-29,andacollo,violencia,sur,10.0,baja,36,6.0,2025-06
NaN,illapel,hurto,centro,14.0,alta,46,NaN,NaN
NaN,ovalle,robo,centro,12.0,NaN,58,NaN,NaN
2024-11-21,salamanca,hurto,rural,5.0,NaN,57,11.0,2024-11
2025-08-18,illapel,NaN,norte,11.0,media,57,8.0,2025-08
2024-02-22,salamanca,hurto,norte,16.0,baja,51,2.0,2024-02
NaN,andacollo,hurto,centro,17.0,baja,19,NaN,NaN
2024-08-08,monte patria,violencia,centro,3.0,NaN,53,8.0,2024-08
2024-05-27,monte patria,violencia,NaN,16.0,baja,27,5.0,2024-05
2024-07-19,ovalle,fraude,NaN,1.0,baja,17,7.0,2024-07
2024-11-21,vicuna,robo,centro,9.0,alta,NaN,11.0,2024-11
2024-04-10,la serena,violencia,sur,18.0,media,28,4.0,2024-04
2024-04-18,coquimbo,robo,norte,19.0,alta,68,4.0,2024-04
2025-02-20,salamanca,hurto,norte,14.0,baja,21,2.0,2025-02
NaN,ovalle,hurto,NaN,17.0,baja,60,NaN,NaN
2025-04-07,andacollo,NaN,centro,1.0,NaN,52,4.0,2025-04
2025-09-24,illapel,robo,rural,10.0,alta,NaN,9.0,2025-09
2024-01-14,monte patria,robo,centro,1.0,baja,26,1.0,2024-01
2025-02-16,monte patria,violencia,centro,NaN,media,45,2.0,2025-02
2024-01-19,salamanca,accidente,norte,1.0,NaN,34,1.0,2024-01
2024-03-09,coquimbo,robo,rural,4.0,baja,24,3.0,2024-03
2024-11-24,coquimbo,robo,centro,NaN,baja,37,11.0,2024-11
2024-03-24,coquimbo,NaN,NaN,NaN,baja,65,3.0,2024-03
2024-09-15,salamanca,NaN,rural,NaN,media,39,9.0,2024-09
NaN,la serena,hurto,rural,10.0,media,61,NaN,NaN
2024-12-22,salamanca,fraude,centro,4.0,NaN,14,12.0,2024-12
2025-08-16,la serena,NaN,centro,NaN,media,61,8.0,2025-08
2024-03-22,coquimbo,NaN,sur,9.0,baja,21,3.0,2024-03
NaN,vicuna,robo,centro,6.0,baja,69,NaN,NaN
2024-03-06,vicuna,NaN,rural,3.0,baja,NaN,3.0,2024-03
2025-07-07,coquimbo,robo,centro,NaN,media,46,7.0,2025-07
2024-04-17,la serena,hurto,centro,17.0,NaN,63,4.0,2024-04
NaN,illapel,violencia,NaN,16.0,baja,27,NaN,NaN
2024-02-10,illapel,robo,centro,NaN,alta,37,2.0,2024-02
2024-06-06,la serena,robo,NaN,2.0,baja,43,6.0,2024-06
2024-01-31,vicuna,robo,centro,8.0,media,59,1.0,2024-01
2024-07-28,vicuna,violencia,centro,7.0,alta,59,7.0,2024-07
2025-11-28,illapel,violencia,NaN,9.0,baja,60,11.0,2025-11
2024-02-10,coquimbo,fraude,centro,19.0,baja,31,2.0,2024-02
2025-12-28,coquimbo,NaN,rural,1.0,baja,14,12.0,2025-12
2024-06-13,illapel,hurto,sur,3.0,alta,59,6.0,2024-06
2024-10-27,salamanca,NaN,sur,NaN,NaN,15,10.0,2024-10
2024-01-24,la serena,hurto,rural,7.0,baja,58,1.0,2024-01
2025-09-23,andacollo,accidente,rural,19.0,baja,46,9.0,2025-09
2024-06-26,ovalle,NaN,norte,15.0,alta,31,6.0,2024-06
2024-11-14,la serena,fraude,centro,9.0,baja,53,11.0,2024-11
2024-06-29,andacollo,robo,norte,19.0,baja,52,6.0,2024-06
NaN,andacollo,violencia,NaN,12.0,baja,49,NaN,NaN
2025-01-02,la serena,robo,centro,16.0,NaN,53,1.0,2025-01
NaN,illapel,fraude,rural,16.0,NaN,44,NaN,NaN
2024-06-03,vicuna,hurto,rural,8.0,baja,NaN,6.0,2024-06
2024-07-28,monte patria,accidente,sur,6.0,NaN,33,7.0,2024-07
2025-10-14,ovalle,robo,NaN,11.0,alta,32,10.0,2025-10
2024-11-02,vicuna,hurto,sur,12.0,baja,40,11.0,2024-11
2025-09-18,monte patria,robo,rural,6.0,media,63,9.0,2025-09
NaN,vicuna,hurto,NaN,NaN,NaN,NaN,NaN,NaN
2024-08-24,ovalle,hurto,norte,5.0,alta,54,8.0,2024-08
2025-01-21,monte patria,violencia,norte,4.0,alta,41,1.0,2025-01
2025-11-22,illapel,robo,sur,NaN,baja,48,11.0,2025-11
2025-12-10,ovalle,fraude,centro,10.0,alta,24,12.0,2025-12
2024-02-06,coquimbo,robo,norte,5.0,NaN,64,2.0,2024-02
NaN,monte patria,robo,norte,14.0,media,37,NaN,NaN
NaN,coquimbo,accidente,rural,8.0,alta,NaN,NaN,NaN
2025-06-29,andacollo,violencia,NaN,NaN,baja,56,6.0,2025-06
2024-11-20,la serena,violencia,centro,16.0,alta,22,11.0,2024-11
2025-08-22,coquimbo,fraude,NaN,3.0,NaN,24,8.0,2025-08
2024-07-28,andacollo,robo,NaN,NaN,media,57,7.0,2024-07
2024-07-10,monte patria,NaN,norte,4.0,baja,53,7.0,2024-07
2025-06-22,la serena,robo,centro,2.0,baja,53,6.0,2025-06
2025-01-09,andacollo,fraude,sur,-3.0,alta,18,1.0,2025-01
2024-02-02,salamanca,NaN,NaN,7.0,media,43,2.0,2024-02
2025-10-30,coquimbo,NaN,centro,19.0,baja,26,10.0,2025-10
2025-01-18,vicuna,robo,norte,10.0,NaN,42,1.0,2025-01
2024-10-14,la serena,robo,NaN,4.0,alta,59,10.0,2024-10
2025-01-08,andacollo,NaN,centro,9.0,NaN,52,1.0,2025-01
2025-11-29,coquimbo,violencia,norte,8.0,baja,63,11.0,2025-11
2024-06-30,vicuna,hurto,sur,12.0,media,43,6.0,2024-06
2025-09-14,andacollo,fraude,norte,9.0,baja,41,9.0,2025-09
2024-02-06,coquimbo,NaN,NaN,19.0,baja,38,2.0,2024-02
2025-07-16,salamanca,accidente,rural,NaN,baja,50,7.0,2025-07
2024-09-06,coquimbo,violencia,norte,19.0,NaN,32,9.0,2024-09
2025-12-14,vicuna,accidente,norte,14.0,NaN,38,12.0,2025-12
2024-01-14,monte patria,NaN,sur,NaN,alta,31,1.0,2024-01
2024-10-04,illapel,hurto,sur,8.0,alta,51,10.0,2024-10
2024-11-15,monte patria,fraude,norte,18.0,NaN,33,11.0,2024-11
2025-09-12,la serena,NaN,norte,4.0,alta,27,9.0,2025-09
2025-03-16,coquimbo,fraude,sur,NaN,media,41,3.0,2025-03
2024-04-19,illapel,robo,NaN,0.0,NaN,NaN,4.0,2024-04
2024-11-25,la serena,robo,centro,16.0,baja,NaN,11.0,2024-11
2025-03-27,ovalle,robo,sur,18.0,alta,60,3.0,2025-03
2025-05-15,ovalle,robo,norte,5.0,media,54,5.0,2025-05
2025-05-29,coquimbo,robo,sur,16.0,alta,42,5.0,2025-05
2024-11-11,la serena,robo,NaN,10.0,alta,NaN,11.0,2024-11
2025-02-18,coquimbo,accidente,NaN,4.0,baja,NaN,2.0,2025-02
2025-10-16,ovalle,NaN,sur,5.0,NaN,35,10.0,2025-10
2025-04-24,illapel,robo,norte,2.0,media,16,4.0,2025-04
2025-06-15,coquimbo,robo,norte,2.0,baja,26,6.0,2025-06
2025-09-11,vicuna,fraude,NaN,NaN,NaN,36,9.0,2025-09
2025-09-30,coquimbo,violencia,centro,17.0,NaN,35,9.0,2025-09
NaN,la serena,robo,norte,13.0,baja,14,NaN,NaN
2025-12-12,la serena,accidente,norte,4.0,baja,68,12.0,2025-12
2024-10-07,ovalle,hurto,NaN,7.0,NaN,16,10.0,2024-10
2024-11-20,la serena,NaN,norte,12.0,NaN,17,11.0,2024-11
NaN,illapel,accidente,norte,12.0,baja,54,NaN,NaN
2025-12-16,la serena,NaN,centro,17.0,NaN,16,12.0,2025-12
2024-09-21,andacollo,robo,rural,3.0,baja,19,9.0,2024-09
2025-10-10,monte patria,NaN,centro,9.0,NaN,43,10.0,2025-10
NaN,salamanca,robo,centro,4.0,alta,61,NaN,NaN
2025-02-28,illapel,hurto,norte,7.0,baja,21,2.0,2025-02
2025-07-02,andacollo,robo,sur,NaN,alta,69,7.0,2025-07
2025-07-05,coquimbo,violencia,centro,4.0,alta,60,7.0,2025-07
2025-05-23,salamanca,violencia,norte,12.0,baja,68,5.0,2025-05
2024-03-17,salamanca,robo,norte,2.0,baja,58,3.0,2024-03
2024-01-22,illapel,robo,NaN,19.0,baja,17,1.0,2024-01
2024-03-30,la serena,hurto,centro,18.0,alta,37,3.0,2024-03
2024-11-28,la serena,hurto,norte,16.0,NaN,53,11.0,2024-11
2024-11-28,la serena,fraude,sur,12.0,media,38,11.0,2024-11
2024-09-28,la serena,hurto,centro,16.0,alta,46,9.0,2024-09
2025-02-07,monte patria,accidente,norte,3.0,baja,40,2.0,2025-02
NaN,coquimbo,accidente,norte,15.0,NaN,36,NaN,NaN
NaN,salamanca,robo,norte,NaN,alta,67,NaN,NaN
2025-12-05,la serena,NaN,NaN,1.0,baja,NaN,12.0,2025-12
NaN,salamanca,accidente,centro,NaN,baja,26,NaN,NaN
NaN,monte patria,robo,centro,19.0,alta,35,NaN,NaN
2025-02-26,coquimbo,NaN,centro,NaN,NaN,32,2.0,2025-02
2025-11-14,vicuna,fraude,NaN,9.0,alta,54,11.0,2025-11
2024-11-18,salamanca,violencia,centro,NaN,NaN,NaN,11.0,2024-11
2024-11-03,la serena,violencia,centro,1.0,media,57,11.0,2024-11
2025-12-05,la serena,fraude,norte,17.0,baja,63,12.0,2025-12
2025-02-10,la serena,fraude,centro,13.0,media,60,2.0,2025-02
2024-01-05,salamanca,hurto,norte,1.0,alta,NaN,1.0,2024-01
2024-12-26,la serena,fraude,norte,5.0,baja,22,12.0,2024-12
2025-11-02,illapel,NaN,norte,14.0,alta,69,11.0,2025-11
2025-11-06,la serena,robo,sur,4.0,NaN,36,11.0,2025-11
NaN,salamanca,fraude,sur,5.0,NaN,34,NaN,NaN
2025-09-29,la serena,hurto,NaN,6.0,alta,24,9.0,2025-09
2025-09-08,coquimbo,accidente,norte,9.0,alta,20,9.0,2025-09
2025-08-22,ovalle,fraude,norte,7.0,NaN,64,8.0,2025-08
2025-01-15,vicuna,NaN,NaN,1.0,baja,18,1.0,2025-01
2025-01-15,la serena,fraude,norte,8.0,baja,50,1.0,2025-01
NaN,salamanca,robo,rural,7.0,media,45,NaN,NaN
NaN,vicuna,hurto,NaN,8.0,alta,42,NaN,NaN
NaN,ovalle,accidente,sur,1.0,NaN,15,NaN,NaN
2025-06-04,coquimbo,NaN,centro,16.0,media,NaN,6.0,2025-06
NaN,ovalle,accidente,norte,19.0,alta,65,NaN,NaN
NaN,ovalle,NaN,centro,5.0,alta,41,NaN,NaN
NaN,la serena,hurto,sur,15.0,baja,24,NaN,NaN
2024-04-30,coquimbo,robo,NaN,19.0,alta,66,4.0,2024-04
2024-01-20,la serena,robo,norte,10.0,media,32,1.0,2024-01
2024-04-05,la serena,hurto,norte,9.0,baja,51,4.0,2024-04
2024-12-28,andacollo,robo,centro,NaN,baja,48,12.0,2024-12
2024-08-18,la serena,hurto,norte,0.0,NaN,20,8.0,2024-08
2025-03-29,la serena,accidente,centro,1.0,media,63,3.0,2025-03
2025-03-19,illapel,accidente,NaN,4.0,NaN,29,3.0,2025-03
2024-05-08,andacollo,fraude,norte,6.0,media,48,5.0,2024-05
2025-09-14,coquimbo,robo,sur,16.0,media,67,9.0,2025-09
2024-08-21,coquimbo,NaN,sur,11.0,alta,16,8.0,2024-08
NaN,ovalle,fraude,rural,16.0,alta,66,NaN,NaN
2024-09-28,coquimbo,robo,rural,9.0,baja,41,9.0,2024-09
2025-02-05,andacollo,fraude,norte,8.0,media,54,2.0,2025-02
2024-06-12,coquimbo,fraude,norte,1.0,NaN,30,6.0,2024-06
2024-12-14,vicuna,robo,rural,10.0,NaN,31,12.0,2024-12
2024-05-26,ovalle,NaN,centro,1.0,media,20,5.0,2024-05
NaN,illapel,NaN,sur,9.0,alta,NaN,NaN,NaN
NaN,la serena,violencia,rural,17.0,NaN,NaN,NaN,NaN
2025-05-24,monte patria,accidente,norte,18.0,alta,49,5.0,2025-05
2024-07-13,ovalle,accidente,centro,11.0,NaN,15,7.0,2024-07
NaN,ovalle,accidente,centro,19.0,alta,NaN,NaN,NaN
NaN,coquimbo,violencia,norte,7.0,alta,68,NaN,NaN
2025-11-15,salamanca,violencia,sur,NaN,baja,69,11.0,2025-11
2024-11-01,monte patria,accidente,rural,17.0,NaN,NaN,11.0,2024-11
2024-07-03,la serena,fraude,sur,15.0,media,24,7.0,2024-07
2025-08-03,illapel,NaN,sur,NaN,baja,30,8.0,2025-08
2024-01-11,la serena,violencia,rural,7.0,alta,56,1.0,2024-01
2025-02-27,illapel,robo,centro,4.0,media,22,2.0,2025-02
2025-08-18,la serena,NaN,centro,7.0,alta,68,8.0,2025-08
2024-08-20,coquimbo,violencia,centro,15.0,alta,15,8.0,2024-08
2025-09-04,monte patria,accidente,NaN,13.0,media,25,9.0,2025-09
2024-02-08,vicuna,robo,norte,18.0,baja,61,2.0,2024-02
NaN,ovalle,robo,sur,7.0,baja,43,NaN,NaN
2024-06-10,vicuna,accidente,norte,6.0,baja,19,6.0,2024-06
2025-10-06,illapel,robo,centro,5.0,baja,19,10.0,2025-10
2024-05-24,salamanca,NaN,rural,1.0,baja,57,5.0,2024-05
2024-06-06,ovalle,fraude,norte,4.0,alta,NaN,6.0,2024-06
2024-07-29,illapel,NaN,centro,3.0,baja,55,7.0,2024-07
2024-08-15,salamanca,hurto,NaN,1.0,baja,38,8.0,2024-08
2025-05-30,la serena,accidente,rural,7.0,alta,NaN,5.0,2025-05
2024-08-06,la serena,robo,sur,15.0,baja,NaN,8.0,2024-08
NaN,monte patria,violencia,norte,6.0,NaN,67,NaN,NaN
2025-12-22,la serena,robo,rural,17.0,NaN,42,12.0,2025-12
2024-12-05,la serena,NaN,rural,1.0,NaN,37,12.0,2024-12
2024-06-13,andacollo,violencia,norte,8.0,baja,47,6.0,2024-06
2024-11-01,coquimbo,violencia,sur,12.0,baja,16,11.0,2024-11
2025-06-09,coquimbo,NaN,sur,2.0,alta,40,6.0,2025-06
2024-12-31,la serena,hurto,sur,6.0,NaN,33,12.0,2024-12
2025-06-07,coquimbo,robo,norte,17.0,baja,30,6.0,2025-06
2024-06-11,la serena,robo,norte,5.0,alta,59,6.0,2024-06
NaN,monte patria,accidente,centro,2.0,NaN,56,NaN,NaN
2024-12-25,salamanca,fraude,NaN,2.0,baja,62,12.0,2024-12
2025-03-05,andacollo,accidente,norte,2.0,alta,58,3.0,2025-03
2024-06-29,ovalle,NaN,NaN,15.0,alta,69,6.0,2024-06
2025-08-16,ovalle,robo,rural,2.0,alta,47,8.0,2025-08
2025-11-06,la serena,accidente,centro,13.0,baja,42,11.0,2025-11
2024-06-20,salamanca,violencia,rural,19.0,baja,30,6.0,2024-06
2024-04-10,illapel,NaN,sur,1.0,alta,51,4.0,2024-04
2025-07-29,la serena,robo,NaN,NaN,media,31,7.0,2025-07
2024-07-12,la serena,violencia,centro,12.0,NaN,55,7.0,2024-07
NaN,illapel,hurto,NaN,9.0,NaN,16,NaN,NaN
2024-07-08,la serena,NaN,norte,12.0,NaN,50,7.0,2024-07
2025-02-06,ovalle,robo,sur,17.0,NaN,22,2.0,2025-02
2025-04-07,vicuna,violencia,NaN,17.0,alta,53,4.0,2025-04
2024-09-11,vicuna,robo,norte,15.0,alta,60,9.0,2024-09
2025-01-21,coquimbo,NaN,norte,9.0,baja,43,1.0,2025-01
2025-06-13,la serena,violencia,centro,14.0,NaN,39,6.0,2025-06
2024-07-02,la serena,violencia,centro,13.0,alta,51,7.0,2024-07
2025-04-08,vicuna,violencia,norte,12.0,alta,35,4.0,2025-04
2025-06-19,coquimbo,accidente,norte,8.0,alta,NaN,6.0,2025-06
NaN,vicuna,robo,norte,6.0,alta,33,NaN,NaN
NaN,andacollo,robo,centro,8.0,alta,64,NaN,NaN
2024-12-28,salamanca,robo,sur,1.0,baja,37,12.0,2024-12
2025-11-23,ovalle,NaN,NaN,10.0,NaN,22,11.0,2025-11
2025-07-25,la serena,robo,NaN,3.0,media,16,7.0,2025-07
2024-02-02,vicuna,accidente,centro,9.0,NaN,19,2.0,2024-02
2025-06-21,la serena,hurto,centro,7.0,alta,54,6.0,2025-06
2024-05-27,andacollo,accidente,norte,19.0,baja,14,5.0,2024-05
2025-02-23,monte patria,robo,sur,9.0,media,16,2.0,2025-02
2024-08-17,illapel,robo,rural,7.0,baja,24,8.0,2024-08
2025-09-21,illapel,accidente,rural,5.0,alta,25,9.0,2025-09
2024-09-19,la serena,accidente,norte,1.0,media,43,9.0,2024-09
2025-07-20,monte patria,NaN,norte,1.0,baja,42,7.0,2025-07
2024-08-01,vicuna,robo,sur,11.0,alta,53,8.0,2024-08
2025-09-08,coquimbo,robo,norte,15.0,alta,36,9.0,2025-09
2025-12-14,coquimbo,hurto,centro,11.0,baja,55,12.0,2025-12
2025-12-11,salamanca,accidente,norte,7.0,baja,65,12.0,2025-12
2024-03-06,illapel,accidente,centro,2.0,alta,51,3.0,2024-03
2024-11-20,monte patria,violencia,norte,19.0,baja,39,11.0,2024-11
2024-07-13,monte patria,NaN,sur,19.0,baja,NaN,7.0,2024-07
2024-11-29,la serena,robo,rural,18.0,NaN,NaN,11.0,2024-11
2024-04-24,ovalle,fraude,norte,NaN,baja,NaN,4.0,2024-04
2024-04-29,coquimbo,robo,centro,1.0,baja,62,4.0,2024-04
2025-08-06,la serena,robo,NaN,16.0,NaN,NaN,8.0,2025-08
2025-06-09,la serena,NaN,centro,NaN,NaN,41,6.0,2025-06
NaN,salamanca,hurto,sur,4.0,NaN,NaN,NaN,NaN
2025-02-16,salamanca,NaN,NaN,7.0,alta,20,2.0,2025-02
2024-08-31,ovalle,NaN,norte,4.0,baja,17,8.0,2024-08
2024-12-24,salamanca,NaN,NaN,16.0,alta,NaN,12.0,2024-12
NaN,ovalle,hurto,rural,13.0,baja,20,NaN,NaN
2024-04-08,la serena,NaN,centro,11.0,media,24,4.0,2024-04
2025-05-21,vicuna,violencia,NaN,14.0,alta,14,5.0,2025-05
2024-06-06,la serena,fraude,rural,NaN,NaN,19,6.0,2024-06
2024-08-23,coquimbo,violencia,centro,7.0,alta,NaN,8.0,2024-08
2024-10-27,salamanca,fraude,centro,15.0,NaN,NaN,10.0,2024-10
NaN,vicuna,violencia,rural,5.0,alta,NaN,NaN,NaN
2025-09-15,la serena,violencia,sur,2.0,alta,41,9.0,2025-09
2025-10-17,vicuna,NaN,centro,NaN,baja,55,10.0,2025-10
NaN,monte patria,hurto,centro,3.0,baja,23,NaN,NaN
2025-09-26,coquimbo,fraude,NaN,NaN,baja,NaN,9.0,2025-09
2025-10-26,coquimbo,violencia,norte,19.0,media,25,10.0,2025-10
NaN,la serena,NaN,norte,14.0,baja,18,NaN,NaN
2024-09-21,salamanca,violencia,NaN,19.0,media,21,9.0,2024-09
2025-12-27,ovalle,fraude,sur,3.0,media,34,12.0,2025-12
2025-12-05,la serena,violencia,centro,14.0,alta,44,12.0,2025-12
2024-10-07,la serena,violencia,norte,9.0,NaN,49,10.0,2024-10
2025-08-08,andacollo,robo,norte,2.0,alta,NaN,8.0,2025-08
NaN,coquimbo,violencia,norte,19.0,NaN,37,NaN,NaN
NaN,coquimbo,NaN,rural,4.0,media,57,NaN,NaN
2024-10-13,coquimbo,violencia,centro,3.0,alta,42,10.0,2024-10
2025-08-18,ovalle,accidente,rural,7.0,baja,53,8.0,2025-08
2025-08-25,coquimbo,robo,centro,18.0,alta,34,8.0,2025-08
2024-05-05,la serena,hurto,norte,5.0,media,NaN,5.0,2024-05
NaN,monte patria,violencia,norte,18.0,NaN,39,NaN,NaN
2025-12-25,la serena,accidente,centro,12.0,baja,45,12.0,2025-12
2024-04-14,la serena,robo,norte,5.0,baja,16,4.0,2024-04
2025-02-23,la serena,fraude,norte,10.0,baja,29,2.0,2025-02
NaN,coquimbo,hurto,centro,6.0,baja,60,NaN,NaN
2024-01-13,ovalle,hurto,centro,7.0,NaN,30,1.0,2024-01
2025-02-11,coquimbo,robo,rural,18.0,alta,28,2.0,2025-02
2025-07-04,la serena,NaN,centro,15.0,baja,NaN,7.0,2025-07
2025-03-28,ovalle,robo,centro,5.0,baja,18,3.0,2025-03
NaN,ovalle,violencia,rural,18.0,media,20,NaN,NaN
2024-03-07,illapel,violencia,centro,16.0,NaN,35,3.0,2024-03
2024-08-11,coquimbo,violencia,NaN,5.0,NaN,30,8.0,2024-08
2025-07-20,ovalle,fraude,sur,8.0,baja,28,7.0,2025-07
2025-07-10,vicuna,robo,sur,15.0,baja,64,7.0,2025-07
2024-07-28,la serena,hurto,centro,NaN,alta,38,7.0,2024-07
NaN,coquimbo,hurto,rural,NaN,NaN,66,NaN,NaN
NaN,la serena,robo,centro,4.0,alta,58,NaN,NaN
NaN,illapel,robo,rural,7.0,NaN,41,NaN,NaN
2024-05-17,ovalle,fraude,norte,17.0,baja,26,5.0,2024-05
2024-06-04,andacollo,violencia,norte,8.0,NaN,44,6.0,2024-06
2024-06-10,coquimbo,robo,sur,3.0,media,59,6.0,2024-06
2024-11-16,ovalle,robo,rural,11.0,media,28,11.0,2024-11
NaN,vicuna,violencia,NaN,1.0,baja,51,NaN,NaN
NaN,coquimbo,robo,norte,11.0,media,21,NaN,NaN
2025-01-24,ovalle,robo,centro,NaN,media,50,1.0,2025-01
2025-12-27,la serena,hurto,rural,9.0,baja,63,12.0,2025-12
2024-05-04,monte patria,accidente,rural,NaN,baja,17,5.0,2024-05
2024-04-22,la serena,fraude,norte,11.0,media,43,4.0,2024-04
2024-11-25,la serena,fraude,norte,9.0,baja,19,11.0,2024-11
NaN,illapel,accidente,norte,17.0,alta,36,NaN,NaN
2024-06-21,la serena,accidente,centro,14.0,NaN,48,6.0,2024-06
2024-07-04,salamanca,fraude,rural,5.0,NaN,38,7.0,2024-07
NaN,ovalle,robo,rural,17.0,alta,NaN,NaN,NaN
NaN,monte patria,NaN,centro,5.0,baja,31,NaN,NaN
2024-03-28,andacollo,fraude,norte,1.0,alta,NaN,3.0,2024-03
2025-06-25,coquimbo,robo,norte,9.0,baja,22,6.0,2025-06
2025-01-02,la serena,hurto,centro,10.0,NaN,64,1.0,2025-01
2025-09-22,coquimbo,NaN,NaN,19.0,alta,22,9.0,2025-09
2024-02-12,ovalle,violencia,NaN,12.0,alta,35,2.0,2024-02
2024-05-26,ovalle,NaN,norte,6.0,alta,46,5.0,2024-05
2025-04-04,ovalle,accidente,NaN,15.0,baja,20,4.0,2025-04
2024-02-06,coquimbo,NaN,centro,NaN,alta,19,2.0,2024-02
2025-10-15,la serena,robo,norte,1.0,baja,44,10.0,2025-10
2025-08-04,la serena,violencia,norte,7.0,alta,61,8.0,2025-08
2025-10-07,coquimbo,NaN,norte,12.0,alta,NaN,10.0,2025-10
2024-05-03,vicuna,robo,rural,8.0,baja,66,5.0,2024-05
2025-01-25,coquimbo,robo,sur,NaN,alta,14,1.0,2025-01
2024-02-20,andacollo,fraude,centro,13.0,media,69,2.0,2024-02
2025-03-02,coquimbo,robo,centro,NaN,media,59,3.0,2025-03
2024-10-21,monte patria,accidente,centro,10.0,NaN,56,10.0,2024-10
2024-01-29,monte patria,robo,centro,19.0,media,67,1.0,2024-01
2025-11-05,la serena,robo,NaN,17.0,media,14,11.0,2025-11
2024-02-15,la serena,hurto,centro,10.0,NaN,46,2.0,2024-02
NaN,la serena,robo,norte,2.0,NaN,35,NaN,NaN
2025-10-10,monte patria,robo,norte,2.0,baja,60,10.0,2025-10
NaN,coquimbo,NaN,norte,16.0,alta,58,NaN,NaN
NaN,salamanca,accidente,NaN,4.0,alta,55,NaN,NaN
NaN,monte patria,violencia,sur,NaN,alta,5,NaN,NaN
NaN,la serena,robo,rural,7.0,media,68,NaN,NaN
2025-06-13,illapel,violencia,sur,15.0,NaN,24,6.0,2025-06
2024-04-25,coquimbo,robo,norte,13.0,alta,30,4.0,2024-04
2025-05-17,la serena,hurto,centro,5.0,alta,NaN,5.0,2025-05
2024-09-24,illapel,hurto,centro,3.0,alta,34,9.0,2024-09
NaN,illapel,accidente,NaN,4.0,NaN,29,NaN,NaN
2024-07-21,coquimbo,hurto,norte,10.0,alta,16,7.0,2024-07
2025-07-02,monte patria,accidente,norte,8.0,media,30,7.0,2025-07
NaN,illapel,fraude,norte,13.0,NaN,56,NaN,NaN
2024-07-12,coquimbo,robo,centro,5.0,baja,52,7.0,2024-07
2025-11-05,coquimbo,robo,norte,9.0,NaN,63,11.0,2025-11
2024-07-22,la serena,robo,sur,4.0,NaN,NaN,7.0,2024-07
NaN,monte patria,hurto,norte,6.0,NaN,38,NaN,NaN
2024-12-19,la serena,violencia,sur,12.0,alta,NaN,12.0,2024-12
2024-11-09,monte patria,accidente,centro,18.0,media,40,11.0,2024-11
2025-11-06,andacollo,hurto,NaN,2.0,NaN,24,11.0,2025-11
2025-04-23,coquimbo,NaN,centro,17.0,media,NaN,4.0,2025-04
2025-07-06,monte patria,accidente,rural,3.0,media,31,7.0,2025-07
2025-09-25,la serena,accidente,centro,3.0,media,24,9.0,2025-09
NaN,ovalle,violencia,sur,5.0,NaN,NaN,NaN,NaN
2025-03-14,illapel,robo,norte,NaN,NaN,15,3.0,2025-03
2024-11-25,andacollo,accidente,rural,11.0,media,68,11.0,2024-11
2024-09-30,illapel,NaN,rural,10.0,baja,NaN,9.0,2024-09
2024-03-18,salamanca,violencia,NaN,11.0,alta,43,3.0,2024-03
NaN,coquimbo,fraude,sur,8.0,baja,NaN,NaN,NaN
2025-04-25,la serena,accidente,NaN,14.0,alta,44,4.0,2025-04
2025-03-09,salamanca,robo,centro,NaN,alta,44,3.0,2025-03
2025-11-22,illapel,accidente,norte,16.0,baja,65,11.0,2025-11
2025-10-19,coquimbo,robo,centro,14.0,NaN,NaN,10.0,2025-10
2025-07-06,andacollo,robo,norte,10.0,alta,NaN,7.0,2025-07
2025-02-24,coquimbo,violencia,centro,12.0,alta,39,2.0,2025-02
2024-04-13,vicuna,violencia,centro,18.0,baja,NaN,4.0,2024-04
2024-12-25,andacollo,robo,norte,17.0,media,43,12.0,2024-12
2024-05-11,la serena,NaN,rural,7.0,baja,20,5.0,2024-05
NaN,la serena,robo,rural,3.0,alta,25,NaN,NaN
2024-04-10,ovalle,fraude,centro,12.0,NaN,19,4.0,2024-04
NaN,coquimbo,violencia,norte,12.0,NaN,42,NaN,NaN
2025-10-31,vicuna,accidente,centro,17.0,NaN,43,10.0,2025-10
2025-10-25,illapel,robo,norte,1.0,baja,52,10.0,2025-10
2025-10-31,la serena,NaN,rural,1.0,media,14,10.0,2025-10
2025-04-14,andacollo,hurto,sur,2.0,baja,43,4.0,2025-04
2024-12-13,coquimbo,hurto,norte,6.0,alta,57,12.0,2024-12
2024-09-03,la serena,hurto,norte,2.0,media,NaN,9.0,2024-09
2025-04-28,vicuna,NaN,rural,14.0,alta,63,4.0,2025-04
2024-07-01,illapel,fraude,norte,18.0,NaN,57,7.0,2024-07
NaN,illapel,violencia,NaN,13.0,baja,24,NaN,NaN
2025-12-05,salamanca,NaN,norte,4.0,baja,NaN,12.0,2025-12
2024-09-19,la serena,NaN,centro,NaN,NaN,40,9.0,2024-09
2024-10-22,monte patria,robo,norte,11.0,NaN,14,10.0,2024-10
2025-07-03,ovalle,robo,centro,12.0,alta,NaN,7.0,2025-07
2025-04-06,la serena,robo,norte,19.0,baja,68,4.0,2025-04
2024-08-09,coquimbo,robo,sur,8.0,NaN,39,8.0,2024-08
2025-02-10,vicuna,robo,rural,2.0,NaN,15,2.0,2025-02
2024-08-23,andacollo,robo,norte,8.0,alta,47,8.0,2024-08
2024-04-29,ovalle,accidente,centro,5.0,baja,63,4.0,2024-04
NaN,vicuna,violencia,sur,18.0,baja,NaN,NaN,NaN
NaN,la serena,NaN,rural,16.0,baja,22,NaN,NaN
2024-08-06,salamanca,robo,centro,12.0,NaN,50,8.0,2024-08
2024-12-15,monte patria,hurto,centro,14.0,NaN,17,12.0,2024-12
2024-05-20,illapel,fraude,NaN,9.0,baja,28,5.0,2024-05
2025-03-30,monte patria,violencia,centro,15.0,baja,20,3.0,2025-03
NaN,vicuna,fraude,norte,15.0,alta,20,NaN,NaN
2025-05-01,salamanca,fraude,centro,18.0,NaN,42,5.0,2025-05
NaN,coquimbo,NaN,norte,6.0,alta,23,NaN,NaN
2024-09-01,ovalle,accidente,centro,1.0,NaN,42,9.0,2024-09
2024-02-14,monte patria,NaN,NaN,6.0,baja,29,2.0,2024-02
2024-07-26,monte patria,accidente,centro,17.0,alta,48,7.0,2024-07
2024-10-09,ovalle,hurto,norte,5.0,NaN,52,10.0,2024-10
2024-10-03,la serena,violencia,centro,11.0,NaN,69,10.0,2024-10
2025-11-06,ovalle,fraude,rural,NaN,NaN,20,11.0,2025-11
NaN,illapel,violencia,rural,19.0,alta,47,NaN,NaN
2025-04-16,la serena,NaN,rural,10.0,media,NaN,4.0,2025-04
2024-02-22,ovalle,violencia,rural,19.0,media,54,2.0,2024-02
2024-02-12,la serena,fraude,NaN,4.0,NaN,57,2.0,2024-02
2024-08-18,salamanca,robo,rural,1.0,baja,55,8.0,2024-08
2024-04-30,la serena,accidente,norte,13.0,alta,34,4.0,2024-04
NaN,coquimbo,fraude,norte,11.0,media,37,NaN,NaN
2025-12-01,ovalle,hurto,centro,6.0,baja,24,12.0,2025-12
2024-07-23,illapel,robo,norte,2.0,media,36,7.0,2024-07
2025-04-21,monte patria,robo,NaN,19.0,baja,23,4.0,2025-04
2025-04-15,la serena,hurto,centro,11.0,NaN,5,4.0,2025-04
2024-07-15,ovalle,robo,rural,17.0,alta,38,7.0,2024-07
2024-01-30,salamanca,accidente,NaN,11.0,baja,NaN,1.0,2024-01
2025-09-29,monte patria,violencia,centro,16.0,media,16,9.0,2025-09
2025-05-09,coquimbo,accidente,centro,7.0,alta,34,5.0,2025-05
NaN,salamanca,NaN,centro,10.0,media,60,NaN,NaN
NaN,la serena,NaN,sur,9.0,alta,49,NaN,NaN
NaN,salamanca,hurto,sur,16.0,baja,NaN,NaN,NaN
2024-07-24,la serena,hurto,rural,17.0,media,41,7.0,2024-07
2024-02-05,la serena,robo,rural,18.0,baja,42,2.0,2024-02
2025-07-14,monte patria,robo,norte,8.0,media,33,7.0,2025-07
2025-11-07,vicuna,hurto,centro,16.0,media,58,11.0,2025-11
2025-12-11,coquimbo,fraude,NaN,3.0,baja,NaN,12.0,2025-12
2024-04-13,illapel,fraude,norte,NaN,baja,57,4.0,2024-04
NaN,la serena,robo,NaN,9.0,NaN,35,NaN,NaN
2025-07-11,la serena,hurto,sur,16.0,baja,30,7.0,2025-07
NaN,monte patria,fraude,centro,16.0,alta,58,NaN,NaN
2025-12-07,andacollo,NaN,norte,19.0,baja,56,12.0,2025-12
2024-02-18,coquimbo,accidente,centro,15.0,NaN,50,2.0,2024-02
2024-11-25,la serena,NaN,NaN,16.0,baja,50,11.0,2024-11
NaN,coquimbo,robo,sur,4.0,NaN,46,NaN,NaN
NaN,la serena,violencia,sur,7.0,baja,33,NaN,NaN
2024-08-12,monte patria,NaN,sur,19.0,alta,NaN,8.0,2024-08
2024-02-01,coquimbo,fraude,norte,19.0,alta,17,2.0,2024-02
2025-07-12,la serena,violencia,rural,14.0,alta,65,7.0,2025-07
NaN,la serena,fraude,sur,18.0,baja,5,NaN,NaN
2025-02-18,coquimbo,violencia,norte,6.0,baja,27,2.0,2025-02
2025-11-19,illapel,accidente,NaN,16.0,alta,33,11.0,2025-11
2024-11-14,andacollo,fraude,norte,1.0,alta,18,11.0,2024-11
2025-12-25,salamanca,hurto,norte,19.0,media,23,12.0,2025-12
2024-07-04,ovalle,NaN,NaN,4.0,alta,34,7.0,2024-07
2025-06-16,illapel,violencia,centro,NaN,NaN,26,6.0,2025-06
2025-08-05,la serena,NaN,rural,NaN,alta,24,8.0,2025-08
2024-05-30,monte patria,robo,centro,5.0,alta,52,5.0,2024-05
2025-11-10,ovalle,robo,sur,NaN,media,66,11.0,2025-11
2024-05-15,andacollo,robo,rural,17.0,NaN,58,5.0,2024-05
2025-10-07,la serena,accidente,NaN,13.0,baja,50,10.0,2025-10
2025-10-08,andacollo,robo,sur,8.0,baja,60,10.0,2025-10
NaN,andacollo,fraude,centro,8.0,alta,19,NaN,NaN
2024-08-12,la serena,fraude,norte,7.0,baja,59,8.0,2024-08
2025-11-22,andacollo,robo,sur,9.0,NaN,57,11.0,2025-11
2024-02-16,salamanca,robo,NaN,7.0,alta,37,2.0,2024-02
2025-09-15,monte patria,fraude,sur,4.0,baja,36,9.0,2025-09
2024-05-06,la serena,robo,centro,13.0,NaN,66,5.0,2024-05
NaN,monte patria,robo,norte,5.0,alta,45,NaN,NaN
2025-12-01,coquimbo,fraude,norte,11.0,alta,NaN,12.0,2025-12
2025-06-05,la serena,hurto,norte,17.0,NaN,31,6.0,2025-06
NaN,la serena,NaN,centro,16.0,alta,48,NaN,NaN
2024-05-18,ovalle,robo,sur,7.0,media,49,5.0,2024-05
NaN,la serena,robo,sur,17.0,media,55,NaN,NaN
2025-07-29,coquimbo,robo,norte,9.0,alta,43,7.0,2025-07
NaN,la serena,hurto,sur,NaN,alta,51,NaN,NaN
2025-08-19,ovalle,violencia,centro,13.0,alta,32,8.0,2025-08
NaN,la serena,hurto,NaN,17.0,NaN,17,NaN,NaN
NaN,monte patria,accidente,norte,12.0,baja,24,NaN,NaN
2025-11-29,monte patria,NaN,centro,2.0,baja,34,11.0,2025-11
2024-01-04,ovalle,hurto,norte,13.0,baja,15,1.0,2024-01
2024-11-06,la serena,robo,centro,1.0,media,43,11.0,2024-11
2025-09-17,la serena,violencia,centro,14.0,media,65,9.0,2025-09
2024-08-07,monte patria,robo,centro,9.0,alta,64,8.0,2024-08
2025-01-24,coquimbo,hurto,rural,5.0,baja,35,1.0,2025-01
2025-06-27,coquimbo,violencia,centro,17.0,baja,21,6.0,2025-06
NaN,la serena,robo,norte,9.0,baja,34,NaN,NaN
2025-10-10,coquimbo,NaN,rural,19.0,media,NaN,10.0,2025-10
2024-08-01,andacollo,robo,centro,13.0,baja,55,8.0,2024-08
2025-04-07,coquimbo,NaN,rural,2.0,baja,59,4.0,2025-04
2025-05-18,illapel,hurto,centro,14.0,NaN,36,5.0,2025-05
NaN,ovalle,violencia,norte,5.0,media,64,NaN,NaN
2025-07-06,la serena,accidente,NaN,1.0,baja,19,7.0,2025-07
2025-12-24,ovalle,fraude,NaN,2.0,alta,60,12.0,2025-12
2025-08-15,ovalle,violencia,centro,18.0,NaN,50,8.0,2025-08
2024-05-06,monte patria,hurto,centro,2.0,NaN,49,5.0,2024-05
2024-02-10,illapel,robo,centro,3.0,NaN,67,2.0,2024-02
2024-11-24,coquimbo,violencia,centro,11.0,media,48,11.0,2024-11
2024-05-20,monte patria,accidente,NaN,17.0,alta,15,5.0,2024-05
2025-05-23,la serena,robo,rural,7.0,baja,42,5.0,2025-05
NaN,salamanca,robo,centro,2.0,alta,69,NaN,NaN
2024-09-08,ovalle,accidente,rural,1.0,NaN,55,9.0,2024-09
2024-03-30,coquimbo,violencia,norte,10.0,alta,45,3.0,2024-03
2025-12-29,coquimbo,robo,norte,2.0,NaN,35,12.0,2025-12
2024-03-23,salamanca,hurto,centro,16.0,baja,32,3.0,2024-03
NaN,monte patria,fraude,sur,0.0,baja,50,NaN,NaN
NaN,la serena,violencia,sur,10.0,baja,47,NaN,NaN
NaN,la serena,NaN,sur,8.0,media,29,NaN,NaN
2025-08-04,coquimbo,hurto,centro,4.0,baja,43,8.0,2025-08
2025-09-05,illapel,violencia,centro,7.0,baja,NaN,9.0,2025-09
2025-12-10,vicuna,violencia,NaN,8.0,alta,29,12.0,2025-12
2024-04-30,vicuna,robo,centro,10.0,NaN,52,4.0,2024-04
2024-07-19,coquimbo,robo,norte,3.0,baja,19,7.0,2024-07
2024-12-22,illapel,NaN,NaN,6.0,alta,15,12.0,2024-12
2025-04-05,vicuna,violencia,centro,14.0,baja,38,4.0,2025-04
NaN,ovalle,violencia,centro,13.0,alta,48,NaN,NaN
2024-03-17,andacollo,robo,rural,15.0,media,35,3.0,2024-03
2024-08-30,coquimbo,accidente,rural,19.0,NaN,67,8.0,2024-08
2024-05-28,andacollo,accidente,rural,NaN,baja,20,5.0,2024-05
2024-02-29,la serena,violencia,rural,NaN,media,52,2.0,2024-02
2024-09-19,vicuna,violencia,norte,16.0,alta,55,9.0,2024-09
2025-07-25,vicuna,violencia,centro,NaN,baja,25,7.0,2025-07
2025-01-14,vicuna,NaN,rural,NaN,media,47,1.0,2025-01
2024-03-27,la serena,robo,rural,NaN,NaN,48,3.0,2024-03
2025-08-20,la serena,robo,norte,19.0,alta,33,8.0,2025-08
NaN,vicuna,hurto,NaN,10.0,media,21,NaN,NaN
NaN,coquimbo,accidente,centro,8.0,alta,40,NaN,NaN
2025-01-09,ovalle,robo,rural,18.0,media,NaN,1.0,2025-01
2024-09-14,coquimbo,hurto,NaN,16.0,baja,NaN,9.0,2024-09
NaN,vicuna,robo,centro,15.0,NaN,56,NaN,NaN
2024-06-28,vicuna,NaN,rural,9.0,NaN,NaN,6.0,2024-06
2025-10-10,monte patria,robo,sur,10.0,media,21,10.0,2025-10
2025-10-09,la serena,NaN,NaN,6.0,alta,34,10.0,2025-10
2025-11-05,illapel,NaN,rural,NaN,NaN,62,11.0,2025-11
2025-07-01,la serena,NaN,rural,9.0,NaN,NaN,7.0,2025-07
2024-01-26,ovalle,NaN,rural,12.0,alta,NaN,1.0,2024-01
2025-07-21,ovalle,robo,centro,9.0,alta,40,7.0,2025-07
2025-07-10,coquimbo,hurto,sur,7.0,NaN,14,7.0,2025-07
2025-08-29,la serena,NaN,centro,NaN,baja,15,8.0,2025-08
2024-05-12,monte patria,hurto,centro,3.0,alta,64,5.0,2024-05
2025-07-27,vicuna,hurto,centro,NaN,alta,52,7.0,2025-07
NaN,la serena,violencia,centro,5.0,NaN,20,NaN,NaN
NaN,andacollo,NaN,rural,14.0,alta,51,NaN,NaN
2024-12-31,coquimbo,NaN,sur,19.0,baja,42,12.0,2024-12
2025-01-02,monte patria,hurto,NaN,2.0,baja,5,1.0,2025-01
2025-02-15,andacollo,accidente,sur,10.0,media,NaN,2.0,2025-02
2024-12-25,coquimbo,NaN,norte,NaN,baja,47,12.0,2024-12
2025-09-26,monte patria,NaN,sur,5.0,media,23,9.0,2025-09
2024-07-17,andacollo,hurto,norte,2.0,baja,57,7.0,2024-07
NaN,salamanca,robo,sur,12.0,alta,54,NaN,NaN
2024-03-07,ovalle,robo,norte,11.0,baja,40,3.0,2024-03
2025-02-13,coquimbo,accidente,rural,5.0,baja,21,2.0,2025-02
2025-12-09,monte patria,hurto,norte,1.0,baja,69,12.0,2025-12
2025-05-13,vicuna,NaN,rural,2.0,NaN,64,5.0,2025-05
2024-07-04,la serena,violencia,norte,2.0,alta,22,7.0,2024-07
2024-01-19,la serena,robo,norte,9.0,NaN,27,1.0,2024-01
2025-06-24,illapel,hurto,NaN,1.0,baja,39,6.0,2025-06
2024-03-17,la serena,robo,norte,6.0,baja,36,3.0,2024-03
2025-09-09,salamanca,robo,centro,9.0,alta,57,9.0,2025-09
2025-09-27,la serena,violencia,sur,14.0,NaN,66,9.0,2025-09
2024-11-03,andacollo,hurto,sur,NaN,baja,59,11.0,2024-11
2025-12-15,la serena,NaN,NaN,13.0,alta,34,12.0,2025-12
2024-11-29,illapel,fraude,sur,6.0,baja,NaN,11.0,2024-11
2024-04-02,la serena,violencia,rural,7.0,baja,37,4.0,2024-04
2025-12-28,coquimbo,robo,NaN,17.0,baja,24,12.0,2025-12
NaN,la serena,robo,norte,1.0,media,29,NaN,NaN
2024-12-19,vicuna,violencia,sur,9.0,alta,25,12.0,2024-12
2025-05-25,monte patria,accidente,norte,16.0,alta,22,5.0,2025-05
2024-12-15,illapel,NaN,norte,18.0,baja,45,12.0,2024-12
2024-02-05,la serena,violencia,NaN,18.0,alta,61,2.0,2024-02
2025-05-03,ovalle,accidente,rural,3.0,alta,NaN,5.0,2025-05
2024-08-14,monte patria,accidente,centro,8.0,baja,NaN,8.0,2024-08
2024-01-01,illapel,accidente,centro,11.0,baja,28,1.0,2024-01
2024-11-03,vicuna,NaN,rural,3.0,alta,42,11.0,2024-11
2025-04-25,ovalle,robo,sur,16.0,baja,39,4.0,2025-04
2025-04-01,monte patria,fraude,norte,12.0,baja,14,4.0,2025-04
2024-09-14,vicuna,robo,rural,5.0,NaN,24,9.0,2024-09
NaN,la serena,NaN,centro,9.0,alta,14,NaN,NaN
2025-09-03,la serena,robo,centro,16.0,media,25,9.0,2025-09
2025-08-05,ovalle,hurto,centro,12.0,alta,34,8.0,2025-08
NaN,vicuna,NaN,NaN,NaN,baja,NaN,NaN,NaN
2025-01-27,coquimbo,NaN,norte,12.0,baja,37,1.0,2025-01
NaN,vicuna,NaN,norte,10.0,alta,19,NaN,NaN
2025-09-26,monte patria,violencia,norte,5.0,alta,29,9.0,2025-09
2024-12-30,la serena,violencia,rural,4.0,NaN,23,12.0,2024-12
2024-12-08,andacollo,fraude,norte,13.0,baja,60,12.0,2024-12
2025-08-13,monte patria,robo,centro,12.0,baja,49,8.0,2025-08
NaN,monte patria,hurto,centro,NaN,media,21,NaN,NaN
2025-11-01,andacollo,NaN,norte,2.0,alta,47,11.0,2025-11
2025-05-17,ovalle,violencia,sur,15.0,NaN,NaN,5.0,2025-05
2024-09-15,ovalle,fraude,NaN,10.0,baja,39,9.0,2024-09
2025-12-12,vicuna,hurto,norte,11.0,alta,NaN,12.0,2025-12
2024-01-22,vicuna,violencia,centro,4.0,baja,68,1.0,2024-01
2025-01-30,andacollo,fraude,NaN,4.0,media,52,1.0,2025-01
2024-10-19,ovalle,robo,centro,7.0,NaN,19,10.0,2024-10
2025-10-21,monte patria,hurto,norte,14.0,alta,63,10.0,2025-10
2024-03-07,salamanca,hurto,rural,18.0,baja,51,3.0,2024-03
NaN,monte patria,robo,rural,18.0,NaN,NaN,NaN,NaN
2025-03-24,andacollo,accidente,norte,4.0,media,23,3.0,2025-03
2025-11-26,monte patria,accidente,sur,10.0,alta,NaN,11.0,2025-11
2024-08-13,monte patria,violencia,sur,12.0,alta,46,8.0,2024-08
2025-01-24,la serena,NaN,centro,13.0,NaN,45,1.0,2025-01
2025-02-04,ovalle,fraude,centro,11.0,baja,30,2.0,2025-02
2025-04-15,monte patria,robo,NaN,9.0,baja,NaN,4.0,2025-04
2025-06-26,ovalle,violencia,norte,3.0,alta,14,6.0,2025-06
2025-09-19,coquimbo,violencia,centro,NaN,NaN,28,9.0,2025-09
2025-03-08,monte patria,violencia,sur,2.0,baja,27,3.0,2025-03
NaN,vicuna,accidente,centro,19.0,baja,35,NaN,NaN
2025-12-03,salamanca,hurto,norte,6.0,NaN,32,12.0,2025-12
2025-11-15,coquimbo,accidente,norte,5.0,baja,24,11.0,2025-11
2025-11-28,coquimbo,robo,sur,2.0,baja,41,11.0,2025-11
2025-10-09,vicuna,fraude,centro,NaN,alta,47,10.0,2025-10
2025-12-21,salamanca,robo,centro,6.0,baja,19,12.0,2025-12
2025-11-06,coquimbo,fraude,norte,10.0,baja,52,11.0,2025-11
NaN,vicuna,NaN,norte,5.0,baja,54,NaN,NaN
2024-07-15,illapel,robo,centro,500.0,NaN,68,7.0,2024-07
NaN,coquimbo,hurto,norte,NaN,baja,66,NaN,NaN
NaN,coquimbo,hurto,centro,19.0,baja,23,NaN,NaN
2024-03-13,coquimbo,robo,NaN,10.0,baja,23,3.0,2024-03
2025-03-20,andacollo,robo,centro,3.0,NaN,17,3.0,2025-03
2024-02-06,la serena,violencia,rural,7.0,baja,58,2.0,2024-02
NaN,salamanca,hurto,norte,15.0,alta,34,NaN,NaN
2025-11-27,la serena,hurto,norte,8.0,media,56,11.0,2025-11
2025-05-07,ovalle,hurto,NaN,NaN,baja,NaN,5.0,2025-05
2025-12-13,ovalle,hurto,centro,NaN,media,59,12.0,2025-12
2024-03-28,monte patria,hurto,norte,NaN,alta,61,3.0,2024-03
2024-04-21,ovalle,hurto,norte,18.0,baja,40,4.0,2024-04
NaN,ovalle,violencia,NaN,4.0,alta,NaN,NaN,NaN
2024-03-14,andacollo,accidente,sur,18.0,alta,48,3.0,2024-03
NaN,la serena,fraude,norte,5.0,media,31,NaN,NaN
2025-03-24,la serena,hurto,centro,19.0,media,58,3.0,2025-03
2024-03-29,la serena,violencia,norte,16.0,alta,60,3.0,2024-03
2024-02-12,vicuna,robo,rural,2.0,NaN,NaN,2.0,2024-02
2025-05-17,coquimbo,fraude,NaN,7.0,alta,35,5.0,2025-05
2025-11-19,la serena,hurto,norte,11.0,baja,29,11.0,2025-11
2024-02-20,illapel,NaN,rural,4.0,NaN,38,2.0,2024-02
NaN,illapel,robo,norte,6.0,NaN,32,NaN,NaN
2024-12-25,monte patria,robo,norte,NaN,NaN,22,12.0,2024-12
2025-02-17,la serena,robo,norte,9.0,NaN,46,2.0,2025-02
2025-07-12,la serena,violencia,norte,11.0,alta,NaN,7.0,2025-07
2024-05-26,la serena,robo,NaN,14.0,media,47,5.0,2024-05
2024-11-12,coquimbo,violencia,norte,15.0,NaN,31,11.0,2024-11
2025-03-30,ovalle,fraude,rural,8.0,NaN,52,3.0,2025-03
2024-01-24,la serena,violencia,centro,10.0,baja,14,1.0,2024-01
2024-05-04,vicuna,hurto,centro,6.0,baja,34,5.0,2024-05
2024-05-14,salamanca,hurto,rural,18.0,alta,44,5.0,2024-05
NaN,andacollo,NaN,sur,10.0,baja,58,NaN,NaN
2024-11-28,coquimbo,robo,sur,7.0,alta,19,11.0,2024-11
2024-09-10,coquimbo,fraude,rural,3.0,media,21,9.0,2024-09
2025-02-14,la serena,hurto,NaN,17.0,baja,NaN,2.0,2025-02
2025-05-14,vicuna,fraude,sur,8.0,media,65,5.0,2025-05
NaN,andacollo,robo,norte,5.0,baja,67,NaN,NaN
2024-06-23,vicuna,NaN,centro,12.0,alta,17,6.0,2024-06
2024-01-03,coquimbo,robo,NaN,12.0,baja,45,1.0,2024-01
2024-12-25,illapel,NaN,centro,8.0,baja,49,12.0,2024-12
2025-02-10,salamanca,fraude,centro,3.0,media,NaN,2.0,2025-02
2024-08-08,coquimbo,robo,sur,NaN,media,16,8.0,2024-08
2025-10-22,andacollo,robo,NaN,16.0,NaN,46,10.0,2025-10
2025-04-02,illapel,accidente,rural,2.0,baja,18,4.0,2025-04
NaN,vicuna,NaN,sur,7.0,baja,22,NaN,NaN
NaN,salamanca,robo,centro,7.0,alta,15,NaN,NaN
2024-08-03,salamanca,violencia,sur,10.0,media,67,8.0,2024-08
2024-05-13,illapel,NaN,norte,13.0,baja,67,5.0,2024-05
2024-10-28,ovalle,fraude,centro,13.0,media,37,10.0,2024-10
2024-08-02,la serena,hurto,centro,NaN,alta,43,8.0,2024-08
2024-01-10,ovalle,robo,sur,16.0,media,16,1.0,2024-01
2024-06-03,coquimbo,robo,norte,6.0,media,17,6.0,2024-06
NaN,la serena,hurto,norte,10.0,alta,43,NaN,NaN
2025-04-21,andacollo,robo,centro,17.0,baja,63,4.0,2025-04
2024-09-23,monte patria,fraude,norte,7.0,baja,45,9.0,2024-09
2025-11-05,salamanca,NaN,centro,16.0,media,27,11.0,2025-11
2024-11-27,monte patria,hurto,sur,8.0,baja,31,11.0,2024-11
2025-09-05,la serena,fraude,centro,8.0,alta,27,9.0,2025-09
2024-08-03,andacollo,violencia,rural,11.0,alta,65,8.0,2024-08
2025-09-04,la serena,robo,norte,NaN,NaN,15,9.0,2025-09
2024-10-22,la serena,violencia,centro,12.0,baja,14,10.0,2024-10
2025-07-03,andacollo,robo,sur,8.0,baja,21,7.0,2025-07
2024-09-17,illapel,hurto,norte,9.0,NaN,56,9.0,2024-09
2024-11-09,illapel,hurto,norte,19.0,NaN,51,11.0,2024-11
2024-01-27,andacollo,violencia,norte,4.0,NaN,37,1.0,2024-01
2024-08-01,salamanca,NaN,rural,11.0,NaN,62,8.0,2024-08
2024-08-09,salamanca,NaN,centro,2.0,NaN,23,8.0,2024-08
2024-08-07,monte patria,NaN,centro,11.0,alta,47,8.0,2024-08
NaN,coquimbo,robo,norte,8.0,baja,26,NaN,NaN
2025-08-08,la serena,robo,sur,12.0,baja,64,8.0,2025-08
2025-10-23,vicuna,violencia,NaN,19.0,baja,48,10.0,2025-10
NaN,ovalle,accidente,NaN,13.0,media,62,NaN,NaN
2025-01-15,ovalle,NaN,rural,18.0,alta,21,1.0,2025-01
2024-06-04,salamanca,hurto,sur,NaN,alta,43,6.0,2024-06
2024-05-30,ovalle,violencia,sur,9.0,media,26,5.0,2024-05
2024-11-21,vicuna,NaN,centro,NaN,NaN,32,11.0,2024-11
2024-10-05,la serena,hurto,NaN,6.0,NaN,34,10.0,2024-10
2024-03-16,coquimbo,robo,centro,15.0,alta,41,3.0,2024-03
2024-05-27,vicuna,accidente,centro,15.0,alta,NaN,5.0,2024-05
2025-01-04,vicuna,fraude,rural,10.0,alta,36,1.0,2025-01
NaN,illapel,fraude,sur,14.0,NaN,56,NaN,NaN
2025-11-11,la serena,NaN,NaN,9.0,baja,64,11.0,2025-11
2025-06-25,salamanca,NaN,centro,NaN,baja,25,6.0,2025-06
2024-08-24,monte patria,hurto,norte,15.0,alta,NaN,8.0,2024-08
2024-09-18,la serena,fraude,rural,11.0,baja,41,9.0,2024-09
2025-07-14,andacollo,robo,norte,NaN,media,45,7.0,2025-07
2024-07-18,monte patria,robo,norte,8.0,alta,34,7.0,2024-07
2025-09-22,ovalle,fraude,NaN,10.0,baja,20,9.0,2025-09
2025-04-19,illapel,fraude,norte,18.0,alta,31,4.0,2025-04
2025-09-28,la serena,fraude,norte,9.0,media,68,9.0,2025-09
2025-12-22,la serena,accidente,NaN,0.0,baja,27,12.0,2025-12
2024-11-14,ovalle,hurto,norte,1.0,baja,NaN,11.0,2024-11
NaN,la serena,NaN,sur,11.0,baja,29,NaN,NaN
NaN,illapel,fraude,centro,13.0,baja,64,NaN,NaN
2025-02-08,la serena,robo,centro,10.0,NaN,53,2.0,2025-02
2025-03-17,illapel,violencia,NaN,7.0,NaN,69,3.0,2025-03
NaN,la serena,NaN,NaN,10.0,alta,27,NaN,NaN
NaN,illapel,NaN,NaN,15.0,NaN,NaN,NaN,NaN
2024-08-05,coquimbo,accidente,norte,12.0,NaN,58,8.0,2024-08
NaN,la serena,robo,norte,4.0,alta,36,NaN,NaN
NaN,monte patria,NaN,norte,5.0,baja,69,NaN,NaN
2025-01-10,coquimbo,fraude,norte,13.0,baja,17,1.0,2025-01
2025-11-15,la serena,fraude,sur,7.0,baja,30,11.0,2025-11
2025-01-15,vicuna,robo,rural,13.0,baja,20,1.0,2025-01
2025-06-22,coquimbo,accidente,norte,16.0,alta,14,6.0,2025-06
2025-03-31,la serena,NaN,norte,14.0,media,66,3.0,2025-03
NaN,salamanca,fraude,NaN,8.0,NaN,53,NaN,NaN
2024-10-16,salamanca,accidente,norte,NaN,baja,30,10.0,2024-10
2025-01-10,la serena,NaN,norte,16.0,alta,46,1.0,2025-01
2024-05-04,salamanca,NaN,norte,500.0,alta,22,5.0,2024-05
2025-10-18,ovalle,robo,sur,12.0,media,NaN,10.0,2025-10
2025-02-13,coquimbo,hurto,centro,13.0,baja,NaN,2.0,2025-02
2025-12-02,andacollo,robo,sur,9.0,baja,46,12.0,2025-12
2024-10-08,la serena,hurto,norte,11.0,media,46,10.0,2024-10
2024-10-21,la serena,robo,rural,11.0,media,50,10.0,2024-10
2024-02-27,ovalle,hurto,rural,11.0,baja,22,2.0,2024-02
2024-01-03,andacollo,accidente,sur,NaN,NaN,17,1.0,2024-01
2025-05-10,ovalle,robo,rural,8.0,NaN,64,5.0,2025-05
2024-01-18,salamanca,robo,sur,3.0,alta,46,1.0,2024-01
2025-05-29,coquimbo,fraude,rural,18.0,alta,52,5.0,2025-05
2024-08-18,salamanca,NaN,centro,12.0,baja,18,8.0,2024-08
2025-03-18,la serena,NaN,centro,19.0,alta,41,3.0,2025-03
2024-09-10,monte patria,hurto,centro,1.0,alta,26,9.0,2024-09
2024-11-08,ovalle,fraude,norte,2.0,NaN,69,11.0,2024-11
2024-01-05,la serena,robo,rural,19.0,media,35,1.0,2024-01
2024-08-25,coquimbo,NaN,sur,14.0,NaN,22,8.0,2024-08
2024-02-09,ovalle,robo,rural,7.0,alta,25,2.0,2024-02
2025-01-07,vicuna,NaN,norte,19.0,alta,25,1.0,2025-01
2025-01-07,la serena,violencia,NaN,8.0,alta,49,1.0,2025-01
2025-04-04,vicuna,fraude,norte,11.0,baja,17,4.0,2025-04
NaN,monte patria,accidente,NaN,5.0,baja,57,NaN,NaN
NaN,ovalle,NaN,sur,11.0,baja,56,NaN,NaN
2024-12-20,ovalle,violencia,sur,7.0,alta,66,12.0,2024-12
NaN,la serena,accidente,NaN,10.0,alta,64,NaN,NaN
2024-06-01,la serena,robo,sur,14.0,baja,37,6.0,2024-06
2025-10-29,vicuna,fraude,NaN,1.0,baja,33,10.0,2025-10
2025-06-11,vicuna,NaN,centro,15.0,media,44,6.0,2025-06
2025-12-26,la serena,accidente,NaN,1.0,baja,68,12.0,2025-12
2025-08-13,ovalle,hurto,rural,17.0,media,30,8.0,2025-08
2025-10-12,ovalle,violencia,centro,15.0,NaN,18,10.0,2025-10
NaN,monte patria,robo,NaN,17.0,baja,130,NaN,NaN
2025-06-24,monte patria,hurto,centro,4.0,media,55,6.0,2025-06
2025-01-12,monte patria,violencia,norte,7.0,alta,60,1.0,2025-01
2024-12-13,vicuna,accidente,NaN,4.0,alta,44,12.0,2024-12
2025-08-28,coquimbo,fraude,rural,5.0,media,66,8.0,2025-08
2024-07-17,ovalle,NaN,norte,NaN,NaN,17,7.0,2024-07
2024-01-06,coquimbo,hurto,sur,14.0,alta,5,1.0,2024-01
2024-06-08,la serena,accidente,norte,NaN,baja,42,6.0,2024-06
2024-07-16,monte patria,hurto,sur,16.0,alta,32,7.0,2024-07
2025-06-03,coquimbo,robo,rural,8.0,media,NaN,6.0,2025-06
2024-10-20,la serena,fraude,centro,12.0,NaN,44,10.0,2024-10
2025-02-01,monte patria,violencia,sur,18.0,NaN,29,2.0,2025-02
2024-04-07,andacollo,hurto,norte,5.0,NaN,15,4.0,2024-04
2024-08-11,vicuna,robo,norte,7.0,media,42,8.0,2024-08
2024-06-01,andacollo,NaN,norte,1.0,NaN,21,6.0,2024-06
2024-07-14,andacollo,fraude,centro,17.0,baja,68,7.0,2024-07
2024-11-07,coquimbo,NaN,centro,18.0,alta,52,11.0,2024-11
NaN,coquimbo,violencia,centro,4.0,alta,27,NaN,NaN
2024-05-15,illapel,accidente,rural,11.0,alta,23,5.0,2024-05
2024-06-06,ovalle,robo,rural,NaN,alta,33,6.0,2024-06
2024-05-23,la serena,fraude,centro,2.0,baja,31,5.0,2024-05
2024-09-23,illapel,accidente,norte,11.0,NaN,58,9.0,2024-09
2025-10-16,vicuna,accidente,norte,6.0,baja,NaN,10.0,2025-10
2025-09-02,coquimbo,fraude,rural,13.0,baja,21,9.0,2025-09
2024-10-05,vicuna,violencia,sur,1.0,alta,53,10.0,2024-10
2025-07-17,coquimbo,violencia,NaN,18.0,baja,50,7.0,2025-07
2025-12-18,la serena,hurto,rural,9.0,NaN,37,12.0,2025-12
2024-09-28,coquimbo,robo,rural,6.0,NaN,67,9.0,2024-09
2025-07-24,ovalle,robo,NaN,11.0,baja,16,7.0,2025-07
2025-10-18,salamanca,NaN,rural,14.0,baja,53,10.0,2025-10
2025-02-15,monte patria,NaN,rural,16.0,NaN,36,2.0,2025-02
2025-07-31,monte patria,violencia,rural,16.0,alta,55,7.0,2025-07
NaN,salamanca,violencia,rural,3.0,alta,51,NaN,NaN
2025-06-04,monte patria,robo,norte,5.0,baja,44,6.0,2025-06
2025-12-09,ovalle,NaN,NaN,4.0,NaN,58,12.0,2025-12
2024-04-24,coquimbo,hurto,sur,6.0,alta,27,4.0,2024-04
2025-10-19,ovalle,robo,sur,8.0,alta,66,10.0,2025-10
2025-10-09,monte patria,hurto,norte,17.0,baja,59,10.0,2025-10
NaN,la serena,robo,norte,14.0,alta,52,NaN,NaN
2024-12-03,ovalle,hurto,sur,8.0,NaN,64,12.0,2024-12
2024-07-27,la serena,NaN,norte,11.0,NaN,26,7.0,2024-07
2024-07-02,salamanca,accidente,rural,9.0,baja,42,7.0,2024-07
2025-06-26,coquimbo,accidente,centro,14.0,media,53,6.0,2025-06
2025-01-08,ovalle,hurto,norte,4.0,NaN,53,1.0,2025-01
2025-09-15,illapel,accidente,centro,9.0,alta,21,9.0,2025-09
2024-09-28,coquimbo,fraude,centro,16.0,alta,47,9.0,2024-09
2024-09-04,la serena,fraude,centro,NaN,alta,33,9.0,2024-09
2025-12-13,ovalle,violencia,norte,12.0,alta,69,12.0,2025-12
2024-05-31,la serena,violencia,NaN,3.0,baja,48,5.0,2024-05
2024-07-29,vicuna,fraude,centro,9.0,baja,20,7.0,2024-07
2024-12-10,ovalle,hurto,rural,8.0,NaN,65,12.0,2024-12
2025-06-27,la serena,violencia,NaN,11.0,alta,15,6.0,2025-06
NaN,andacollo,violencia,centro,1.0,NaN,50,NaN,NaN
2025-05-14,la serena,violencia,centro,NaN,alta,63,5.0,2025-05
NaN,coquimbo,robo,norte,13.0,alta,50,NaN,NaN
2024-10-13,monte patria,NaN,centro,12.0,baja,44,10.0,2024-10
2024-10-30,illapel,robo,centro,12.0,alta,44,10.0,2024-10
2024-10-08,salamanca,robo,norte,10.0,media,28,10.0,2024-10
2025-03-22,ovalle,NaN,norte,NaN,NaN,NaN,3.0,2025-03
NaN,vicuna,violencia,rural,7.0,alta,66,NaN,NaN
2025-05-06,vicuna,NaN,sur,500.0,alta,35,5.0,2025-05
2025-03-02,coquimbo,robo,NaN,16.0,baja,40,3.0,2025-03
2024-12-08,salamanca,robo,centro,10.0,baja,37,12.0,2024-12
NaN,la serena,fraude,rural,12.0,alta,57,NaN,NaN
2024-03-09,coquimbo,fraude,norte,17.0,NaN,33,3.0,2024-03
2025-03-29,andacollo,robo,rural,12.0,NaN,69,3.0,2025-03
NaN,coquimbo,accidente,norte,2.0,alta,26,NaN,NaN
2024-11-05,monte patria,hurto,rural,18.0,baja,43,11.0,2024-11
NaN,illapel,robo,rural,12.0,alta,42,NaN,NaN
2024-03-26,monte patria,hurto,centro,19.0,baja,NaN,3.0,2024-03
2024-05-06,coquimbo,robo,NaN,9.0,NaN,68,5.0,2024-05
2025-07-25,coquimbo,violencia,norte,10.0,NaN,50,7.0,2025-07
NaN,monte patria,accidente,NaN,16.0,media,54,NaN,NaN
2025-07-01,coquimbo,NaN,rural,4.0,baja,19,7.0,2025-07
2025-07-09,coquimbo,robo,centro,3.0,baja,43,7.0,2025-07
NaN,illapel,hurto,norte,9.0,baja,64,NaN,NaN
NaN,vicuna,robo,norte,500.0,baja,58,NaN,NaN
NaN,salamanca,NaN,centro,1.0,alta,45,NaN,NaN
NaN,monte patria,hurto,norte,7.0,baja,65,NaN,NaN
2024-08-25,salamanca,hurto,NaN,12.0,baja,19,8.0,2024-08
NaN,illapel,hurto,rural,14.0,baja,NaN,NaN,NaN
2025-05-23,la serena,robo,rural,16.0,alta,18,5.0,2025-05
2025-05-17,coquimbo,robo,centro,17.0,NaN,30,5.0,2025-05
2025-04-19,ovalle,hurto,centro,14.0,baja,27,4.0,2025-04
NaN,monte patria,violencia,centro,18.0,NaN,56,NaN,NaN
2025-03-12,coquimbo,NaN,NaN,7.0,media,17,3.0,2025-03
2025-11-03,monte patria,hurto,sur,15.0,media,23,11.0,2025-11
2024-12-13,ovalle,NaN,rural,11.0,NaN,31,12.0,2024-12
NaN,illapel,violencia,sur,7.0,baja,28,NaN,NaN
2025-05-07,monte patria,accidente,norte,NaN,baja,42,5.0,2025-05
2025-02-09,monte patria,NaN,norte,4.0,baja,54,2.0,2025-02
2024-06-23,monte patria,hurto,rural,1.0,media,NaN,6.0,2024-06
2025-08-19,la serena,robo,sur,3.0,baja,50,8.0,2025-08
NaN,andacollo,violencia,rural,18.0,alta,32,NaN,NaN
2024-04-09,coquimbo,accidente,centro,9.0,media,44,4.0,2024-04
2025-05-03,andacollo,NaN,centro,15.0,media,64,5.0,2025-05
NaN,coquimbo,NaN,centro,19.0,NaN,17,NaN,NaN
NaN,ovalle,violencia,centro,2.0,baja,39,NaN,NaN
2024-12-26,coquimbo,robo,rural,11.0,alta,49,12.0,2024-12
NaN,coquimbo,robo,centro,12.0,baja,NaN,NaN,NaN
2024-05-03,monte patria,robo,rural,5.0,NaN,49,5.0,2024-05
2024-05-10,coquimbo,violencia,norte,18.0,NaN,58,5.0,2024-05
NaN,vicuna,fraude,NaN,4.0,alta,49,NaN,NaN
2024-05-23,vicuna,accidente,sur,12.0,baja,65,5.0,2024-05
NaN,ovalle,fraude,norte,11.0,alta,64,NaN,NaN
NaN,illapel,violencia,norte,7.0,baja,16,NaN,NaN
2025-11-21,la serena,hurto,sur,18.0,baja,47,11.0,2025-11
2024-10-02,salamanca,robo,norte,18.0,alta,46,10.0,2024-10
2024-06-08,salamanca,robo,centro,10.0,media,35,6.0,2024-06
2024-07-04,coquimbo,robo,rural,NaN,alta,68,7.0,2024-07
2025-02-25,coquimbo,hurto,norte,3.0,alta,53,2.0,2025-02
2025-01-27,coquimbo,fraude,sur,9.0,NaN,63,1.0,2025-01
2024-12-27,andacollo,robo,centro,18.0,baja,33,12.0,2024-12
2025-04-19,la serena,hurto,norte,8.0,alta,57,4.0,2025-04
2024-07-15,ovalle,robo,sur,14.0,alta,17,7.0,2024-07
2024-01-17,coquimbo,fraude,norte,5.0,media,45,1.0,2024-01
2025-05-14,salamanca,accidente,centro,15.0,baja,60,5.0,2025-05
2024-02-24,coquimbo,NaN,centro,11.0,alta,56,2.0,2024-02
2025-11-17,la serena,accidente,norte,1.0,media,66,11.0,2025-11
2024-04-24,salamanca,violencia,rural,15.0,NaN,51,4.0,2024-04
2024-08-04,coquimbo,robo,sur,11.0,alta,53,8.0,2024-08
2024-02-09,vicuna,accidente,NaN,5.0,NaN,32,2.0,2024-02
NaN,coquimbo,robo,sur,1.0,media,33,NaN,NaN
2025-04-04,vicuna,robo,rural,4.0,alta,61,4.0,2025-04
NaN,salamanca,NaN,centro,NaN,NaN,42,NaN,NaN
2024-04-22,illapel,accidente,rural,13.0,baja,20,4.0,2024-04
2025-11-27,vicuna,fraude,sur,18.0,baja,69,11.0,2025-11
2025-07-24,monte patria,violencia,norte,16.0,baja,28,7.0,2025-07
2024-01-29,vicuna,robo,NaN,2.0,alta,NaN,1.0,2024-01
2025-11-13,ovalle,robo,centro,8.0,alta,29,11.0,2025-11
2025-12-20,salamanca,hurto,rural,13.0,alta,52,12.0,2025-12
2025-08-01,monte patria,accidente,sur,9.0,alta,48,8.0,2025-08
2025-02-21,coquimbo,robo,norte,13.0,baja,21,2.0,2025-02
2024-03-24,la serena,robo,NaN,1.0,baja,53,3.0,2024-03
2024-01-27,coquimbo,accidente,NaN,18.0,alta,52,1.0,2024-01
2025-03-09,vicuna,accidente,centro,9.0,baja,38,3.0,2025-03
2025-10-05,la serena,NaN,norte,6.0,alta,21,10.0,2025-10
2025-02-12,andacollo,accidente,norte,14.0,alta,28,2.0,2025-02
2024-09-19,coquimbo,robo,rural,2.0,media,50,9.0,2024-09
2025-06-10,monte patria,robo,centro,12.0,alta,58,6.0,2025-06
NaN,coquimbo,robo,norte,18.0,NaN,55,NaN,NaN
NaN,andacollo,violencia,norte,NaN,alta,NaN,NaN,NaN
2025-05-20,vicuna,robo,NaN,17.0,baja,68,5.0,2025-05
NaN,la serena,NaN,NaN,5.0,baja,56,NaN,NaN
2025-08-20,coquimbo,accidente,centro,19.0,media,21,8.0,2025-08
2025-04-24,coquimbo,hurto,centro,NaN,NaN,55,4.0,2025-04
2024-11-15,la serena,robo,centro,NaN,NaN,20,11.0,2024-11
2025-10-25,andacollo,violencia,sur,10.0,alta,40,10.0,2025-10
2025-09-14,vicuna,robo,NaN,19.0,baja,24,9.0,2025-09
2025-12-10,coquimbo,accidente,centro,14.0,baja,44,12.0,2025-12
2024-11-04,coquimbo,NaN,rural,9.0,baja,18,11.0,2024-11
2024-03-18,la serena,fraude,norte,11.0,media,64,3.0,2024-03
NaN,andacollo,NaN,centro,12.0,media,14,NaN,NaN
2024-08-18,coquimbo,NaN,rural,14.0,media,NaN,8.0,2024-08
2024-07-22,la serena,accidente,NaN,1.0,baja,15,7.0,2024-07
2024-01-18,la serena,NaN,norte,2.0,baja,37,1.0,2024-01
2024-02-19,la serena,robo,rural,5.0,alta,55,2.0,2024-02
2025-10-22,coquimbo,hurto,norte,9.0,NaN,45,10.0,2025-10
2024-10-13,salamanca,NaN,norte,NaN,NaN,58,10.0,2024-10
NaN,la serena,NaN,rural,14.0,NaN,48,NaN,NaN
2025-03-11,coquimbo,fraude,centro,NaN,NaN,41,3.0,2025-03
2025-10-22,coquimbo,fraude,centro,NaN,baja,64,10.0,2025-10
2025-07-28,monte patria,robo,sur,12.0,alta,46,7.0,2025-07
2024-09-15,ovalle,NaN,sur,18.0,alta,19,9.0,2024-09
2024-01-09,la serena,violencia,NaN,6.0,baja,14,1.0,2024-01
2025-10-21,salamanca,robo,norte,9.0,NaN,60,10.0,2025-10
2025-07-23,la serena,robo,rural,4.0,alta,67,7.0,2025-07
2024-04-28,vicuna,robo,norte,NaN,media,NaN,4.0,2024-04
2025-11-18,monte patria,accidente,rural,17.0,baja,34,11.0,2025-11
2025-08-20,monte patria,violencia,NaN,15.0,baja,22,8.0,2025-08
2025-03-31,ovalle,robo,rural,3.0,NaN,35,3.0,2025-03
2024-06-01,coquimbo,robo,norte,11.0,alta,18,6.0,2024-06
2024-03-06,coquimbo,robo,rural,15.0,media,56,3.0,2024-03
2024-10-05,monte patria,violencia,norte,14.0,baja,65,10.0,2024-10
2024-11-14,coquimbo,violencia,rural,12.0,baja,62,11.0,2024-11
NaN,andacollo,fraude,norte,NaN,NaN,16,NaN,NaN
2024-08-31,coquimbo,robo,norte,NaN,alta,NaN,8.0,2024-08
2024-05-25,la serena,hurto,centro,10.0,baja,41,5.0,2024-05
NaN,salamanca,robo,norte,9.0,NaN,22,NaN,NaN
2025-11-18,la serena,robo,norte,10.0,NaN,37,11.0,2025-11
2024-11-04,la serena,robo,rural,3.0,alta,39,11.0,2024-11
2025-09-02,la serena,violencia,centro,4.0,baja,NaN,9.0,2025-09
NaN,coquimbo,robo,norte,3.0,alta,43,NaN,NaN
2025-11-14,la serena,accidente,centro,NaN,NaN,41,11.0,2025-11
2025-08-25,la serena,NaN,rural,11.0,alta,58,8.0,2025-08
NaN,coquimbo,violencia,norte,NaN,alta,67,NaN,NaN
2025-05-26,monte patria,NaN,NaN,13.0,baja,23,5.0,2025-05
2025-04-11,monte patria,hurto,rural,15.0,alta,32,4.0,2025-04
NaN,coquimbo,violencia,centro,2.0,media,52,NaN,NaN
2024-05-04,illapel,NaN,sur,13.0,NaN,62,5.0,2024-05
NaN,coquimbo,violencia,sur,15.0,baja,22,NaN,NaN
2024-05-19,monte patria,fraude,rural,8.0,alta,67,5.0,2024-05
2024-03-11,salamanca,NaN,NaN,6.0,baja,33,3.0,2024-03
2025-04-15,vicuna,NaN,NaN,14.0,baja,29,4.0,2025-04
2025-10-28,monte patria,accidente,NaN,1.0,alta,NaN,10.0,2025-10
2025-02-06,coquimbo,NaN,centro,2.0,media,40,2.0,2025-02
2024-03-03,coquimbo,violencia,centro,500.0,alta,37,3.0,2024-03
NaN,andacollo,violencia,rural,10.0,NaN,26,NaN,NaN
2025-12-24,andacollo,NaN,centro,15.0,baja,28,12.0,2025-12
NaN,coquimbo,accidente,rural,6.0,media,14,NaN,NaN
2024-08-12,la serena,accidente,NaN,9.0,NaN,23,8.0,2024-08
2024-06-03,ovalle,accidente,centro,5.0,media,33,6.0,2024-06
2024-02-21,la serena,robo,NaN,10.0,NaN,26,2.0,2024-02
2024-12-03,monte patria,accidente,centro,1.0,baja,38,12.0,2024-12
2024-07-30,vicuna,violencia,norte,2.0,alta,39,7.0,2024-07
2024-04-22,andacollo,robo,centro,5.0,NaN,44,4.0,2024-04
NaN,illapel,robo,norte,15.0,baja,21,NaN,NaN
NaN,ovalle,hurto,norte,3.0,baja,40,NaN,NaN
NaN,coquimbo,accidente,centro,9.0,baja,59,NaN,NaN
2025-04-08,la serena,NaN,norte,16.0,NaN,20,4.0,2025-04
2024-11-20,monte patria,robo,centro,8.0,baja,37,11.0,2024-11
2024-03-13,monte patria,robo,norte,11.0,baja,65,3.0,2024-03
NaN,la serena,violencia,norte,9.0,NaN,NaN,NaN,NaN
NaN,la serena,fraude,norte,1.0,NaN,30,NaN,NaN
2025-08-24,andacollo,robo,centro,4.0,alta,37,8.0,2025-08
2024-08-17,salamanca,violencia,centro,7.0,baja,NaN,8.0,2024-08
2025-05-11,monte patria,violencia,norte,11.0,NaN,42,5.0,2025-05
NaN,vicuna,robo,norte,NaN,NaN,33,NaN,NaN
2024-08-20,la serena,robo,norte,15.0,alta,56,8.0,2024-08
2024-02-23,salamanca,robo,centro,19.0,baja,24,2.0,2024-02
2025-05-31,salamanca,accidente,rural,NaN,NaN,33,5.0,2025-05
NaN,coquimbo,fraude,NaN,13.0,baja,43,NaN,NaN
2025-03-18,la serena,robo,centro,8.0,alta,28,3.0,2025-03
2025-09-14,salamanca,robo,norte,13.0,baja,43,9.0,2025-09
2024-11-20,vicuna,accidente,NaN,17.0,NaN,64,11.0,2024-11
NaN,coquimbo,NaN,sur,10.0,alta,22,NaN,NaN
2025-04-09,salamanca,accidente,rural,NaN,alta,45,4.0,2025-04
2024-11-25,coquimbo,robo,NaN,13.0,media,59,11.0,2024-11
2025-11-20,la serena,accidente,norte,13.0,baja,NaN,11.0,2025-11
2024-09-15,vicuna,accidente,centro,16.0,baja,5,9.0,2024-09
2025-07-22,vicuna,accidente,NaN,4.0,NaN,60,7.0,2025-07
2024-11-11,ovalle,accidente,norte,17.0,baja,NaN,11.0,2024-11
2024-12-11,la serena,NaN,NaN,NaN,NaN,64,12.0,2024-12
2025-04-24,monte patria,violencia,sur,16.0,media,26,4.0,2025-04
2024-02-29,la serena,violencia,norte,18.0,baja,54,2.0,2024-02
2024-09-30,la serena,hurto,centro,5.0,media,29,9.0,2024-09
2025-11-15,la serena,accidente,centro,18.0,NaN,49,11.0,2025-11
2025-08-11,andacollo,accidente,norte,8.0,baja,23,8.0,2025-08
2025-07-17,ovalle,robo,norte,16.0,baja,NaN,7.0,2025-07
2024-12-12,salamanca,NaN,norte,11.0,alta,43,12.0,2024-12
2025-07-15,la serena,fraude,norte,14.0,alta,25,7.0,2025-07
NaN,ovalle,fraude,sur,NaN,baja,49,NaN,NaN
2025-05-06,monte patria,violencia,rural,9.0,NaN,14,5.0,2025-05
2025-07-25,ovalle,violencia,centro,17.0,NaN,47,7.0,2025-07
2024-05-14,coquimbo,violencia,centro,19.0,NaN,44,5.0,2024-05
2025-12-31,coquimbo,hurto,centro,13.0,NaN,5,12.0,2025-12
2025-09-27,coquimbo,hurto,rural,15.0,alta,NaN,9.0,2025-09
2024-01-15,andacollo,hurto,sur,7.0,alta,66,1.0,2024-01
2025-07-16,vicuna,accidente,rural,19.0,alta,48,7.0,2025-07
2024-07-11,la serena,robo,norte,NaN,alta,54,7.0,2024-07
2025-11-25,coquimbo,robo,centro,8.0,baja,44,11.0,2025-11
NaN,monte patria,hurto,NaN,11.0,media,64,NaN,NaN
2025-02-02,illapel,fraude,norte,NaN,NaN,62,2.0,2025-02
2024-04-28,la serena,NaN,norte,14.0,alta,64,4.0,2024-04
2025-01-09,andacollo,violencia,centro,NaN,baja,NaN,1.0,2025-01
2024-03-02,coquimbo,fraude,norte,18.0,alta,35,3.0,2024-03
2024-02-05,la serena,NaN,sur,17.0,alta,26,2.0,2024-02
2024-11-11,illapel,robo,sur,15.0,NaN,42,11.0,2024-11
2024-01-10,salamanca,robo,rural,1.0,alta,69,1.0,2024-01
2024-04-04,ovalle,NaN,norte,2.0,alta,41,4.0,2024-04
2024-06-08,vicuna,robo,centro,12.0,NaN,23,6.0,2024-06
2025-03-24,coquimbo,violencia,rural,4.0,alta,22,3.0,2025-03
2024-01-02,la serena,robo,norte,7.0,alta,36,1.0,2024-01
2024-03-30,andacollo,accidente,NaN,NaN,media,57,3.0,2024-03
2025-08-08,la serena,hurto,norte,9.0,baja,27,8.0,2025-08
2024-10-06,coquimbo,robo,NaN,NaN,baja,63,10.0,2024-10
2024-07-15,ovalle,robo,rural,6.0,media,49,7.0,2024-07
2024-11-19,vicuna,fraude,NaN,3.0,baja,67,11.0,2024-11
2025-08-30,vicuna,NaN,norte,12.0,alta,63,8.0,2025-08
NaN,andacollo,violencia,centro,3.0,alta,66,NaN,NaN
NaN,ovalle,violencia,norte,1.0,baja,16,NaN,NaN
2025-01-17,ovalle,accidente,sur,18.0,baja,59,1.0,2025-01
2025-06-12,salamanca,robo,centro,13.0,NaN,59,6.0,2025-06
2024-04-30,coquimbo,fraude,centro,11.0,alta,27,4.0,2024-04
2025-02-22,monte patria,robo,NaN,2.0,baja,63,2.0,2025-02
2024-01-29,salamanca,hurto,centro,5.0,NaN,54,1.0,2024-01
2025-03-13,ovalle,hurto,norte,14.0,alta,24,3.0,2025-03
2025-05-11,coquimbo,robo,rural,16.0,alta,53,5.0,2025-05
2024-05-02,illapel,NaN,NaN,17.0,baja,41,5.0,2024-05
NaN,salamanca,violencia,sur,5.0,baja,22,NaN,NaN
2025-06-17,la serena,NaN,NaN,1.0,media,59,6.0,2025-06
NaN,la serena,robo,norte,18.0,alta,54,NaN,NaN
2025-05-11,andacollo,NaN,centro,2.0,media,52,5.0,2025-05
2024-11-04,la serena,robo,sur,14.0,NaN,49,11.0,2024-11
NaN,vicuna,NaN,centro,16.0,baja,24,NaN,NaN
2024-12-20,vicuna,hurto,NaN,6.0,NaN,50,12.0,2024-12
NaN,coquimbo,robo,centro,17.0,media,14,NaN,NaN
2025-01-29,la serena,robo,sur,10.0,media,44,1.0,2025-01
2025-08-28,salamanca,NaN,NaN,7.0,alta,26,8.0,2025-08
2025-09-30,monte patria,robo,rural,NaN,alta,53,9.0,2025-09
2024-09-30,monte patria,robo,centro,15.0,alta,27,9.0,2024-09
2025-07-20,la serena,violencia,norte,15.0,alta,34,7.0,2025-07
2024-05-23,ovalle,hurto,rural,11.0,alta,53,5.0,2024-05
2025-02-04,illapel,robo,sur,NaN,NaN,27,2.0,2025-02
2024-03-14,vicuna,accidente,centro,8.0,NaN,24,3.0,2024-03
2024-05-24,la serena,violencia,norte,9.0,alta,NaN,5.0,2024-05
2025-02-05,illapel,violencia,norte,18.0,baja,47,2.0,2025-02
2024-07-10,la serena,robo,centro,11.0,alta,66,7.0,2024-07
2025-09-20,illapel,hurto,rural,4.0,baja,NaN,9.0,2025-09
2025-02-17,la serena,NaN,sur,11.0,NaN,24,2.0,2025-02
2025-05-09,illapel,fraude,norte,18.0,alta,56,5.0,2025-05
2025-03-21,salamanca,hurto,norte,1.0,baja,17,3.0,2025-03
2025-03-21,vicuna,robo,centro,6.0,baja,16,3.0,2025-03
NaN,la serena,violencia,sur,3.0,alta,32,NaN,NaN
2025-02-18,salamanca,robo,centro,14.0,media,16,2.0,2025-02
2025-07-09,coquimbo,robo,centro,18.0,baja,41,7.0,2025-07
2025-09-28,monte patria,robo,rural,8.0,alta,21,9.0,2025-09
2025-01-06,monte patria,hurto,sur,8.0,baja,38,1.0,2025-01
2024-04-21,coquimbo,hurto,NaN,15.0,NaN,68,4.0,2024-04
2024-10-23,illapel,robo,norte,8.0,baja,NaN,10.0,2024-10
NaN,la serena,robo,NaN,2.0,baja,33,NaN,NaN
2024-09-29,monte patria,robo,NaN,4.0,NaN,36,9.0,2024-09
NaN,ovalle,robo,centro,1.0,alta,18,NaN,NaN
2024-12-06,vicuna,fraude,NaN,7.0,alta,46,12.0,2024-12
2025-09-04,coquimbo,fraude,NaN,6.0,baja,56,9.0,2025-09
2024-01-14,monte patria,robo,norte,17.0,baja,50,1.0,2024-01
2025-02-25,ovalle,hurto,rural,1.0,baja,27,2.0,2025-02
2024-03-12,la serena,NaN,centro,18.0,baja,NaN,3.0,2024-03
NaN,coquimbo,violencia,norte,15.0,media,48,NaN,NaN
2024-09-26,salamanca,NaN,sur,13.0,media,50,9.0,2024-09
2024-12-05,andacollo,accidente,norte,5.0,alta,14,12.0,2024-12
NaN,monte patria,robo,centro,9.0,alta,32,NaN,NaN
NaN,ovalle,violencia,centro,500.0,NaN,39,NaN,NaN
NaN,vicuna,robo,sur,1.0,NaN,22,NaN,NaN
2024-11-08,monte patria,robo,NaN,1.0,baja,67,11.0,2024-11
NaN,illapel,robo,sur,10.0,baja,24,NaN,NaN
NaN,ovalle,hurto,rural,10.0,NaN,45,NaN,NaN
2024-08-06,ovalle,violencia,norte,15.0,alta,30,8.0,2024-08
2024-01-29,ovalle,violencia,rural,2.0,baja,47,1.0,2024-01
2025-01-24,salamanca,violencia,norte,5.0,NaN,25,1.0,2025-01
2025-04-23,vicuna,robo,rural,5.0,alta,63,4.0,2025-04
2024-02-29,ovalle,fraude,rural,16.0,baja,69,2.0,2024-02
2025-11-19,vicuna,NaN,norte,9.0,alta,29,11.0,2025-11
2024-07-15,ovalle,accidente,norte,16.0,alta,NaN,7.0,2024-07
2024-06-27,la serena,violencia,centro,5.0,alta,32,6.0,2024-06
NaN,monte patria,hurto,centro,2.0,baja,23,NaN,NaN
2024-05-18,la serena,robo,sur,10.0,media,24,5.0,2024-05
2024-09-20,salamanca,accidente,centro,18.0,alta,28,9.0,2024-09
2025-06-28,la serena,hurto,norte,13.0,alta,52,6.0,2025-06
2024-10-08,la serena,robo,norte,6.0,baja,63,10.0,2024-10
NaN,monte patria,fraude,centro,8.0,alta,27,NaN,NaN
2024-11-18,vicuna,violencia,norte,7.0,NaN,NaN,11.0,2024-11
2024-02-16,monte patria,robo,norte,14.0,baja,47,2.0,2024-02
2024-05-17,la serena,robo,centro,5.0,baja,NaN,5.0,2024-05
2025-10-12,andacollo,fraude,centro,8.0,baja,55,10.0,2025-10
2024-09-17,ovalle,fraude,norte,18.0,baja,24,9.0,2024-09
2024-10-25,ovalle,violencia,rural,3.0,baja,25,10.0,2024-10
2025-02-24,vicuna,accidente,norte,3.0,alta,64,2.0,2025-02
2025-12-06,illapel,violencia,centro,18.0,alta,38,12.0,2025-12
2025-06-08,andacollo,robo,norte,16.0,alta,18,6.0,2025-06
2024-12-27,la serena,NaN,rural,10.0,media,66,12.0,2024-12
2024-03-12,la serena,robo,sur,9.0,alta,NaN,3.0,2024-03
2024-08-13,ovalle,robo,centro,9.0,media,35,8.0,2024-08
2024-06-19,la serena,robo,sur,7.0,alta,39,6.0,2024-06
2024-04-20,salamanca,hurto,norte,7.0,media,50,4.0,2024-04
2024-11-22,ovalle,robo,NaN,6.0,baja,41,11.0,2024-11
2025-03-23,coquimbo,NaN,centro,6.0,NaN,50,3.0,2025-03
2025-06-29,coquimbo,violencia,norte,13.0,alta,NaN,6.0,2025-06
NaN,vicuna,accidente,NaN,2.0,baja,24,NaN,NaN
2024-11-09,illapel,fraude,centro,2.0,baja,29,11.0,2024-11
2025-05-30,monte patria,robo,centro,1.0,baja,19,5.0,2025-05
2025-07-23,la serena,NaN,NaN,17.0,baja,35,7.0,2025-07
2025-05-06,monte patria,robo,norte,16.0,NaN,30,5.0,2025-05
2024-02-05,salamanca,NaN,rural,15.0,alta,19,2.0,2024-02
2025-11-18,coquimbo,accidente,centro,14.0,alta,19,11.0,2025-11
2025-11-12,ovalle,robo,centro,2.0,alta,64,11.0,2025-11
2024-05-01,ovalle,fraude,NaN,10.0,baja,69,5.0,2024-05
2024-09-02,salamanca,robo,centro,16.0,alta,48,9.0,2024-09
NaN,la serena,fraude,centro,5.0,alta,63,NaN,NaN
2025-01-31,ovalle,NaN,centro,16.0,baja,46,1.0,2025-01
2024-09-07,illapel,robo,NaN,16.0,NaN,47,9.0,2024-09
2024-12-12,la serena,hurto,sur,18.0,media,42,12.0,2024-12
2024-02-18,la serena,accidente,norte,18.0,alta,27,2.0,2024-02
2024-06-05,ovalle,robo,sur,18.0,media,25,6.0,2024-06
2024-11-12,vicuna,NaN,norte,19.0,baja,NaN,11.0,2024-11
2024-04-30,ovalle,NaN,norte,5.0,baja,21,4.0,2024-04
2024-08-31,la serena,fraude,norte,2.0,baja,28,8.0,2024-08
2024-11-05,coquimbo,hurto,norte,8.0,alta,NaN,11.0,2024-11
NaN,la serena,fraude,rural,1.0,alta,43,NaN,NaN
2024-12-02,coquimbo,robo,norte,5.0,alta,62,12.0,2024-12
2024-05-04,ovalle,robo,norte,2.0,NaN,67,5.0,2024-05
2025-07-11,salamanca,accidente,NaN,NaN,alta,18,7.0,2025-07
2024-07-07,monte patria,robo,sur,17.0,media,NaN,7.0,2024-07
2025-04-20,coquimbo,fraude,sur,1.0,baja,31,4.0,2025-04
NaN,illapel,NaN,norte,9.0,NaN,64,NaN,NaN
2024-01-09,vicuna,accidente,norte,13.0,baja,69,1.0,2024-01
2024-10-28,ovalle,hurto,norte,4.0,NaN,17,10.0,2024-10
2025-10-11,ovalle,violencia,NaN,1.0,media,36,10.0,2025-10
2024-11-09,salamanca,NaN,centro,4.0,alta,21,11.0,2024-11
NaN,monte patria,NaN,centro,11.0,baja,34,NaN,NaN
2024-03-10,vicuna,fraude,norte,1.0,media,32,3.0,2024-03
2025-02-15,coquimbo,hurto,sur,8.0,alta,19,2.0,2025-02
2025-12-30,la serena,NaN,NaN,13.0,baja,30,12.0,2025-12
2025-01-09,la serena,robo,rural,10.0,alta,48,1.0,2025-01
2024-05-02,ovalle,robo,rural,14.0,NaN,48,5.0,2024-05
2024-05-25,ovalle,robo,rural,1.0,baja,26,5.0,2024-05
NaN,coquimbo,hurto,norte,11.0,NaN,44,NaN,NaN
2024-05-15,andacollo,fraude,centro,6.0,alta,41,5.0,2024-05
2024-11-23,la serena,violencia,NaN,17.0,alta,21,11.0,2024-11
2025-05-05,salamanca,robo,NaN,15.0,NaN,25,5.0,2025-05
2024-04-14,salamanca,fraude,norte,11.0,NaN,61,4.0,2024-04
2025-01-25,monte patria,violencia,NaN,2.0,alta,36,1.0,2025-01
NaN,coquimbo,violencia,sur,5.0,alta,68,NaN,NaN
2024-11-16,vicuna,NaN,norte,15.0,alta,17,11.0,2024-11
NaN,la serena,robo,rural,NaN,media,38,NaN,NaN
2025-01-14,illapel,NaN,sur,8.0,NaN,53,1.0,2025-01
2025-07-21,vicuna,fraude,norte,9.0,baja,28,7.0,2025-07
2024-03-18,salamanca,hurto,centro,13.0,media,41,3.0,2024-03
2024-04-01,ovalle,robo,norte,1.0,media,65,4.0,2024-04
2025-05-14,coquimbo,NaN,centro,16.0,media,41,5.0,2025-05
2024-02-09,illapel,robo,norte,14.0,NaN,24,2.0,2024-02
2024-05-31,la serena,fraude,norte,NaN,media,29,5.0,2024-05
2025-06-27,ovalle,robo,centro,NaN,media,29,6.0,2025-06
2024-04-28,illapel,violencia,centro,NaN,media,50,4.0,2024-04
NaN,vicuna,accidente,sur,4.0,media,36,NaN,NaN
NaN,ovalle,fraude,NaN,12.0,NaN,55,NaN,NaN
2025-05-12,la serena,violencia,centro,8.0,NaN,29,5.0,2025-05
2025-07-19,illapel,violencia,centro,11.0,baja,29,7.0,2025-07
2024-07-14,la serena,fraude,norte,19.0,alta,62,7.0,2024-07
2025-02-21,la serena,robo,norte,17.0,alta,69,2.0,2025-02
2025-05-03,ovalle,NaN,centro,16.0,alta,21,5.0,2025-05
2025-11-07,la serena,hurto,sur,18.0,baja,39,11.0,2025-11
NaN,vicuna,NaN,sur,17.0,NaN,44,NaN,NaN
2024-09-25,monte patria,hurto,rural,12.0,alta,45,9.0,2024-09
NaN,andacollo,accidente,NaN,12.0,baja,18,NaN,NaN
2025-01-12,la serena,robo,centro,11.0,alta,19,1.0,2025-01
2024-06-21,illapel,NaN,NaN,5.0,alta,47,6.0,2024-06
2025-06-20,la serena,violencia,norte,19.0,baja,45,6.0,2025-06
2025-07-04,monte patria,fraude,norte,17.0,alta,68,7.0,2025-07
2025-08-15,ovalle,fraude,centro,19.0,NaN,42,8.0,2025-08
2024-03-04,monte patria,hurto,centro,2.0,baja,38,3.0,2024-03
2025-01-19,monte patria,accidente,rural,17.0,NaN,NaN,1.0,2025-01
2025-11-19,salamanca,robo,NaN,2.0,alta,14,11.0,2025-11
2024-07-15,la serena,NaN,sur,12.0,media,66,7.0,2024-07
2025-02-01,la serena,fraude,norte,15.0,media,37,2.0,2025-02
2024-06-10,ovalle,robo,norte,3.0,baja,48,6.0,2024-06
2024-09-13,andacollo,hurto,centro,18.0,baja,44,9.0,2024-09
2025-07-15,monte patria,NaN,centro,12.0,media,45,7.0,2025-07
2024-07-29,illapel,NaN,sur,2.0,baja,47,7.0,2024-07
2025-12-05,vicuna,NaN,sur,11.0,baja,50,12.0,2025-12
NaN,illapel,accidente,sur,17.0,media,41,NaN,NaN
2024-08-20,monte patria,hurto,NaN,NaN,baja,28,8.0,2024-08
NaN,vicuna,robo,centro,17.0,NaN,17,NaN,NaN
2025-06-23,salamanca,robo,norte,3.0,alta,33,6.0,2025-06
2024-10-12,ovalle,robo,centro,3.0,media,20,10.0,2024-10
2025-03-20,andacollo,accidente,sur,1.0,NaN,17,3.0,2025-03
2024-01-21,andacollo,robo,norte,13.0,NaN,39,1.0,2024-01
2025-05-03,coquimbo,robo,norte,7.0,NaN,38,5.0,2025-05
2024-03-05,coquimbo,fraude,centro,NaN,media,61,3.0,2024-03
2025-02-23,monte patria,hurto,sur,NaN,baja,NaN,2.0,2025-02
2025-01-12,salamanca,fraude,norte,3.0,media,41,1.0,2025-01
NaN,la serena,hurto,rural,13.0,NaN,66,NaN,NaN
2024-02-02,salamanca,violencia,sur,15.0,alta,26,2.0,2024-02
2025-05-19,la serena,hurto,sur,4.0,alta,NaN,5.0,2025-05
2025-04-03,vicuna,robo,norte,13.0,baja,51,4.0,2025-04
2025-09-11,la serena,fraude,centro,12.0,alta,5,9.0,2025-09
2025-05-12,illapel,fraude,sur,14.0,baja,65,5.0,2025-05
2024-09-19,salamanca,robo,rural,15.0,baja,62,9.0,2024-09
2025-10-21,monte patria,fraude,norte,1.0,baja,20,10.0,2025-10
2024-03-18,la serena,robo,NaN,17.0,alta,60,3.0,2024-03
2024-09-06,ovalle,NaN,norte,8.0,baja,27,9.0,2024-09
2025-08-07,vicuna,accidente,norte,5.0,media,32,8.0,2025-08
2025-12-12,monte patria,hurto,norte,4.0,NaN,60,12.0,2025-12
2024-09-06,salamanca,robo,sur,16.0,media,56,9.0,2024-09
2024-08-27,coquimbo,hurto,norte,10.0,baja,21,8.0,2024-08
2025-09-03,la serena,violencia,sur,8.0,alta,36,9.0,2025-09
2024-03-23,la serena,accidente,centro,3.0,alta,24,3.0,2024-03
NaN,la serena,NaN,NaN,11.0,alta,NaN,NaN,NaN
2024-02-08,coquimbo,NaN,rural,8.0,baja,38,2.0,2024-02
2025-06-25,coquimbo,accidente,sur,9.0,media,29,6.0,2025-06
2024-04-28,monte patria,fraude,centro,4.0,NaN,50,4.0,2024-04
2024-01-15,monte patria,accidente,norte,1.0,baja,NaN,1.0,2024-01
2025-08-14,vicuna,hurto,rural,NaN,NaN,68,8.0,2025-08
2025-03-30,illapel,robo,norte,18.0,media,34,3.0,2025-03
2025-06-08,la serena,robo,centro,NaN,baja,17,6.0,2025-06
2025-02-03,coquimbo,violencia,sur,12.0,baja,30,2.0,2025-02
NaN,ovalle,robo,norte,NaN,alta,NaN,NaN,NaN
2024-01-07,ovalle,robo,centro,18.0,media,15,1.0,2024-01
NaN,monte patria,NaN,norte,2.0,alta,64,NaN,NaN
2025-11-19,salamanca,NaN,norte,15.0,alta,41,11.0,2025-11
2025-08-14,coquimbo,violencia,norte,5.0,media,NaN,8.0,2025-08
2024-05-14,coquimbo,violencia,centro,3.0,baja,54,5.0,2024-05
2025-07-03,illapel,fraude,centro,6.0,NaN,60,7.0,2025-07
2025-11-03,la serena,NaN,norte,6.0,baja,22,11.0,2025-11
2024-03-24,coquimbo,accidente,sur,16.0,baja,39,3.0,2024-03
2024-11-22,coquimbo,accidente,norte,19.0,baja,48,11.0,2024-11
2024-10-12,la serena,robo,centro,NaN,media,64,10.0,2024-10
2025-08-31,coquimbo,NaN,norte,16.0,baja,66,8.0,2025-08
2025-11-10,andacollo,robo,centro,5.0,alta,NaN,11.0,2025-11
NaN,la serena,fraude,NaN,18.0,alta,58,NaN,NaN
2025-08-17,ovalle,robo,rural,18.0,alta,44,8.0,2025-08
NaN,monte patria,accidente,centro,19.0,media,36,NaN,NaN
2024-04-21,ovalle,NaN,centro,15.0,baja,66,4.0,2024-04
2024-06-12,la serena,accidente,norte,NaN,media,44,6.0,2024-06
2024-08-08,vicuna,fraude,centro,1.0,baja,50,8.0,2024-08
2024-04-05,vicuna,violencia,norte,10.0,alta,17,4.0,2024-04
NaN,ovalle,fraude,norte,17.0,alta,62,NaN,NaN
2024-08-01,andacollo,fraude,norte,11.0,baja,15,8.0,2024-08
2025-05-09,la serena,fraude,norte,5.0,media,23,5.0,2025-05
2025-04-15,coquimbo,robo,sur,NaN,baja,14,4.0,2025-04
2024-01-06,coquimbo,accidente,NaN,18.0,NaN,24,1.0,2024-01
2024-03-26,la serena,robo,norte,10.0,alta,14,3.0,2024-03
2024-08-08,coquimbo,NaN,sur,10.0,baja,42,8.0,2024-08
2025-04-18,illapel,fraude,centro,15.0,alta,57,4.0,2025-04
2025-08-17,la serena,NaN,centro,10.0,alta,NaN,8.0,2025-08
NaN,monte patria,robo,centro,8.0,alta,NaN,NaN,NaN
2025-09-02,la serena,hurto,norte,3.0,alta,28,9.0,2025-09
2024-02-19,la serena,NaN,sur,19.0,baja,58,2.0,2024-02
2025-09-18,andacollo,NaN,centro,10.0,baja,60,9.0,2025-09
NaN,salamanca,accidente,centro,14.0,media,26,NaN,NaN
NaN,coquimbo,accidente,NaN,9.0,baja,52,NaN,NaN
NaN,vicuna,fraude,rural,2.0,baja,58,NaN,NaN
2024-05-28,coquimbo,accidente,centro,5.0,alta,47,5.0,2024-05
2024-10-26,la serena,robo,centro,2.0,media,34,10.0,2024-10
2024-08-22,salamanca,NaN,centro,13.0,baja,46,8.0,2024-08
2025-07-01,monte patria,fraude,rural,14.0,alta,36,7.0,2025-07
2024-10-22,salamanca,fraude,centro,2.0,NaN,43,10.0,2024-10
2025-01-05,la serena,hurto,norte,17.0,NaN,33,1.0,2025-01
NaN,la serena,violencia,NaN,1.0,baja,38,NaN,NaN
2024-05-27,la serena,NaN,NaN,4.0,baja,50,5.0,2024-05
2024-01-31,coquimbo,violencia,sur,9.0,NaN,15,1.0,2024-01
2025-12-13,salamanca,violencia,NaN,12.0,alta,40,12.0,2025-12
NaN,la serena,NaN,centro,18.0,NaN,21,NaN,NaN
2025-06-02,monte patria,fraude,norte,3.0,NaN,23,6.0,2025-06
NaN,salamanca,fraude,centro,8.0,baja,NaN,NaN,NaN
2025-05-07,vicuna,fraude,norte,19.0,baja,19,5.0,2025-05
NaN,andacollo,robo,norte,8.0,baja,61,NaN,NaN
NaN,coquimbo,NaN,centro,1.0,baja,44,NaN,NaN
2024-11-12,ovalle,robo,sur,3.0,media,NaN,11.0,2024-11
2024-06-11,salamanca,robo,centro,19.0,alta,17,6.0,2024-06
2024-02-23,salamanca,NaN,sur,3.0,baja,52,2.0,2024-02
NaN,vicuna,robo,centro,14.0,alta,59,NaN,NaN
2025-03-06,ovalle,NaN,centro,14.0,NaN,22,3.0,2025-03
2025-05-19,illapel,hurto,sur,12.0,media,15,5.0,2025-05
2025-06-18,la serena,robo,norte,5.0,media,NaN,6.0,2025-06
2024-09-02,vicuna,hurto,sur,7.0,media,57,9.0,2024-09
NaN,monte patria,violencia,norte,11.0,NaN,NaN,NaN,NaN
2025-05-23,la serena,fraude,norte,1.0,alta,35,5.0,2025-05
2024-10-27,coquimbo,hurto,norte,NaN,baja,21,10.0,2024-10
2024-01-20,la serena,hurto,rural,3.0,baja,68,1.0,2024-01
2024-12-30,la serena,hurto,centro,NaN,media,23,12.0,2024-12
2025-03-01,la serena,fraude,rural,7.0,alta,51,3.0,2025-03
2024-09-22,monte patria,hurto,norte,9.0,baja,66,9.0,2024-09
2025-09-24,monte patria,hurto,norte,3.0,NaN,56,9.0,2025-09
2025-01-13,coquimbo,robo,rural,12.0,alta,59,1.0,2025-01
2024-01-02,la serena,fraude,centro,NaN,media,24,1.0,2024-01
NaN,coquimbo,hurto,sur,9.0,media,24,NaN,NaN
NaN,monte patria,robo,sur,11.0,media,NaN,NaN,NaN
2024-09-29,illapel,violencia,norte,16.0,media,27,9.0,2024-09
2025-03-05,ovalle,robo,rural,8.0,alta,42,3.0,2025-03
2025-09-14,illapel,hurto,centro,2.0,NaN,41,9.0,2025-09
2024-04-25,coquimbo,NaN,centro,14.0,baja,66,4.0,2024-04
2024-03-26,ovalle,violencia,sur,12.0,NaN,69,3.0,2024-03
2025-04-10,la serena,hurto,rural,8.0,media,25,4.0,2025-04
2024-08-19,coquimbo,NaN,sur,3.0,alta,14,8.0,2024-08
2024-10-19,vicuna,NaN,norte,19.0,baja,61,10.0,2024-10
2025-05-20,la serena,NaN,norte,3.0,media,37,5.0,2025-05
2025-08-07,la serena,robo,centro,15.0,baja,47,8.0,2025-08
2025-08-22,andacollo,NaN,rural,8.0,alta,53,8.0,2025-08
NaN,monte patria,robo,norte,18.0,baja,54,NaN,NaN
2024-04-30,la serena,robo,norte,15.0,alta,NaN,4.0,2024-04
2025-08-27,la serena,NaN,norte,7.0,baja,64,8.0,2025-08
2025-10-10,la serena,fraude,NaN,18.0,NaN,14,10.0,2025-10
NaN,vicuna,NaN,rural,4.0,baja,60,NaN,NaN
NaN,coquimbo,robo,norte,9.0,alta,33,NaN,NaN
NaN,coquimbo,accidente,centro,6.0,baja,32,NaN,NaN
2024-05-23,monte patria,robo,norte,12.0,media,53,5.0,2024-05
2024-05-11,la serena,robo,rural,18.0,baja,15,5.0,2024-05
2025-01-29,la serena,NaN,rural,6.0,baja,39,1.0,2025-01
2024-06-11,la serena,accidente,centro,8.0,NaN,16,6.0,2024-06
NaN,monte patria,violencia,centro,2.0,alta,18,NaN,NaN
2025-07-08,la serena,violencia,rural,4.0,alta,57,7.0,2025-07
NaN,la serena,fraude,norte,11.0,media,57,NaN,NaN
2025-11-24,andacollo,robo,centro,6.0,NaN,NaN,11.0,2025-11
2024-04-17,coquimbo,NaN,norte,NaN,alta,67,4.0,2024-04
2025-05-31,coquimbo,violencia,norte,1.0,media,55,5.0,2025-05
NaN,vicuna,NaN,sur,4.0,NaN,31,NaN,NaN
2024-09-18,illapel,robo,rural,3.0,media,48,9.0,2024-09
2024-08-15,monte patria,violencia,centro,4.0,alta,65,8.0,2024-08
2024-12-12,monte patria,fraude,norte,15.0,alta,20,12.0,2024-12
2024-07-24,vicuna,fraude,rural,8.0,alta,21,7.0,2024-07
NaN,andacollo,fraude,centro,3.0,baja,15,NaN,NaN
2024-11-25,la serena,robo,centro,5.0,baja,29,11.0,2024-11
NaN,coquimbo,NaN,centro,11.0,baja,64,NaN,NaN
NaN,vicuna,hurto,norte,15.0,baja,69,NaN,NaN
2025-01-19,ovalle,NaN,NaN,9.0,NaN,69,1.0,2025-01
2025-07-26,la serena,fraude,rural,2.0,baja,NaN,7.0,2025-07
2025-03-12,andacollo,accidente,norte,9.0,alta,59,3.0,2025-03
2024-10-19,coquimbo,robo,rural,2.0,alta,65,10.0,2024-10
NaN,ovalle,NaN,centro,9.0,alta,22,NaN,NaN
2025-07-31,la serena,NaN,NaN,9.0,alta,28,7.0,2025-07
2024-06-12,la serena,robo,NaN,7.0,media,61,6.0,2024-06
2025-07-25,coquimbo,accidente,norte,1.0,alta,41,7.0,2025-07
2024-11-26,la serena,hurto,centro,18.0,alta,37,11.0,2024-11
2025-11-04,ovalle,robo,rural,19.0,alta,35,11.0,2025-11
2025-04-06,monte patria,NaN,norte,9.0,alta,NaN,4.0,2025-04
2025-03-17,salamanca,NaN,centro,9.0,baja,59,3.0,2025-03
NaN,la serena,robo,NaN,18.0,baja,14,NaN,NaN
2024-02-11,andacollo,accidente,sur,-3.0,media,41,2.0,2024-02
2024-01-04,coquimbo,NaN,norte,NaN,alta,53,1.0,2024-01
2025-04-27,illapel,hurto,NaN,18.0,alta,65,4.0,2025-04
2024-04-28,coquimbo,robo,rural,9.0,media,17,4.0,2024-04
2025-10-15,ovalle,hurto,norte,10.0,alta,61,10.0,2025-10
NaN,salamanca,violencia,NaN,14.0,media,54,NaN,NaN
2024-05-24,la serena,robo,centro,4.0,media,32,5.0,2024-05
2025-04-10,monte patria,accidente,centro,16.0,baja,NaN,4.0,2025-04
2025-09-01,vicuna,fraude,NaN,19.0,alta,62,9.0,2025-09
2024-02-13,salamanca,fraude,norte,6.0,media,67,2.0,2024-02
2025-02-06,illapel,hurto,sur,17.0,alta,44,2.0,2025-02
2025-11-20,ovalle,violencia,norte,12.0,baja,19,11.0,2025-11
2025-12-28,monte patria,fraude,centro,8.0,media,NaN,12.0,2025-12
2024-06-24,ovalle,accidente,norte,2.0,NaN,29,6.0,2024-06
2025-09-06,coquimbo,NaN,norte,2.0,media,58,9.0,2025-09
2024-07-17,salamanca,NaN,sur,14.0,baja,19,7.0,2024-07
2025-05-31,la serena,accidente,rural,19.0,alta,37,5.0,2025-05
2025-08-18,ovalle,NaN,norte,12.0,alta,52,8.0,2025-08
2025-05-12,andacollo,hurto,rural,10.0,baja,21,5.0,2025-05
2024-09-04,monte patria,NaN,norte,2.0,baja,68,9.0,2024-09
NaN,coquimbo,robo,NaN,19.0,alta,28,NaN,NaN
2025-11-15,ovalle,robo,NaN,9.0,baja,18,11.0,2025-11
2024-12-06,monte patria,hurto,sur,NaN,alta,59,12.0,2024-12
2024-06-18,la serena,robo,rural,2.0,alta,63,6.0,2024-06
NaN,coquimbo,robo,sur,12.0,NaN,39,NaN,NaN
2025-08-13,vicuna,violencia,sur,9.0,baja,33,8.0,2025-08
2025-09-24,salamanca,fraude,centro,17.0,alta,61,9.0,2025-09
2024-02-06,la serena,fraude,centro,NaN,media,14,2.0,2024-02
2025-01-27,ovalle,accidente,NaN,10.0,baja,32,1.0,2025-01
2025-06-24,la serena,NaN,rural,13.0,NaN,NaN,6.0,2025-06
NaN,andacollo,robo,centro,2.0,alta,NaN,NaN,NaN
2024-11-03,coquimbo,violencia,NaN,7.0,NaN,43,11.0,2024-11
2025-07-15,vicuna,robo,centro,2.0,NaN,57,7.0,2025-07
2024-09-02,ovalle,violencia,norte,11.0,NaN,35,9.0,2024-09
2024-12-17,coquimbo,accidente,norte,5.0,alta,27,12.0,2024-12
2024-09-10,ovalle,robo,centro,NaN,NaN,33,9.0,2024-09
2024-11-08,monte patria,NaN,norte,17.0,baja,25,11.0,2024-11
2025-06-29,coquimbo,robo,sur,1.0,NaN,68,6.0,2025-06
2025-03-16,monte patria,fraude,sur,3.0,alta,34,3.0,2025-03
NaN,salamanca,accidente,norte,15.0,baja,NaN,NaN,NaN
2025-04-15,la serena,hurto,rural,8.0,alta,26,4.0,2025-04
2024-07-12,ovalle,violencia,norte,7.0,baja,18,7.0,2024-07
NaN,vicuna,NaN,rural,NaN,media,33,NaN,NaN
2025-09-20,andacollo,robo,centro,18.0,NaN,23,9.0,2025-09
2024-11-25,coquimbo,hurto,norte,7.0,alta,53,11.0,2024-11
2025-06-22,andacollo,NaN,norte,19.0,baja,62,6.0,2025-06
NaN,vicuna,NaN,sur,11.0,baja,20,NaN,NaN
2024-07-03,ovalle,violencia,centro,15.0,NaN,32,7.0,2024-07
2024-12-03,coquimbo,robo,rural,1.0,baja,44,12.0,2024-12
2025-06-13,coquimbo,violencia,rural,19.0,baja,44,6.0,2025-06
NaN,ovalle,robo,rural,7.0,baja,61,NaN,NaN
2025-08-26,coquimbo,accidente,centro,2.0,alta,25,8.0,2025-08
2024-07-29,monte patria,NaN,norte,14.0,baja,61,7.0,2024-07
2024-02-11,ovalle,violencia,sur,NaN,alta,41,2.0,2024-02
2024-01-25,coquimbo,fraude,rural,5.0,alta,54,1.0,2024-01
NaN,monte patria,fraude,rural,15.0,media,37,NaN,NaN
2024-05-25,vicuna,robo,NaN,7.0,baja,41,5.0,2024-05
2024-02-17,la serena,violencia,norte,2.0,alta,17,2.0,2024-02
NaN,la serena,robo,centro,10.0,alta,57,NaN,NaN
2025-05-23,illapel,NaN,norte,14.0,baja,45,5.0,2025-05
2024-08-29,illapel,accidente,norte,17.0,media,24,8.0,2024-08
2024-12-04,ovalle,violencia,rural,10.0,alta,32,12.0,2024-12
2025-06-13,andacollo,hurto,norte,7.0,alta,14,6.0,2025-06
2024-06-16,la serena,robo,NaN,6.0,alta,48,6.0,2024-06
NaN,coquimbo,violencia,norte,5.0,alta,NaN,NaN,NaN
2025-06-13,la serena,hurto,norte,6.0,NaN,15,6.0,2025-06
2024-05-24,vicuna,hurto,norte,NaN,baja,21,5.0,2024-05
2025-07-10,andacollo,NaN,NaN,4.0,baja,68,7.0,2025-07
2024-04-06,monte patria,fraude,centro,9.0,alta,67,4.0,2024-04
2024-07-04,monte patria,robo,sur,NaN,NaN,29,7.0,2024-07
2025-08-26,illapel,hurto,centro,8.0,baja,67,8.0,2025-08
2024-03-12,coquimbo,robo,centro,11.0,alta,26,3.0,2024-03
2024-08-25,salamanca,robo,centro,18.0,alta,48,8.0,2024-08
2024-10-02,la serena,robo,centro,11.0,baja,38,10.0,2024-10
NaN,la serena,violencia,centro,17.0,alta,44,NaN,NaN
2025-07-09,la serena,NaN,centro,7.0,NaN,48,7.0,2025-07
2025-05-24,illapel,NaN,rural,18.0,alta,41,5.0,2025-05
2024-08-23,coquimbo,accidente,NaN,10.0,media,25,8.0,2024-08
2024-05-18,coquimbo,accidente,norte,13.0,NaN,45,5.0,2024-05
2024-12-12,vicuna,accidente,norte,5.0,NaN,69,12.0,2024-12
2024-01-01,coquimbo,accidente,rural,6.0,alta,19,1.0,2024-01
NaN,coquimbo,hurto,norte,17.0,media,64,NaN,NaN
2025-01-25,coquimbo,fraude,centro,2.0,media,32,1.0,2025-01
2024-05-05,illapel,accidente,centro,13.0,baja,29,5.0,2024-05
2025-05-30,ovalle,NaN,norte,9.0,alta,28,5.0,2025-05
2025-06-30,la serena,hurto,norte,4.0,alta,63,6.0,2025-06
NaN,andacollo,NaN,norte,15.0,alta,30,NaN,NaN
2025-02-20,andacollo,NaN,norte,8.0,alta,24,2.0,2025-02
2025-03-21,la serena,violencia,norte,17.0,baja,37,3.0,2025-03
2024-08-20,ovalle,accidente,centro,15.0,NaN,43,8.0,2024-08
2024-03-12,coquimbo,violencia,rural,19.0,alta,26,3.0,2024-03
2024-05-13,la serena,robo,norte,6.0,NaN,50,5.0,2024-05
NaN,la serena,NaN,norte,1.0,alta,18,NaN,NaN
2025-12-18,la serena,fraude,NaN,18.0,baja,69,12.0,2025-12
NaN,vicuna,NaN,sur,2.0,baja,31,NaN,NaN
2024-05-07,la serena,hurto,NaN,NaN,media,53,5.0,2024-05
2024-05-31,salamanca,violencia,norte,4.0,alta,25,5.0,2024-05
NaN,illapel,violencia,centro,12.0,alta,57,NaN,NaN
2024-07-06,monte patria,fraude,norte,10.0,baja,NaN,7.0,2024-07
2024-01-03,ovalle,fraude,rural,-3.0,baja,21,1.0,2024-01
2025-06-21,illapel,fraude,sur,11.0,alta,55,6.0,2025-06
2025-05-22,monte patria,NaN,NaN,10.0,baja,60,5.0,2025-05
2024-05-06,salamanca,violencia,rural,3.0,alta,56,5.0,2024-05
2025-06-27,ovalle,accidente,NaN,14.0,NaN,39,6.0,2025-06
NaN,illapel,robo,centro,14.0,NaN,16,NaN,NaN
2025-03-16,ovalle,hurto,NaN,13.0,alta,66,3.0,2025-03
2025-07-14,la serena,violencia,norte,16.0,alta,30,7.0,2025-07
NaN,la serena,violencia,norte,3.0,alta,54,NaN,NaN
2025-05-08,vicuna,hurto,sur,14.0,NaN,51,5.0,2025-05
2024-07-17,monte patria,robo,centro,15.0,baja,20,7.0,2024-07
2025-02-27,salamanca,robo,norte,10.0,media,51,2.0,2025-02
2025-12-06,salamanca,robo,norte,9.0,alta,46,12.0,2025-12
2024-11-01,coquimbo,violencia,norte,1.0,NaN,56,11.0,2024-11
NaN,coquimbo,robo,norte,6.0,alta,52,NaN,NaN
2024-04-08,salamanca,accidente,centro,6.0,alta,24,4.0,2024-04
2025-01-15,vicuna,NaN,centro,1.0,alta,33,1.0,2025-01
NaN,monte patria,hurto,centro,9.0,alta,22,NaN,NaN
2025-10-24,illapel,robo,norte,17.0,alta,36,10.0,2025-10
2025-11-24,vicuna,hurto,centro,6.0,alta,33,11.0,2025-11
2024-12-05,monte patria,NaN,NaN,18.0,NaN,68,12.0,2024-12
2024-12-22,la serena,robo,norte,12.0,media,42,12.0,2024-12
2024-10-14,la serena,robo,NaN,10.0,media,35,10.0,2024-10
NaN,andacollo,hurto,norte,11.0,NaN,41,NaN,NaN
2024-09-19,monte patria,violencia,rural,7.0,alta,49,9.0,2024-09
2024-08-28,ovalle,hurto,centro,16.0,alta,61,8.0,2024-08
2024-05-23,ovalle,robo,rural,5.0,NaN,27,5.0,2024-05
2024-11-03,salamanca,robo,sur,8.0,media,52,11.0,2024-11
NaN,monte patria,accidente,centro,18.0,alta,19,NaN,NaN
2025-01-04,la serena,NaN,rural,NaN,baja,15,1.0,2025-01
NaN,salamanca,accidente,NaN,15.0,alta,63,NaN,NaN
2025-11-05,salamanca,robo,NaN,13.0,alta,36,11.0,2025-11
2024-05-31,coquimbo,NaN,centro,6.0,baja,21,5.0,2024-05
2025-10-23,la serena,fraude,norte,5.0,alta,24,10.0,2025-10
2024-06-05,coquimbo,robo,norte,4.0,baja,41,6.0,2024-06
2024-11-16,vicuna,accidente,norte,6.0,alta,31,11.0,2024-11
2024-09-17,la serena,accidente,rural,5.0,media,NaN,9.0,2024-09
NaN,illapel,robo,NaN,8.0,baja,NaN,NaN,NaN
2024-09-26,illapel,NaN,norte,9.0,alta,65,9.0,2024-09
2024-10-08,andacollo,robo,sur,9.0,alta,NaN,10.0,2024-10
2024-07-13,ovalle,fraude,rural,NaN,NaN,15,7.0,2024-07
2024-08-09,monte patria,robo,centro,9.0,NaN,57,8.0,2024-08
2024-03-14,monte patria,violencia,NaN,17.0,NaN,66,3.0,2024-03
2025-04-16,ovalle,violencia,rural,8.0,alta,34,4.0,2025-04
2024-12-26,andacollo,NaN,norte,14.0,NaN,57,12.0,2024-12
2025-11-03,illapel,NaN,norte,16.0,media,63,11.0,2025-11
2025-02-11,coquimbo,accidente,NaN,16.0,NaN,62,2.0,2025-02
2024-11-24,monte patria,robo,centro,1.0,NaN,67,11.0,2024-11
2025-09-24,coquimbo,fraude,centro,10.0,baja,60,9.0,2025-09
2025-07-22,illapel,fraude,norte,15.0,media,50,7.0,2025-07
2024-03-20,coquimbo,NaN,rural,NaN,alta,57,3.0,2024-03
NaN,vicuna,NaN,norte,13.0,alta,58,NaN,NaN
2025-11-25,vicuna,robo,sur,4.0,media,62,11.0,2025-11
2024-08-10,ovalle,accidente,rural,3.0,alta,51,8.0,2024-08
2025-11-03,monte patria,robo,NaN,1.0,alta,NaN,11.0,2025-11
2024-08-09,la serena,hurto,rural,4.0,NaN,23,8.0,2024-08
2024-09-16,ovalle,hurto,norte,14.0,baja,38,9.0,2024-09
2024-12-25,coquimbo,accidente,centro,3.0,baja,NaN,12.0,2024-12
2025-05-19,salamanca,NaN,norte,6.0,alta,17,5.0,2025-05
2025-02-08,monte patria,accidente,NaN,16.0,alta,16,2.0,2025-02
2024-01-11,coquimbo,fraude,rural,4.0,alta,27,1.0,2024-01
2025-07-05,la serena,accidente,norte,1.0,baja,40,7.0,2025-07
2025-03-24,coquimbo,NaN,NaN,3.0,NaN,17,3.0,2025-03
2025-06-27,la serena,hurto,norte,9.0,baja,53,6.0,2025-06
2025-03-12,coquimbo,fraude,rural,3.0,baja,NaN,3.0,2025-03
2025-08-20,monte patria,robo,centro,NaN,baja,NaN,8.0,2025-08
2024-05-05,monte patria,robo,centro,13.0,baja,42,5.0,2024-05
2024-07-18,ovalle,hurto,sur,9.0,baja,69,7.0,2024-07
2025-11-23,salamanca,hurto,rural,2.0,alta,51,11.0,2025-11
2025-12-23,andacollo,NaN,norte,13.0,alta,40,12.0,2025-12
2024-06-16,ovalle,hurto,sur,4.0,alta,42,6.0,2024-06
NaN,ovalle,NaN,norte,11.0,baja,42,NaN,NaN
NaN,illapel,fraude,norte,1.0,media,24,NaN,NaN
NaN,ovalle,violencia,norte,6.0,media,45,NaN,NaN
2024-03-01,andacollo,accidente,rural,16.0,NaN,34,3.0,2024-03
2024-02-02,andacollo,NaN,rural,14.0,alta,28,2.0,2024-02
2025-07-07,illapel,robo,centro,11.0,baja,63,7.0,2025-07
2024-05-15,vicuna,hurto,centro,11.0,alta,66,5.0,2024-05
2025-07-03,vicuna,violencia,rural,16.0,NaN,60,7.0,2025-07
2025-02-18,ovalle,robo,centro,1.0,alta,54,2.0,2025-02
2025-07-16,illapel,accidente,NaN,17.0,media,31,7.0,2025-07
2025-12-27,andacollo,NaN,norte,17.0,alta,53,12.0,2025-12
NaN,coquimbo,accidente,sur,14.0,alta,58,NaN,NaN
2025-02-14,coquimbo,NaN,NaN,12.0,media,NaN,2.0,2025-02
2025-08-28,la serena,violencia,centro,14.0,NaN,55,8.0,2025-08
NaN,salamanca,robo,sur,6.0,baja,34,NaN,NaN
NaN,illapel,fraude,norte,12.0,media,46,NaN,NaN
NaN,coquimbo,robo,norte,12.0,baja,25,NaN,NaN
2025-06-05,la serena,accidente,centro,1.0,baja,130,6.0,2025-06
2025-01-28,salamanca,robo,sur,15.0,alta,23,1.0,2025-01
2024-12-05,monte patria,NaN,norte,NaN,baja,55,12.0,2024-12
2025-12-01,monte patria,NaN,centro,15.0,alta,53,12.0,2025-12
2025-01-14,vicuna,NaN,sur,8.0,media,21,1.0,2025-01
2025-04-11,vicuna,NaN,norte,18.0,NaN,NaN,4.0,2025-04
NaN,andacollo,violencia,centro,NaN,baja,58,NaN,NaN
2025-11-09,coquimbo,violencia,sur,4.0,alta,58,11.0,2025-11
2025-03-07,monte patria,accidente,centro,5.0,media,NaN,3.0,2025-03
2025-11-01,illapel,robo,sur,15.0,baja,62,11.0,2025-11
2025-02-08,coquimbo,robo,NaN,15.0,NaN,54,2.0,2025-02
NaN,vicuna,accidente,sur,NaN,alta,5,NaN,NaN
NaN,coquimbo,fraude,norte,15.0,media,58,NaN,NaN
2024-07-17,coquimbo,robo,sur,16.0,alta,NaN,7.0,2024-07
2025-07-01,vicuna,robo,norte,19.0,baja,56,7.0,2025-07
2024-08-26,salamanca,robo,rural,1.0,NaN,68,8.0,2024-08
2025-11-12,la serena,robo,norte,7.0,NaN,40,11.0,2025-11
2024-02-17,monte patria,robo,centro,11.0,alta,51,2.0,2024-02
2024-10-05,salamanca,robo,norte,13.0,media,18,10.0,2024-10
2025-05-30,coquimbo,robo,NaN,19.0,NaN,14,5.0,2025-05
NaN,illapel,violencia,NaN,8.0,media,21,NaN,NaN
2025-06-20,monte patria,robo,centro,18.0,media,NaN,6.0,2025-06
NaN,monte patria,robo,norte,11.0,alta,55,NaN,NaN
2024-08-14,la serena,NaN,centro,8.0,alta,37,8.0,2024-08
2024-05-21,coquimbo,fraude,centro,12.0,media,26,5.0,2024-05
2025-05-29,andacollo,accidente,rural,19.0,media,48,5.0,2025-05
2024-01-24,ovalle,violencia,sur,2.0,alta,62,1.0,2024-01
2025-08-22,monte patria,robo,rural,13.0,NaN,35,8.0,2025-08
2025-05-13,la serena,hurto,NaN,6.0,alta,47,5.0,2025-05
2024-02-29,ovalle,hurto,centro,7.0,NaN,17,2.0,2024-02
2025-03-03,vicuna,robo,sur,2.0,alta,45,3.0,2025-03
2024-12-19,monte patria,hurto,NaN,NaN,alta,48,12.0,2024-12
NaN,monte patria,NaN,rural,-3.0,baja,58,NaN,NaN
NaN,andacollo,hurto,rural,17.0,alta,58,NaN,NaN
2024-12-13,illapel,robo,sur,3.0,media,25,12.0,2024-12
NaN,vicuna,robo,NaN,3.0,NaN,5,NaN,NaN
2025-06-29,la serena,robo,sur,2.0,alta,32,6.0,2025-06
NaN,vicuna,accidente,norte,NaN,alta,39,NaN,NaN
2025-01-16,la serena,robo,norte,19.0,media,52,1.0,2025-01
2025-02-21,monte patria,robo,centro,17.0,alta,46,2.0,2025-02
2024-10-29,coquimbo,fraude,centro,13.0,media,57,10.0,2024-10
2024-10-22,la serena,NaN,norte,1.0,alta,31,10.0,2024-10
NaN,la serena,hurto,norte,NaN,baja,45,NaN,NaN
2024-09-14,coquimbo,fraude,centro,19.0,NaN,16,9.0,2024-09
2024-06-13,la serena,robo,centro,14.0,alta,22,6.0,2024-06
NaN,salamanca,robo,norte,7.0,NaN,66,NaN,NaN
2025-03-01,la serena,robo,sur,1.0,baja,30,3.0,2025-03
2025-08-22,monte patria,NaN,rural,11.0,NaN,66,8.0,2025-08
NaN,la serena,robo,norte,NaN,media,55,NaN,NaN
NaN,monte patria,accidente,NaN,19.0,NaN,17,NaN,NaN
NaN,la serena,hurto,rural,1.0,NaN,31,NaN,NaN
2024-06-29,ovalle,NaN,norte,8.0,alta,59,6.0,2024-06
2024-10-23,monte patria,NaN,centro,2.0,alta,14,10.0,2024-10
2024-11-03,andacollo,hurto,sur,13.0,alta,61,11.0,2024-11
2025-07-27,la serena,fraude,rural,1.0,baja,NaN,7.0,2025-07
NaN,la serena,robo,sur,5.0,NaN,67,NaN,NaN
NaN,la serena,fraude,norte,15.0,NaN,36,NaN,NaN
NaN,monte patria,fraude,sur,2.0,media,63,NaN,NaN
2025-10-20,vicuna,fraude,centro,6.0,media,63,10.0,2025-10
2025-03-29,coquimbo,robo,norte,4.0,alta,23,3.0,2025-03
2024-11-19,monte patria,violencia,centro,19.0,baja,16,11.0,2024-11
NaN,la serena,NaN,norte,1.0,alta,59,NaN,NaN
2024-06-26,coquimbo,hurto,centro,16.0,alta,27,6.0,2024-06
2024-02-02,vicuna,accidente,norte,1.0,NaN,49,2.0,2024-02
2024-05-24,la serena,accidente,NaN,2.0,alta,60,5.0,2024-05
2024-04-26,la serena,violencia,norte,2.0,media,64,4.0,2024-04
2024-12-28,andacollo,accidente,sur,17.0,baja,17,12.0,2024-12
2025-08-17,monte patria,NaN,sur,11.0,media,32,8.0,2025-08
2025-10-18,la serena,hurto,centro,NaN,baja,NaN,10.0,2025-10
2024-10-18,la serena,hurto,centro,7.0,alta,65,10.0,2024-10
NaN,la serena,fraude,norte,NaN,media,33,NaN,NaN
2025-08-02,vicuna,robo,rural,16.0,baja,42,8.0,2025-08
2024-08-25,illapel,accidente,rural,11.0,alta,38,8.0,2024-08
2024-04-13,ovalle,robo,centro,13.0,NaN,68,4.0,2024-04
2025-08-23,vicuna,hurto,centro,11.0,baja,65,8.0,2025-08
2025-09-26,ovalle,fraude,centro,8.0,NaN,52,9.0,2025-09
2025-02-10,la serena,robo,rural,NaN,alta,69,2.0,2025-02
NaN,monte patria,NaN,sur,1.0,NaN,62,NaN,NaN
2025-04-04,la serena,robo,centro,4.0,alta,28,4.0,2025-04
2024-01-30,illapel,fraude,NaN,7.0,NaN,40,1.0,2024-01
2025-02-09,vicuna,accidente,norte,15.0,alta,63,2.0,2025-02
2024-04-07,andacollo,hurto,centro,9.0,baja,47,4.0,2024-04
2025-01-15,ovalle,robo,NaN,15.0,NaN,NaN,1.0,2025-01
2025-12-12,andacollo,robo,centro,17.0,NaN,48,12.0,2025-12
2025-10-20,monte patria,robo,rural,1.0,media,NaN,10.0,2025-10
2024-10-13,ovalle,NaN,rural,1.0,baja,24,10.0,2024-10
NaN,la serena,NaN,NaN,NaN,media,130,NaN,NaN
NaN,la serena,robo,sur,10.0,media,66,NaN,NaN
2024-04-27,coquimbo,robo,centro,1.0,NaN,63,4.0,2024-04
NaN,vicuna,violencia,norte,6.0,NaN,19,NaN,NaN
2025-02-13,salamanca,violencia,NaN,18.0,NaN,16,2.0,2025-02
2024-10-15,monte patria,violencia,centro,NaN,NaN,51,10.0,2024-10
NaN,illapel,NaN,NaN,1.0,NaN,60,NaN,NaN
2024-08-05,illapel,accidente,norte,4.0,alta,41,8.0,2024-08
2024-01-19,la serena,violencia,centro,2.0,baja,63,1.0,2024-01
2025-05-29,coquimbo,violencia,norte,15.0,media,NaN,5.0,2025-05
2025-10-09,la serena,NaN,norte,11.0,NaN,43,10.0,2025-10
NaN,andacollo,accidente,norte,6.0,alta,24,NaN,NaN
2025-03-16,la serena,robo,centro,17.0,alta,20,3.0,2025-03
2025-05-17,la serena,NaN,centro,14.0,media,69,5.0,2025-05
2024-02-06,vicuna,accidente,NaN,11.0,alta,50,2.0,2024-02
2025-01-13,vicuna,hurto,rural,12.0,baja,17,1.0,2025-01
2025-02-02,vicuna,accidente,norte,NaN,baja,16,2.0,2025-02
2024-07-27,ovalle,robo,NaN,15.0,alta,69,7.0,2024-07
2025-12-10,illapel,robo,centro,8.0,media,15,12.0,2025-12
2025-09-17,andacollo,hurto,norte,17.0,NaN,35,9.0,2025-09
NaN,illapel,robo,NaN,12.0,baja,69,NaN,NaN
2024-04-15,andacollo,fraude,centro,18.0,media,64,4.0,2024-04
2024-12-28,vicuna,hurto,norte,5.0,alta,57,12.0,2024-12
2024-02-20,coquimbo,hurto,norte,6.0,baja,61,2.0,2024-02
NaN,monte patria,fraude,norte,18.0,baja,38,NaN,NaN
2025-02-28,monte patria,fraude,rural,7.0,media,43,2.0,2025-02
2024-09-12,coquimbo,fraude,norte,4.0,NaN,NaN,9.0,2024-09
2025-05-29,la serena,fraude,norte,7.0,baja,48,5.0,2025-05
2025-04-03,vicuna,robo,norte,9.0,baja,33,4.0,2025-04
2024-07-29,vicuna,NaN,NaN,NaN,alta,63,7.0,2024-07
2024-08-13,illapel,fraude,centro,12.0,media,65,8.0,2024-08
2025-07-11,coquimbo,hurto,sur,1.0,alta,37,7.0,2025-07
2025-01-14,la serena,accidente,centro,NaN,alta,17,1.0,2025-01
NaN,andacollo,hurto,NaN,500.0,media,42,NaN,NaN
2024-01-28,coquimbo,robo,norte,18.0,alta,43,1.0,2024-01
NaN,monte patria,violencia,norte,17.0,baja,36,NaN,NaN
2024-05-26,monte patria,robo,norte,10.0,NaN,30,5.0,2024-05
2025-06-13,andacollo,NaN,centro,0.0,media,26,6.0,2025-06
2024-08-12,la serena,fraude,NaN,11.0,media,48,8.0,2024-08
2024-04-01,coquimbo,robo,rural,1.0,alta,56,4.0,2024-04
2024-06-22,vicuna,accidente,centro,18.0,media,68,6.0,2024-06
2025-10-19,salamanca,NaN,centro,1.0,alta,66,10.0,2025-10
2025-06-13,monte patria,accidente,NaN,14.0,media,46,6.0,2025-06
2024-01-01,la serena,violencia,norte,15.0,NaN,20,1.0,2024-01
2025-02-25,monte patria,robo,centro,13.0,NaN,NaN,2.0,2025-02
2024-10-31,coquimbo,violencia,sur,NaN,baja,29,10.0,2024-10
NaN,la serena,NaN,centro,15.0,NaN,18,NaN,NaN
2025-08-26,illapel,robo,norte,9.0,baja,NaN,8.0,2025-08
2025-02-19,coquimbo,NaN,centro,17.0,alta,NaN,2.0,2025-02
2025-01-14,vicuna,robo,NaN,12.0,alta,65,1.0,2025-01
2024-10-18,ovalle,fraude,rural,14.0,media,65,10.0,2024-10
2024-05-04,la serena,robo,centro,2.0,alta,65,5.0,2024-05
2025-09-04,andacollo,NaN,norte,1.0,alta,49,9.0,2025-09
2024-06-09,monte patria,violencia,norte,9.0,media,14,6.0,2024-06
NaN,monte patria,NaN,centro,8.0,alta,37,NaN,NaN
NaN,vicuna,violencia,centro,NaN,baja,24,NaN,NaN
2024-06-21,ovalle,robo,centro,13.0,alta,18,6.0,2024-06
2024-01-14,illapel,robo,NaN,6.0,baja,63,1.0,2024-01
2025-04-03,monte patria,robo,NaN,18.0,NaN,52,4.0,2025-04
2025-10-06,la serena,robo,centro,10.0,alta,22,10.0,2025-10
2024-08-08,monte patria,robo,norte,19.0,baja,56,8.0,2024-08
NaN,coquimbo,robo,rural,4.0,baja,32,NaN,NaN
2025-05-25,salamanca,robo,centro,NaN,NaN,66,5.0,2025-05
2024-10-12,la serena,NaN,rural,5.0,alta,66,10.0,2024-10
2024-11-04,andacollo,hurto,norte,18.0,NaN,26,11.0,2024-11
2025-05-02,ovalle,NaN,norte,1.0,NaN,49,5.0,2025-05
2025-11-25,la serena,robo,norte,NaN,media,58,11.0,2025-11
NaN,ovalle,fraude,sur,18.0,alta,35,NaN,NaN
2024-07-02,la serena,robo,centro,19.0,media,NaN,7.0,2024-07
2024-08-12,vicuna,violencia,norte,18.0,media,22,8.0,2024-08
2024-06-03,ovalle,robo,sur,11.0,baja,49,6.0,2024-06
2025-02-11,ovalle,NaN,NaN,NaN,NaN,57,2.0,2025-02
2025-06-04,illapel,accidente,rural,6.0,baja,41,6.0,2025-06
NaN,la serena,NaN,norte,8.0,alta,64,NaN,NaN
2025-07-26,la serena,robo,rural,4.0,alta,61,7.0,2025-07
2025-02-22,coquimbo,accidente,centro,10.0,alta,17,2.0,2025-02
2024-01-25,la serena,NaN,norte,17.0,baja,51,1.0,2024-01
2025-02-01,la serena,violencia,NaN,13.0,baja,30,2.0,2025-02
2024-11-05,ovalle,NaN,centro,2.0,media,24,11.0,2024-11
2025-05-29,la serena,violencia,norte,14.0,NaN,NaN,5.0,2025-05
NaN,la serena,hurto,rural,5.0,baja,NaN,NaN,NaN
NaN,illapel,violencia,centro,15.0,alta,45,NaN,NaN
2025-01-17,la serena,fraude,norte,16.0,baja,45,1.0,2025-01
2024-11-15,ovalle,NaN,NaN,9.0,alta,34,11.0,2024-11
2025-12-08,vicuna,robo,sur,16.0,alta,69,12.0,2025-12
2024-01-08,monte patria,accidente,centro,16.0,media,63,1.0,2024-01
2025-07-31,la serena,hurto,NaN,4.0,NaN,62,7.0,2025-07
2024-05-25,salamanca,fraude,norte,5.0,alta,47,5.0,2024-05
2025-10-16,coquimbo,robo,sur,16.0,NaN,NaN,10.0,2025-10
2025-12-31,monte patria,violencia,norte,19.0,NaN,33,12.0,2025-12
2024-01-07,coquimbo,hurto,centro,14.0,alta,14,1.0,2024-01
2025-08-02,la serena,fraude,sur,11.0,media,36,8.0,2025-08
2025-10-25,salamanca,NaN,rural,4.0,baja,26,10.0,2025-10
2025-04-17,vicuna,NaN,rural,13.0,NaN,18,4.0,2025-04
2024-08-26,monte patria,hurto,norte,9.0,NaN,NaN,8.0,2024-08
NaN,la serena,robo,centro,4.0,media,41,NaN,NaN
2024-11-25,la serena,fraude,centro,4.0,baja,39,11.0,2024-11
2024-06-30,ovalle,accidente,NaN,5.0,alta,15,6.0,2024-06
2024-07-05,ovalle,fraude,centro,15.0,alta,38,7.0,2024-07
2024-02-29,salamanca,fraude,sur,12.0,NaN,NaN,2.0,2024-02
2024-07-17,la serena,robo,centro,5.0,alta,66,7.0,2024-07
2024-06-22,coquimbo,accidente,sur,10.0,baja,38,6.0,2024-06
NaN,monte patria,robo,sur,6.0,NaN,56,NaN,NaN
2025-07-21,salamanca,fraude,norte,12.0,media,NaN,7.0,2025-07
2025-11-16,monte patria,robo,centro,17.0,media,16,11.0,2025-11
2024-05-12,coquimbo,hurto,rural,4.0,media,52,5.0,2024-05
NaN,andacollo,robo,sur,5.0,NaN,14,NaN,NaN
2024-02-14,coquimbo,robo,NaN,16.0,media,34,2.0,2024-02
2024-06-24,la serena,robo,sur,1.0,NaN,18,6.0,2024-06
2025-03-20,coquimbo,robo,rural,9.0,baja,28,3.0,2025-03
NaN,coquimbo,accidente,sur,3.0,alta,NaN,NaN,NaN
2025-12-24,la serena,hurto,norte,15.0,baja,28,12.0,2025-12
2024-03-30,la serena,fraude,NaN,18.0,NaN,NaN,3.0,2024-03
2024-07-13,illapel,robo,centro,19.0,alta,49,7.0,2024-07
NaN,ovalle,accidente,centro,5.0,baja,NaN,NaN,NaN
2025-12-19,la serena,robo,norte,14.0,NaN,60,12.0,2025-12
2025-11-27,monte patria,violencia,norte,2.0,NaN,NaN,11.0,2025-11
2024-11-11,vicuna,violencia,centro,16.0,baja,35,11.0,2024-11
2025-01-31,la serena,robo,norte,9.0,media,15,1.0,2025-01
2025-09-12,la serena,robo,NaN,13.0,alta,17,9.0,2025-09
NaN,coquimbo,violencia,centro,18.0,alta,18,NaN,NaN
2024-10-16,illapel,robo,norte,13.0,baja,25,10.0,2024-10
2024-08-28,andacollo,accidente,centro,18.0,NaN,25,8.0,2024-08
2024-03-25,coquimbo,accidente,rural,8.0,media,58,3.0,2024-03
2024-10-06,monte patria,accidente,NaN,14.0,baja,63,10.0,2024-10
2025-11-05,la serena,robo,centro,2.0,alta,45,11.0,2025-11
2025-01-18,la serena,robo,rural,15.0,baja,59,1.0,2025-01
NaN,salamanca,robo,norte,3.0,NaN,39,NaN,NaN
2024-12-10,ovalle,violencia,sur,10.0,alta,NaN,12.0,2024-12
2024-12-28,andacollo,violencia,rural,16.0,baja,63,12.0,2024-12
2025-01-16,ovalle,robo,norte,10.0,NaN,NaN,1.0,2025-01
2025-03-13,la serena,robo,NaN,NaN,alta,37,3.0,2025-03
2024-02-10,vicuna,robo,rural,7.0,baja,46,2.0,2024-02
2024-07-13,la serena,NaN,NaN,4.0,media,NaN,7.0,2024-07
2025-08-05,salamanca,NaN,rural,9.0,NaN,38,8.0,2025-08
2025-07-26,la serena,hurto,rural,13.0,baja,23,7.0,2025-07
2025-06-15,ovalle,robo,centro,10.0,alta,25,6.0,2025-06
2025-12-06,illapel,NaN,norte,10.0,baja,NaN,12.0,2025-12
2024-05-01,la serena,fraude,norte,18.0,baja,38,5.0,2024-05
2024-03-19,la serena,robo,NaN,1.0,baja,24,3.0,2024-03
NaN,coquimbo,fraude,norte,NaN,alta,63,NaN,NaN
2025-06-19,la serena,hurto,centro,1.0,media,15,6.0,2025-06
2025-01-17,ovalle,robo,norte,NaN,alta,40,1.0,2025-01
2024-03-07,la serena,accidente,rural,NaN,baja,17,3.0,2024-03
2024-12-21,la serena,violencia,norte,1.0,baja,42,12.0,2024-12
2024-01-04,monte patria,violencia,norte,8.0,alta,59,1.0,2024-01
2024-06-22,la serena,NaN,norte,19.0,NaN,45,6.0,2024-06
2025-06-27,andacollo,hurto,sur,16.0,alta,46,6.0,2025-06
NaN,ovalle,NaN,norte,16.0,media,38,NaN,NaN
2025-08-07,ovalle,NaN,rural,NaN,baja,39,8.0,2025-08
2024-01-17,la serena,fraude,centro,5.0,baja,39,1.0,2024-01
2025-03-26,andacollo,robo,NaN,18.0,baja,33,3.0,2025-03
2024-04-02,illapel,robo,norte,6.0,alta,60,4.0,2024-04
NaN,monte patria,robo,norte,4.0,alta,22,NaN,NaN
2024-12-05,la serena,robo,norte,4.0,baja,21,12.0,2024-12
2024-05-27,la serena,NaN,centro,18.0,alta,48,5.0,2024-05
2025-01-05,coquimbo,fraude,rural,3.0,baja,28,1.0,2025-01
NaN,coquimbo,NaN,NaN,18.0,alta,35,NaN,NaN
NaN,la serena,hurto,norte,4.0,baja,41,NaN,NaN
2024-10-21,la serena,violencia,NaN,1.0,NaN,27,10.0,2024-10
2024-09-07,monte patria,robo,sur,NaN,alta,22,9.0,2024-09
NaN,salamanca,robo,norte,2.0,media,60,NaN,NaN
2025-07-15,ovalle,accidente,centro,19.0,media,66,7.0,2025-07
2024-09-10,vicuna,fraude,rural,NaN,baja,59,9.0,2024-09
2025-03-25,vicuna,hurto,norte,11.0,baja,54,3.0,2025-03
2025-09-29,la serena,robo,NaN,7.0,alta,48,9.0,2025-09
2025-03-24,coquimbo,hurto,rural,13.0,baja,30,3.0,2025-03
2024-11-08,salamanca,NaN,rural,18.0,NaN,51,11.0,2024-11
2025-06-19,monte patria,robo,norte,NaN,baja,38,6.0,2025-06
2025-07-13,monte patria,hurto,rural,19.0,media,38,7.0,2025-07
2025-04-25,coquimbo,robo,centro,7.0,NaN,21,4.0,2025-04
2025-01-20,ovalle,robo,NaN,3.0,baja,63,1.0,2025-01
2024-02-04,monte patria,hurto,norte,6.0,alta,NaN,2.0,2024-02
2025-12-29,ovalle,NaN,sur,5.0,baja,42,12.0,2025-12
2025-07-03,la serena,fraude,NaN,16.0,media,53,7.0,2025-07
2025-10-16,ovalle,violencia,sur,17.0,baja,37,10.0,2025-10
2024-08-24,andacollo,fraude,centro,18.0,alta,17,8.0,2024-08
2025-05-06,coquimbo,NaN,norte,9.0,baja,44,5.0,2025-05
NaN,andacollo,NaN,NaN,3.0,media,44,NaN,NaN
2025-02-16,salamanca,NaN,NaN,4.0,NaN,50,2.0,2025-02
NaN,salamanca,violencia,norte,15.0,alta,46,NaN,NaN
NaN,coquimbo,robo,centro,3.0,NaN,63,NaN,NaN
2025-12-04,monte patria,hurto,sur,13.0,NaN,62,12.0,2025-12
2024-05-10,coquimbo,accidente,NaN,13.0,NaN,33,5.0,2024-05
NaN,monte patria,accidente,rural,17.0,NaN,22,NaN,NaN
NaN,coquimbo,hurto,NaN,11.0,alta,23,NaN,NaN
2025-09-08,la serena,robo,norte,6.0,alta,43,9.0,2025-09
2025-03-16,coquimbo,robo,rural,1.0,baja,40,3.0,2025-03
NaN,coquimbo,violencia,norte,17.0,alta,67,NaN,NaN
2025-09-01,ovalle,violencia,centro,6.0,baja,64,9.0,2025-09
2024-05-20,la serena,accidente,norte,15.0,media,26,5.0,2024-05
2025-07-26,ovalle,violencia,norte,NaN,alta,17,7.0,2025-07
2025-07-18,la serena,hurto,norte,1.0,baja,65,7.0,2025-07
2025-12-07,illapel,violencia,norte,6.0,baja,42,12.0,2025-12
2024-04-23,coquimbo,robo,norte,9.0,baja,18,4.0,2024-04
2025-07-29,ovalle,accidente,norte,15.0,alta,25,7.0,2025-07
NaN,vicuna,violencia,norte,8.0,baja,59,NaN,NaN
2024-12-05,salamanca,hurto,norte,10.0,baja,42,12.0,2024-12
NaN,andacollo,NaN,norte,NaN,alta,55,NaN,NaN
2025-01-21,vicuna,hurto,NaN,10.0,alta,52,1.0,2025-01
NaN,monte patria,accidente,sur,17.0,alta,NaN,NaN,NaN
2025-07-12,la serena,fraude,NaN,13.0,baja,55,7.0,2025-07
2024-08-13,andacollo,NaN,NaN,6.0,media,64,8.0,2024-08
2024-06-01,salamanca,accidente,centro,NaN,alta,19,6.0,2024-06
2025-09-20,ovalle,robo,rural,14.0,NaN,51,9.0,2025-09
NaN,salamanca,violencia,norte,2.0,media,59,NaN,NaN
2024-07-24,monte patria,violencia,norte,10.0,media,66,7.0,2024-07
2025-12-20,ovalle,violencia,norte,2.0,alta,36,12.0,2025-12
2024-12-04,vicuna,fraude,sur,NaN,baja,49,12.0,2024-12
2025-10-07,illapel,hurto,NaN,16.0,baja,51,10.0,2025-10
2025-02-10,illapel,NaN,NaN,6.0,NaN,22,2.0,2025-02
2025-10-19,coquimbo,hurto,sur,500.0,alta,54,10.0,2025-10
2025-09-19,andacollo,fraude,sur,NaN,media,17,9.0,2025-09
2024-04-12,la serena,NaN,rural,NaN,media,59,4.0,2024-04
2025-05-09,salamanca,robo,norte,8.0,alta,5,5.0,2025-05
NaN,la serena,hurto,centro,7.0,alta,14,NaN,NaN
2025-04-07,la serena,violencia,rural,NaN,baja,37,4.0,2025-04
2024-01-02,salamanca,accidente,NaN,4.0,baja,34,1.0,2024-01
2025-09-01,monte patria,robo,centro,7.0,alta,NaN,9.0,2025-09
2024-09-04,monte patria,accidente,centro,19.0,baja,61,9.0,2024-09
NaN,ovalle,fraude,centro,14.0,alta,NaN,NaN,NaN
NaN,illapel,accidente,rural,17.0,baja,NaN,NaN,NaN
2024-03-09,monte patria,robo,NaN,3.0,NaN,NaN,3.0,2024-03
NaN,coquimbo,NaN,norte,11.0,media,18,NaN,NaN
2024-12-04,andacollo,NaN,sur,1.0,NaN,67,12.0,2024-12
NaN,vicuna,NaN,centro,NaN,alta,62,NaN,NaN
2024-10-08,andacollo,robo,rural,NaN,NaN,NaN,10.0,2024-10
2025-10-06,monte patria,accidente,rural,16.0,NaN,54,10.0,2025-10
2025-08-22,vicuna,accidente,norte,19.0,alta,17,8.0,2025-08
2025-01-06,vicuna,robo,sur,16.0,alta,44,1.0,2025-01
2024-01-27,illapel,robo,norte,1.0,baja,16,1.0,2024-01
2025-04-07,coquimbo,robo,centro,16.0,alta,19,4.0,2025-04
2024-04-27,coquimbo,fraude,norte,8.0,media,24,4.0,2024-04
2025-04-29,illapel,robo,centro,6.0,baja,29,4.0,2025-04
2024-02-03,ovalle,hurto,norte,10.0,baja,37,2.0,2024-02
2024-02-21,ovalle,NaN,norte,NaN,NaN,33,2.0,2024-02
2024-09-12,ovalle,robo,norte,3.0,NaN,51,9.0,2024-09
2025-04-17,monte patria,accidente,centro,15.0,baja,27,4.0,2025-04
2024-10-14,ovalle,accidente,centro,11.0,baja,14,10.0,2024-10
NaN,coquimbo,violencia,NaN,16.0,baja,58,NaN,NaN
NaN,salamanca,robo,norte,3.0,alta,31,NaN,NaN
2025-01-02,salamanca,NaN,sur,10.0,alta,56,1.0,2025-01
2025-08-02,la serena,hurto,norte,2.0,baja,23,8.0,2025-08
2025-11-22,vicuna,hurto,rural,8.0,NaN,34,11.0,2025-11
2025-11-12,la serena,robo,NaN,1.0,alta,28,11.0,2025-11
2024-08-22,ovalle,violencia,NaN,4.0,baja,NaN,8.0,2024-08
2025-01-30,coquimbo,hurto,norte,16.0,baja,40,1.0,2025-01
2025-09-08,coquimbo,hurto,centro,16.0,alta,47,9.0,2025-09
2025-11-29,coquimbo,robo,norte,11.0,media,28,11.0,2025-11
2025-06-21,vicuna,fraude,centro,18.0,baja,24,6.0,2025-06
2025-07-21,salamanca,accidente,rural,19.0,baja,47,7.0,2025-07
2024-06-22,monte patria,fraude,norte,17.0,alta,23,6.0,2024-06
2025-11-07,ovalle,violencia,sur,3.0,NaN,52,11.0,2025-11
2024-04-19,andacollo,hurto,norte,10.0,baja,44,4.0,2024-04
NaN,la serena,NaN,centro,4.0,alta,65,NaN,NaN
2025-02-18,illapel,fraude,norte,16.0,alta,50,2.0,2025-02
2025-10-18,vicuna,fraude,NaN,18.0,alta,61,10.0,2025-10
NaN,salamanca,hurto,sur,8.0,alta,58,NaN,NaN
2024-08-15,illapel,robo,centro,18.0,alta,14,8.0,2024-08
NaN,la serena,fraude,sur,16.0,NaN,42,NaN,NaN
2024-07-19,andacollo,hurto,NaN,9.0,alta,NaN,7.0,2024-07
NaN,la serena,fraude,centro,11.0,baja,60,NaN,NaN
2024-12-26,ovalle,violencia,norte,18.0,alta,58,12.0,2024-12
2025-05-31,la serena,NaN,NaN,13.0,NaN,67,5.0,2025-05
NaN,vicuna,accidente,norte,19.0,NaN,NaN,NaN,NaN
2024-03-06,monte patria,robo,norte,9.0,baja,NaN,3.0,2024-03
2025-09-23,monte patria,violencia,rural,NaN,baja,33,9.0,2025-09
2024-12-09,vicuna,hurto,rural,8.0,media,21,12.0,2024-12
2024-05-28,la serena,robo,centro,4.0,alta,19,5.0,2024-05
2025-05-06,salamanca,fraude,centro,9.0,baja,63,5.0,2025-05
2025-02-26,la serena,hurto,NaN,NaN,alta,57,2.0,2025-02
2025-04-25,monte patria,robo,norte,18.0,media,32,4.0,2025-04
2024-07-09,la serena,robo,rural,17.0,media,22,7.0,2024-07
2025-09-24,ovalle,fraude,norte,4.0,alta,51,9.0,2025-09
2024-10-13,coquimbo,NaN,NaN,13.0,baja,54,10.0,2024-10
2024-07-06,ovalle,fraude,centro,5.0,alta,36,7.0,2024-07
2024-02-03,la serena,accidente,centro,4.0,alta,43,2.0,2024-02
NaN,coquimbo,fraude,NaN,7.0,alta,39,NaN,NaN
2025-12-01,la serena,accidente,centro,8.0,baja,34,12.0,2025-12
2025-07-17,monte patria,fraude,norte,12.0,alta,NaN,7.0,2025-07
NaN,la serena,robo,NaN,17.0,media,63,NaN,NaN
2024-05-16,monte patria,violencia,centro,13.0,alta,45,5.0,2024-05
2024-07-30,illapel,accidente,norte,1.0,media,19,7.0,2024-07
2025-11-15,la serena,robo,rural,4.0,media,66,11.0,2025-11
2024-08-31,monte patria,NaN,centro,1.0,alta,NaN,8.0,2024-08
2024-06-17,coquimbo,accidente,norte,-3.0,media,54,6.0,2024-06
2025-11-29,vicuna,robo,norte,4.0,alta,19,11.0,2025-11
2024-07-17,la serena,hurto,norte,13.0,alta,59,7.0,2024-07
NaN,coquimbo,NaN,sur,1.0,alta,31,NaN,NaN
2025-10-07,la serena,NaN,sur,10.0,alta,NaN,10.0,2025-10
2025-09-28,la serena,violencia,centro,10.0,NaN,16,9.0,2025-09
2024-02-19,la serena,robo,norte,4.0,alta,17,2.0,2024-02
2024-05-26,andacollo,NaN,centro,14.0,alta,67,5.0,2024-05
2025-02-01,coquimbo,violencia,norte,16.0,media,NaN,2.0,2025-02
NaN,la serena,hurto,centro,7.0,baja,15,NaN,NaN
2025-07-28,la serena,hurto,rural,6.0,NaN,30,7.0,2025-07
NaN,vicuna,robo,norte,14.0,alta,NaN,NaN,NaN
2024-05-09,monte patria,robo,NaN,NaN,alta,44,5.0,2024-05
2024-11-03,coquimbo,violencia,NaN,3.0,baja,36,11.0,2024-11
2025-09-07,vicuna,NaN,norte,15.0,alta,56,9.0,2025-09
2024-04-18,la serena,hurto,centro,9.0,NaN,19,4.0,2024-04
2025-05-20,la serena,hurto,centro,19.0,alta,22,5.0,2025-05
2024-11-17,ovalle,fraude,centro,4.0,alta,38,11.0,2024-11
NaN,vicuna,violencia,rural,3.0,alta,56,NaN,NaN
2024-12-05,ovalle,accidente,NaN,1.0,baja,47,12.0,2024-12
2025-11-20,salamanca,robo,NaN,4.0,NaN,20,11.0,2025-11
NaN,la serena,fraude,sur,3.0,NaN,16,NaN,NaN
NaN,coquimbo,violencia,centro,14.0,alta,64,NaN,NaN
2025-09-09,la serena,accidente,rural,3.0,NaN,18,9.0,2025-09
NaN,la serena,accidente,NaN,NaN,alta,23,NaN,NaN
2025-01-29,coquimbo,accidente,centro,18.0,media,43,1.0,2025-01
2025-10-31,ovalle,robo,rural,6.0,NaN,53,10.0,2025-10
2024-04-20,ovalle,violencia,centro,NaN,NaN,14,4.0,2024-04
2025-01-18,illapel,NaN,norte,4.0,media,39,1.0,2025-01
2024-02-11,monte patria,NaN,sur,18.0,NaN,48,2.0,2024-02
2025-04-17,monte patria,hurto,centro,NaN,baja,29,4.0,2025-04
2024-03-24,coquimbo,accidente,norte,NaN,NaN,47,3.0,2024-03
2024-07-13,monte patria,fraude,rural,3.0,baja,40,7.0,2024-07
2025-04-11,monte patria,hurto,NaN,NaN,NaN,26,4.0,2025-04
NaN,la serena,accidente,norte,4.0,baja,16,NaN,NaN
2025-07-13,la serena,hurto,centro,10.0,alta,20,7.0,2025-07
2025-03-05,andacollo,violencia,norte,13.0,NaN,NaN,3.0,2025-03
2024-12-28,coquimbo,accidente,centro,12.0,alta,NaN,12.0,2024-12
2024-06-20,la serena,hurto,centro,10.0,NaN,63,6.0,2024-06
2024-11-17,coquimbo,NaN,centro,15.0,baja,66,11.0,2024-11
2025-10-25,vicuna,NaN,centro,13.0,baja,51,10.0,2025-10
2024-12-26,vicuna,robo,centro,10.0,media,44,12.0,2024-12
NaN,coquimbo,accidente,rural,5.0,alta,53,NaN,NaN
2024-01-14,coquimbo,NaN,centro,8.0,alta,65,1.0,2024-01
2024-02-19,illapel,accidente,rural,5.0,media,57,2.0,2024-02
2025-06-01,monte patria,hurto,rural,18.0,baja,56,6.0,2025-06
2024-10-16,vicuna,violencia,centro,4.0,baja,16,10.0,2024-10
2024-08-09,la serena,fraude,NaN,17.0,alta,54,8.0,2024-08
2025-03-30,illapel,violencia,sur,500.0,baja,NaN,3.0,2025-03
2024-12-19,coquimbo,violencia,sur,NaN,alta,32,12.0,2024-12
2025-01-08,monte patria,NaN,norte,2.0,alta,23,1.0,2025-01
2024-03-08,coquimbo,accidente,norte,5.0,alta,19,3.0,2024-03
2024-01-12,vicuna,fraude,norte,NaN,media,NaN,1.0,2024-01
2024-08-03,illapel,accidente,centro,5.0,media,15,8.0,2024-08
2024-04-09,ovalle,violencia,sur,9.0,baja,47,4.0,2024-04
NaN,coquimbo,fraude,norte,8.0,NaN,47,NaN,NaN
2025-04-23,illapel,accidente,rural,1.0,media,55,4.0,2025-04
NaN,coquimbo,hurto,NaN,NaN,media,55,NaN,NaN
2024-12-29,salamanca,robo,rural,16.0,baja,19,12.0,2024-12
2025-07-04,illapel,NaN,centro,12.0,media,16,7.0,2025-07
2024-10-05,ovalle,hurto,centro,2.0,baja,19,10.0,2024-10
NaN,illapel,hurto,NaN,5.0,media,62,NaN,NaN
2025-02-19,la serena,NaN,norte,NaN,alta,60,2.0,2025-02
2024-08-24,coquimbo,NaN,sur,15.0,alta,20,8.0,2024-08
2024-12-19,coquimbo,fraude,norte,16.0,baja,15,12.0,2024-12
2024-02-02,la serena,robo,centro,18.0,NaN,15,2.0,2024-02
2025-07-28,coquimbo,robo,NaN,17.0,media,47,7.0,2025-07
NaN,vicuna,accidente,sur,3.0,baja,68,NaN,NaN
2024-09-28,ovalle,violencia,centro,NaN,baja,50,9.0,2024-09
2025-01-31,coquimbo,robo,NaN,16.0,alta,36,1.0,2025-01
NaN,coquimbo,NaN,centro,4.0,media,58,NaN,NaN
2024-01-27,coquimbo,robo,sur,11.0,baja,58,1.0,2024-01
2025-11-29,monte patria,robo,sur,15.0,media,56,11.0,2025-11
NaN,coquimbo,violencia,NaN,16.0,NaN,59,NaN,NaN
2025-09-19,salamanca,hurto,centro,7.0,media,44,9.0,2025-09
2025-12-11,coquimbo,hurto,centro,11.0,media,38,12.0,2025-12
2025-04-24,salamanca,accidente,sur,NaN,baja,50,4.0,2025-04
2025-11-16,coquimbo,violencia,sur,14.0,alta,60,11.0,2025-11
2024-05-21,monte patria,NaN,sur,10.0,baja,21,5.0,2024-05
2025-03-09,la serena,hurto,norte,14.0,alta,21,3.0,2025-03
2024-11-23,coquimbo,robo,centro,4.0,baja,65,11.0,2024-11
2024-07-07,vicuna,hurto,centro,1.0,alta,18,7.0,2024-07
2024-06-06,vicuna,accidente,norte,18.0,NaN,67,6.0,2024-06
2025-04-09,coquimbo,NaN,sur,2.0,alta,57,4.0,2025-04
NaN,coquimbo,robo,centro,19.0,NaN,28,NaN,NaN
2025-08-21,coquimbo,NaN,centro,6.0,NaN,48,8.0,2025-08
2025-06-28,andacollo,hurto,sur,5.0,baja,34,6.0,2025-06
2025-09-26,vicuna,NaN,centro,NaN,media,31,9.0,2025-09
2025-05-16,salamanca,robo,sur,4.0,media,54,5.0,2025-05
2025-08-12,andacollo,robo,centro,18.0,NaN,16,8.0,2025-08
2024-08-26,la serena,robo,norte,16.0,alta,31,8.0,2024-08
2024-07-07,coquimbo,accidente,norte,1.0,baja,66,7.0,2024-07
2025-11-09,coquimbo,hurto,sur,3.0,NaN,18,11.0,2025-11
NaN,la serena,violencia,NaN,7.0,media,48,NaN,NaN
NaN,monte patria,NaN,norte,15.0,baja,43,NaN,NaN
NaN,vicuna,hurto,NaN,14.0,baja,NaN,NaN,NaN
2025-11-12,andacollo,fraude,norte,18.0,baja,62,11.0,2025-11
2025-06-14,illapel,hurto,NaN,2.0,alta,56,6.0,2025-06
2024-03-09,ovalle,accidente,rural,9.0,NaN,37,3.0,2024-03
NaN,illapel,NaN,norte,18.0,baja,17,NaN,NaN
NaN,monte patria,hurto,NaN,NaN,baja,57,NaN,NaN
NaN,coquimbo,hurto,norte,17.0,NaN,NaN,NaN,NaN
2024-06-15,ovalle,robo,norte,12.0,alta,36,6.0,2024-06
2024-12-12,andacollo,NaN,norte,16.0,NaN,30,12.0,2024-12
2024-05-09,monte patria,fraude,norte,12.0,media,40,5.0,2024-05
2024-01-20,la serena,violencia,NaN,18.0,baja,53,1.0,2024-01
2025-01-07,vicuna,robo,NaN,11.0,NaN,19,1.0,2025-01
2025-08-09,coquimbo,fraude,centro,11.0,NaN,52,8.0,2025-08
2025-11-06,coquimbo,accidente,norte,7.0,alta,43,11.0,2025-11
2025-12-02,andacollo,violencia,rural,3.0,baja,46,12.0,2025-12
2024-12-15,andacollo,robo,rural,8.0,baja,20,12.0,2024-12
2025-03-05,monte patria,fraude,NaN,10.0,baja,31,3.0,2025-03
2025-06-23,andacollo,accidente,NaN,5.0,alta,44,6.0,2025-06
2025-09-09,monte patria,accidente,norte,19.0,NaN,57,9.0,2025-09
2024-05-12,coquimbo,violencia,centro,3.0,baja,47,5.0,2024-05
2025-07-24,coquimbo,violencia,NaN,5.0,media,58,7.0,2025-07
2024-09-01,ovalle,fraude,norte,12.0,alta,NaN,9.0,2024-09
2024-04-18,coquimbo,robo,norte,16.0,NaN,49,4.0,2024-04
2024-04-21,monte patria,violencia,norte,4.0,baja,16,4.0,2024-04
2024-08-11,coquimbo,robo,centro,NaN,baja,31,8.0,2024-08
2024-06-26,coquimbo,robo,NaN,2.0,NaN,43,6.0,2024-06
2024-04-03,ovalle,fraude,centro,18.0,baja,16,4.0,2024-04
2024-01-09,illapel,NaN,centro,5.0,baja,30,1.0,2024-01
2024-07-26,coquimbo,accidente,norte,18.0,baja,5,7.0,2024-07
NaN,vicuna,NaN,rural,16.0,media,31,NaN,NaN
2025-07-17,andacollo,violencia,norte,9.0,alta,23,7.0,2025-07
NaN,vicuna,accidente,norte,16.0,NaN,65,NaN,NaN
2025-08-05,monte patria,NaN,rural,12.0,alta,19,8.0,2025-08
2025-02-18,la serena,fraude,rural,7.0,NaN,48,2.0,2025-02
2025-11-28,andacollo,hurto,sur,19.0,NaN,54,11.0,2025-11
NaN,vicuna,NaN,centro,4.0,baja,59,NaN,NaN
2025-03-12,coquimbo,robo,rural,9.0,media,47,3.0,2025-03
NaN,vicuna,robo,sur,18.0,baja,65,NaN,NaN
NaN,andacollo,robo,NaN,7.0,baja,62,NaN,NaN
2024-10-12,coquimbo,violencia,centro,18.0,NaN,36,10.0,2024-10
2025-05-31,la serena,accidente,NaN,16.0,NaN,35,5.0,2025-05
NaN,salamanca,fraude,NaN,13.0,NaN,40,NaN,NaN
NaN,monte patria,fraude,centro,17.0,media,28,NaN,NaN
2025-08-03,la serena,hurto,centro,3.0,media,28,8.0,2025-08
2024-07-25,ovalle,hurto,NaN,18.0,media,50,7.0,2024-07
2025-10-02,ovalle,robo,norte,14.0,media,46,10.0,2025-10
2025-10-05,la serena,NaN,rural,6.0,baja,52,10.0,2025-10
2024-06-25,andacollo,fraude,rural,11.0,media,21,6.0,2024-06
2025-05-12,coquimbo,hurto,centro,3.0,baja,30,5.0,2025-05
2024-10-11,ovalle,fraude,centro,7.0,alta,NaN,10.0,2024-10
2025-02-28,ovalle,violencia,centro,2.0,alta,NaN,2.0,2025-02
NaN,monte patria,robo,rural,12.0,alta,18,NaN,NaN
NaN,salamanca,violencia,rural,2.0,alta,35,NaN,NaN
2025-07-03,la serena,NaN,centro,7.0,alta,41,7.0,2025-07
2024-08-03,vicuna,fraude,centro,5.0,baja,38,8.0,2024-08
2024-01-11,andacollo,robo,centro,9.0,media,35,1.0,2024-01
NaN,andacollo,violencia,rural,3.0,alta,36,NaN,NaN
2025-03-03,illapel,hurto,centro,12.0,baja,59,3.0,2025-03
2025-05-27,monte patria,hurto,rural,19.0,media,58,5.0,2025-05
2024-12-21,andacollo,hurto,rural,18.0,alta,60,12.0,2024-12
NaN,coquimbo,robo,centro,6.0,alta,20,NaN,NaN
2025-05-30,monte patria,violencia,rural,12.0,media,60,5.0,2025-05
2024-11-23,vicuna,robo,centro,NaN,alta,60,11.0,2024-11
2025-04-29,salamanca,robo,centro,19.0,media,33,4.0,2025-04
NaN,salamanca,NaN,norte,2.0,alta,41,NaN,NaN
2024-09-18,illapel,robo,rural,6.0,baja,48,9.0,2024-09
2025-11-09,illapel,hurto,centro,12.0,baja,35,11.0,2025-11
2025-08-05,la serena,robo,norte,4.0,alta,44,8.0,2025-08
NaN,la serena,NaN,norte,8.0,media,54,NaN,NaN
2024-04-19,salamanca,violencia,centro,1.0,alta,68,4.0,2024-04
2025-12-16,monte patria,robo,norte,17.0,media,67,12.0,2025-12
2024-10-31,ovalle,robo,centro,2.0,media,50,10.0,2024-10
2024-12-31,ovalle,violencia,rural,12.0,alta,41,12.0,2024-12
2024-07-07,andacollo,robo,centro,5.0,alta,37,7.0,2024-07
NaN,andacollo,hurto,sur,13.0,alta,NaN,NaN,NaN
2025-02-28,coquimbo,robo,centro,NaN,baja,56,2.0,2025-02
2025-12-02,coquimbo,accidente,norte,12.0,media,20,12.0,2025-12
NaN,illapel,NaN,norte,14.0,alta,NaN,NaN,NaN
2025-11-20,vicuna,robo,centro,7.0,media,65,11.0,2025-11
NaN,ovalle,NaN,sur,6.0,alta,19,NaN,NaN
2024-05-21,andacollo,NaN,rural,17.0,NaN,32,5.0,2024-05
2024-08-26,ovalle,accidente,sur,16.0,baja,NaN,8.0,2024-08
2024-02-15,vicuna,hurto,norte,13.0,NaN,65,2.0,2024-02
2024-11-29,coquimbo,fraude,NaN,18.0,baja,56,11.0,2024-11
NaN,andacollo,accidente,centro,16.0,media,63,NaN,NaN
2024-03-16,andacollo,robo,sur,13.0,baja,43,3.0,2024-03
2025-10-31,la serena,robo,rural,13.0,NaN,34,10.0,2025-10
NaN,ovalle,accidente,centro,15.0,alta,31,NaN,NaN
2025-09-03,la serena,accidente,rural,8.0,alta,20,9.0,2025-09
2025-06-22,la serena,accidente,sur,16.0,baja,23,6.0,2025-06
NaN,ovalle,NaN,centro,19.0,media,25,NaN,NaN
NaN,monte patria,NaN,centro,7.0,NaN,43,NaN,NaN
2025-05-13,vicuna,hurto,centro,4.0,NaN,NaN,5.0,2025-05
NaN,ovalle,robo,NaN,6.0,media,16,NaN,NaN
2025-02-02,la serena,violencia,rural,11.0,alta,62,2.0,2025-02
2025-12-05,coquimbo,robo,NaN,3.0,media,56,12.0,2025-12
2025-12-20,monte patria,robo,centro,17.0,alta,53,12.0,2025-12
2025-06-17,monte patria,robo,sur,17.0,media,NaN,6.0,2025-06
2025-12-02,monte patria,hurto,centro,5.0,alta,54,12.0,2025-12
2025-06-16,ovalle,hurto,norte,NaN,baja,20,6.0,2025-06
NaN,ovalle,robo,centro,16.0,NaN,20,NaN,NaN
NaN,la serena,accidente,norte,3.0,baja,NaN,NaN,NaN
2025-01-09,vicuna,robo,sur,4.0,media,38,1.0,2025-01
NaN,la serena,hurto,norte,1.0,NaN,51,NaN,NaN
2025-04-01,vicuna,hurto,rural,NaN,alta,38,4.0,2025-04
2024-04-21,illapel,fraude,rural,13.0,media,53,4.0,2024-04
2024-04-26,la serena,hurto,norte,13.0,NaN,51,4.0,2024-04
NaN,ovalle,fraude,rural,3.0,baja,42,NaN,NaN
2025-08-31,salamanca,fraude,centro,9.0,alta,33,8.0,2025-08
NaN,salamanca,robo,centro,13.0,baja,34,NaN,NaN
2024-07-15,la serena,robo,norte,1.0,alta,NaN,7.0,2024-07
2025-09-02,la serena,accidente,centro,6.0,alta,61,9.0,2025-09
NaN,monte patria,robo,norte,NaN,NaN,68,NaN,NaN
2024-01-26,monte patria,NaN,sur,3.0,NaN,66,1.0,2024-01
2024-03-07,illapel,violencia,norte,5.0,alta,NaN,3.0,2024-03
2024-07-05,la serena,violencia,centro,13.0,NaN,NaN,7.0,2024-07
2024-09-23,illapel,NaN,centro,15.0,media,58,9.0,2024-09
2025-09-21,monte patria,violencia,sur,15.0,baja,49,9.0,2025-09
2025-07-12,la serena,NaN,centro,NaN,media,62,7.0,2025-07
2025-10-11,coquimbo,hurto,sur,NaN,alta,35,10.0,2025-10
2024-10-23,la serena,robo,centro,12.0,baja,33,10.0,2024-10
2025-12-24,vicuna,fraude,norte,14.0,baja,25,12.0,2025-12
2025-02-11,la serena,robo,rural,NaN,alta,NaN,2.0,2025-02
2025-03-05,ovalle,robo,norte,4.0,alta,36,3.0,2025-03
2024-08-02,la serena,robo,centro,10.0,alta,17,8.0,2024-08
2025-12-17,coquimbo,robo,NaN,4.0,media,49,12.0,2025-12
NaN,coquimbo,NaN,centro,7.0,baja,34,NaN,NaN
2024-12-13,vicuna,violencia,sur,15.0,NaN,45,12.0,2024-12
NaN,la serena,fraude,rural,13.0,alta,26,NaN,NaN
2025-06-28,ovalle,violencia,centro,15.0,baja,50,6.0,2025-06
2024-11-14,coquimbo,hurto,centro,19.0,media,65,11.0,2024-11
2024-11-17,illapel,NaN,norte,NaN,baja,15,11.0,2024-11
2024-05-22,andacollo,fraude,sur,14.0,NaN,36,5.0,2024-05
2025-08-26,vicuna,robo,centro,12.0,NaN,34,8.0,2025-08
NaN,coquimbo,hurto,norte,12.0,baja,62,NaN,NaN
2025-04-11,vicuna,robo,NaN,11.0,NaN,43,4.0,2025-04
2024-05-05,monte patria,robo,NaN,8.0,alta,40,5.0,2024-05
NaN,monte patria,fraude,centro,2.0,NaN,NaN,NaN,NaN
2025-01-06,ovalle,NaN,centro,15.0,alta,43,1.0,2025-01
2025-07-13,salamanca,accidente,centro,NaN,NaN,NaN,7.0,2025-07
2024-09-17,monte patria,robo,centro,11.0,media,56,9.0,2024-09
2025-03-17,ovalle,fraude,NaN,4.0,NaN,67,3.0,2025-03
NaN,salamanca,robo,NaN,19.0,alta,51,NaN,NaN
2024-12-29,coquimbo,robo,NaN,5.0,media,50,12.0,2024-12
NaN,coquimbo,hurto,norte,5.0,alta,58,NaN,NaN
NaN,monte patria,NaN,rural,19.0,media,37,NaN,NaN
2024-09-20,coquimbo,robo,sur,7.0,media,NaN,9.0,2024-09
NaN,illapel,robo,centro,3.0,media,19,NaN,NaN
NaN,la serena,NaN,norte,NaN,baja,29,NaN,NaN
2024-04-03,andacollo,robo,norte,18.0,alta,61,4.0,2024-04
2024-05-26,la serena,robo,rural,NaN,alta,59,5.0,2024-05
2024-07-13,vicuna,hurto,sur,11.0,baja,48,7.0,2024-07
2025-08-10,salamanca,NaN,NaN,NaN,alta,65,8.0,2025-08
2024-06-26,la serena,fraude,NaN,NaN,media,23,6.0,2024-06
NaN,la serena,NaN,norte,18.0,alta,53,NaN,NaN
2024-05-26,vicuna,accidente,norte,14.0,baja,39,5.0,2024-05
2024-11-28,illapel,NaN,centro,6.0,alta,52,11.0,2024-11
2024-05-03,salamanca,violencia,norte,11.0,alta,21,5.0,2024-05
2025-07-23,vicuna,accidente,norte,11.0,media,33,7.0,2025-07
NaN,monte patria,robo,centro,14.0,baja,44,NaN,NaN
NaN,la serena,violencia,norte,3.0,baja,36,NaN,NaN
2025-03-12,la serena,NaN,NaN,19.0,alta,21,3.0,2025-03
NaN,la serena,robo,norte,9.0,baja,29,NaN,NaN
2025-12-08,andacollo,NaN,norte,11.0,baja,42,12.0,2025-12
2024-03-10,monte patria,robo,norte,7.0,alta,20,3.0,2024-03
2025-07-24,vicuna,robo,centro,NaN,alta,27,7.0,2025-07
2024-12-29,vicuna,fraude,rural,1.0,media,31,12.0,2024-12
2024-03-05,vicuna,NaN,centro,16.0,media,44,3.0,2024-03
2024-01-13,coquimbo,hurto,rural,8.0,baja,22,1.0,2024-01
2024-06-28,coquimbo,hurto,norte,18.0,baja,33,6.0,2024-06
2025-01-21,andacollo,violencia,rural,7.0,baja,14,1.0,2025-01
2024-10-14,la serena,violencia,norte,18.0,NaN,25,10.0,2024-10
2025-04-16,la serena,hurto,norte,15.0,media,30,4.0,2025-04
2025-04-05,coquimbo,robo,norte,9.0,alta,50,4.0,2025-04
NaN,la serena,hurto,rural,6.0,NaN,35,NaN,NaN
2025-08-09,ovalle,violencia,centro,13.0,NaN,18,8.0,2025-08
NaN,la serena,violencia,centro,19.0,alta,NaN,NaN,NaN
2024-12-25,ovalle,NaN,centro,12.0,NaN,39,12.0,2024-12
2024-06-11,illapel,NaN,rural,NaN,media,64,6.0,2024-06
2025-02-23,vicuna,NaN,NaN,7.0,alta,53,2.0,2025-02
NaN,la serena,robo,NaN,14.0,baja,51,NaN,NaN
2025-08-12,salamanca,robo,centro,1.0,alta,62,8.0,2025-08
2025-06-28,vicuna,robo,sur,9.0,NaN,31,6.0,2025-06
2024-02-27,ovalle,robo,rural,17.0,NaN,51,2.0,2024-02
2025-07-03,monte patria,robo,norte,12.0,NaN,46,7.0,2025-07
NaN,monte patria,accidente,norte,4.0,alta,NaN,NaN,NaN
NaN,monte patria,NaN,rural,15.0,baja,20,NaN,NaN
NaN,illapel,NaN,NaN,3.0,media,69,NaN,NaN
NaN,coquimbo,fraude,rural,4.0,baja,36,NaN,NaN
NaN,monte patria,accidente,rural,18.0,alta,15,NaN,NaN
2024-11-30,andacollo,robo,NaN,11.0,media,40,11.0,2024-11
2024-01-24,salamanca,hurto,rural,5.0,baja,18,1.0,2024-01
NaN,salamanca,robo,norte,4.0,alta,45,NaN,NaN
2025-06-10,la serena,NaN,NaN,12.0,media,36,6.0,2025-06
2025-01-21,ovalle,accidente,norte,12.0,baja,64,1.0,2025-01
2024-06-07,ovalle,violencia,sur,NaN,baja,66,6.0,2024-06
NaN,illapel,violencia,centro,2.0,NaN,38,NaN,NaN
2024-06-26,coquimbo,violencia,sur,1.0,baja,15,6.0,2024-06
2025-07-21,andacollo,fraude,centro,5.0,media,60,7.0,2025-07
NaN,la serena,NaN,NaN,17.0,alta,48,NaN,NaN
NaN,la serena,accidente,NaN,14.0,media,53,NaN,NaN
2024-02-07,monte patria,hurto,sur,17.0,alta,45,2.0,2024-02
2024-08-29,coquimbo,fraude,norte,7.0,alta,26,8.0,2024-08
2025-02-13,coquimbo,hurto,centro,9.0,alta,66,2.0,2025-02
2024-03-21,ovalle,NaN,centro,2.0,baja,38,3.0,2024-03
NaN,salamanca,robo,norte,9.0,alta,31,NaN,NaN
2024-10-01,salamanca,NaN,rural,8.0,alta,40,10.0,2024-10
2025-08-19,salamanca,hurto,centro,19.0,media,57,8.0,2025-08
2024-12-26,vicuna,NaN,centro,NaN,baja,56,12.0,2024-12
2025-02-28,coquimbo,hurto,norte,1.0,baja,NaN,2.0,2025-02
2024-02-09,la serena,violencia,NaN,5.0,alta,42,2.0,2024-02
NaN,la serena,robo,centro,11.0,baja,35,NaN,NaN
2024-04-19,coquimbo,robo,centro,10.0,NaN,14,4.0,2024-04
2025-06-26,ovalle,fraude,centro,4.0,alta,60,6.0,2025-06
2025-04-29,coquimbo,accidente,rural,15.0,media,41,4.0,2025-04
2025-03-13,la serena,violencia,centro,3.0,baja,31,3.0,2025-03
NaN,vicuna,accidente,norte,18.0,baja,52,NaN,NaN
NaN,andacollo,violencia,rural,9.0,baja,33,NaN,NaN
2024-09-07,monte patria,robo,centro,11.0,alta,15,9.0,2024-09
2025-07-16,monte patria,fraude,NaN,NaN,NaN,22,7.0,2025-07
NaN,ovalle,violencia,norte,17.0,media,18,NaN,NaN
2024-04-16,illapel,hurto,centro,12.0,alta,59,4.0,2024-04
2024-10-23,coquimbo,robo,sur,10.0,baja,31,10.0,2024-10
NaN,la serena,NaN,NaN,NaN,media,58,NaN,NaN
2024-10-10,ovalle,robo,rural,14.0,baja,50,10.0,2024-10
2024-10-24,salamanca,NaN,NaN,2.0,alta,38,10.0,2024-10
2024-06-04,coquimbo,robo,centro,8.0,NaN,53,6.0,2024-06
2025-05-06,coquimbo,robo,centro,17.0,baja,39,5.0,2025-05
2025-06-18,illapel,robo,centro,1.0,NaN,58,6.0,2025-06
2024-03-31,ovalle,fraude,NaN,12.0,baja,23,3.0,2024-03
NaN,coquimbo,violencia,norte,15.0,baja,69,NaN,NaN
NaN,coquimbo,fraude,centro,9.0,baja,30,NaN,NaN
2025-01-15,salamanca,NaN,rural,14.0,media,47,1.0,2025-01
2025-05-15,coquimbo,robo,NaN,19.0,media,32,5.0,2025-05
2024-01-21,la serena,NaN,sur,17.0,alta,NaN,1.0,2024-01
2024-06-01,coquimbo,accidente,centro,NaN,baja,47,6.0,2024-06
2024-12-06,salamanca,NaN,rural,13.0,NaN,NaN,12.0,2024-12
2024-11-07,ovalle,robo,sur,NaN,alta,NaN,11.0,2024-11
2024-03-28,la serena,hurto,norte,4.0,baja,62,3.0,2024-03
2024-11-23,monte patria,hurto,norte,19.0,alta,NaN,11.0,2024-11
2024-10-30,andacollo,violencia,rural,15.0,alta,59,10.0,2024-10
2024-03-03,coquimbo,violencia,sur,10.0,baja,45,3.0,2024-03
2024-01-12,andacollo,robo,rural,16.0,baja,NaN,1.0,2024-01
2024-04-25,monte patria,accidente,centro,2.0,alta,28,4.0,2024-04
2024-01-17,illapel,hurto,centro,9.0,NaN,48,1.0,2024-01
2024-11-20,monte patria,fraude,sur,NaN,alta,31,11.0,2024-11
2024-06-25,ovalle,hurto,NaN,3.0,baja,61,6.0,2024-06
2024-08-05,ovalle,NaN,rural,5.0,baja,NaN,8.0,2024-08
2025-06-22,coquimbo,robo,sur,5.0,baja,NaN,6.0,2025-06
2025-10-18,andacollo,hurto,centro,1.0,media,55,10.0,2025-10
2025-03-04,la serena,robo,centro,17.0,NaN,34,3.0,2025-03
2025-05-20,vicuna,accidente,centro,13.0,alta,48,5.0,2025-05
2024-08-25,coquimbo,NaN,centro,5.0,media,NaN,8.0,2024-08
2025-08-23,illapel,NaN,norte,19.0,alta,35,8.0,2025-08
2025-07-09,andacollo,NaN,sur,18.0,alta,NaN,7.0,2025-07
2024-02-08,illapel,NaN,sur,17.0,baja,NaN,2.0,2024-02
2025-06-13,salamanca,NaN,sur,11.0,alta,45,6.0,2025-06
2024-05-28,vicuna,hurto,centro,2.0,baja,5,5.0,2024-05
NaN,la serena,robo,centro,NaN,baja,NaN,NaN,NaN
2024-09-07,vicuna,fraude,sur,18.0,baja,22,9.0,2024-09
2025-08-24,andacollo,robo,centro,19.0,NaN,37,8.0,2025-08
2024-04-14,vicuna,violencia,norte,16.0,baja,30,4.0,2024-04
2025-02-01,la serena,fraude,norte,8.0,baja,16,2.0,2025-02
2024-10-05,monte patria,robo,rural,11.0,baja,54,10.0,2024-10
2024-01-20,coquimbo,NaN,norte,15.0,alta,46,1.0,2024-01
2024-11-10,monte patria,NaN,norte,3.0,media,60,11.0,2024-11
NaN,la serena,accidente,rural,3.0,NaN,68,NaN,NaN
2025-04-23,illapel,violencia,centro,19.0,baja,15,4.0,2025-04
2025-02-14,coquimbo,robo,NaN,10.0,alta,21,2.0,2025-02
2025-07-17,coquimbo,fraude,norte,16.0,NaN,19,7.0,2025-07
2024-10-16,vicuna,robo,sur,15.0,NaN,61,10.0,2024-10
2025-09-08,la serena,violencia,centro,2.0,baja,53,9.0,2025-09
2024-09-13,la serena,accidente,norte,15.0,alta,19,9.0,2024-09
2024-03-11,illapel,NaN,centro,13.0,alta,NaN,3.0,2024-03
2025-04-28,la serena,robo,centro,2.0,alta,58,4.0,2025-04
2025-10-04,la serena,accidente,centro,7.0,baja,21,10.0,2025-10
NaN,coquimbo,robo,rural,14.0,alta,NaN,NaN,NaN
2024-04-18,salamanca,accidente,rural,19.0,alta,37,4.0,2024-04
2024-04-03,vicuna,fraude,NaN,9.0,media,NaN,4.0,2024-04
NaN,coquimbo,robo,norte,3.0,baja,15,NaN,NaN
NaN,monte patria,fraude,rural,7.0,baja,58,NaN,NaN
2024-02-25,ovalle,hurto,NaN,16.0,media,NaN,2.0,2024-02
2025-06-27,andacollo,robo,norte,10.0,baja,40,6.0,2025-06
2024-06-13,la serena,NaN,norte,4.0,baja,55,6.0,2024-06
2025-01-24,ovalle,accidente,centro,NaN,NaN,32,1.0,2025-01
2024-02-10,la serena,accidente,rural,11.0,NaN,61,2.0,2024-02
NaN,la serena,NaN,rural,13.0,alta,35,NaN,NaN
2024-10-13,salamanca,violencia,rural,13.0,alta,44,10.0,2024-10
2025-12-22,andacollo,robo,norte,3.0,alta,63,12.0,2025-12
2025-05-14,andacollo,robo,centro,10.0,alta,37,5.0,2025-05
2024-07-07,salamanca,robo,norte,13.0,media,21,7.0,2024-07
2024-01-23,coquimbo,NaN,NaN,7.0,media,31,1.0,2024-01
2025-07-31,monte patria,robo,rural,14.0,baja,35,7.0,2025-07
2024-10-14,la serena,hurto,centro,8.0,baja,65,10.0,2024-10
2025-05-18,salamanca,violencia,centro,4.0,media,68,5.0,2025-05
2024-05-22,ovalle,violencia,NaN,1.0,baja,41,5.0,2024-05
2025-11-19,coquimbo,violencia,norte,2.0,alta,69,11.0,2025-11
NaN,coquimbo,violencia,rural,NaN,alta,31,NaN,NaN
NaN,vicuna,fraude,norte,13.0,NaN,62,NaN,NaN
2024-12-29,illapel,violencia,sur,NaN,baja,30,12.0,2024-12
2025-01-07,ovalle,fraude,rural,18.0,alta,16,1.0,2025-01
NaN,monte patria,robo,norte,3.0,alta,62,NaN,NaN
NaN,andacollo,hurto,centro,19.0,media,43,NaN,NaN
2025-09-08,coquimbo,robo,norte,7.0,NaN,54,9.0,2025-09
NaN,coquimbo,NaN,norte,5.0,alta,33,NaN,NaN
2025-07-13,ovalle,fraude,sur,16.0,NaN,26,7.0,2025-07
2024-05-17,coquimbo,violencia,sur,13.0,alta,34,5.0,2024-05
2024-09-10,monte patria,violencia,NaN,8.0,baja,34,9.0,2024-09
2025-02-19,coquimbo,fraude,centro,2.0,NaN,NaN,2.0,2025-02
NaN,salamanca,hurto,centro,13.0,alta,14,NaN,NaN
NaN,illapel,NaN,centro,10.0,NaN,46,NaN,NaN
2024-10-22,ovalle,robo,norte,14.0,alta,NaN,10.0,2024-10
2024-07-26,vicuna,accidente,sur,18.0,baja,18,7.0,2024-07
2025-12-08,coquimbo,accidente,sur,12.0,baja,57,12.0,2025-12
2024-09-06,coquimbo,hurto,sur,18.0,media,NaN,9.0,2024-09
2024-08-16,monte patria,violencia,rural,12.0,alta,33,8.0,2024-08
2025-11-18,vicuna,NaN,norte,2.0,NaN,NaN,11.0,2025-11
2024-02-15,la serena,accidente,norte,7.0,baja,25,2.0,2024-02
2024-02-27,ovalle,fraude,rural,10.0,NaN,NaN,2.0,2024-02
NaN,andacollo,NaN,norte,4.0,alta,40,NaN,NaN
2025-06-13,la serena,robo,centro,4.0,NaN,43,6.0,2025-06
2024-06-06,ovalle,fraude,centro,19.0,alta,61,6.0,2024-06
2024-02-08,la serena,violencia,norte,1.0,baja,31,2.0,2024-02
2024-12-23,vicuna,fraude,norte,3.0,baja,67,12.0,2024-12
2024-09-13,ovalle,violencia,NaN,14.0,media,67,9.0,2024-09
2024-10-20,la serena,NaN,centro,7.0,alta,40,10.0,2024-10
NaN,ovalle,violencia,rural,18.0,NaN,30,NaN,NaN
NaN,la serena,hurto,norte,19.0,alta,23,NaN,NaN
2024-04-02,illapel,accidente,norte,6.0,media,16,4.0,2024-04
2025-04-05,vicuna,hurto,norte,1.0,baja,32,4.0,2025-04
2024-09-16,ovalle,NaN,rural,11.0,NaN,NaN,9.0,2024-09
2025-06-02,ovalle,robo,centro,8.0,alta,18,6.0,2025-06
2025-03-18,vicuna,fraude,norte,7.0,alta,29,3.0,2025-03
2024-08-14,la serena,NaN,sur,2.0,baja,65,8.0,2024-08
2025-03-17,salamanca,NaN,norte,10.0,baja,30,3.0,2025-03
2025-01-29,la serena,violencia,sur,5.0,baja,NaN,1.0,2025-01
2025-02-20,la serena,accidente,norte,7.0,baja,65,2.0,2025-02
NaN,monte patria,violencia,norte,4.0,baja,67,NaN,NaN
2025-02-26,salamanca,fraude,centro,12.0,alta,26,2.0,2025-02
2024-12-25,salamanca,NaN,norte,8.0,baja,39,12.0,2024-12
2024-03-06,la serena,robo,norte,8.0,media,17,3.0,2024-03
2024-05-16,vicuna,violencia,centro,7.0,baja,25,5.0,2024-05
2024-07-15,monte patria,violencia,sur,7.0,baja,54,7.0,2024-07
2024-08-03,la serena,NaN,norte,18.0,alta,24,8.0,2024-08
NaN,monte patria,robo,norte,14.0,NaN,33,NaN,NaN
NaN,ovalle,robo,rural,8.0,alta,66,NaN,NaN
2025-12-01,monte patria,robo,norte,18.0,alta,48,12.0,2025-12
2025-01-29,andacollo,NaN,sur,6.0,NaN,33,1.0,2025-01
2025-01-09,vicuna,hurto,centro,18.0,NaN,37,1.0,2025-01
2024-09-13,andacollo,robo,NaN,13.0,media,56,9.0,2024-09
NaN,ovalle,hurto,centro,13.0,NaN,27,NaN,NaN
2024-07-27,illapel,robo,sur,10.0,alta,36,7.0,2024-07
2025-10-20,vicuna,fraude,sur,13.0,alta,28,10.0,2025-10
2025-11-01,illapel,violencia,centro,NaN,alta,26,11.0,2025-11
NaN,la serena,robo,centro,4.0,NaN,35,NaN,NaN
2025-02-22,vicuna,NaN,norte,19.0,alta,26,2.0,2025-02
2025-07-28,vicuna,robo,NaN,1.0,alta,44,7.0,2025-07
2024-08-26,ovalle,NaN,rural,12.0,alta,16,8.0,2024-08
2024-10-07,coquimbo,NaN,NaN,5.0,NaN,68,10.0,2024-10
2024-05-29,salamanca,robo,sur,NaN,media,31,5.0,2024-05
2025-04-16,coquimbo,violencia,rural,11.0,baja,29,4.0,2025-04
NaN,monte patria,fraude,rural,15.0,baja,63,NaN,NaN
NaN,coquimbo,violencia,rural,NaN,baja,NaN,NaN,NaN
2024-03-25,ovalle,NaN,sur,6.0,media,56,3.0,2024-03
2024-05-20,andacollo,accidente,centro,9.0,baja,34,5.0,2024-05
2025-05-06,monte patria,violencia,NaN,NaN,baja,33,5.0,2025-05
NaN,ovalle,accidente,centro,NaN,media,35,NaN,NaN
2024-01-01,illapel,violencia,centro,12.0,baja,53,1.0,2024-01
NaN,la serena,NaN,NaN,10.0,alta,16,NaN,NaN
2024-02-03,vicuna,NaN,norte,16.0,NaN,55,2.0,2024-02
2025-05-25,ovalle,fraude,NaN,11.0,alta,20,5.0,2025-05
2025-04-21,coquimbo,violencia,rural,18.0,baja,54,4.0,2025-04
NaN,monte patria,hurto,norte,3.0,media,NaN,NaN,NaN
2025-04-10,monte patria,accidente,centro,4.0,alta,50,4.0,2025-04
NaN,salamanca,hurto,centro,NaN,alta,20,NaN,NaN
2024-11-10,monte patria,hurto,centro,6.0,alta,46,11.0,2024-11
2024-10-03,salamanca,hurto,centro,15.0,NaN,23,10.0,2024-10
NaN,illapel,NaN,centro,1.0,alta,58,NaN,NaN
2025-10-11,monte patria,hurto,rural,13.0,baja,36,10.0,2025-10
2024-06-08,coquimbo,NaN,norte,4.0,baja,24,6.0,2024-06
2024-07-31,vicuna,accidente,centro,7.0,alta,14,7.0,2024-07
2024-07-14,la serena,accidente,rural,NaN,alta,24,7.0,2024-07
2024-08-06,la serena,NaN,NaN,9.0,baja,48,8.0,2024-08
2025-12-01,coquimbo,fraude,norte,19.0,alta,38,12.0,2025-12
2025-05-13,monte patria,violencia,sur,9.0,alta,38,5.0,2025-05
2024-05-29,salamanca,robo,sur,6.0,baja,28,5.0,2024-05
2025-09-07,monte patria,hurto,norte,3.0,alta,53,9.0,2025-09
2025-06-27,coquimbo,NaN,norte,9.0,baja,29,6.0,2025-06
NaN,ovalle,robo,rural,1.0,baja,64,NaN,NaN
2024-12-11,la serena,robo,centro,18.0,baja,21,12.0,2024-12
NaN,monte patria,NaN,norte,6.0,alta,69,NaN,NaN
2024-04-24,illapel,hurto,norte,NaN,media,35,4.0,2024-04
2025-01-08,salamanca,robo,centro,NaN,baja,28,1.0,2025-01
2025-03-24,coquimbo,violencia,norte,12.0,baja,NaN,3.0,2025-03
2024-04-02,vicuna,fraude,NaN,16.0,NaN,32,4.0,2024-04
2025-01-09,salamanca,violencia,centro,5.0,alta,26,1.0,2025-01
2025-09-10,coquimbo,NaN,centro,17.0,alta,40,9.0,2025-09
2024-07-01,coquimbo,violencia,norte,7.0,baja,50,7.0,2024-07
2024-03-17,la serena,violencia,centro,7.0,alta,27,3.0,2024-03
NaN,monte patria,NaN,centro,10.0,baja,50,NaN,NaN
2024-06-06,salamanca,robo,centro,18.0,baja,36,6.0,2024-06
2024-05-27,salamanca,violencia,sur,11.0,media,44,5.0,2024-05
NaN,monte patria,violencia,norte,4.0,baja,38,NaN,NaN
2024-03-06,andacollo,violencia,sur,9.0,media,69,3.0,2024-03
2024-02-09,la serena,robo,sur,NaN,NaN,59,2.0,2024-02
2025-12-22,monte patria,NaN,centro,14.0,alta,25,12.0,2025-12
2024-07-11,ovalle,fraude,rural,8.0,baja,19,7.0,2024-07
2024-07-03,andacollo,violencia,centro,8.0,alta,48,7.0,2024-07
2024-08-09,salamanca,accidente,sur,18.0,media,69,8.0,2024-08
2025-08-11,ovalle,violencia,norte,12.0,NaN,65,8.0,2025-08
2024-06-20,monte patria,robo,rural,5.0,NaN,32,6.0,2024-06
NaN,ovalle,hurto,rural,1.0,NaN,47,NaN,NaN
2024-10-27,illapel,NaN,norte,4.0,baja,24,10.0,2024-10
2025-02-11,salamanca,robo,norte,13.0,baja,36,2.0,2025-02
2024-09-06,andacollo,NaN,NaN,4.0,alta,NaN,9.0,2024-09
2025-05-05,vicuna,violencia,rural,1.0,alta,65,5.0,2025-05
2024-09-05,ovalle,fraude,sur,6.0,media,52,9.0,2024-09
2024-08-06,andacollo,violencia,NaN,9.0,alta,46,8.0,2024-08
NaN,coquimbo,fraude,centro,4.0,baja,40,NaN,NaN
2025-09-21,monte patria,accidente,NaN,19.0,baja,68,9.0,2025-09
2025-09-28,vicuna,fraude,centro,19.0,baja,53,9.0,2025-09
NaN,illapel,robo,norte,15.0,alta,62,NaN,NaN
2024-08-18,vicuna,robo,sur,17.0,NaN,62,8.0,2024-08
2025-10-03,ovalle,accidente,rural,16.0,alta,24,10.0,2025-10
2024-05-28,coquimbo,robo,norte,15.0,alta,14,5.0,2024-05
2024-12-26,la serena,robo,centro,2.0,media,20,12.0,2024-12
NaN,coquimbo,robo,norte,NaN,alta,17,NaN,NaN
2025-08-23,salamanca,NaN,sur,7.0,alta,17,8.0,2025-08
NaN,la serena,NaN,centro,18.0,baja,64,NaN,NaN
2024-10-22,vicuna,hurto,rural,2.0,baja,65,10.0,2024-10
2025-10-21,salamanca,robo,sur,8.0,baja,67,10.0,2025-10
2024-06-05,la serena,violencia,NaN,4.0,media,49,6.0,2024-06
2024-03-25,la serena,violencia,norte,10.0,baja,30,3.0,2024-03
2025-04-30,vicuna,robo,NaN,13.0,alta,35,4.0,2025-04
2025-05-02,salamanca,NaN,norte,17.0,media,14,5.0,2025-05
2024-08-15,la serena,robo,norte,10.0,alta,49,8.0,2024-08
2024-10-14,monte patria,accidente,sur,8.0,NaN,57,10.0,2024-10
2024-03-19,ovalle,violencia,rural,3.0,NaN,68,3.0,2024-03
2024-08-11,ovalle,robo,centro,11.0,alta,55,8.0,2024-08
2024-08-19,salamanca,robo,centro,14.0,baja,20,8.0,2024-08
2025-12-10,monte patria,hurto,rural,7.0,baja,NaN,12.0,2025-12
2025-07-04,vicuna,robo,centro,3.0,baja,56,7.0,2025-07
2024-02-03,la serena,fraude,NaN,4.0,alta,63,2.0,2024-02
2025-01-31,monte patria,fraude,centro,13.0,alta,43,1.0,2025-01
2025-12-19,ovalle,NaN,sur,NaN,baja,NaN,12.0,2025-12
2024-11-27,coquimbo,violencia,sur,12.0,baja,21,11.0,2024-11
2025-09-30,la serena,hurto,norte,4.0,baja,63,9.0,2025-09
2025-07-27,ovalle,accidente,sur,19.0,baja,54,7.0,2025-07
2025-10-24,monte patria,robo,norte,2.0,alta,NaN,10.0,2025-10
2025-08-11,la serena,NaN,centro,6.0,alta,65,8.0,2025-08
2024-11-03,vicuna,robo,norte,15.0,NaN,66,11.0,2024-11
NaN,la serena,violencia,norte,5.0,NaN,69,NaN,NaN
2025-05-26,ovalle,robo,centro,NaN,alta,53,5.0,2025-05
2024-04-11,andacollo,robo,sur,NaN,alta,60,4.0,2024-04
2025-07-27,illapel,robo,centro,6.0,NaN,NaN,7.0,2025-07
2024-07-12,salamanca,violencia,NaN,3.0,baja,44,7.0,2024-07
2024-11-03,monte patria,fraude,centro,12.0,alta,61,11.0,2024-11
2025-06-10,la serena,NaN,sur,6.0,alta,22,6.0,2025-06
2025-09-03,monte patria,hurto,centro,NaN,media,21,9.0,2025-09
2025-05-06,ovalle,robo,norte,6.0,baja,67,5.0,2025-05
NaN,salamanca,NaN,rural,18.0,NaN,26,NaN,NaN
2024-03-02,illapel,NaN,centro,12.0,alta,68,3.0,2024-03
2024-06-06,salamanca,accidente,norte,17.0,baja,35,6.0,2024-06
2024-09-17,coquimbo,accidente,sur,13.0,alta,NaN,9.0,2024-09
2024-02-27,la serena,violencia,sur,3.0,NaN,27,2.0,2024-02
2024-11-23,coquimbo,robo,centro,15.0,media,68,11.0,2024-11
NaN,coquimbo,robo,NaN,8.0,alta,62,NaN,NaN
2025-11-11,ovalle,NaN,norte,1.0,NaN,39,11.0,2025-11
2025-12-05,monte patria,violencia,centro,NaN,alta,41,12.0,2025-12
NaN,vicuna,accidente,norte,8.0,alta,68,NaN,NaN
NaN,illapel,hurto,rural,2.0,alta,36,NaN,NaN
2024-05-10,la serena,robo,centro,16.0,baja,55,5.0,2024-05
2025-12-17,vicuna,robo,centro,7.0,baja,NaN,12.0,2025-12
2025-07-01,andacollo,accidente,norte,5.0,baja,41,7.0,2025-07
2025-08-12,la serena,hurto,NaN,19.0,alta,68,8.0,2025-08
2024-03-03,andacollo,hurto,sur,3.0,alta,67,3.0,2024-03
2024-09-08,coquimbo,fraude,norte,7.0,NaN,60,9.0,2024-09
2025-07-11,vicuna,NaN,NaN,5.0,alta,30,7.0,2025-07
2024-07-24,illapel,fraude,centro,2.0,NaN,58,7.0,2024-07
2025-10-13,ovalle,NaN,norte,5.0,alta,50,10.0,2025-10
2024-08-31,ovalle,hurto,NaN,1.0,baja,21,8.0,2024-08
2024-07-29,coquimbo,fraude,centro,1.0,alta,44,7.0,2024-07
2024-01-15,coquimbo,NaN,rural,17.0,baja,25,1.0,2024-01
NaN,la serena,fraude,centro,17.0,NaN,14,NaN,NaN
2025-05-28,ovalle,violencia,NaN,6.0,alta,60,5.0,2025-05
2025-10-30,illapel,NaN,norte,6.0,alta,58,10.0,2025-10
NaN,coquimbo,violencia,sur,1.0,media,30,NaN,NaN
2025-04-25,andacollo,robo,rural,8.0,alta,59,4.0,2025-04
2025-10-31,ovalle,robo,centro,14.0,NaN,56,10.0,2025-10
NaN,vicuna,robo,sur,7.0,alta,35,NaN,NaN
NaN,vicuna,accidente,sur,10.0,media,51,NaN,NaN
2024-10-30,la serena,fraude,NaN,9.0,NaN,59,10.0,2024-10
2024-03-19,monte patria,fraude,norte,7.0,media,57,3.0,2024-03
2025-01-06,illapel,robo,centro,1.0,baja,NaN,1.0,2025-01
2025-01-18,salamanca,NaN,rural,13.0,NaN,35,1.0,2025-01
NaN,ovalle,hurto,NaN,14.0,alta,35,NaN,NaN
2025-10-16,vicuna,hurto,NaN,16.0,baja,NaN,10.0,2025-10
NaN,salamanca,fraude,sur,7.0,alta,18,NaN,NaN
2024-01-26,coquimbo,accidente,sur,12.0,baja,16,1.0,2024-01
2025-12-12,la serena,robo,norte,18.0,alta,24,12.0,2025-12
2024-05-07,salamanca,robo,centro,17.0,baja,25,5.0,2024-05
2025-01-16,la serena,robo,rural,17.0,baja,15,1.0,2025-01
2025-08-09,illapel,robo,norte,15.0,media,20,8.0,2025-08
2025-10-18,la serena,accidente,centro,8.0,baja,25,10.0,2025-10
2025-07-09,salamanca,fraude,norte,6.0,media,44,7.0,2025-07
2024-10-02,ovalle,NaN,sur,11.0,NaN,50,10.0,2024-10
2024-06-08,andacollo,NaN,sur,19.0,alta,50,6.0,2024-06
NaN,coquimbo,NaN,centro,9.0,NaN,NaN,NaN,NaN
NaN,la serena,robo,norte,4.0,baja,33,NaN,NaN
NaN,andacollo,NaN,norte,19.0,baja,15,NaN,NaN
2024-07-06,monte patria,robo,norte,13.0,NaN,14,7.0,2024-07
2024-07-20,monte patria,violencia,rural,18.0,baja,NaN,7.0,2024-07
2024-11-08,andacollo,violencia,norte,10.0,media,67,11.0,2024-11
NaN,vicuna,fraude,centro,16.0,alta,30,NaN,NaN
2025-09-11,monte patria,fraude,centro,19.0,alta,62,9.0,2025-09
NaN,salamanca,NaN,centro,2.0,media,33,NaN,NaN
NaN,illapel,violencia,norte,1.0,NaN,53,NaN,NaN
2024-01-08,ovalle,robo,centro,10.0,alta,NaN,1.0,2024-01
2024-05-08,coquimbo,fraude,norte,18.0,baja,44,5.0,2024-05
NaN,coquimbo,violencia,centro,3.0,alta,38,NaN,NaN
2025-05-10,andacollo,fraude,NaN,12.0,baja,26,5.0,2025-05
2024-12-13,la serena,accidente,norte,12.0,media,47,12.0,2024-12
NaN,salamanca,hurto,rural,11.0,NaN,66,NaN,NaN
2024-05-15,ovalle,robo,NaN,16.0,alta,31,5.0,2024-05
2025-02-18,vicuna,hurto,norte,1.0,alta,130,2.0,2025-02
2025-01-23,salamanca,hurto,sur,18.0,baja,35,1.0,2025-01
NaN,ovalle,robo,norte,18.0,baja,49,NaN,NaN
NaN,ovalle,NaN,centro,14.0,alta,54,NaN,NaN
NaN,andacollo,accidente,norte,16.0,NaN,58,NaN,NaN
NaN,andacollo,hurto,sur,4.0,alta,28,NaN,NaN
2025-10-05,ovalle,robo,centro,4.0,baja,52,10.0,2025-10
2025-11-19,coquimbo,fraude,centro,19.0,alta,40,11.0,2025-11
NaN,monte patria,violencia,NaN,11.0,baja,18,NaN,NaN
2025-08-02,la serena,accidente,centro,8.0,alta,23,8.0,2025-08
2024-04-15,coquimbo,fraude,norte,13.0,alta,41,4.0,2024-04
2024-09-06,la serena,fraude,centro,6.0,NaN,43,9.0,2024-09
2024-03-18,coquimbo,fraude,norte,7.0,alta,35,3.0,2024-03
2025-01-23,illapel,robo,norte,NaN,alta,69,1.0,2025-01
2025-08-29,salamanca,robo,norte,17.0,alta,62,8.0,2025-08
2024-03-31,vicuna,accidente,norte,17.0,baja,59,3.0,2024-03
2025-09-06,la serena,fraude,centro,8.0,baja,23,9.0,2025-09
2024-08-22,la serena,violencia,norte,10.0,baja,51,8.0,2024-08
2024-01-24,monte patria,accidente,norte,1.0,baja,66,1.0,2024-01
2024-09-07,ovalle,NaN,sur,16.0,media,68,9.0,2024-09
2024-08-30,coquimbo,accidente,centro,17.0,baja,56,8.0,2024-08
2025-02-25,ovalle,accidente,centro,5.0,NaN,22,2.0,2025-02
2024-12-17,ovalle,fraude,norte,5.0,alta,56,12.0,2024-12
NaN,monte patria,accidente,centro,8.0,NaN,NaN,NaN,NaN
NaN,ovalle,NaN,sur,17.0,baja,34,NaN,NaN
2024-06-18,coquimbo,violencia,centro,19.0,NaN,53,6.0,2024-06
2025-08-16,coquimbo,NaN,sur,NaN,alta,59,8.0,2025-08
NaN,ovalle,robo,rural,18.0,media,NaN,NaN,NaN
2025-01-16,coquimbo,NaN,centro,NaN,media,25,1.0,2025-01
2024-02-16,ovalle,fraude,sur,11.0,media,34,2.0,2024-02
2024-04-08,la serena,NaN,sur,4.0,alta,47,4.0,2024-04
2024-03-01,coquimbo,robo,centro,5.0,baja,60,3.0,2024-03
2024-03-07,coquimbo,accidente,NaN,18.0,baja,26,3.0,2024-03
2024-08-30,la serena,hurto,centro,3.0,alta,65,8.0,2024-08
2025-05-14,monte patria,accidente,norte,8.0,media,39,5.0,2025-05
2024-01-01,coquimbo,robo,norte,4.0,media,56,1.0,2024-01
2025-02-16,la serena,hurto,NaN,NaN,baja,54,2.0,2025-02
2025-11-30,monte patria,accidente,centro,9.0,baja,23,11.0,2025-11
2024-03-05,la serena,violencia,norte,13.0,media,62,3.0,2024-03
NaN,la serena,fraude,rural,10.0,media,51,NaN,NaN
2024-03-20,coquimbo,hurto,norte,6.0,media,23,3.0,2024-03
2025-05-02,la serena,hurto,norte,2.0,baja,51,5.0,2025-05
2024-08-24,la serena,violencia,sur,10.0,media,46,8.0,2024-08
2025-09-23,salamanca,accidente,norte,7.0,baja,53,9.0,2025-09
2025-08-24,illapel,hurto,centro,18.0,alta,31,8.0,2025-08
2024-09-06,la serena,accidente,norte,1.0,baja,52,9.0,2024-09
2025-05-09,illapel,robo,centro,8.0,media,45,5.0,2025-05
2025-07-31,ovalle,robo,NaN,9.0,baja,64,7.0,2025-07
2025-11-03,andacollo,robo,NaN,13.0,media,17,11.0,2025-11
2024-11-24,ovalle,robo,norte,8.0,baja,39,11.0,2024-11
2025-11-19,vicuna,fraude,NaN,17.0,NaN,38,11.0,2025-11
NaN,coquimbo,robo,centro,2.0,NaN,16,NaN,NaN
2025-03-05,ovalle,hurto,centro,13.0,alta,17,3.0,2025-03
2025-07-16,ovalle,robo,norte,8.0,NaN,NaN,7.0,2025-07
2025-11-04,coquimbo,hurto,norte,18.0,alta,NaN,11.0,2025-11
NaN,coquimbo,robo,centro,1.0,baja,40,NaN,NaN
2025-04-16,salamanca,NaN,norte,5.0,baja,14,4.0,2025-04
NaN,monte patria,NaN,norte,NaN,alta,65,NaN,NaN
2024-06-26,monte patria,hurto,norte,15.0,baja,25,6.0,2024-06
NaN,coquimbo,robo,norte,17.0,baja,18,NaN,NaN
2025-06-05,ovalle,accidente,sur,11.0,alta,52,6.0,2025-06
2024-01-25,la serena,robo,norte,8.0,baja,24,1.0,2024-01
2024-08-29,coquimbo,hurto,rural,10.0,media,57,8.0,2024-08
2024-02-27,illapel,accidente,rural,-3.0,alta,39,2.0,2024-02
2024-04-02,la serena,violencia,centro,3.0,baja,53,4.0,2024-04
2024-08-13,vicuna,robo,centro,2.0,alta,63,8.0,2024-08
NaN,andacollo,robo,rural,2.0,baja,67,NaN,NaN
2024-06-26,la serena,accidente,centro,17.0,media,36,6.0,2024-06
2024-02-04,la serena,robo,norte,-3.0,baja,17,2.0,2024-02
2024-03-17,illapel,accidente,centro,3.0,baja,53,3.0,2024-03
2024-03-29,coquimbo,hurto,rural,16.0,NaN,47,3.0,2024-03
2025-10-08,andacollo,NaN,norte,14.0,alta,26,10.0,2025-10
2025-02-02,ovalle,accidente,rural,15.0,alta,NaN,2.0,2025-02
2024-07-26,coquimbo,robo,rural,10.0,baja,23,7.0,2024-07
2025-07-06,andacollo,violencia,rural,15.0,baja,22,7.0,2025-07
2024-01-24,coquimbo,violencia,sur,1.0,media,68,1.0,2024-01
2025-04-29,salamanca,robo,NaN,5.0,baja,56,4.0,2025-04
2024-07-14,vicuna,hurto,norte,6.0,NaN,59,7.0,2024-07
2024-08-23,coquimbo,robo,centro,5.0,alta,14,8.0,2024-08
2025-11-22,illapel,accidente,NaN,2.0,alta,57,11.0,2025-11
2025-04-07,coquimbo,fraude,NaN,1.0,alta,64,4.0,2025-04
2025-12-08,ovalle,hurto,centro,11.0,media,59,12.0,2025-12
2025-06-07,ovalle,fraude,sur,14.0,baja,51,6.0,2025-06
2025-08-13,coquimbo,violencia,centro,19.0,baja,NaN,8.0,2025-08
2024-06-04,coquimbo,robo,sur,11.0,NaN,63,6.0,2024-06
2024-07-08,salamanca,accidente,sur,17.0,alta,56,7.0,2024-07
2025-07-28,coquimbo,fraude,centro,4.0,baja,27,7.0,2025-07
2024-03-01,la serena,accidente,rural,4.0,NaN,28,3.0,2024-03
2024-06-01,monte patria,accidente,rural,4.0,baja,29,6.0,2024-06
2025-04-19,andacollo,NaN,sur,16.0,baja,24,4.0,2025-04
2024-02-14,vicuna,robo,rural,15.0,baja,64,2.0,2024-02
2025-05-24,coquimbo,hurto,norte,16.0,media,41,5.0,2025-05
2025-05-21,andacollo,fraude,norte,3.0,NaN,NaN,5.0,2025-05
2025-04-19,vicuna,hurto,centro,19.0,baja,50,4.0,2025-04
2025-11-20,monte patria,NaN,centro,7.0,baja,50,11.0,2025-11
2024-07-10,salamanca,accidente,norte,8.0,alta,65,7.0,2024-07
2025-12-13,vicuna,robo,centro,8.0,media,55,12.0,2025-12
2025-05-05,coquimbo,fraude,norte,16.0,NaN,60,5.0,2025-05
2024-09-16,monte patria,accidente,sur,14.0,alta,53,9.0,2024-09
2024-04-12,la serena,accidente,rural,14.0,media,NaN,4.0,2024-04
2025-06-01,ovalle,hurto,centro,2.0,baja,40,6.0,2025-06
2024-12-22,salamanca,robo,NaN,3.0,baja,16,12.0,2024-12
2024-01-23,salamanca,NaN,centro,11.0,baja,65,1.0,2024-01
2024-03-19,salamanca,fraude,NaN,2.0,NaN,44,3.0,2024-03
2024-05-06,coquimbo,robo,sur,3.0,baja,18,5.0,2024-05
NaN,andacollo,accidente,norte,6.0,alta,45,NaN,NaN
NaN,vicuna,robo,centro,14.0,baja,17,NaN,NaN
NaN,la serena,robo,rural,1.0,media,42,NaN,NaN
NaN,coquimbo,violencia,rural,13.0,NaN,28,NaN,NaN
NaN,andacollo,accidente,rural,15.0,baja,39,NaN,NaN
2025-10-01,ovalle,NaN,rural,12.0,baja,18,10.0,2025-10
2024-11-24,la serena,NaN,norte,4.0,media,23,11.0,2024-11
2025-12-20,ovalle,violencia,norte,3.0,baja,42,12.0,2025-12
2024-05-09,illapel,violencia,rural,1.0,baja,18,5.0,2024-05
2025-06-11,coquimbo,accidente,norte,3.0,alta,16,6.0,2025-06
2025-02-05,monte patria,fraude,sur,6.0,alta,41,2.0,2025-02
NaN,ovalle,hurto,norte,4.0,alta,36,NaN,NaN
2024-07-07,vicuna,fraude,rural,1.0,baja,14,7.0,2024-07
2025-01-11,monte patria,hurto,centro,1.0,alta,60,1.0,2025-01
NaN,ovalle,robo,centro,3.0,baja,59,NaN,NaN
2025-08-03,la serena,hurto,centro,3.0,baja,22,8.0,2025-08
2024-06-12,coquimbo,robo,centro,19.0,NaN,57,6.0,2024-06
2025-10-31,andacollo,fraude,sur,15.0,alta,62,10.0,2025-10
2024-03-17,ovalle,fraude,centro,NaN,baja,23,3.0,2024-03
2024-07-08,illapel,robo,sur,19.0,media,63,7.0,2024-07
2025-10-15,coquimbo,violencia,norte,19.0,alta,45,10.0,2025-10
2025-01-11,la serena,robo,sur,17.0,media,NaN,1.0,2025-01
2025-09-27,ovalle,robo,centro,11.0,NaN,60,9.0,2025-09
2024-08-25,andacollo,NaN,rural,19.0,alta,59,8.0,2024-08
2024-09-15,andacollo,NaN,rural,6.0,alta,60,9.0,2024-09
2024-05-08,monte patria,accidente,rural,NaN,baja,26,5.0,2024-05
2024-05-06,vicuna,accidente,norte,9.0,NaN,62,5.0,2024-05
2025-02-27,salamanca,NaN,norte,13.0,NaN,29,2.0,2025-02
2024-03-22,coquimbo,NaN,centro,19.0,baja,59,3.0,2024-03
2025-08-23,andacollo,fraude,centro,19.0,alta,21,8.0,2025-08
2025-04-03,la serena,NaN,centro,5.0,alta,14,4.0,2025-04
2024-05-06,vicuna,violencia,centro,7.0,media,34,5.0,2024-05
2025-03-29,salamanca,NaN,centro,9.0,NaN,46,3.0,2025-03
2025-06-03,la serena,fraude,NaN,13.0,alta,29,6.0,2025-06
2024-09-25,salamanca,robo,norte,2.0,NaN,49,9.0,2024-09
2025-06-07,la serena,NaN,centro,NaN,alta,52,6.0,2025-06
NaN,illapel,NaN,norte,1.0,alta,35,NaN,NaN
2024-01-27,ovalle,NaN,NaN,10.0,NaN,49,1.0,2024-01
2025-06-21,coquimbo,violencia,rural,13.0,NaN,23,6.0,2025-06
2025-11-04,ovalle,NaN,sur,1.0,baja,NaN,11.0,2025-11
NaN,la serena,NaN,NaN,1.0,baja,58,NaN,NaN
2025-03-28,salamanca,violencia,centro,NaN,alta,18,3.0,2025-03
2024-09-29,ovalle,fraude,norte,4.0,baja,33,9.0,2024-09
2024-09-20,la serena,fraude,centro,9.0,NaN,23,9.0,2024-09
2025-03-13,vicuna,NaN,norte,2.0,NaN,43,3.0,2025-03
2025-04-08,coquimbo,hurto,rural,10.0,baja,38,4.0,2025-04
2024-02-21,illapel,hurto,centro,11.0,baja,18,2.0,2024-02
NaN,vicuna,hurto,norte,16.0,alta,18,NaN,NaN
NaN,salamanca,robo,centro,15.0,baja,NaN,NaN,NaN
2024-12-14,ovalle,hurto,sur,8.0,media,60,12.0,2024-12
2025-07-25,illapel,accidente,norte,4.0,baja,36,7.0,2025-07
2025-06-28,salamanca,robo,centro,2.0,media,59,6.0,2025-06
2024-08-09,la serena,robo,centro,7.0,NaN,39,8.0,2024-08
NaN,salamanca,robo,centro,7.0,alta,40,NaN,NaN
2024-04-06,vicuna,robo,norte,5.0,alta,69,4.0,2024-04
2024-02-29,andacollo,NaN,sur,NaN,media,63,2.0,2024-02
NaN,coquimbo,fraude,rural,4.0,baja,31,NaN,NaN
NaN,andacollo,violencia,NaN,19.0,alta,130,NaN,NaN
2024-01-30,vicuna,fraude,NaN,4.0,NaN,18,1.0,2024-01
2024-01-08,monte patria,robo,norte,10.0,baja,64,1.0,2024-01
2025-01-13,coquimbo,robo,sur,10.0,NaN,22,1.0,2025-01
2024-11-12,monte patria,robo,centro,17.0,alta,38,11.0,2024-11
2025-06-09,vicuna,robo,sur,3.0,alta,130,6.0,2025-06
2025-06-05,illapel,accidente,sur,9.0,baja,44,6.0,2025-06
2024-07-08,la serena,robo,norte,14.0,NaN,38,7.0,2024-07
2024-10-29,ovalle,accidente,NaN,16.0,baja,22,10.0,2024-10
2025-08-09,la serena,robo,norte,8.0,alta,34,8.0,2025-08
2024-12-29,coquimbo,accidente,NaN,7.0,baja,50,12.0,2024-12
2024-03-25,ovalle,robo,norte,5.0,alta,66,3.0,2024-03
NaN,salamanca,hurto,norte,3.0,alta,47,NaN,NaN
2025-05-21,la serena,robo,norte,17.0,baja,28,5.0,2025-05
2024-04-12,andacollo,hurto,norte,13.0,NaN,38,4.0,2024-04
2024-11-20,la serena,fraude,centro,18.0,media,30,11.0,2024-11
2025-10-10,vicuna,accidente,centro,6.0,media,57,10.0,2025-10
NaN,andacollo,fraude,norte,NaN,baja,27,NaN,NaN
2025-09-09,andacollo,robo,centro,8.0,alta,18,9.0,2025-09
2025-08-25,la serena,hurto,sur,9.0,baja,NaN,8.0,2025-08
2025-08-31,andacollo,robo,rural,10.0,alta,39,8.0,2025-08
2025-04-10,andacollo,violencia,norte,NaN,NaN,18,4.0,2025-04
2025-07-23,andacollo,hurto,norte,10.0,baja,16,7.0,2025-07
2024-01-10,vicuna,robo,sur,14.0,NaN,NaN,1.0,2024-01
2025-02-12,la serena,accidente,norte,19.0,alta,25,2.0,2025-02
2024-11-16,coquimbo,robo,NaN,16.0,NaN,23,11.0,2024-11
NaN,monte patria,NaN,sur,10.0,media,33,NaN,NaN
2025-01-02,vicuna,fraude,norte,12.0,NaN,50,1.0,2025-01
2025-10-03,salamanca,hurto,centro,2.0,alta,25,10.0,2025-10
2025-11-21,coquimbo,hurto,norte,NaN,alta,63,11.0,2025-11
2024-04-24,ovalle,NaN,sur,14.0,media,NaN,4.0,2024-04
NaN,salamanca,NaN,norte,16.0,NaN,NaN,NaN,NaN
2025-09-17,monte patria,robo,rural,9.0,baja,65,9.0,2025-09
NaN,monte patria,accidente,centro,12.0,alta,43,NaN,NaN
NaN,andacollo,accidente,NaN,16.0,NaN,62,NaN,NaN
2024-08-09,ovalle,violencia,sur,14.0,alta,30,8.0,2024-08
NaN,ovalle,accidente,sur,5.0,baja,21,NaN,NaN
2025-10-27,la serena,violencia,sur,4.0,alta,29,10.0,2025-10
2025-02-28,salamanca,robo,centro,6.0,baja,46,2.0,2025-02
NaN,la serena,violencia,rural,10.0,alta,65,NaN,NaN
2025-04-22,coquimbo,NaN,norte,NaN,alta,63,4.0,2025-04
2024-04-22,vicuna,fraude,norte,2.0,media,52,4.0,2024-04
NaN,ovalle,robo,centro,16.0,alta,29,NaN,NaN
2025-08-24,la serena,accidente,centro,NaN,media,24,8.0,2025-08
2024-10-01,salamanca,robo,sur,2.0,baja,52,10.0,2024-10
2025-10-13,coquimbo,hurto,NaN,4.0,NaN,15,10.0,2025-10
NaN,la serena,robo,centro,4.0,media,57,NaN,NaN
2024-05-25,coquimbo,robo,norte,19.0,alta,33,5.0,2024-05
2025-07-10,vicuna,NaN,sur,7.0,alta,NaN,7.0,2025-07
2024-10-23,ovalle,hurto,norte,11.0,media,24,10.0,2024-10
2024-12-25,salamanca,fraude,sur,6.0,media,38,12.0,2024-12
2025-01-25,monte patria,fraude,centro,8.0,baja,25,1.0,2025-01
NaN,illapel,fraude,centro,4.0,baja,41,NaN,NaN
2025-02-18,monte patria,hurto,norte,10.0,NaN,50,2.0,2025-02
2025-03-25,illapel,fraude,sur,NaN,baja,44,3.0,2025-03
2024-01-29,illapel,hurto,centro,NaN,baja,16,1.0,2024-01
2025-03-23,vicuna,hurto,NaN,14.0,baja,68,3.0,2025-03
2024-02-14,ovalle,NaN,NaN,16.0,NaN,32,2.0,2024-02
2025-04-02,monte patria,violencia,norte,14.0,baja,55,4.0,2025-04
2025-01-13,andacollo,violencia,centro,9.0,NaN,31,1.0,2025-01
2024-04-12,la serena,violencia,centro,4.0,NaN,54,4.0,2024-04
NaN,salamanca,accidente,norte,3.0,baja,67,NaN,NaN
2024-03-28,coquimbo,hurto,NaN,4.0,baja,65,3.0,2024-03
NaN,coquimbo,accidente,NaN,17.0,alta,52,NaN,NaN
2025-02-06,coquimbo,robo,norte,19.0,baja,52,2.0,2025-02
2025-05-14,vicuna,NaN,centro,1.0,alta,28,5.0,2025-05
2025-06-15,vicuna,fraude,norte,1.0,media,49,6.0,2025-06
NaN,la serena,hurto,sur,12.0,baja,18,NaN,NaN
2025-07-12,coquimbo,robo,centro,15.0,media,36,7.0,2025-07
NaN,illapel,robo,norte,19.0,NaN,68,NaN,NaN
2024-06-11,la serena,accidente,NaN,1.0,NaN,NaN,6.0,2024-06
2025-03-08,monte patria,NaN,norte,12.0,media,66,3.0,2025-03
2025-02-05,monte patria,hurto,centro,15.0,baja,49,2.0,2025-02
2025-02-22,coquimbo,hurto,norte,12.0,baja,45,2.0,2025-02
2024-10-24,la serena,fraude,norte,13.0,media,NaN,10.0,2024-10
2025-03-30,vicuna,robo,NaN,6.0,baja,54,3.0,2025-03
2024-07-27,salamanca,NaN,norte,16.0,media,19,7.0,2024-07
2025-01-26,ovalle,accidente,sur,NaN,NaN,68,1.0,2025-01
NaN,la serena,fraude,norte,6.0,NaN,48,NaN,NaN
2025-12-24,coquimbo,violencia,norte,3.0,media,38,12.0,2025-12
NaN,andacollo,hurto,norte,19.0,alta,29,NaN,NaN
2024-03-31,coquimbo,robo,rural,10.0,alta,30,3.0,2024-03
2025-10-03,la serena,NaN,centro,17.0,baja,58,10.0,2025-10
2024-07-04,ovalle,violencia,centro,16.0,NaN,NaN,7.0,2024-07
NaN,ovalle,accidente,sur,NaN,media,38,NaN,NaN
2024-09-07,ovalle,robo,centro,19.0,baja,49,9.0,2024-09
2025-05-22,la serena,fraude,norte,15.0,baja,14,5.0,2025-05
2025-06-04,vicuna,hurto,rural,7.0,baja,17,6.0,2025-06
2025-05-02,salamanca,hurto,centro,19.0,alta,17,5.0,2025-05
2025-10-25,salamanca,robo,centro,11.0,NaN,15,10.0,2025-10
2024-09-27,salamanca,fraude,centro,12.0,alta,20,9.0,2024-09
2025-03-07,andacollo,fraude,norte,NaN,NaN,34,3.0,2025-03
NaN,salamanca,robo,centro,13.0,NaN,NaN,NaN,NaN
2024-03-21,la serena,hurto,centro,12.0,baja,NaN,3.0,2024-03
2025-04-17,vicuna,robo,rural,15.0,alta,42,4.0,2025-04
2025-11-05,vicuna,hurto,centro,7.0,NaN,52,11.0,2025-11
NaN,la serena,hurto,norte,16.0,baja,69,NaN,NaN
2024-03-24,la serena,violencia,NaN,2.0,NaN,26,3.0,2024-03
2025-05-06,monte patria,violencia,rural,9.0,alta,37,5.0,2025-05
2024-02-20,salamanca,hurto,sur,4.0,NaN,48,2.0,2024-02
2025-03-17,coquimbo,robo,norte,15.0,media,22,3.0,2025-03
2025-08-30,ovalle,fraude,norte,10.0,baja,64,8.0,2025-08
2024-03-08,ovalle,NaN,centro,7.0,media,62,3.0,2024-03
2025-03-10,coquimbo,accidente,rural,9.0,NaN,32,3.0,2025-03
2025-01-19,la serena,accidente,centro,12.0,NaN,31,1.0,2025-01
2025-07-23,la serena,robo,rural,7.0,baja,37,7.0,2025-07
2025-07-11,vicuna,fraude,norte,13.0,alta,35,7.0,2025-07
2024-09-03,coquimbo,accidente,centro,NaN,alta,NaN,9.0,2024-09
NaN,vicuna,robo,sur,15.0,NaN,29,NaN,NaN
NaN,illapel,violencia,NaN,10.0,media,52,NaN,NaN
NaN,la serena,robo,norte,1.0,baja,34,NaN,NaN
2025-09-11,andacollo,hurto,rural,4.0,baja,15,9.0,2025-09
2024-06-08,illapel,robo,rural,15.0,baja,15,6.0,2024-06
2025-05-08,salamanca,robo,norte,9.0,media,66,5.0,2025-05
2024-04-23,coquimbo,fraude,NaN,14.0,alta,42,4.0,2024-04
2024-02-01,ovalle,accidente,rural,4.0,media,16,2.0,2024-02
NaN,ovalle,robo,norte,7.0,alta,NaN,NaN,NaN
NaN,la serena,fraude,norte,14.0,baja,65,NaN,NaN
2024-12-30,coquimbo,fraude,sur,3.0,baja,46,12.0,2024-12
2024-11-29,ovalle,hurto,norte,15.0,baja,14,11.0,2024-11
NaN,la serena,fraude,rural,4.0,alta,18,NaN,NaN
2024-07-25,vicuna,accidente,centro,NaN,baja,NaN,7.0,2024-07
2024-03-31,andacollo,robo,norte,NaN,baja,26,3.0,2024-03
2024-08-04,la serena,NaN,rural,2.0,NaN,53,8.0,2024-08
2024-02-12,monte patria,hurto,centro,1.0,alta,NaN,2.0,2024-02
2025-03-28,la serena,violencia,norte,9.0,alta,50,3.0,2025-03
2025-12-11,la serena,hurto,NaN,13.0,baja,NaN,12.0,2025-12
NaN,ovalle,violencia,sur,14.0,alta,37,NaN,NaN
2024-12-07,vicuna,robo,norte,3.0,NaN,23,12.0,2024-12
2025-01-21,la serena,violencia,sur,19.0,alta,22,1.0,2025-01
2025-07-27,monte patria,robo,norte,6.0,NaN,28,7.0,2025-07
2025-02-01,andacollo,robo,sur,10.0,media,63,2.0,2025-02
2024-07-01,ovalle,accidente,norte,19.0,baja,33,7.0,2024-07
2024-10-18,andacollo,violencia,norte,4.0,media,24,10.0,2024-10
2024-05-26,coquimbo,violencia,norte,NaN,baja,66,5.0,2024-05
2024-07-21,ovalle,accidente,norte,19.0,alta,50,7.0,2024-07
NaN,vicuna,hurto,norte,10.0,baja,37,NaN,NaN
2025-06-13,ovalle,accidente,centro,3.0,NaN,51,6.0,2025-06
2025-04-07,ovalle,accidente,norte,8.0,baja,38,4.0,2025-04
2025-07-27,ovalle,accidente,rural,19.0,baja,64,7.0,2025-07
NaN,coquimbo,robo,sur,16.0,alta,52,NaN,NaN
NaN,vicuna,NaN,centro,5.0,alta,20,NaN,NaN
2024-06-07,coquimbo,robo,norte,17.0,media,46,6.0,2024-06
2024-10-19,ovalle,robo,NaN,6.0,baja,33,10.0,2024-10
2024-09-20,coquimbo,fraude,rural,7.0,alta,58,9.0,2024-09
2025-07-15,vicuna,accidente,NaN,3.0,alta,64,7.0,2025-07
NaN,ovalle,accidente,centro,8.0,baja,NaN,NaN,NaN
2025-10-13,salamanca,violencia,centro,3.0,alta,65,10.0,2025-10
2024-04-03,andacollo,fraude,centro,10.0,baja,63,4.0,2024-04
NaN,monte patria,fraude,rural,16.0,alta,23,NaN,NaN
2024-04-10,coquimbo,fraude,rural,NaN,alta,57,4.0,2024-04
2025-03-06,monte patria,NaN,NaN,10.0,baja,20,3.0,2025-03
NaN,la serena,robo,norte,7.0,alta,30,NaN,NaN
2025-08-17,la serena,violencia,centro,18.0,alta,30,8.0,2025-08
NaN,coquimbo,accidente,norte,7.0,alta,64,NaN,NaN
NaN,la serena,fraude,NaN,5.0,baja,27,NaN,NaN
2025-11-07,coquimbo,accidente,norte,7.0,media,45,11.0,2025-11
2025-05-19,ovalle,accidente,rural,6.0,alta,26,5.0,2025-05
NaN,vicuna,NaN,norte,6.0,alta,31,NaN,NaN
2024-10-14,monte patria,hurto,centro,NaN,baja,57,10.0,2024-10
2024-03-19,la serena,NaN,sur,8.0,baja,NaN,3.0,2024-03
2024-01-16,la serena,robo,centro,6.0,NaN,48,1.0,2024-01
2024-10-11,ovalle,hurto,sur,2.0,NaN,65,10.0,2024-10
2024-01-04,la serena,accidente,norte,18.0,alta,20,1.0,2024-01
2025-12-25,la serena,NaN,centro,NaN,alta,67,12.0,2025-12
2025-11-07,la serena,NaN,NaN,9.0,NaN,21,11.0,2025-11
2025-12-27,la serena,NaN,centro,NaN,alta,40,12.0,2025-12
2024-10-06,la serena,NaN,sur,NaN,alta,59,10.0,2024-10
2025-06-29,monte patria,accidente,norte,13.0,baja,40,6.0,2025-06
2025-11-26,ovalle,fraude,sur,11.0,baja,66,11.0,2025-11
2024-06-18,la serena,NaN,centro,4.0,NaN,46,6.0,2024-06
NaN,la serena,robo,NaN,5.0,alta,48,NaN,NaN
2024-01-01,ovalle,accidente,sur,19.0,NaN,36,1.0,2024-01
2025-05-03,illapel,robo,centro,NaN,NaN,45,5.0,2025-05
2024-03-30,ovalle,fraude,NaN,NaN,baja,32,3.0,2024-03
NaN,illapel,fraude,NaN,14.0,alta,30,NaN,NaN
2024-03-29,la serena,fraude,rural,13.0,alta,40,3.0,2024-03
2025-12-15,ovalle,robo,centro,14.0,NaN,34,12.0,2025-12
NaN,vicuna,violencia,rural,2.0,media,56,NaN,NaN
2024-06-25,coquimbo,hurto,centro,3.0,media,47,6.0,2024-06
2025-06-24,salamanca,robo,centro,6.0,alta,52,6.0,2025-06
2025-06-13,la serena,violencia,rural,3.0,NaN,67,6.0,2025-06
2025-12-15,la serena,NaN,norte,19.0,baja,67,12.0,2025-12
2025-01-30,monte patria,hurto,centro,17.0,media,23,1.0,2025-01
2025-04-23,ovalle,NaN,norte,6.0,baja,41,4.0,2025-04
2025-11-26,ovalle,robo,NaN,4.0,alta,54,11.0,2025-11
NaN,salamanca,fraude,rural,17.0,baja,34,NaN,NaN
NaN,andacollo,accidente,NaN,4.0,NaN,63,NaN,NaN
2024-05-21,la serena,accidente,sur,NaN,media,NaN,5.0,2024-05
2025-08-24,vicuna,NaN,centro,17.0,media,NaN,8.0,2025-08
2025-09-28,salamanca,NaN,rural,9.0,media,44,9.0,2025-09
2025-08-21,ovalle,violencia,norte,10.0,baja,18,8.0,2025-08
2024-08-28,la serena,robo,rural,12.0,baja,NaN,8.0,2024-08
2024-04-03,la serena,robo,centro,18.0,NaN,NaN,4.0,2024-04
NaN,vicuna,violencia,NaN,7.0,alta,48,NaN,NaN
NaN,monte patria,NaN,norte,4.0,media,58,NaN,NaN
2024-11-11,ovalle,robo,sur,15.0,baja,39,11.0,2024-11
2025-10-29,salamanca,NaN,norte,17.0,baja,NaN,10.0,2025-10
2024-05-16,vicuna,robo,NaN,3.0,baja,58,5.0,2024-05
2024-08-08,la serena,NaN,NaN,4.0,baja,19,8.0,2024-08
NaN,ovalle,NaN,norte,4.0,alta,41,NaN,NaN
2025-01-12,monte patria,robo,centro,4.0,baja,NaN,1.0,2025-01
2024-03-30,ovalle,robo,rural,2.0,baja,57,3.0,2024-03
2024-12-14,la serena,NaN,norte,7.0,alta,23,12.0,2024-12
2024-01-20,coquimbo,fraude,centro,18.0,NaN,64,1.0,2024-01
2024-06-29,vicuna,hurto,sur,13.0,media,23,6.0,2024-06
2024-07-09,la serena,robo,sur,NaN,baja,37,7.0,2024-07
2025-10-11,vicuna,violencia,sur,9.0,NaN,33,10.0,2025-10
2024-06-07,la serena,fraude,sur,15.0,alta,52,6.0,2024-06
NaN,la serena,NaN,centro,19.0,NaN,55,NaN,NaN
NaN,coquimbo,robo,centro,16.0,media,46,NaN,NaN
2024-03-01,salamanca,robo,sur,3.0,baja,18,3.0,2024-03
2024-01-06,coquimbo,robo,sur,3.0,media,52,1.0,2024-01
2025-12-18,illapel,NaN,norte,2.0,alta,15,12.0,2025-12
2024-01-21,coquimbo,robo,norte,19.0,media,54,1.0,2024-01
2024-03-30,la serena,fraude,centro,5.0,alta,45,3.0,2024-03
2024-01-11,ovalle,NaN,norte,8.0,baja,66,1.0,2024-01
2024-07-13,coquimbo,robo,sur,17.0,baja,66,7.0,2024-07
2025-02-10,la serena,accidente,norte,10.0,media,41,2.0,2025-02
2025-07-13,illapel,violencia,norte,15.0,alta,33,7.0,2025-07
2024-05-15,la serena,NaN,NaN,1.0,alta,57,5.0,2024-05
2024-08-04,salamanca,violencia,centro,15.0,alta,43,8.0,2024-08
2025-07-21,andacollo,accidente,centro,16.0,baja,19,7.0,2025-07
2025-09-03,coquimbo,fraude,centro,10.0,alta,54,9.0,2025-09
2025-01-04,ovalle,NaN,norte,10.0,alta,37,1.0,2025-01
NaN,ovalle,robo,NaN,16.0,alta,58,NaN,NaN
2024-04-18,la serena,NaN,NaN,12.0,NaN,45,4.0,2024-04
2025-08-28,monte patria,NaN,centro,17.0,alta,29,8.0,2025-08
2024-10-14,illapel,accidente,centro,18.0,alta,59,10.0,2024-10
2024-08-21,vicuna,robo,norte,9.0,baja,50,8.0,2024-08
2025-10-14,la serena,accidente,NaN,6.0,media,25,10.0,2025-10
2025-03-27,ovalle,fraude,rural,4.0,baja,35,3.0,2025-03
2024-01-30,coquimbo,hurto,centro,15.0,media,67,1.0,2024-01
2025-09-02,monte patria,violencia,NaN,15.0,baja,14,9.0,2025-09
NaN,salamanca,NaN,norte,9.0,alta,45,NaN,NaN
2025-03-11,andacollo,violencia,NaN,4.0,baja,27,3.0,2025-03
2025-04-30,coquimbo,NaN,centro,19.0,alta,21,4.0,2025-04
NaN,la serena,robo,rural,1.0,media,15,NaN,NaN
2025-04-27,vicuna,robo,norte,3.0,NaN,NaN,4.0,2025-04
2025-05-19,monte patria,accidente,norte,9.0,alta,NaN,5.0,2025-05
2024-07-25,andacollo,hurto,norte,4.0,alta,66,7.0,2024-07
NaN,salamanca,accidente,centro,8.0,baja,63,NaN,NaN
2025-09-03,la serena,NaN,rural,10.0,NaN,15,9.0,2025-09
2025-08-12,vicuna,robo,centro,NaN,baja,56,8.0,2025-08
NaN,ovalle,fraude,norte,NaN,alta,14,NaN,NaN
NaN,vicuna,fraude,sur,11.0,alta,19,NaN,NaN
2024-12-08,monte patria,hurto,centro,18.0,baja,16,12.0,2024-12
2025-11-20,coquimbo,hurto,centro,7.0,alta,40,11.0,2025-11
2024-12-03,ovalle,hurto,norte,11.0,alta,58,12.0,2024-12
2024-01-19,coquimbo,hurto,centro,14.0,NaN,67,1.0,2024-01
2024-07-12,ovalle,fraude,rural,3.0,baja,60,7.0,2024-07
2025-12-24,ovalle,hurto,centro,9.0,baja,69,12.0,2025-12
2025-12-13,la serena,accidente,norte,NaN,baja,14,12.0,2025-12
NaN,vicuna,robo,sur,4.0,alta,64,NaN,NaN
NaN,andacollo,robo,rural,4.0,baja,31,NaN,NaN
2025-08-11,vicuna,NaN,centro,8.0,NaN,48,8.0,2025-08
NaN,illapel,NaN,centro,13.0,baja,60,NaN,NaN
2024-01-19,la serena,robo,centro,4.0,alta,23,1.0,2024-01
NaN,vicuna,fraude,rural,NaN,alta,63,NaN,NaN
2024-08-31,illapel,violencia,norte,9.0,baja,21,8.0,2024-08
NaN,vicuna,NaN,rural,11.0,baja,37,NaN,NaN
2024-07-26,la serena,accidente,sur,11.0,baja,65,7.0,2024-07
2024-09-09,la serena,robo,sur,11.0,baja,41,9.0,2024-09
2024-08-17,andacollo,violencia,NaN,19.0,baja,55,8.0,2024-08
2024-11-03,coquimbo,robo,sur,11.0,baja,68,11.0,2024-11
2025-11-04,vicuna,accidente,sur,6.0,baja,30,11.0,2025-11
2025-09-30,ovalle,robo,norte,6.0,alta,49,9.0,2025-09
2025-11-22,monte patria,robo,centro,7.0,NaN,45,11.0,2025-11
2024-03-28,andacollo,robo,norte,17.0,alta,19,3.0,2024-03
2024-07-09,ovalle,robo,norte,19.0,alta,48,7.0,2024-07
NaN,vicuna,violencia,rural,5.0,baja,63,NaN,NaN
2025-06-29,la serena,violencia,norte,13.0,baja,58,6.0,2025-06
2024-04-24,la serena,robo,norte,17.0,media,31,4.0,2024-04
2024-12-25,vicuna,hurto,centro,5.0,media,NaN,12.0,2024-12
NaN,la serena,NaN,centro,5.0,baja,28,NaN,NaN
2024-06-13,coquimbo,hurto,sur,16.0,baja,57,6.0,2024-06
2025-11-18,la serena,accidente,centro,4.0,media,31,11.0,2025-11
2024-07-20,andacollo,accidente,rural,4.0,baja,32,7.0,2024-07
2025-07-03,coquimbo,NaN,norte,14.0,alta,60,7.0,2025-07
2024-10-24,salamanca,robo,NaN,17.0,baja,22,10.0,2024-10
NaN,coquimbo,violencia,centro,9.0,NaN,30,NaN,NaN
2025-01-21,la serena,NaN,centro,10.0,baja,NaN,1.0,2025-01
2025-07-26,la serena,robo,norte,10.0,NaN,50,7.0,2025-07
2025-10-21,ovalle,hurto,centro,2.0,alta,47,10.0,2025-10
NaN,illapel,fraude,NaN,NaN,baja,53,NaN,NaN
2025-09-02,vicuna,NaN,centro,11.0,NaN,65,9.0,2025-09
2025-11-29,andacollo,fraude,norte,1.0,media,24,11.0,2025-11
2024-04-17,andacollo,violencia,sur,18.0,baja,NaN,4.0,2024-04
2024-04-06,andacollo,robo,norte,10.0,alta,NaN,4.0,2024-04
2024-06-19,vicuna,fraude,norte,7.0,baja,48,6.0,2024-06
2024-09-23,vicuna,robo,norte,4.0,baja,14,9.0,2024-09
NaN,la serena,accidente,centro,8.0,NaN,14,NaN,NaN
2025-06-28,ovalle,hurto,norte,10.0,alta,24,6.0,2025-06
2024-07-11,la serena,NaN,norte,8.0,alta,48,7.0,2024-07
2025-06-18,illapel,fraude,centro,8.0,baja,69,6.0,2025-06
2025-11-09,vicuna,robo,norte,10.0,baja,NaN,11.0,2025-11
2025-06-08,coquimbo,hurto,centro,17.0,media,39,6.0,2025-06
NaN,la serena,hurto,centro,18.0,NaN,23,NaN,NaN
2025-07-20,la serena,accidente,rural,9.0,alta,43,7.0,2025-07
2024-08-06,monte patria,robo,norte,7.0,alta,19,8.0,2024-08
2025-01-14,ovalle,robo,centro,15.0,NaN,37,1.0,2025-01
NaN,la serena,violencia,rural,1.0,baja,27,NaN,NaN
2025-11-01,vicuna,violencia,centro,15.0,media,17,11.0,2025-11
2024-02-10,la serena,fraude,norte,14.0,alta,67,2.0,2024-02
NaN,monte patria,fraude,norte,8.0,baja,18,NaN,NaN
2024-03-06,la serena,robo,sur,15.0,alta,20,3.0,2024-03
2024-07-29,andacollo,hurto,sur,14.0,alta,46,7.0,2024-07
2024-05-24,monte patria,robo,rural,18.0,media,31,5.0,2024-05
2025-10-10,ovalle,fraude,sur,11.0,alta,26,10.0,2025-10
2025-03-21,la serena,NaN,centro,7.0,media,57,3.0,2025-03
2025-06-27,la serena,robo,norte,3.0,alta,53,6.0,2025-06
NaN,salamanca,robo,centro,14.0,NaN,43,NaN,NaN
2024-12-14,vicuna,NaN,rural,16.0,baja,21,12.0,2024-12
2024-02-15,ovalle,accidente,centro,8.0,media,34,2.0,2024-02
2025-04-07,la serena,NaN,sur,12.0,alta,60,4.0,2025-04
2024-09-15,ovalle,accidente,centro,5.0,NaN,68,9.0,2024-09
NaN,ovalle,robo,norte,16.0,baja,14,NaN,NaN
NaN,la serena,hurto,norte,17.0,alta,69,NaN,NaN
2024-01-13,monte patria,NaN,centro,4.0,baja,NaN,1.0,2024-01
NaN,monte patria,accidente,rural,4.0,NaN,51,NaN,NaN
2024-10-18,andacollo,accidente,sur,6.0,NaN,41,10.0,2024-10
NaN,monte patria,NaN,centro,5.0,NaN,18,NaN,NaN
2025-05-26,la serena,robo,centro,16.0,baja,56,5.0,2025-05
2024-11-26,vicuna,robo,centro,16.0,baja,30,11.0,2024-11
2024-03-20,ovalle,violencia,NaN,5.0,media,30,3.0,2024-03
2025-01-16,illapel,robo,centro,5.0,alta,64,1.0,2025-01
2025-01-22,la serena,robo,sur,12.0,alta,18,1.0,2025-01
2024-03-24,la serena,hurto,centro,4.0,alta,NaN,3.0,2024-03
2025-03-11,ovalle,hurto,centro,12.0,NaN,33,3.0,2025-03
2025-12-24,monte patria,fraude,norte,3.0,media,27,12.0,2025-12
2024-08-01,illapel,fraude,norte,3.0,NaN,17,8.0,2024-08
NaN,salamanca,NaN,sur,NaN,baja,36,NaN,NaN
2025-10-16,la serena,hurto,NaN,11.0,media,53,10.0,2025-10
2025-02-11,monte patria,accidente,rural,12.0,alta,31,2.0,2025-02
2024-10-10,vicuna,accidente,sur,5.0,alta,66,10.0,2024-10
NaN,coquimbo,NaN,rural,17.0,alta,63,NaN,NaN
2024-01-22,ovalle,accidente,centro,16.0,alta,62,1.0,2024-01
2024-10-31,vicuna,robo,sur,19.0,baja,52,10.0,2024-10
2025-04-13,illapel,robo,NaN,7.0,media,38,4.0,2025-04
2024-05-07,illapel,fraude,sur,2.0,alta,57,5.0,2024-05
2024-11-18,coquimbo,accidente,centro,4.0,alta,NaN,11.0,2024-11
2024-12-25,ovalle,hurto,rural,13.0,baja,25,12.0,2024-12
NaN,la serena,robo,centro,19.0,media,27,NaN,NaN
2024-01-12,ovalle,hurto,norte,10.0,baja,46,1.0,2024-01
2025-11-01,illapel,fraude,sur,5.0,baja,38,11.0,2025-11
2024-11-11,illapel,robo,centro,12.0,media,53,11.0,2024-11
2025-03-30,la serena,robo,centro,5.0,alta,30,3.0,2025-03
NaN,la serena,fraude,norte,16.0,NaN,21,NaN,NaN
NaN,la serena,fraude,sur,17.0,media,61,NaN,NaN
NaN,ovalle,violencia,rural,12.0,baja,24,NaN,NaN
2024-08-22,ovalle,robo,sur,18.0,baja,30,8.0,2024-08
NaN,vicuna,robo,rural,3.0,alta,NaN,NaN,NaN
NaN,vicuna,robo,sur,7.0,NaN,33,NaN,NaN
2024-08-05,ovalle,robo,centro,19.0,NaN,29,8.0,2024-08
2025-07-13,vicuna,accidente,NaN,19.0,NaN,42,7.0,2025-07
NaN,ovalle,fraude,norte,3.0,alta,51,NaN,NaN
2025-05-12,andacollo,NaN,centro,3.0,baja,45,5.0,2025-05
2024-08-16,la serena,robo,norte,9.0,baja,25,8.0,2024-08
2025-01-18,ovalle,hurto,sur,6.0,alta,14,1.0,2025-01
2025-09-26,monte patria,accidente,rural,NaN,alta,NaN,9.0,2025-09
2025-11-19,vicuna,accidente,NaN,5.0,media,58,11.0,2025-11
2025-08-13,monte patria,robo,NaN,6.0,baja,58,8.0,2025-08
2024-04-26,la serena,robo,sur,12.0,NaN,35,4.0,2024-04
2024-11-03,coquimbo,accidente,norte,14.0,baja,53,11.0,2024-11
2025-09-02,coquimbo,robo,sur,5.0,baja,29,9.0,2025-09
2024-01-01,la serena,fraude,centro,17.0,baja,NaN,1.0,2024-01
NaN,ovalle,NaN,norte,12.0,baja,19,NaN,NaN
NaN,la serena,NaN,norte,17.0,baja,35,NaN,NaN
NaN,vicuna,violencia,rural,5.0,media,46,NaN,NaN
NaN,coquimbo,hurto,sur,15.0,media,57,NaN,NaN
2024-10-09,la serena,NaN,centro,8.0,baja,66,10.0,2024-10
2025-04-19,monte patria,robo,centro,10.0,alta,41,4.0,2025-04
2024-01-09,salamanca,robo,rural,7.0,baja,42,1.0,2024-01
NaN,vicuna,violencia,sur,18.0,baja,18,NaN,NaN
2025-03-23,la serena,hurto,NaN,12.0,baja,45,3.0,2025-03
2024-11-29,vicuna,fraude,NaN,5.0,alta,28,11.0,2024-11
2024-10-27,la serena,accidente,NaN,NaN,alta,64,10.0,2024-10
NaN,monte patria,violencia,norte,13.0,NaN,NaN,NaN,NaN
2025-07-17,la serena,robo,centro,2.0,alta,68,7.0,2025-07
2025-12-27,monte patria,accidente,rural,10.0,alta,33,12.0,2025-12
NaN,salamanca,robo,sur,11.0,alta,27,NaN,NaN
2024-12-15,monte patria,NaN,centro,16.0,alta,53,12.0,2024-12
2025-01-06,ovalle,NaN,sur,4.0,alta,41,1.0,2025-01
2025-04-22,la serena,robo,norte,16.0,alta,33,4.0,2025-04
2025-04-06,monte patria,accidente,norte,19.0,baja,23,4.0,2025-04
2025-07-29,la serena,NaN,NaN,9.0,baja,41,7.0,2025-07
2024-09-30,monte patria,NaN,centro,11.0,media,22,9.0,2024-09
2024-10-11,monte patria,fraude,centro,10.0,alta,61,10.0,2024-10
2024-06-02,la serena,hurto,norte,11.0,alta,43,6.0,2024-06
2025-09-01,vicuna,NaN,centro,18.0,alta,54,9.0,2025-09
NaN,ovalle,robo,sur,1.0,baja,57,NaN,NaN
2024-10-15,monte patria,fraude,centro,13.0,media,NaN,10.0,2024-10
2024-10-14,coquimbo,NaN,NaN,9.0,NaN,69,10.0,2024-10
2024-08-01,la serena,NaN,centro,18.0,baja,36,8.0,2024-08
2024-06-17,la serena,robo,norte,17.0,baja,36,6.0,2024-06
2024-01-23,coquimbo,NaN,centro,6.0,alta,63,1.0,2024-01
2025-06-14,la serena,violencia,norte,15.0,NaN,49,6.0,2025-06
2024-04-07,monte patria,hurto,sur,18.0,NaN,53,4.0,2024-04
2025-07-26,ovalle,fraude,centro,5.0,media,NaN,7.0,2025-07
2024-09-03,la serena,fraude,rural,13.0,baja,37,9.0,2024-09
NaN,la serena,violencia,NaN,3.0,alta,69,NaN,NaN
2024-05-22,ovalle,accidente,centro,2.0,baja,38,5.0,2024-05
2024-01-13,coquimbo,NaN,norte,17.0,NaN,NaN,1.0,2024-01
2024-11-09,andacollo,robo,norte,8.0,media,NaN,11.0,2024-11
NaN,la serena,NaN,norte,7.0,alta,59,NaN,NaN
2024-11-06,coquimbo,violencia,centro,14.0,alta,16,11.0,2024-11
2025-07-24,monte patria,robo,norte,19.0,NaN,32,7.0,2025-07
2025-08-07,la serena,robo,centro,6.0,NaN,61,8.0,2025-08
NaN,ovalle,fraude,norte,18.0,alta,NaN,NaN,NaN
NaN,ovalle,robo,norte,6.0,NaN,40,NaN,NaN
2024-05-24,andacollo,violencia,sur,NaN,media,25,5.0,2024-05
2025-09-18,la serena,hurto,sur,15.0,NaN,43,9.0,2025-09
2025-04-20,vicuna,NaN,sur,15.0,alta,69,4.0,2025-04
2024-12-30,coquimbo,hurto,norte,8.0,alta,42,12.0,2024-12
2025-01-01,salamanca,robo,sur,2.0,media,50,1.0,2025-01
NaN,monte patria,robo,norte,9.0,NaN,14,NaN,NaN
2025-07-09,illapel,violencia,rural,NaN,alta,14,7.0,2025-07
2024-09-19,monte patria,accidente,centro,3.0,baja,38,9.0,2024-09
2024-09-05,andacollo,hurto,rural,12.0,alta,57,9.0,2024-09
2024-02-12,la serena,accidente,norte,14.0,NaN,62,2.0,2024-02
2024-06-02,coquimbo,fraude,norte,17.0,media,66,6.0,2024-06
2024-08-18,la serena,robo,centro,18.0,alta,65,8.0,2024-08
2025-01-02,illapel,hurto,NaN,NaN,alta,NaN,1.0,2025-01
2025-08-27,monte patria,robo,centro,14.0,NaN,58,8.0,2025-08
2024-05-08,salamanca,robo,sur,2.0,media,33,5.0,2024-05
2025-07-09,illapel,NaN,rural,17.0,alta,47,7.0,2025-07
2024-08-19,la serena,accidente,norte,11.0,baja,36,8.0,2024-08
2024-03-22,la serena,robo,norte,8.0,NaN,NaN,3.0,2024-03
NaN,coquimbo,NaN,norte,12.0,baja,16,NaN,NaN
2025-03-04,ovalle,accidente,NaN,NaN,NaN,41,3.0,2025-03
2025-01-19,la serena,violencia,centro,0.0,NaN,26,1.0,2025-01
NaN,coquimbo,hurto,centro,10.0,alta,61,NaN,NaN
2024-07-23,vicuna,robo,norte,9.0,NaN,56,7.0,2024-07
2025-06-17,la serena,NaN,rural,1.0,NaN,46,6.0,2025-06
2025-01-02,illapel,robo,norte,12.0,alta,60,1.0,2025-01
NaN,monte patria,hurto,centro,1.0,baja,68,NaN,NaN
2024-10-26,la serena,accidente,rural,1.0,baja,59,10.0,2024-10
2024-07-02,coquimbo,violencia,centro,7.0,media,49,7.0,2024-07
2024-08-14,salamanca,hurto,centro,13.0,baja,66,8.0,2024-08
2025-01-27,vicuna,fraude,sur,10.0,NaN,35,1.0,2025-01
NaN,illapel,NaN,norte,6.0,media,23,NaN,NaN
2025-08-08,coquimbo,violencia,rural,19.0,baja,64,8.0,2025-08
2024-06-20,illapel,accidente,centro,10.0,alta,26,6.0,2024-06
2024-07-14,ovalle,NaN,centro,19.0,alta,69,7.0,2024-07
2025-11-25,ovalle,violencia,norte,11.0,alta,29,11.0,2025-11
2025-05-21,ovalle,violencia,NaN,14.0,alta,42,5.0,2025-05
2025-03-28,coquimbo,accidente,NaN,7.0,media,22,3.0,2025-03
NaN,monte patria,hurto,rural,10.0,NaN,35,NaN,NaN
2024-11-29,illapel,accidente,centro,2.0,NaN,67,11.0,2024-11
2025-12-07,illapel,NaN,sur,6.0,media,42,12.0,2025-12
2024-07-31,la serena,robo,NaN,6.0,alta,44,7.0,2024-07
2025-12-22,andacollo,NaN,centro,2.0,alta,39,12.0,2025-12
2024-10-27,vicuna,NaN,NaN,9.0,NaN,28,10.0,2024-10
NaN,la serena,violencia,rural,10.0,media,NaN,NaN,NaN
2025-10-20,ovalle,NaN,NaN,8.0,NaN,53,10.0,2025-10
2025-02-11,illapel,violencia,centro,7.0,NaN,57,2.0,2025-02
2024-01-19,monte patria,hurto,norte,10.0,baja,18,1.0,2024-01
2024-10-28,coquimbo,robo,centro,14.0,NaN,32,10.0,2024-10
NaN,andacollo,hurto,norte,12.0,media,25,NaN,NaN
2025-09-06,la serena,robo,centro,8.0,baja,15,9.0,2025-09
2025-01-20,monte patria,violencia,centro,17.0,media,63,1.0,2025-01
2025-11-09,vicuna,violencia,norte,5.0,media,66,11.0,2025-11
NaN,la serena,robo,centro,5.0,baja,53,NaN,NaN
NaN,vicuna,violencia,NaN,15.0,media,68,NaN,NaN
NaN,coquimbo,robo,centro,15.0,baja,57,NaN,NaN
2025-12-16,vicuna,hurto,sur,10.0,alta,63,12.0,2025-12
2024-09-04,andacollo,NaN,norte,5.0,NaN,16,9.0,2024-09
2024-09-10,salamanca,accidente,norte,9.0,alta,14,9.0,2024-09
2024-09-05,la serena,robo,centro,12.0,media,67,9.0,2024-09
2024-04-15,illapel,accidente,rural,18.0,alta,14,4.0,2024-04
2024-06-25,monte patria,accidente,norte,-3.0,media,69,6.0,2024-06
2024-10-29,andacollo,robo,rural,17.0,baja,16,10.0,2024-10
2025-04-22,la serena,robo,rural,6.0,alta,28,4.0,2025-04
2024-05-06,coquimbo,fraude,rural,1.0,media,69,5.0,2024-05
2025-08-29,la serena,accidente,centro,16.0,baja,60,8.0,2025-08
NaN,la serena,fraude,centro,8.0,baja,NaN,NaN,NaN
2024-08-06,coquimbo,NaN,NaN,19.0,NaN,53,8.0,2024-08
2024-06-21,la serena,robo,sur,14.0,baja,48,6.0,2024-06
2024-05-27,salamanca,robo,centro,NaN,baja,23,5.0,2024-05
2024-05-16,vicuna,NaN,norte,14.0,baja,NaN,5.0,2024-05
NaN,illapel,NaN,norte,4.0,NaN,16,NaN,NaN
2025-01-23,monte patria,fraude,norte,NaN,NaN,14,1.0,2025-01
2024-08-22,andacollo,hurto,rural,NaN,NaN,52,8.0,2024-08
2024-12-01,vicuna,NaN,sur,1.0,alta,43,12.0,2024-12
2024-01-30,andacollo,NaN,norte,16.0,alta,18,1.0,2024-01
NaN,salamanca,NaN,norte,15.0,baja,31,NaN,NaN
2024-12-09,salamanca,NaN,sur,6.0,baja,54,12.0,2024-12
2025-01-29,coquimbo,robo,norte,5.0,alta,16,1.0,2025-01
NaN,ovalle,hurto,sur,1.0,alta,NaN,NaN,NaN
2025-09-29,ovalle,robo,norte,NaN,media,32,9.0,2025-09
2024-02-18,illapel,robo,norte,1.0,alta,27,2.0,2024-02
2024-12-02,andacollo,robo,NaN,6.0,NaN,66,12.0,2024-12
2025-11-12,ovalle,hurto,centro,7.0,baja,43,11.0,2025-11
2025-07-17,coquimbo,accidente,NaN,16.0,baja,52,7.0,2025-07
2025-11-04,vicuna,violencia,sur,14.0,alta,5,11.0,2025-11
2024-12-28,vicuna,violencia,rural,16.0,NaN,68,12.0,2024-12
2025-11-14,illapel,violencia,sur,19.0,baja,27,11.0,2025-11
NaN,la serena,NaN,norte,19.0,alta,27,NaN,NaN
2025-12-15,vicuna,robo,NaN,NaN,baja,66,12.0,2025-12
2025-01-15,illapel,NaN,norte,9.0,alta,28,1.0,2025-01
2025-10-07,vicuna,fraude,norte,4.0,baja,NaN,10.0,2025-10
2024-11-04,la serena,accidente,rural,1.0,baja,40,11.0,2024-11
2025-12-09,salamanca,hurto,norte,NaN,NaN,16,12.0,2025-12
2024-08-04,monte patria,hurto,centro,7.0,alta,58,8.0,2024-08
2024-09-13,coquimbo,robo,centro,14.0,alta,34,9.0,2024-09
2024-09-28,andacollo,robo,centro,17.0,media,23,9.0,2024-09
2025-08-20,la serena,accidente,sur,2.0,NaN,43,8.0,2025-08
2025-08-06,ovalle,robo,sur,0.0,alta,57,8.0,2025-08
NaN,la serena,fraude,norte,10.0,baja,39,NaN,NaN
2025-07-01,la serena,hurto,norte,3.0,media,15,7.0,2025-07
2024-02-16,illapel,accidente,norte,NaN,NaN,NaN,2.0,2024-02
NaN,salamanca,NaN,NaN,2.0,media,18,NaN,NaN
2024-05-08,coquimbo,accidente,centro,6.0,alta,47,5.0,2024-05
2025-06-05,vicuna,NaN,NaN,8.0,baja,35,6.0,2025-06
NaN,illapel,fraude,rural,11.0,baja,51,NaN,NaN
NaN,salamanca,accidente,rural,17.0,NaN,24,NaN,NaN
NaN,coquimbo,fraude,NaN,14.0,baja,16,NaN,NaN
2024-02-14,la serena,accidente,rural,5.0,baja,44,2.0,2024-02
NaN,la serena,robo,sur,19.0,media,63,NaN,NaN
NaN,la serena,accidente,rural,6.0,NaN,31,NaN,NaN
2025-05-29,coquimbo,accidente,norte,17.0,media,37,5.0,2025-05
2024-09-16,illapel,NaN,sur,NaN,NaN,NaN,9.0,2024-09
2024-02-05,ovalle,NaN,norte,3.0,baja,21,2.0,2024-02
2025-05-16,coquimbo,fraude,NaN,19.0,alta,31,5.0,2025-05
2024-09-22,vicuna,accidente,NaN,14.0,baja,57,9.0,2024-09
2024-10-22,la serena,hurto,norte,NaN,alta,48,10.0,2024-10
2024-04-25,ovalle,robo,centro,1.0,NaN,42,4.0,2024-04
2024-06-05,monte patria,robo,centro,2.0,baja,33,6.0,2024-06
2025-04-28,ovalle,robo,norte,18.0,baja,53,4.0,2025-04
2024-04-22,coquimbo,accidente,sur,17.0,media,60,4.0,2024-04
NaN,vicuna,robo,norte,9.0,NaN,46,NaN,NaN
2024-12-15,salamanca,accidente,centro,2.0,alta,NaN,12.0,2024-12
2025-05-28,vicuna,violencia,centro,8.0,media,50,5.0,2025-05
2025-06-15,andacollo,violencia,centro,18.0,baja,NaN,6.0,2025-06
2024-05-01,illapel,robo,centro,5.0,media,67,5.0,2024-05
NaN,coquimbo,violencia,NaN,9.0,baja,50,NaN,NaN
2025-08-29,vicuna,fraude,sur,8.0,media,35,8.0,2025-08
NaN,coquimbo,fraude,norte,15.0,alta,34,NaN,NaN
2025-12-22,vicuna,hurto,norte,14.0,alta,38,12.0,2025-12
2025-10-30,salamanca,violencia,NaN,7.0,alta,69,10.0,2025-10
2024-02-28,andacollo,robo,norte,15.0,baja,41,2.0,2024-02
2025-04-30,ovalle,accidente,rural,14.0,NaN,NaN,4.0,2025-04
2025-11-19,salamanca,fraude,centro,1.0,baja,67,11.0,2025-11
2024-12-31,salamanca,robo,norte,18.0,media,25,12.0,2024-12
2025-06-08,la serena,fraude,sur,11.0,NaN,65,6.0,2025-06
NaN,andacollo,robo,centro,4.0,media,66,NaN,NaN
2025-12-08,ovalle,fraude,sur,16.0,media,54,12.0,2025-12
2024-11-14,vicuna,robo,centro,5.0,alta,53,11.0,2024-11
2025-12-09,ovalle,robo,rural,NaN,NaN,NaN,12.0,2025-12
NaN,monte patria,hurto,NaN,7.0,baja,46,NaN,NaN
NaN,ovalle,fraude,norte,6.0,NaN,58,NaN,NaN
2025-02-24,salamanca,accidente,norte,16.0,NaN,41,2.0,2025-02
NaN,vicuna,robo,sur,17.0,NaN,55,NaN,NaN
2025-07-25,coquimbo,accidente,sur,3.0,media,57,7.0,2025-07
2025-09-09,coquimbo,fraude,sur,19.0,alta,30,9.0,2025-09
2024-08-26,ovalle,violencia,sur,4.0,baja,69,8.0,2024-08
2024-12-21,andacollo,robo,centro,4.0,baja,64,12.0,2024-12
2025-01-02,monte patria,robo,NaN,4.0,baja,46,1.0,2025-01
2024-08-11,coquimbo,violencia,centro,9.0,media,54,8.0,2024-08
2024-12-05,coquimbo,NaN,centro,13.0,NaN,37,12.0,2024-12
2024-01-14,la serena,robo,rural,12.0,NaN,31,1.0,2024-01
2024-09-10,coquimbo,robo,sur,2.0,baja,69,9.0,2024-09
2024-04-03,salamanca,fraude,norte,19.0,media,36,4.0,2024-04
2024-01-31,ovalle,fraude,rural,15.0,media,NaN,1.0,2024-01
NaN,illapel,hurto,NaN,NaN,baja,54,NaN,NaN
2024-01-31,vicuna,NaN,centro,5.0,baja,33,1.0,2024-01
NaN,coquimbo,accidente,norte,15.0,NaN,58,NaN,NaN
2025-04-28,coquimbo,NaN,NaN,18.0,alta,29,4.0,2025-04
NaN,illapel,hurto,centro,3.0,NaN,42,NaN,NaN
NaN,la serena,robo,norte,15.0,baja,61,NaN,NaN
2025-02-03,monte patria,violencia,NaN,10.0,alta,5,2.0,2025-02
2025-03-29,andacollo,robo,centro,2.0,baja,44,3.0,2025-03
2024-07-17,salamanca,NaN,rural,15.0,NaN,61,7.0,2024-07
2024-10-10,vicuna,hurto,norte,5.0,alta,55,10.0,2024-10
2025-10-06,andacollo,violencia,rural,1.0,baja,43,10.0,2025-10
2025-12-02,vicuna,robo,centro,19.0,baja,31,12.0,2025-12
NaN,andacollo,NaN,norte,11.0,alta,14,NaN,NaN
2024-09-11,vicuna,robo,centro,500.0,baja,45,9.0,2024-09
2025-05-25,vicuna,hurto,centro,3.0,alta,17,5.0,2025-05
2025-10-14,illapel,hurto,norte,15.0,alta,51,10.0,2025-10
2024-12-17,coquimbo,fraude,sur,14.0,NaN,46,12.0,2024-12
2024-09-08,ovalle,accidente,centro,13.0,alta,16,9.0,2024-09
2025-01-19,ovalle,accidente,norte,4.0,baja,43,1.0,2025-01
2025-04-11,salamanca,robo,norte,12.0,media,66,4.0,2025-04
2024-03-12,ovalle,NaN,centro,13.0,baja,40,3.0,2024-03
2024-12-04,monte patria,robo,rural,5.0,alta,57,12.0,2024-12
2025-07-30,ovalle,hurto,norte,NaN,NaN,25,7.0,2025-07
2025-05-02,la serena,violencia,centro,18.0,baja,59,5.0,2025-05
NaN,salamanca,hurto,rural,6.0,NaN,36,NaN,NaN
2025-08-01,ovalle,NaN,NaN,13.0,baja,57,8.0,2025-08
2024-02-24,ovalle,hurto,NaN,NaN,media,NaN,2.0,2024-02
2025-11-09,salamanca,robo,NaN,3.0,baja,59,11.0,2025-11
2025-04-21,monte patria,robo,sur,19.0,alta,39,4.0,2025-04
2024-06-30,coquimbo,robo,norte,18.0,alta,NaN,6.0,2024-06
NaN,illapel,NaN,rural,9.0,baja,66,NaN,NaN
2024-09-14,la serena,fraude,centro,0.0,alta,49,9.0,2024-09
2025-02-25,la serena,accidente,rural,14.0,NaN,45,2.0,2025-02
NaN,illapel,accidente,norte,5.0,alta,56,NaN,NaN
NaN,andacollo,NaN,rural,3.0,alta,35,NaN,NaN
NaN,illapel,robo,centro,NaN,alta,NaN,NaN,NaN
2025-06-16,ovalle,NaN,NaN,5.0,alta,46,6.0,2025-06
2024-03-18,monte patria,robo,centro,14.0,baja,38,3.0,2024-03
2024-10-02,la serena,NaN,norte,3.0,alta,68,10.0,2024-10
2024-01-04,ovalle,violencia,centro,4.0,NaN,47,1.0,2024-01
2024-02-19,illapel,robo,NaN,16.0,media,46,2.0,2024-02
NaN,la serena,accidente,norte,17.0,baja,22,NaN,NaN
2025-07-08,salamanca,robo,sur,12.0,alta,48,7.0,2025-07
NaN,salamanca,accidente,centro,18.0,baja,57,NaN,NaN
2024-03-15,coquimbo,fraude,NaN,8.0,alta,51,3.0,2024-03
NaN,coquimbo,violencia,norte,7.0,NaN,34,NaN,NaN
2025-05-18,monte patria,NaN,sur,7.0,baja,18,5.0,2025-05
2024-10-06,andacollo,violencia,centro,19.0,baja,37,10.0,2024-10
2024-09-24,la serena,hurto,norte,11.0,media,56,9.0,2024-09
2025-11-02,monte patria,violencia,rural,15.0,baja,54,11.0,2025-11
NaN,andacollo,violencia,norte,6.0,media,20,NaN,NaN
2024-08-01,illapel,robo,norte,14.0,media,40,8.0,2024-08
2024-12-19,ovalle,robo,norte,14.0,alta,18,12.0,2024-12
2025-05-13,coquimbo,hurto,NaN,19.0,alta,47,5.0,2025-05
2025-12-15,andacollo,hurto,norte,5.0,alta,14,12.0,2025-12
2024-12-15,vicuna,hurto,rural,4.0,alta,39,12.0,2024-12
2024-02-22,ovalle,hurto,centro,18.0,alta,18,2.0,2024-02
2025-05-17,monte patria,hurto,rural,2.0,baja,53,5.0,2025-05
2024-04-21,la serena,violencia,sur,16.0,baja,24,4.0,2024-04
2024-02-17,salamanca,accidente,sur,1.0,baja,30,2.0,2024-02
2024-01-28,ovalle,hurto,norte,10.0,alta,67,1.0,2024-01
2024-07-21,la serena,robo,norte,10.0,baja,NaN,7.0,2024-07
2025-05-03,andacollo,fraude,rural,7.0,alta,57,5.0,2025-05
2024-07-13,ovalle,hurto,NaN,NaN,NaN,16,7.0,2024-07
2025-12-11,la serena,fraude,centro,16.0,media,53,12.0,2025-12
2025-12-23,monte patria,robo,centro,12.0,baja,36,12.0,2025-12
2025-04-06,salamanca,hurto,norte,15.0,media,38,4.0,2025-04
2025-01-17,monte patria,robo,norte,10.0,baja,38,1.0,2025-01
2024-12-27,ovalle,hurto,norte,9.0,NaN,36,12.0,2024-12
2025-02-18,coquimbo,NaN,centro,4.0,alta,16,2.0,2025-02
2025-10-30,illapel,hurto,norte,8.0,baja,60,10.0,2025-10
2024-08-08,coquimbo,accidente,rural,16.0,alta,52,8.0,2024-08
2025-11-13,la serena,robo,centro,NaN,alta,19,11.0,2025-11
2024-01-10,monte patria,robo,norte,17.0,alta,51,1.0,2024-01
2024-03-30,la serena,hurto,norte,19.0,alta,52,3.0,2024-03
2024-02-29,salamanca,robo,norte,18.0,NaN,NaN,2.0,2024-02
2024-02-08,coquimbo,fraude,sur,10.0,alta,25,2.0,2024-02
2025-03-23,coquimbo,robo,centro,17.0,baja,38,3.0,2025-03
NaN,coquimbo,accidente,norte,4.0,NaN,14,NaN,NaN
2024-05-20,coquimbo,robo,NaN,NaN,alta,57,5.0,2024-05
2024-01-24,la serena,violencia,rural,3.0,baja,42,1.0,2024-01
NaN,salamanca,hurto,centro,7.0,media,46,NaN,NaN
2025-03-06,illapel,robo,rural,5.0,media,42,3.0,2025-03
2024-11-06,coquimbo,robo,sur,5.0,NaN,57,11.0,2024-11
2024-02-18,ovalle,accidente,NaN,19.0,baja,14,2.0,2024-02
2025-09-06,monte patria,hurto,centro,13.0,NaN,43,9.0,2025-09
2024-06-15,monte patria,violencia,NaN,10.0,baja,55,6.0,2024-06
2024-04-04,salamanca,robo,norte,17.0,baja,45,4.0,2024-04
NaN,salamanca,NaN,norte,9.0,media,23,NaN,NaN
NaN,monte patria,fraude,norte,5.0,baja,53,NaN,NaN
NaN,monte patria,NaN,NaN,6.0,alta,67,NaN,NaN
2024-04-04,la serena,violencia,sur,10.0,NaN,35,4.0,2024-04
2025-09-19,la serena,robo,centro,NaN,NaN,NaN,9.0,2025-09
2024-08-13,la serena,NaN,norte,9.0,NaN,26,8.0,2024-08
2024-08-09,la serena,fraude,centro,16.0,baja,38,8.0,2024-08
2025-04-30,la serena,fraude,rural,1.0,alta,53,4.0,2025-04
2024-11-17,illapel,violencia,centro,8.0,NaN,59,11.0,2024-11
2024-05-03,coquimbo,hurto,centro,2.0,alta,35,5.0,2024-05
2024-03-27,andacollo,NaN,norte,13.0,media,57,3.0,2024-03
NaN,monte patria,accidente,rural,NaN,media,47,NaN,NaN
2025-10-16,illapel,robo,norte,9.0,alta,15,10.0,2025-10
2024-02-04,illapel,fraude,NaN,19.0,alta,56,2.0,2024-02
2025-10-01,monte patria,hurto,norte,14.0,media,NaN,10.0,2025-10
2025-12-27,vicuna,robo,sur,8.0,alta,NaN,12.0,2025-12
2025-11-02,ovalle,robo,centro,12.0,alta,29,11.0,2025-11
2024-01-02,coquimbo,fraude,norte,5.0,baja,19,1.0,2024-01
2025-01-01,la serena,robo,centro,12.0,media,50,1.0,2025-01
2024-08-20,coquimbo,fraude,norte,7.0,alta,31,8.0,2024-08
2025-06-24,la serena,accidente,norte,NaN,media,17,6.0,2025-06
2024-04-29,la serena,violencia,NaN,11.0,alta,32,4.0,2024-04
2025-05-27,coquimbo,NaN,norte,6.0,alta,14,5.0,2025-05
2025-04-21,andacollo,fraude,norte,13.0,alta,NaN,4.0,2025-04
2024-01-21,illapel,hurto,norte,NaN,media,56,1.0,2024-01
2024-04-03,vicuna,robo,sur,9.0,baja,41,4.0,2024-04
2025-01-30,la serena,robo,sur,14.0,alta,39,1.0,2025-01
2024-05-26,la serena,NaN,centro,NaN,media,NaN,5.0,2024-05
NaN,salamanca,robo,NaN,5.0,baja,59,NaN,NaN
2025-08-24,coquimbo,NaN,centro,10.0,NaN,46,8.0,2025-08
2025-11-06,ovalle,robo,NaN,5.0,baja,34,11.0,2025-11
2024-03-19,la serena,fraude,NaN,18.0,baja,46,3.0,2024-03
2025-02-12,coquimbo,robo,NaN,13.0,alta,67,2.0,2025-02
2024-09-05,coquimbo,violencia,norte,16.0,alta,63,9.0,2024-09
NaN,illapel,hurto,norte,NaN,media,22,NaN,NaN
2025-02-17,la serena,fraude,norte,6.0,NaN,63,2.0,2025-02
2025-06-08,coquimbo,violencia,sur,13.0,baja,35,6.0,2025-06
2024-05-29,la serena,violencia,sur,3.0,baja,NaN,5.0,2024-05
2024-04-27,coquimbo,accidente,norte,6.0,baja,64,4.0,2024-04
NaN,illapel,fraude,centro,9.0,baja,57,NaN,NaN
2025-09-18,andacollo,accidente,rural,10.0,alta,60,9.0,2025-09
NaN,la serena,accidente,NaN,17.0,NaN,NaN,NaN,NaN
NaN,vicuna,accidente,norte,NaN,media,47,NaN,NaN
2024-10-13,ovalle,hurto,norte,19.0,baja,34,10.0,2024-10
2025-07-24,coquimbo,robo,centro,9.0,alta,NaN,7.0,2025-07
2025-02-28,coquimbo,hurto,NaN,17.0,NaN,24,2.0,2025-02
NaN,andacollo,accidente,centro,4.0,NaN,15,NaN,NaN
NaN,la serena,accidente,rural,7.0,alta,48,NaN,NaN
2024-12-08,la serena,NaN,norte,14.0,media,49,12.0,2024-12
2025-08-28,la serena,robo,sur,4.0,NaN,69,8.0,2025-08
NaN,vicuna,NaN,norte,19.0,baja,19,NaN,NaN
2024-04-16,monte patria,accidente,rural,2.0,baja,68,4.0,2024-04
2025-05-25,ovalle,violencia,sur,NaN,NaN,27,5.0,2025-05
2024-10-18,vicuna,hurto,rural,10.0,alta,64,10.0,2024-10
2024-09-11,andacollo,hurto,sur,17.0,NaN,NaN,9.0,2024-09
2025-08-21,ovalle,robo,centro,11.0,alta,18,8.0,2025-08
NaN,la serena,hurto,NaN,11.0,NaN,28,NaN,NaN
NaN,andacollo,fraude,rural,NaN,alta,67,NaN,NaN
2024-10-20,illapel,robo,sur,12.0,NaN,34,10.0,2024-10
2024-09-26,coquimbo,hurto,sur,NaN,media,60,9.0,2024-09
2024-12-30,salamanca,robo,centro,17.0,NaN,38,12.0,2024-12
2024-10-15,vicuna,hurto,NaN,10.0,baja,15,10.0,2024-10
2025-03-02,salamanca,accidente,sur,15.0,media,37,3.0,2025-03
2025-07-10,ovalle,NaN,norte,NaN,NaN,49,7.0,2025-07
2025-12-04,la serena,NaN,sur,2.0,media,53,12.0,2025-12
2025-02-20,vicuna,robo,centro,18.0,baja,NaN,2.0,2025-02
2024-07-18,ovalle,robo,norte,13.0,NaN,25,7.0,2024-07
2024-09-13,ovalle,accidente,sur,7.0,baja,30,9.0,2024-09
2025-11-05,monte patria,NaN,centro,8.0,baja,55,11.0,2025-11
2024-07-17,andacollo,violencia,norte,4.0,NaN,37,7.0,2024-07
2024-10-03,coquimbo,hurto,centro,18.0,alta,16,10.0,2024-10
NaN,monte patria,accidente,centro,1.0,alta,50,NaN,NaN
2024-09-06,la serena,robo,norte,8.0,baja,51,9.0,2024-09
2024-09-25,monte patria,robo,centro,19.0,media,44,9.0,2024-09
2025-05-06,coquimbo,NaN,NaN,11.0,NaN,39,5.0,2025-05
2024-01-21,vicuna,violencia,sur,16.0,media,NaN,1.0,2024-01
NaN,la serena,fraude,norte,9.0,NaN,45,NaN,NaN
2024-07-20,ovalle,fraude,sur,7.0,baja,NaN,7.0,2024-07
2024-09-21,la serena,fraude,NaN,5.0,alta,56,9.0,2024-09
2025-10-13,la serena,fraude,norte,NaN,alta,48,10.0,2025-10
2025-08-24,ovalle,fraude,centro,17.0,baja,41,8.0,2025-08
NaN,monte patria,robo,centro,3.0,media,39,NaN,NaN
NaN,andacollo,violencia,rural,3.0,baja,44,NaN,NaN
NaN,illapel,violencia,centro,14.0,NaN,66,NaN,NaN
2025-01-27,salamanca,robo,NaN,3.0,media,62,1.0,2025-01
2025-02-05,illapel,hurto,rural,10.0,baja,62,2.0,2025-02
2025-11-14,ovalle,accidente,norte,6.0,alta,65,11.0,2025-11
2024-07-08,coquimbo,violencia,sur,18.0,baja,22,7.0,2024-07
2024-07-25,la serena,hurto,centro,8.0,media,NaN,7.0,2024-07
2024-07-25,vicuna,fraude,sur,4.0,NaN,57,7.0,2024-07
2024-04-19,coquimbo,fraude,NaN,18.0,media,23,4.0,2024-04
2024-06-30,andacollo,hurto,norte,1.0,NaN,NaN,6.0,2024-06
2025-01-27,la serena,hurto,centro,8.0,NaN,15,1.0,2025-01
2025-07-18,vicuna,violencia,centro,14.0,alta,NaN,7.0,2025-07
2024-05-19,coquimbo,hurto,centro,NaN,alta,27,5.0,2024-05
2025-02-12,vicuna,violencia,rural,7.0,alta,44,2.0,2025-02
2025-08-28,ovalle,violencia,norte,3.0,baja,61,8.0,2025-08
2024-09-13,la serena,violencia,sur,11.0,media,56,9.0,2024-09
NaN,ovalle,robo,centro,3.0,media,66,NaN,NaN
NaN,illapel,fraude,sur,2.0,baja,25,NaN,NaN
2025-01-16,coquimbo,robo,norte,7.0,NaN,38,1.0,2025-01
2025-03-29,la serena,accidente,NaN,NaN,alta,31,3.0,2025-03
2024-12-11,ovalle,hurto,sur,6.0,NaN,66,12.0,2024-12
2024-02-17,salamanca,violencia,norte,NaN,media,46,2.0,2024-02
2025-06-27,la serena,NaN,norte,9.0,alta,45,6.0,2025-06
2025-04-13,la serena,fraude,centro,3.0,NaN,21,4.0,2025-04
2024-07-03,la serena,robo,norte,16.0,baja,50,7.0,2024-07
2025-05-14,monte patria,hurto,norte,13.0,baja,46,5.0,2025-05
2025-04-24,coquimbo,fraude,sur,9.0,baja,61,4.0,2025-04
2025-01-05,monte patria,robo,centro,9.0,NaN,21,1.0,2025-01
2024-04-06,salamanca,violencia,centro,3.0,media,NaN,4.0,2024-04
NaN,illapel,robo,centro,19.0,alta,NaN,NaN,NaN
2025-11-05,monte patria,robo,norte,18.0,media,44,11.0,2025-11
2025-05-28,salamanca,NaN,norte,10.0,alta,39,5.0,2025-05
NaN,la serena,hurto,centro,1.0,baja,58,NaN,NaN
NaN,monte patria,accidente,centro,9.0,NaN,26,NaN,NaN
2024-03-30,monte patria,robo,sur,-3.0,NaN,41,3.0,2024-03
NaN,salamanca,violencia,centro,6.0,alta,23,NaN,NaN
2025-07-27,illapel,NaN,norte,NaN,media,62,7.0,2025-07
2024-11-21,andacollo,hurto,sur,17.0,alta,46,11.0,2024-11
2025-12-15,monte patria,fraude,norte,12.0,media,53,12.0,2025-12
2024-05-28,vicuna,fraude,norte,8.0,media,63,5.0,2024-05
2025-06-20,la serena,fraude,NaN,4.0,alta,46,6.0,2025-06
2025-12-05,la serena,accidente,NaN,9.0,NaN,47,12.0,2025-12
2024-09-04,coquimbo,robo,centro,16.0,alta,5,9.0,2024-09
2024-02-02,salamanca,fraude,norte,2.0,alta,38,2.0,2024-02
2025-03-03,illapel,fraude,centro,4.0,baja,NaN,3.0,2025-03
2025-05-14,vicuna,hurto,sur,9.0,alta,68,5.0,2025-05
2025-11-11,vicuna,violencia,NaN,1.0,baja,59,11.0,2025-11
2024-09-08,monte patria,accidente,rural,14.0,media,15,9.0,2024-09
NaN,coquimbo,fraude,centro,7.0,baja,17,NaN,NaN
2025-05-15,andacollo,NaN,centro,15.0,alta,30,5.0,2025-05
2024-10-24,ovalle,hurto,norte,6.0,media,54,10.0,2024-10
NaN,ovalle,fraude,centro,9.0,alta,56,NaN,NaN
2025-11-07,la serena,accidente,centro,11.0,baja,14,11.0,2025-11
2024-11-22,illapel,hurto,norte,NaN,alta,52,11.0,2024-11
NaN,monte patria,robo,rural,2.0,alta,17,NaN,NaN
2025-07-31,andacollo,fraude,norte,12.0,baja,19,7.0,2025-07
2024-03-23,salamanca,robo,sur,16.0,alta,19,3.0,2024-03
2024-05-27,monte patria,robo,rural,6.0,alta,NaN,5.0,2024-05
2024-01-08,la serena,robo,rural,10.0,baja,67,1.0,2024-01
2025-11-10,andacollo,robo,NaN,14.0,baja,31,11.0,2025-11
2025-05-15,monte patria,robo,norte,9.0,baja,55,5.0,2025-05
2025-06-04,andacollo,hurto,rural,8.0,alta,41,6.0,2025-06
2025-05-22,andacollo,fraude,sur,2.0,NaN,57,5.0,2025-05
2025-03-29,salamanca,fraude,sur,16.0,alta,21,3.0,2025-03
2025-08-03,monte patria,fraude,NaN,6.0,baja,21,8.0,2025-08
NaN,la serena,hurto,sur,3.0,alta,50,NaN,NaN
NaN,vicuna,robo,rural,19.0,alta,37,NaN,NaN
2024-09-29,vicuna,fraude,rural,15.0,media,35,9.0,2024-09
2025-12-16,ovalle,robo,centro,8.0,NaN,40,12.0,2025-12
NaN,la serena,NaN,rural,NaN,alta,30,NaN,NaN
2025-08-02,ovalle,robo,norte,8.0,alta,23,8.0,2025-08
NaN,coquimbo,robo,sur,5.0,baja,69,NaN,NaN
2024-10-13,la serena,accidente,NaN,7.0,baja,41,10.0,2024-10
NaN,coquimbo,hurto,centro,19.0,media,54,NaN,NaN
2024-11-09,ovalle,accidente,centro,NaN,alta,29,11.0,2024-11
NaN,ovalle,fraude,rural,0.0,baja,33,NaN,NaN
2024-10-06,coquimbo,fraude,norte,11.0,baja,49,10.0,2024-10
2024-01-20,coquimbo,robo,centro,18.0,media,20,1.0,2024-01
2025-06-06,salamanca,accidente,rural,12.0,baja,NaN,6.0,2025-06
2024-10-26,vicuna,hurto,NaN,14.0,NaN,38,10.0,2024-10
2025-10-13,la serena,accidente,norte,3.0,alta,33,10.0,2025-10
2025-09-05,salamanca,accidente,norte,18.0,baja,NaN,9.0,2025-09
2024-02-01,vicuna,violencia,sur,13.0,alta,NaN,2.0,2024-02
2024-07-08,la serena,violencia,sur,3.0,NaN,33,7.0,2024-07
2024-03-28,vicuna,violencia,norte,4.0,alta,NaN,3.0,2024-03
2025-04-17,salamanca,fraude,rural,13.0,NaN,37,4.0,2025-04
2024-03-22,illapel,hurto,sur,17.0,media,27,3.0,2024-03
2025-08-18,andacollo,hurto,centro,3.0,baja,NaN,8.0,2025-08
2025-09-27,coquimbo,robo,centro,2.0,baja,57,9.0,2025-09
2024-02-14,vicuna,violencia,centro,16.0,baja,32,2.0,2024-02
2024-07-08,coquimbo,robo,norte,16.0,NaN,42,7.0,2024-07
NaN,coquimbo,fraude,centro,2.0,baja,48,NaN,NaN
2024-08-23,ovalle,violencia,rural,5.0,baja,62,8.0,2024-08
2024-07-18,andacollo,accidente,sur,NaN,alta,47,7.0,2024-07
2024-01-13,coquimbo,accidente,centro,10.0,media,44,1.0,2024-01
2024-06-22,illapel,hurto,NaN,4.0,baja,69,6.0,2024-06
2025-10-02,ovalle,hurto,centro,5.0,media,63,10.0,2025-10
2025-02-17,coquimbo,NaN,centro,5.0,baja,68,2.0,2025-02
2024-05-09,ovalle,hurto,NaN,10.0,baja,NaN,5.0,2024-05
2024-03-21,vicuna,violencia,centro,18.0,baja,NaN,3.0,2024-03
2024-03-16,vicuna,robo,norte,3.0,baja,23,3.0,2024-03
2025-02-27,vicuna,hurto,norte,7.0,baja,55,2.0,2025-02
2024-04-11,coquimbo,robo,rural,14.0,media,29,4.0,2024-04
2025-05-24,monte patria,hurto,norte,NaN,baja,19,5.0,2025-05
2025-07-24,illapel,violencia,norte,3.0,NaN,55,7.0,2025-07
NaN,coquimbo,NaN,centro,4.0,baja,29,NaN,NaN
2024-04-05,coquimbo,fraude,NaN,11.0,alta,15,4.0,2024-04
2024-01-20,la serena,hurto,norte,15.0,NaN,43,1.0,2024-01
NaN,la serena,robo,norte,NaN,media,20,NaN,NaN
2024-05-18,salamanca,hurto,NaN,15.0,media,46,5.0,2024-05
NaN,vicuna,violencia,norte,9.0,alta,48,NaN,NaN
2025-02-26,ovalle,hurto,centro,10.0,alta,17,2.0,2025-02
2024-12-19,ovalle,accidente,NaN,NaN,baja,18,12.0,2024-12
2024-07-23,illapel,fraude,norte,10.0,baja,24,7.0,2024-07
2024-06-06,monte patria,hurto,sur,NaN,alta,28,6.0,2024-06
2025-05-24,coquimbo,robo,norte,14.0,baja,18,5.0,2025-05
NaN,salamanca,hurto,NaN,6.0,baja,62,NaN,NaN
2025-06-30,coquimbo,accidente,centro,7.0,baja,34,6.0,2025-06
2024-08-06,monte patria,violencia,norte,17.0,NaN,NaN,8.0,2024-08
2024-04-22,la serena,robo,NaN,17.0,media,51,4.0,2024-04
2025-06-14,andacollo,robo,norte,NaN,media,63,6.0,2025-06
NaN,vicuna,NaN,sur,6.0,baja,51,NaN,NaN
2025-02-03,coquimbo,robo,centro,6.0,baja,24,2.0,2025-02
2025-10-13,illapel,fraude,sur,10.0,alta,66,10.0,2025-10
2024-01-06,coquimbo,hurto,sur,14.0,alta,64,1.0,2024-01
2025-01-24,monte patria,robo,NaN,6.0,alta,59,1.0,2025-01
2025-07-07,ovalle,fraude,centro,8.0,alta,62,7.0,2025-07
2024-06-06,vicuna,robo,rural,18.0,NaN,39,6.0,2024-06
2024-11-30,vicuna,robo,norte,8.0,alta,NaN,11.0,2024-11
2024-04-30,salamanca,hurto,norte,7.0,media,21,4.0,2024-04
NaN,monte patria,NaN,norte,10.0,baja,24,NaN,NaN
NaN,vicuna,violencia,norte,4.0,NaN,NaN,NaN,NaN
2024-02-07,la serena,accidente,centro,2.0,media,NaN,2.0,2024-02
2024-12-27,coquimbo,hurto,rural,15.0,alta,33,12.0,2024-12
2025-04-03,la serena,hurto,centro,5.0,baja,42,4.0,2025-04
2024-07-19,la serena,hurto,norte,16.0,media,57,7.0,2024-07
NaN,illapel,robo,sur,5.0,media,46,NaN,NaN
2025-12-02,ovalle,accidente,NaN,2.0,alta,49,12.0,2025-12
2025-07-03,la serena,hurto,norte,19.0,alta,62,7.0,2025-07
2025-07-06,la serena,accidente,centro,17.0,alta,55,7.0,2025-07
2024-04-02,la serena,fraude,norte,18.0,NaN,19,4.0,2024-04
2024-03-09,andacollo,fraude,centro,3.0,NaN,23,3.0,2024-03
2025-03-19,la serena,violencia,NaN,9.0,NaN,18,3.0,2025-03
2024-10-26,la serena,fraude,rural,4.0,media,67,10.0,2024-10
NaN,vicuna,robo,NaN,12.0,alta,15,NaN,NaN
2024-06-07,coquimbo,fraude,norte,15.0,NaN,41,6.0,2024-06
2025-02-07,monte patria,violencia,sur,NaN,media,25,2.0,2025-02
2025-05-14,ovalle,violencia,norte,3.0,media,46,5.0,2025-05
2025-02-17,vicuna,robo,rural,2.0,media,30,2.0,2025-02
2025-02-19,andacollo,NaN,norte,16.0,NaN,64,2.0,2025-02
2025-03-30,ovalle,NaN,centro,2.0,baja,NaN,3.0,2025-03
2024-03-06,coquimbo,NaN,NaN,NaN,alta,40,3.0,2024-03
NaN,vicuna,accidente,centro,9.0,alta,61,NaN,NaN
2025-02-16,monte patria,violencia,sur,3.0,baja,44,2.0,2025-02
2025-09-06,coquimbo,hurto,rural,NaN,baja,NaN,9.0,2025-09
2025-10-15,coquimbo,accidente,norte,14.0,NaN,48,10.0,2025-10
2024-09-18,vicuna,robo,centro,2.0,alta,21,9.0,2024-09
2024-05-19,andacollo,robo,sur,2.0,baja,34,5.0,2024-05
2024-11-16,salamanca,robo,norte,11.0,alta,40,11.0,2024-11
NaN,salamanca,robo,centro,11.0,baja,52,NaN,NaN
NaN,illapel,accidente,norte,11.0,media,41,NaN,NaN
NaN,ovalle,robo,NaN,3.0,NaN,28,NaN,NaN
2024-12-05,coquimbo,robo,centro,19.0,baja,29,12.0,2024-12
2025-06-26,ovalle,fraude,norte,3.0,baja,60,6.0,2025-06
2025-02-09,coquimbo,NaN,centro,5.0,media,14,2.0,2025-02
2024-12-09,la serena,violencia,centro,13.0,alta,NaN,12.0,2024-12
2024-01-22,la serena,robo,centro,19.0,alta,42,1.0,2024-01
2025-01-13,vicuna,fraude,norte,3.0,alta,53,1.0,2025-01
2025-06-10,vicuna,accidente,rural,11.0,NaN,58,6.0,2025-06
NaN,coquimbo,NaN,NaN,13.0,baja,33,NaN,NaN
2025-01-09,ovalle,robo,sur,10.0,baja,68,1.0,2025-01
2025-10-17,monte patria,robo,rural,5.0,alta,25,10.0,2025-10
2025-04-08,monte patria,violencia,rural,19.0,baja,NaN,4.0,2025-04
2025-10-20,monte patria,fraude,centro,4.0,media,64,10.0,2025-10
2025-02-14,la serena,accidente,NaN,7.0,media,27,2.0,2025-02
2025-02-02,illapel,fraude,sur,5.0,baja,25,2.0,2025-02
2024-09-03,monte patria,hurto,sur,7.0,alta,65,9.0,2024-09
2025-10-21,andacollo,accidente,centro,11.0,NaN,59,10.0,2025-10
NaN,vicuna,fraude,sur,12.0,media,51,NaN,NaN
2025-07-11,coquimbo,robo,norte,17.0,NaN,27,7.0,2025-07
2024-02-18,ovalle,violencia,rural,11.0,alta,24,2.0,2024-02
2025-04-24,la serena,robo,norte,2.0,media,63,4.0,2025-04
2025-01-28,coquimbo,violencia,centro,14.0,baja,14,1.0,2025-01
2024-04-05,ovalle,robo,centro,NaN,baja,35,4.0,2024-04
NaN,vicuna,robo,rural,5.0,baja,35,NaN,NaN
2024-01-19,coquimbo,hurto,centro,1.0,NaN,63,1.0,2024-01
NaN,andacollo,robo,sur,NaN,baja,62,NaN,NaN
NaN,illapel,accidente,NaN,NaN,baja,69,NaN,NaN
2025-02-25,la serena,NaN,rural,11.0,baja,42,2.0,2025-02
2025-03-23,vicuna,violencia,sur,17.0,alta,66,3.0,2025-03
NaN,ovalle,NaN,sur,3.0,NaN,46,NaN,NaN
2025-07-08,monte patria,accidente,rural,7.0,media,56,7.0,2025-07
2025-12-31,illapel,accidente,centro,18.0,NaN,67,12.0,2025-12
2025-11-09,la serena,hurto,rural,18.0,baja,14,11.0,2025-11
2024-01-21,vicuna,fraude,centro,NaN,media,38,1.0,2024-01
NaN,coquimbo,robo,norte,7.0,alta,64,NaN,NaN
2024-12-27,andacollo,robo,rural,0.0,baja,46,12.0,2024-12
2025-03-18,andacollo,violencia,centro,6.0,alta,57,3.0,2025-03
2025-04-17,illapel,accidente,NaN,5.0,NaN,24,4.0,2025-04
2025-04-11,monte patria,accidente,rural,8.0,baja,21,4.0,2025-04
2024-05-01,vicuna,hurto,norte,14.0,NaN,50,5.0,2024-05
2025-01-17,salamanca,robo,centro,12.0,baja,26,1.0,2025-01
NaN,ovalle,robo,rural,5.0,baja,31,NaN,NaN
2025-08-03,ovalle,NaN,centro,18.0,baja,51,8.0,2025-08
2024-01-07,andacollo,robo,sur,6.0,baja,62,1.0,2024-01
NaN,ovalle,robo,norte,6.0,baja,40,NaN,NaN
2024-08-24,monte patria,hurto,sur,3.0,baja,21,8.0,2024-08
2025-12-03,la serena,NaN,NaN,4.0,media,69,12.0,2025-12
2024-11-26,andacollo,violencia,NaN,3.0,baja,42,11.0,2024-11
2025-04-01,salamanca,robo,centro,NaN,NaN,16,4.0,2025-04
2024-12-27,illapel,hurto,centro,11.0,alta,40,12.0,2024-12
2025-10-16,monte patria,hurto,rural,13.0,NaN,37,10.0,2025-10
2025-01-21,ovalle,accidente,NaN,2.0,alta,24,1.0,2025-01
2024-09-05,andacollo,robo,norte,12.0,baja,22,9.0,2024-09
NaN,coquimbo,fraude,norte,19.0,alta,43,NaN,NaN
NaN,ovalle,robo,sur,3.0,media,26,NaN,NaN
2024-07-11,coquimbo,accidente,NaN,7.0,baja,46,7.0,2024-07
NaN,ovalle,accidente,rural,12.0,media,23,NaN,NaN
2025-03-29,monte patria,violencia,centro,6.0,alta,42,3.0,2025-03
NaN,coquimbo,NaN,centro,5.0,baja,19,NaN,NaN
2024-05-24,coquimbo,fraude,norte,4.0,NaN,26,5.0,2024-05
2024-03-08,vicuna,accidente,rural,4.0,NaN,30,3.0,2024-03
2025-01-31,ovalle,violencia,norte,3.0,media,47,1.0,2025-01
2024-01-12,coquimbo,robo,norte,19.0,alta,130,1.0,2024-01
2024-01-21,illapel,accidente,centro,12.0,baja,33,1.0,2024-01
2024-01-29,monte patria,robo,sur,18.0,alta,30,1.0,2024-01
2025-06-10,coquimbo,violencia,norte,4.0,NaN,31,6.0,2025-06
2024-12-19,coquimbo,accidente,NaN,17.0,NaN,57,12.0,2024-12
NaN,la serena,robo,norte,NaN,media,50,NaN,NaN
2024-10-27,andacollo,hurto,sur,NaN,baja,60,10.0,2024-10
2024-03-14,ovalle,fraude,NaN,10.0,alta,46,3.0,2024-03
2025-05-25,ovalle,violencia,norte,7.0,baja,67,5.0,2025-05
2024-08-17,salamanca,hurto,norte,12.0,baja,NaN,8.0,2024-08
2024-02-26,salamanca,hurto,centro,11.0,NaN,26,2.0,2024-02
2025-08-06,la serena,accidente,norte,11.0,alta,50,8.0,2025-08
2025-06-20,vicuna,hurto,centro,19.0,baja,48,6.0,2025-06
2024-06-01,monte patria,violencia,NaN,3.0,alta,25,6.0,2024-06
2024-11-11,la serena,fraude,norte,NaN,alta,50,11.0,2024-11
2024-04-21,coquimbo,NaN,rural,17.0,baja,NaN,4.0,2024-04
2024-12-09,la serena,violencia,centro,1.0,baja,52,12.0,2024-12
2025-07-19,vicuna,fraude,centro,9.0,alta,NaN,7.0,2025-07
2024-12-03,ovalle,robo,norte,18.0,NaN,NaN,12.0,2024-12
2025-07-08,vicuna,fraude,centro,10.0,baja,21,7.0,2025-07
2024-06-07,ovalle,hurto,norte,7.0,alta,NaN,6.0,2024-06
NaN,vicuna,fraude,sur,16.0,media,21,NaN,NaN
2024-07-28,vicuna,violencia,NaN,18.0,baja,61,7.0,2024-07
2024-01-21,vicuna,NaN,norte,12.0,alta,43,1.0,2024-01
2024-01-10,ovalle,hurto,centro,19.0,alta,15,1.0,2024-01
NaN,la serena,robo,centro,15.0,media,38,NaN,NaN
2025-11-05,monte patria,accidente,norte,9.0,baja,35,11.0,2025-11
2025-12-20,salamanca,NaN,sur,16.0,baja,34,12.0,2025-12
2025-06-13,coquimbo,fraude,sur,15.0,baja,46,6.0,2025-06
2024-12-16,la serena,accidente,norte,8.0,media,45,12.0,2024-12
2025-07-26,coquimbo,accidente,norte,13.0,alta,63,7.0,2025-07
2024-11-30,monte patria,robo,NaN,4.0,media,55,11.0,2024-11
2024-09-10,ovalle,robo,centro,4.0,media,59,9.0,2024-09
2024-10-07,ovalle,robo,norte,8.0,baja,14,10.0,2024-10
NaN,salamanca,NaN,norte,NaN,alta,58,NaN,NaN
2025-07-11,coquimbo,violencia,centro,18.0,baja,44,7.0,2025-07
2025-07-05,ovalle,robo,norte,2.0,baja,26,7.0,2025-07
2025-11-19,illapel,robo,centro,1.0,alta,46,11.0,2025-11
2025-05-17,salamanca,robo,rural,17.0,alta,NaN,5.0,2025-05
2025-02-26,coquimbo,accidente,norte,13.0,alta,62,2.0,2025-02
2024-02-22,monte patria,robo,sur,14.0,baja,23,2.0,2024-02
2025-06-11,la serena,robo,NaN,10.0,baja,NaN,6.0,2025-06
2024-10-12,ovalle,fraude,rural,5.0,baja,37,10.0,2024-10
2024-03-26,la serena,fraude,centro,7.0,baja,NaN,3.0,2024-03
NaN,ovalle,hurto,centro,1.0,NaN,63,NaN,NaN
2025-05-29,vicuna,robo,sur,NaN,NaN,NaN,5.0,2025-05
NaN,coquimbo,violencia,NaN,14.0,baja,51,NaN,NaN
2024-07-17,coquimbo,hurto,norte,2.0,NaN,64,7.0,2024-07
2025-02-26,salamanca,robo,centro,12.0,baja,63,2.0,2025-02
2025-12-16,la serena,violencia,NaN,14.0,alta,41,12.0,2025-12
2025-06-16,monte patria,accidente,rural,3.0,media,60,6.0,2025-06
2025-07-17,la serena,fraude,norte,4.0,baja,61,7.0,2025-07
2025-03-26,vicuna,hurto,rural,14.0,NaN,43,3.0,2025-03
2024-05-04,ovalle,NaN,norte,4.0,alta,19,5.0,2024-05
2024-01-05,andacollo,robo,centro,3.0,media,61,1.0,2024-01
2024-11-11,monte patria,fraude,sur,16.0,alta,15,11.0,2024-11
2024-10-12,ovalle,NaN,norte,5.0,media,27,10.0,2024-10
2024-01-31,salamanca,NaN,rural,10.0,NaN,61,1.0,2024-01
2025-10-28,monte patria,NaN,norte,7.0,alta,67,10.0,2025-10
2025-05-17,illapel,hurto,centro,0.0,alta,58,5.0,2025-05
2025-12-06,la serena,fraude,centro,12.0,alta,57,12.0,2025-12
2025-03-02,andacollo,fraude,centro,6.0,media,59,3.0,2025-03
2025-05-16,ovalle,fraude,norte,6.0,alta,34,5.0,2025-05
NaN,salamanca,robo,sur,-3.0,alta,52,NaN,NaN
NaN,monte patria,NaN,norte,18.0,baja,49,NaN,NaN
2024-06-13,illapel,fraude,rural,6.0,baja,49,6.0,2024-06
2024-11-26,la serena,fraude,NaN,7.0,baja,52,11.0,2024-11
2025-12-29,ovalle,accidente,centro,8.0,NaN,19,12.0,2025-12
2024-07-08,ovalle,NaN,NaN,NaN,baja,56,7.0,2024-07
2025-07-21,coquimbo,robo,NaN,13.0,NaN,69,7.0,2025-07
2025-06-13,salamanca,accidente,norte,15.0,baja,23,6.0,2025-06
NaN,vicuna,hurto,rural,7.0,baja,68,NaN,NaN
NaN,salamanca,NaN,rural,18.0,NaN,64,NaN,NaN
2025-10-16,la serena,NaN,norte,7.0,alta,38,10.0,2025-10
2024-12-20,vicuna,robo,rural,3.0,NaN,37,12.0,2024-12
2025-10-11,la serena,fraude,sur,5.0,alta,23,10.0,2025-10
2025-08-11,la serena,robo,rural,NaN,baja,130,8.0,2025-08
2024-05-15,vicuna,violencia,rural,9.0,alta,40,5.0,2024-05
2024-01-24,la serena,robo,centro,13.0,media,47,1.0,2024-01
2024-01-02,illapel,accidente,norte,8.0,NaN,68,1.0,2024-01
NaN,la serena,accidente,NaN,3.0,alta,28,NaN,NaN
2024-02-17,coquimbo,robo,centro,NaN,baja,30,2.0,2024-02
2025-02-02,la serena,NaN,sur,6.0,baja,20,2.0,2025-02
2024-03-31,la serena,robo,sur,12.0,alta,33,3.0,2024-03
2025-04-27,vicuna,hurto,centro,16.0,media,37,4.0,2025-04
2024-08-04,monte patria,fraude,rural,4.0,baja,30,8.0,2024-08
2025-08-10,ovalle,NaN,norte,14.0,media,64,8.0,2025-08
2024-06-22,vicuna,fraude,sur,6.0,media,66,6.0,2024-06
2025-09-29,la serena,accidente,sur,-3.0,NaN,22,9.0,2025-09
2025-04-06,coquimbo,hurto,norte,13.0,NaN,43,4.0,2025-04
2024-06-14,la serena,robo,centro,18.0,alta,41,6.0,2024-06
2024-12-14,andacollo,robo,norte,10.0,baja,38,12.0,2024-12
2024-11-22,ovalle,hurto,norte,14.0,baja,NaN,11.0,2024-11
2025-01-26,ovalle,robo,norte,13.0,NaN,41,1.0,2025-01
2024-03-31,la serena,NaN,centro,10.0,media,39,3.0,2024-03
NaN,illapel,NaN,norte,17.0,alta,46,NaN,NaN
2024-06-08,coquimbo,NaN,norte,19.0,media,55,6.0,2024-06
2025-12-16,coquimbo,NaN,NaN,19.0,alta,65,12.0,2025-12
2024-09-09,coquimbo,accidente,centro,9.0,baja,64,9.0,2024-09
2024-12-31,coquimbo,fraude,rural,NaN,NaN,53,12.0,2024-12
2024-12-01,la serena,fraude,centro,12.0,media,25,12.0,2024-12
2024-11-18,coquimbo,fraude,centro,4.0,alta,20,11.0,2024-11
NaN,ovalle,hurto,centro,17.0,alta,27,NaN,NaN
2025-07-25,andacollo,robo,centro,16.0,NaN,NaN,7.0,2025-07
2024-04-30,salamanca,hurto,norte,12.0,NaN,29,4.0,2024-04
2024-03-19,coquimbo,hurto,NaN,1.0,baja,49,3.0,2024-03
2024-01-20,monte patria,robo,sur,3.0,alta,33,1.0,2024-01
2024-07-16,vicuna,NaN,centro,1.0,alta,48,7.0,2024-07
2024-11-29,coquimbo,robo,sur,16.0,NaN,32,11.0,2024-11
2024-08-12,monte patria,robo,rural,NaN,baja,29,8.0,2024-08
2024-04-03,ovalle,hurto,norte,9.0,NaN,22,4.0,2024-04
2024-11-05,la serena,hurto,centro,1.0,alta,60,11.0,2024-11
2024-05-03,monte patria,NaN,norte,12.0,baja,25,5.0,2024-05
2025-09-07,ovalle,violencia,NaN,17.0,alta,NaN,9.0,2025-09
2024-12-01,illapel,accidente,sur,15.0,NaN,42,12.0,2024-12
2025-12-24,la serena,robo,centro,18.0,media,41,12.0,2025-12
2025-05-15,la serena,robo,norte,10.0,NaN,15,5.0,2025-05
2025-07-19,salamanca,hurto,rural,16.0,alta,50,7.0,2025-07
2025-04-20,ovalle,NaN,centro,4.0,NaN,34,4.0,2025-04
2025-05-26,vicuna,robo,centro,4.0,NaN,22,5.0,2025-05
2025-10-14,monte patria,NaN,centro,9.0,NaN,NaN,10.0,2025-10
2024-05-19,salamanca,robo,centro,NaN,alta,29,5.0,2024-05
2024-01-05,la serena,hurto,centro,9.0,baja,20,1.0,2024-01
2025-07-11,ovalle,NaN,centro,10.0,alta,58,7.0,2025-07
NaN,andacollo,NaN,centro,8.0,baja,28,NaN,NaN
2024-05-27,vicuna,robo,norte,2.0,NaN,52,5.0,2024-05
NaN,coquimbo,hurto,norte,9.0,NaN,21,NaN,NaN
NaN,ovalle,NaN,norte,19.0,NaN,55,NaN,NaN
2024-04-25,salamanca,violencia,norte,5.0,baja,14,4.0,2024-04
2025-04-21,monte patria,robo,centro,3.0,baja,30,4.0,2025-04
NaN,illapel,robo,NaN,14.0,baja,16,NaN,NaN
2025-02-12,vicuna,NaN,centro,3.0,baja,55,2.0,2025-02
2025-12-31,la serena,robo,centro,3.0,alta,27,12.0,2025-12
NaN,ovalle,fraude,sur,17.0,NaN,45,NaN,NaN
NaN,coquimbo,violencia,rural,3.0,alta,25,NaN,NaN
2024-09-22,monte patria,hurto,centro,8.0,alta,NaN,9.0,2024-09
2024-10-23,salamanca,NaN,NaN,7.0,alta,52,10.0,2024-10
2025-09-22,monte patria,robo,norte,9.0,baja,49,9.0,2025-09
2024-11-09,illapel,violencia,centro,4.0,baja,69,11.0,2024-11
2025-12-17,coquimbo,robo,NaN,17.0,alta,58,12.0,2025-12
2024-01-12,la serena,NaN,rural,4.0,media,55,1.0,2024-01
2024-12-04,la serena,violencia,norte,13.0,media,62,12.0,2024-12
2024-07-16,ovalle,robo,sur,13.0,baja,58,7.0,2024-07
2025-09-22,monte patria,NaN,NaN,10.0,NaN,68,9.0,2025-09
2025-09-24,vicuna,robo,rural,12.0,baja,31,9.0,2025-09
NaN,vicuna,accidente,norte,14.0,alta,20,NaN,NaN
NaN,la serena,NaN,NaN,13.0,alta,54,NaN,NaN
NaN,salamanca,robo,sur,2.0,alta,53,NaN,NaN
NaN,monte patria,NaN,rural,12.0,media,59,NaN,NaN
2025-03-17,monte patria,fraude,norte,13.0,alta,55,3.0,2025-03
2025-12-08,vicuna,NaN,centro,14.0,alta,17,12.0,2025-12
2025-04-24,andacollo,fraude,NaN,7.0,NaN,66,4.0,2025-04
2024-09-05,vicuna,accidente,norte,6.0,alta,37,9.0,2024-09
2025-09-20,vicuna,accidente,norte,4.0,alta,31,9.0,2025-09
2025-05-21,illapel,robo,centro,13.0,baja,38,5.0,2025-05
2024-07-01,salamanca,NaN,centro,2.0,NaN,33,7.0,2024-07
2025-08-21,la serena,violencia,norte,15.0,alta,47,8.0,2025-08
2025-01-26,la serena,NaN,norte,6.0,baja,22,1.0,2025-01
2024-07-20,illapel,robo,norte,NaN,media,22,7.0,2024-07
NaN,ovalle,robo,centro,8.0,alta,27,NaN,NaN
2024-05-31,andacollo,NaN,norte,13.0,baja,66,5.0,2024-05
NaN,illapel,fraude,norte,11.0,alta,60,NaN,NaN
2024-04-03,andacollo,NaN,rural,2.0,baja,17,4.0,2024-04
2025-05-11,monte patria,robo,centro,14.0,alta,42,5.0,2025-05
NaN,salamanca,fraude,centro,NaN,media,48,NaN,NaN
2024-09-10,vicuna,fraude,rural,6.0,alta,26,9.0,2024-09
2024-07-10,la serena,robo,centro,11.0,NaN,NaN,7.0,2024-07
2024-03-05,vicuna,NaN,NaN,13.0,alta,24,3.0,2024-03
2025-02-06,ovalle,NaN,rural,11.0,NaN,39,2.0,2025-02
2024-05-31,coquimbo,accidente,norte,10.0,NaN,55,5.0,2024-05
2024-02-19,la serena,robo,NaN,1.0,alta,57,2.0,2024-02
2025-12-10,la serena,accidente,norte,5.0,alta,62,12.0,2025-12
2024-09-08,ovalle,robo,norte,4.0,alta,24,9.0,2024-09
2024-08-18,andacollo,NaN,rural,6.0,baja,22,8.0,2024-08
2024-05-26,andacollo,accidente,centro,2.0,NaN,16,5.0,2024-05
2025-02-13,la serena,NaN,centro,9.0,alta,NaN,2.0,2025-02
2024-02-03,coquimbo,robo,norte,11.0,alta,52,2.0,2024-02
NaN,salamanca,NaN,norte,19.0,media,53,NaN,NaN
2024-09-14,la serena,robo,centro,9.0,baja,NaN,9.0,2024-09
NaN,ovalle,accidente,centro,11.0,alta,NaN,NaN,NaN
2025-05-01,salamanca,NaN,norte,NaN,baja,26,5.0,2025-05
2024-10-31,salamanca,fraude,norte,18.0,NaN,54,10.0,2024-10
2025-03-03,illapel,robo,rural,13.0,alta,17,3.0,2025-03
2025-01-06,salamanca,robo,norte,5.0,alta,NaN,1.0,2025-01
2025-10-28,andacollo,fraude,norte,17.0,media,43,10.0,2025-10
2024-06-03,vicuna,robo,centro,5.0,alta,14,6.0,2024-06
2025-07-07,la serena,fraude,centro,14.0,alta,21,7.0,2025-07
2025-02-09,salamanca,robo,norte,7.0,alta,59,2.0,2025-02
2025-06-03,monte patria,robo,centro,NaN,alta,45,6.0,2025-06
2024-01-23,la serena,robo,rural,16.0,media,18,1.0,2024-01
2025-05-06,salamanca,violencia,norte,1.0,baja,66,5.0,2025-05
2024-04-16,la serena,NaN,rural,NaN,alta,34,4.0,2024-04
2024-07-05,ovalle,accidente,NaN,2.0,NaN,47,7.0,2024-07
2025-05-18,coquimbo,fraude,norte,13.0,baja,55,5.0,2025-05
NaN,la serena,robo,NaN,6.0,alta,29,NaN,NaN
2025-02-13,monte patria,robo,centro,13.0,baja,48,2.0,2025-02
2025-07-29,andacollo,violencia,NaN,10.0,alta,56,7.0,2025-07
2024-12-30,vicuna,robo,norte,19.0,alta,NaN,12.0,2024-12
2024-06-28,monte patria,NaN,rural,6.0,alta,24,6.0,2024-06
2025-10-23,la serena,robo,norte,NaN,NaN,20,10.0,2025-10
2024-09-22,monte patria,robo,NaN,NaN,baja,31,9.0,2024-09
2025-07-08,coquimbo,accidente,rural,NaN,baja,NaN,7.0,2025-07
2025-11-11,la serena,fraude,sur,5.0,baja,54,11.0,2025-11
2025-08-17,vicuna,NaN,NaN,5.0,baja,57,8.0,2025-08
2024-01-29,la serena,hurto,norte,14.0,alta,69,1.0,2024-01
2025-01-09,monte patria,NaN,centro,17.0,media,NaN,1.0,2025-01
NaN,ovalle,fraude,norte,8.0,media,130,NaN,NaN
2024-10-17,monte patria,robo,centro,19.0,media,18,10.0,2024-10
2024-08-04,vicuna,violencia,rural,6.0,media,21,8.0,2024-08
2025-01-05,monte patria,violencia,sur,19.0,media,27,1.0,2025-01
2024-11-12,coquimbo,accidente,rural,13.0,media,52,11.0,2024-11
2024-12-01,coquimbo,violencia,centro,2.0,NaN,60,12.0,2024-12
2025-07-04,la serena,robo,sur,14.0,alta,36,7.0,2025-07
2025-10-26,la serena,violencia,centro,15.0,alta,31,10.0,2025-10
2025-01-08,ovalle,hurto,centro,9.0,alta,41,1.0,2025-01
2025-03-14,coquimbo,hurto,norte,10.0,NaN,39,3.0,2025-03
2024-11-02,monte patria,NaN,centro,13.0,baja,18,11.0,2024-11
2024-12-09,monte patria,accidente,rural,4.0,media,NaN,12.0,2024-12
2024-08-27,coquimbo,accidente,rural,NaN,baja,46,8.0,2024-08
2025-01-09,vicuna,NaN,NaN,14.0,NaN,17,1.0,2025-01
2025-09-09,monte patria,hurto,NaN,6.0,alta,65,9.0,2025-09
2025-10-02,ovalle,accidente,norte,5.0,alta,62,10.0,2025-10
NaN,vicuna,NaN,rural,13.0,alta,27,NaN,NaN
2025-06-06,monte patria,fraude,sur,17.0,baja,49,6.0,2025-06
2024-05-13,la serena,violencia,norte,8.0,alta,16,5.0,2024-05
2025-05-19,coquimbo,NaN,NaN,NaN,media,51,5.0,2025-05
2025-11-21,monte patria,fraude,norte,5.0,alta,48,11.0,2025-11
2025-06-08,coquimbo,accidente,centro,5.0,baja,65,6.0,2025-06
NaN,ovalle,violencia,norte,2.0,baja,NaN,NaN,NaN
2024-11-02,vicuna,violencia,norte,14.0,media,15,11.0,2024-11
2025-08-22,coquimbo,fraude,sur,10.0,NaN,46,8.0,2025-08
2025-04-24,ovalle,robo,norte,18.0,NaN,55,4.0,2025-04
2025-08-04,salamanca,robo,sur,15.0,alta,38,8.0,2025-08
NaN,vicuna,accidente,sur,14.0,alta,56,NaN,NaN
2024-07-01,andacollo,fraude,norte,15.0,alta,53,7.0,2024-07
2025-03-05,vicuna,hurto,rural,15.0,media,52,3.0,2025-03
2024-05-06,la serena,robo,rural,3.0,alta,NaN,5.0,2024-05
2025-03-07,illapel,robo,rural,5.0,media,53,3.0,2025-03
2024-08-04,illapel,robo,norte,2.0,alta,33,8.0,2024-08
2025-10-14,ovalle,fraude,norte,14.0,baja,28,10.0,2025-10
2025-02-12,la serena,violencia,sur,1.0,baja,NaN,2.0,2025-02
2024-09-21,andacollo,violencia,NaN,14.0,baja,17,9.0,2024-09
2025-01-04,coquimbo,accidente,sur,NaN,alta,59,1.0,2025-01
NaN,andacollo,robo,norte,15.0,alta,69,NaN,NaN
2025-03-02,coquimbo,robo,NaN,3.0,baja,22,3.0,2025-03
2024-06-13,la serena,fraude,norte,NaN,alta,31,6.0,2024-06
NaN,vicuna,fraude,sur,19.0,alta,45,NaN,NaN
2024-01-10,vicuna,robo,rural,10.0,alta,66,1.0,2024-01
2025-11-29,vicuna,violencia,norte,9.0,NaN,36,11.0,2025-11
2024-06-11,illapel,robo,norte,3.0,NaN,17,6.0,2024-06
2024-08-09,monte patria,accidente,sur,17.0,alta,48,8.0,2024-08
2025-03-06,coquimbo,fraude,norte,12.0,NaN,40,3.0,2025-03
NaN,andacollo,NaN,centro,13.0,NaN,54,NaN,NaN
2025-05-10,monte patria,robo,rural,19.0,alta,16,5.0,2025-05
2024-04-16,la serena,fraude,NaN,8.0,NaN,69,4.0,2024-04
2024-04-11,vicuna,hurto,norte,10.0,media,44,4.0,2024-04
2025-03-27,vicuna,robo,norte,14.0,baja,40,3.0,2025-03
2024-01-01,vicuna,hurto,rural,3.0,alta,17,1.0,2024-01
2024-01-09,la serena,accidente,centro,7.0,alta,37,1.0,2024-01
NaN,vicuna,violencia,centro,9.0,alta,26,NaN,NaN
2025-02-01,coquimbo,NaN,rural,19.0,media,NaN,2.0,2025-02
2025-10-05,la serena,violencia,centro,9.0,baja,50,10.0,2025-10
2024-06-24,andacollo,hurto,rural,9.0,NaN,23,6.0,2024-06
NaN,coquimbo,hurto,centro,10.0,baja,64,NaN,NaN
2025-01-20,salamanca,accidente,norte,7.0,baja,26,1.0,2025-01
NaN,salamanca,fraude,norte,2.0,NaN,20,NaN,NaN
NaN,coquimbo,hurto,rural,16.0,baja,19,NaN,NaN
2025-06-03,illapel,fraude,rural,8.0,NaN,20,6.0,2025-06
2024-06-08,ovalle,NaN,centro,16.0,alta,19,6.0,2024-06
2024-08-22,monte patria,robo,centro,4.0,baja,56,8.0,2024-08
2024-09-01,vicuna,hurto,NaN,18.0,baja,50,9.0,2024-09
2024-04-13,coquimbo,accidente,norte,1.0,alta,51,4.0,2024-04
2024-08-27,vicuna,robo,NaN,2.0,baja,43,8.0,2024-08
2025-06-09,vicuna,hurto,norte,1.0,NaN,17,6.0,2025-06
2024-11-12,monte patria,NaN,norte,16.0,alta,28,11.0,2024-11
2025-01-07,coquimbo,hurto,norte,NaN,NaN,30,1.0,2025-01
2025-07-05,monte patria,robo,centro,3.0,baja,52,7.0,2025-07
NaN,monte patria,NaN,centro,9.0,media,64,NaN,NaN
2024-11-07,ovalle,NaN,centro,16.0,alta,51,11.0,2024-11
2024-12-11,vicuna,accidente,sur,0.0,alta,37,12.0,2024-12
2025-02-03,illapel,hurto,rural,8.0,alta,67,2.0,2025-02
2025-11-05,la serena,violencia,norte,19.0,baja,23,11.0,2025-11
2025-07-23,monte patria,accidente,norte,5.0,baja,52,7.0,2025-07
2024-10-10,coquimbo,hurto,sur,7.0,alta,16,10.0,2024-10
2024-03-06,coquimbo,NaN,sur,NaN,NaN,48,3.0,2024-03
NaN,monte patria,hurto,centro,16.0,baja,20,NaN,NaN
2025-11-17,la serena,fraude,centro,12.0,baja,53,11.0,2025-11
2025-08-21,illapel,NaN,centro,14.0,baja,51,8.0,2025-08
2025-01-12,vicuna,violencia,centro,14.0,media,38,1.0,2025-01
NaN,vicuna,fraude,centro,15.0,alta,64,NaN,NaN
NaN,vicuna,accidente,rural,7.0,baja,23,NaN,NaN
NaN,illapel,robo,sur,4.0,NaN,53,NaN,NaN
2025-10-16,vicuna,NaN,centro,15.0,NaN,36,10.0,2025-10
2024-03-11,vicuna,robo,centro,NaN,baja,56,3.0,2024-03
2024-11-21,monte patria,NaN,NaN,6.0,media,61,11.0,2024-11
2025-08-02,monte patria,violencia,norte,10.0,alta,27,8.0,2025-08
2025-03-04,ovalle,NaN,centro,10.0,media,41,3.0,2025-03
NaN,illapel,violencia,rural,8.0,NaN,61,NaN,NaN
2025-05-13,andacollo,robo,NaN,10.0,baja,42,5.0,2025-05
2024-01-04,monte patria,robo,centro,5.0,alta,62,1.0,2024-01
2024-06-03,la serena,accidente,centro,3.0,baja,43,6.0,2024-06
2024-03-22,salamanca,hurto,norte,6.0,baja,63,3.0,2024-03
2024-11-09,coquimbo,NaN,centro,11.0,baja,47,11.0,2024-11
2024-12-09,andacollo,accidente,norte,8.0,media,37,12.0,2024-12
2025-02-21,monte patria,robo,sur,10.0,media,62,2.0,2025-02
2024-08-15,la serena,NaN,rural,3.0,alta,49,8.0,2024-08
2025-09-11,coquimbo,hurto,centro,1.0,baja,68,9.0,2025-09
NaN,la serena,fraude,centro,3.0,baja,17,NaN,NaN
2024-12-02,monte patria,robo,centro,2.0,baja,48,12.0,2024-12
NaN,ovalle,robo,centro,4.0,NaN,40,NaN,NaN
2024-12-06,vicuna,accidente,rural,12.0,NaN,24,12.0,2024-12
2024-12-08,la serena,NaN,centro,NaN,NaN,23,12.0,2024-12
2024-11-10,la serena,violencia,NaN,3.0,NaN,15,11.0,2024-11
2025-03-17,salamanca,violencia,norte,4.0,NaN,56,3.0,2025-03
2025-08-10,illapel,accidente,rural,2.0,baja,64,8.0,2025-08
2024-07-20,la serena,robo,norte,10.0,alta,46,7.0,2024-07
NaN,la serena,fraude,norte,19.0,media,41,NaN,NaN
NaN,salamanca,NaN,centro,9.0,baja,49,NaN,NaN
2025-09-03,la serena,robo,centro,1.0,alta,65,9.0,2025-09
2024-11-17,la serena,NaN,rural,6.0,baja,65,11.0,2024-11
2025-02-03,illapel,robo,sur,NaN,alta,58,2.0,2025-02
NaN,ovalle,robo,centro,NaN,baja,NaN,NaN,NaN
2025-09-03,andacollo,NaN,NaN,19.0,baja,14,9.0,2025-09
2025-02-27,andacollo,hurto,sur,14.0,NaN,36,2.0,2025-02
2024-12-31,salamanca,fraude,sur,1.0,media,51,12.0,2024-12
2024-07-18,salamanca,robo,norte,10.0,alta,37,7.0,2024-07
2024-11-28,ovalle,violencia,rural,16.0,NaN,NaN,11.0,2024-11
2025-07-16,vicuna,hurto,sur,12.0,NaN,35,7.0,2025-07
NaN,la serena,hurto,centro,5.0,media,39,NaN,NaN
2024-01-28,illapel,robo,rural,NaN,NaN,NaN,1.0,2024-01
2025-02-01,la serena,hurto,centro,1.0,baja,51,2.0,2025-02
NaN,la serena,accidente,centro,19.0,baja,61,NaN,NaN
2024-10-01,ovalle,fraude,centro,13.0,media,48,10.0,2024-10
2025-01-18,vicuna,violencia,centro,7.0,baja,66,1.0,2025-01
NaN,vicuna,NaN,sur,12.0,alta,46,NaN,NaN
2025-10-23,ovalle,NaN,NaN,4.0,alta,19,10.0,2025-10
2024-01-15,la serena,robo,sur,15.0,NaN,57,1.0,2024-01
NaN,andacollo,robo,rural,NaN,media,56,NaN,NaN
2025-04-21,la serena,NaN,NaN,4.0,baja,53,4.0,2025-04
2025-02-07,ovalle,robo,centro,15.0,alta,62,2.0,2025-02
2024-10-23,la serena,violencia,centro,19.0,NaN,35,10.0,2024-10
2024-03-20,monte patria,robo,norte,6.0,alta,69,3.0,2024-03
2025-08-10,ovalle,fraude,norte,11.0,alta,29,8.0,2025-08
2024-11-13,salamanca,robo,sur,10.0,alta,55,11.0,2024-11
2024-02-11,vicuna,accidente,sur,7.0,baja,66,2.0,2024-02
2025-06-03,la serena,violencia,NaN,NaN,baja,47,6.0,2025-06
2025-02-09,coquimbo,robo,rural,15.0,alta,23,2.0,2025-02
2025-04-22,andacollo,hurto,sur,13.0,baja,45,4.0,2025-04
2024-07-05,andacollo,hurto,centro,9.0,baja,20,7.0,2024-07
2024-02-07,coquimbo,NaN,norte,19.0,NaN,14,2.0,2024-02
2025-08-08,ovalle,NaN,centro,9.0,alta,51,8.0,2025-08
2025-04-02,vicuna,hurto,rural,14.0,alta,28,4.0,2025-04
NaN,andacollo,robo,centro,5.0,baja,63,NaN,NaN
NaN,monte patria,robo,norte,11.0,baja,NaN,NaN,NaN
2025-01-27,la serena,fraude,NaN,1.0,NaN,42,1.0,2025-01
NaN,andacollo,robo,rural,18.0,baja,31,NaN,NaN
2024-11-30,illapel,robo,centro,13.0,baja,NaN,11.0,2024-11
NaN,andacollo,NaN,sur,19.0,alta,41,NaN,NaN
2024-04-06,monte patria,hurto,NaN,14.0,alta,40,4.0,2024-04
NaN,vicuna,robo,sur,10.0,alta,30,NaN,NaN
2024-06-06,coquimbo,accidente,norte,19.0,baja,45,6.0,2024-06
2025-04-26,ovalle,hurto,norte,4.0,alta,42,4.0,2025-04
2025-11-21,salamanca,robo,centro,13.0,media,5,11.0,2025-11
2024-12-07,andacollo,NaN,centro,4.0,baja,33,12.0,2024-12
2024-10-08,coquimbo,robo,sur,5.0,alta,67,10.0,2024-10
2024-11-22,monte patria,violencia,rural,13.0,alta,57,11.0,2024-11
2024-06-04,ovalle,hurto,norte,14.0,NaN,63,6.0,2024-06
2024-08-23,andacollo,robo,norte,1.0,NaN,NaN,8.0,2024-08
2025-02-06,la serena,hurto,norte,17.0,baja,57,2.0,2025-02
2024-03-05,la serena,violencia,norte,NaN,NaN,53,3.0,2024-03
NaN,salamanca,violencia,sur,3.0,alta,22,NaN,NaN
2024-11-12,ovalle,fraude,rural,3.0,alta,60,11.0,2024-11
2025-06-28,monte patria,robo,sur,9.0,alta,26,6.0,2025-06
2025-11-09,andacollo,violencia,centro,5.0,alta,51,11.0,2025-11
2024-07-30,monte patria,accidente,NaN,16.0,baja,34,7.0,2024-07
NaN,coquimbo,NaN,norte,5.0,media,58,NaN,NaN
2025-03-02,monte patria,fraude,rural,NaN,alta,35,3.0,2025-03
2025-04-25,la serena,accidente,centro,5.0,baja,67,4.0,2025-04
2024-04-24,vicuna,fraude,centro,3.0,alta,20,4.0,2024-04
2025-09-14,coquimbo,violencia,NaN,19.0,media,29,9.0,2025-09
2025-01-01,andacollo,NaN,NaN,18.0,baja,41,1.0,2025-01
NaN,vicuna,fraude,centro,10.0,alta,45,NaN,NaN
2025-07-27,vicuna,robo,rural,18.0,baja,22,7.0,2025-07
NaN,andacollo,NaN,rural,7.0,alta,NaN,NaN,NaN
2025-10-20,illapel,robo,centro,4.0,media,54,10.0,2025-10
2025-07-06,vicuna,accidente,rural,13.0,NaN,59,7.0,2025-07
2025-12-26,coquimbo,NaN,centro,7.0,NaN,33,12.0,2025-12
2025-08-05,monte patria,accidente,rural,6.0,NaN,NaN,8.0,2025-08
2024-05-04,vicuna,NaN,centro,NaN,NaN,35,5.0,2024-05
2025-05-19,vicuna,accidente,norte,8.0,NaN,44,5.0,2025-05
2025-08-26,coquimbo,fraude,sur,NaN,alta,54,8.0,2025-08
2025-12-24,coquimbo,NaN,centro,16.0,baja,28,12.0,2025-12
2025-09-07,la serena,fraude,centro,NaN,baja,17,9.0,2025-09
2025-07-10,andacollo,NaN,sur,16.0,alta,NaN,7.0,2025-07
2024-09-18,vicuna,hurto,centro,NaN,NaN,56,9.0,2024-09
NaN,monte patria,robo,NaN,8.0,alta,41,NaN,NaN
2025-04-10,coquimbo,robo,rural,16.0,baja,60,4.0,2025-04
NaN,monte patria,NaN,NaN,14.0,alta,63,NaN,NaN
NaN,vicuna,fraude,centro,17.0,NaN,25,NaN,NaN
2025-08-06,coquimbo,robo,rural,5.0,NaN,40,8.0,2025-08
2025-04-10,vicuna,robo,sur,500.0,NaN,58,4.0,2025-04
2024-03-01,vicuna,hurto,sur,NaN,media,20,3.0,2024-03
2025-05-19,ovalle,fraude,norte,1.0,NaN,37,5.0,2025-05
2024-05-01,illapel,accidente,norte,NaN,alta,29,5.0,2024-05
NaN,salamanca,fraude,centro,17.0,NaN,40,NaN,NaN
2025-07-12,la serena,robo,centro,11.0,NaN,46,7.0,2025-07
2025-12-09,illapel,violencia,rural,17.0,alta,24,12.0,2025-12
2025-11-17,monte patria,hurto,NaN,1.0,alta,33,11.0,2025-11
2025-10-31,monte patria,robo,sur,2.0,baja,25,10.0,2025-10
2025-03-29,la serena,violencia,NaN,6.0,baja,56,3.0,2025-03
2024-03-05,vicuna,violencia,centro,10.0,NaN,41,3.0,2024-03
2025-10-15,coquimbo,fraude,rural,3.0,NaN,18,10.0,2025-10
2024-01-18,coquimbo,hurto,centro,9.0,baja,69,1.0,2024-01
2024-10-31,la serena,accidente,NaN,13.0,alta,NaN,10.0,2024-10
2024-04-04,coquimbo,hurto,NaN,15.0,baja,69,4.0,2024-04
2025-05-28,monte patria,robo,norte,3.0,media,22,5.0,2025-05
2024-12-14,coquimbo,NaN,centro,18.0,media,NaN,12.0,2024-12
NaN,coquimbo,hurto,NaN,8.0,alta,19,NaN,NaN
2025-11-16,salamanca,robo,sur,2.0,alta,32,11.0,2025-11
2024-02-29,coquimbo,NaN,norte,4.0,baja,20,2.0,2024-02
2025-10-26,andacollo,NaN,centro,3.0,baja,60,10.0,2025-10
NaN,coquimbo,NaN,norte,8.0,media,36,NaN,NaN
2024-05-21,salamanca,robo,centro,17.0,alta,59,5.0,2024-05
2024-06-10,salamanca,accidente,centro,2.0,media,26,6.0,2024-06
2024-10-27,monte patria,NaN,norte,12.0,NaN,32,10.0,2024-10
2025-11-03,ovalle,hurto,centro,8.0,baja,35,11.0,2025-11
2024-03-25,coquimbo,violencia,sur,16.0,alta,47,3.0,2024-03
NaN,la serena,fraude,NaN,9.0,media,27,NaN,NaN
2025-10-01,la serena,violencia,rural,8.0,alta,41,10.0,2025-10
2025-06-17,la serena,accidente,sur,9.0,alta,49,6.0,2025-06
2025-05-16,illapel,fraude,sur,18.0,NaN,61,5.0,2025-05
2025-08-16,vicuna,robo,NaN,15.0,NaN,58,8.0,2025-08
2025-10-04,la serena,fraude,rural,6.0,baja,22,10.0,2025-10
2025-03-19,coquimbo,robo,centro,8.0,alta,34,3.0,2025-03
2025-11-04,coquimbo,violencia,NaN,14.0,NaN,41,11.0,2025-11
2025-11-06,illapel,hurto,sur,12.0,NaN,40,11.0,2025-11
2025-12-02,ovalle,hurto,centro,8.0,NaN,46,12.0,2025-12
2024-02-21,monte patria,hurto,NaN,12.0,baja,37,2.0,2024-02
NaN,la serena,robo,norte,15.0,alta,15,NaN,NaN
2025-11-11,coquimbo,robo,centro,1.0,NaN,NaN,11.0,2025-11
2024-10-03,la serena,robo,NaN,19.0,alta,23,10.0,2024-10
2024-03-17,andacollo,violencia,sur,1.0,alta,66,3.0,2024-03
2024-07-31,salamanca,violencia,norte,2.0,baja,NaN,7.0,2024-07
NaN,vicuna,hurto,centro,4.0,media,29,NaN,NaN
NaN,ovalle,fraude,sur,11.0,media,52,NaN,NaN
2024-09-08,salamanca,hurto,norte,16.0,media,46,9.0,2024-09
NaN,coquimbo,hurto,rural,4.0,baja,69,NaN,NaN
2025-07-17,vicuna,violencia,centro,13.0,NaN,27,7.0,2025-07
2025-11-10,ovalle,robo,centro,10.0,alta,34,11.0,2025-11
2024-01-05,la serena,robo,rural,2.0,baja,48,1.0,2024-01
2024-10-27,vicuna,accidente,sur,7.0,alta,41,10.0,2024-10
2024-01-20,monte patria,violencia,NaN,3.0,alta,NaN,1.0,2024-01
2024-07-17,ovalle,fraude,NaN,3.0,alta,40,7.0,2024-07
NaN,salamanca,hurto,centro,6.0,baja,65,NaN,NaN
2024-03-11,monte patria,NaN,centro,7.0,baja,37,3.0,2024-03
2024-03-19,la serena,hurto,centro,11.0,baja,NaN,3.0,2024-03
2025-09-26,la serena,fraude,norte,NaN,media,22,9.0,2025-09
NaN,salamanca,violencia,centro,13.0,alta,37,NaN,NaN
2024-12-23,vicuna,violencia,rural,8.0,alta,20,12.0,2024-12
NaN,la serena,robo,norte,19.0,NaN,63,NaN,NaN
2024-09-04,la serena,fraude,rural,19.0,NaN,29,9.0,2024-09
NaN,la serena,NaN,sur,NaN,baja,38,NaN,NaN
2024-10-02,ovalle,fraude,norte,10.0,baja,20,10.0,2024-10
2025-05-05,illapel,NaN,norte,11.0,NaN,55,5.0,2025-05
NaN,monte patria,hurto,NaN,8.0,media,41,NaN,NaN
2024-09-27,la serena,robo,NaN,5.0,baja,57,9.0,2024-09
2025-05-07,vicuna,hurto,centro,NaN,baja,15,5.0,2025-05
2025-10-29,ovalle,robo,sur,NaN,baja,60,10.0,2025-10
2025-01-26,ovalle,accidente,NaN,3.0,baja,44,1.0,2025-01
2024-11-19,ovalle,robo,rural,1.0,alta,15,11.0,2024-11
2024-11-16,ovalle,NaN,norte,15.0,alta,48,11.0,2024-11
2024-12-26,ovalle,robo,centro,12.0,NaN,33,12.0,2024-12
2024-01-16,salamanca,robo,norte,19.0,alta,59,1.0,2024-01
2024-08-23,andacollo,NaN,NaN,15.0,baja,15,8.0,2024-08
NaN,coquimbo,hurto,norte,1.0,baja,35,NaN,NaN
2025-07-02,monte patria,robo,norte,18.0,alta,57,7.0,2025-07
2025-09-10,coquimbo,violencia,centro,12.0,alta,60,9.0,2025-09
2025-07-28,la serena,violencia,norte,NaN,baja,46,7.0,2025-07
2024-05-11,la serena,NaN,centro,11.0,media,130,5.0,2024-05
NaN,ovalle,hurto,sur,18.0,baja,24,NaN,NaN
2024-10-16,la serena,hurto,centro,15.0,alta,55,10.0,2024-10
NaN,la serena,NaN,sur,1.0,alta,24,NaN,NaN
2024-09-20,monte patria,NaN,NaN,15.0,NaN,38,9.0,2024-09
2024-10-19,salamanca,hurto,centro,9.0,baja,43,10.0,2024-10
NaN,illapel,robo,centro,12.0,baja,30,NaN,NaN
2025-12-11,coquimbo,accidente,NaN,8.0,alta,NaN,12.0,2025-12
2025-06-22,coquimbo,fraude,norte,11.0,baja,54,6.0,2025-06
2024-05-21,monte patria,hurto,sur,11.0,NaN,21,5.0,2024-05
NaN,la serena,accidente,norte,15.0,baja,42,NaN,NaN
2024-02-08,monte patria,fraude,norte,16.0,baja,46,2.0,2024-02
NaN,monte patria,accidente,sur,9.0,NaN,33,NaN,NaN
2024-10-12,ovalle,NaN,NaN,3.0,media,62,10.0,2024-10
2025-07-29,monte patria,robo,sur,NaN,alta,19,7.0,2025-07
2024-10-25,andacollo,hurto,centro,3.0,baja,38,10.0,2024-10
NaN,monte patria,robo,sur,1.0,baja,NaN,NaN,NaN
2025-04-16,coquimbo,NaN,norte,5.0,media,44,4.0,2025-04
2024-07-08,la serena,robo,rural,1.0,media,59,7.0,2024-07
2024-08-11,coquimbo,accidente,norte,NaN,alta,36,8.0,2024-08
2024-11-01,andacollo,violencia,norte,8.0,baja,33,11.0,2024-11
2025-03-29,illapel,accidente,sur,13.0,baja,54,3.0,2025-03
2024-07-01,vicuna,accidente,NaN,10.0,alta,NaN,7.0,2024-07
2025-03-05,ovalle,violencia,rural,6.0,NaN,19,3.0,2025-03
2024-01-18,illapel,violencia,centro,10.0,NaN,14,1.0,2024-01
2025-10-18,la serena,hurto,centro,NaN,alta,14,10.0,2025-10
2024-07-23,la serena,robo,norte,6.0,alta,63,7.0,2024-07
NaN,ovalle,fraude,sur,3.0,alta,NaN,NaN,NaN
2025-02-21,vicuna,accidente,centro,9.0,alta,66,2.0,2025-02
2024-02-12,illapel,fraude,centro,NaN,NaN,44,2.0,2024-02
2024-04-04,vicuna,hurto,norte,15.0,alta,38,4.0,2024-04
2024-08-03,andacollo,accidente,norte,18.0,media,68,8.0,2024-08
2025-05-08,illapel,robo,centro,5.0,alta,26,5.0,2025-05
2025-06-28,la serena,violencia,centro,19.0,NaN,36,6.0,2025-06
NaN,illapel,robo,centro,8.0,NaN,33,NaN,NaN
2024-02-06,monte patria,fraude,NaN,2.0,alta,37,2.0,2024-02
2024-05-02,vicuna,robo,NaN,19.0,alta,42,5.0,2024-05
2025-08-04,salamanca,violencia,centro,19.0,NaN,30,8.0,2025-08
2025-12-30,vicuna,violencia,centro,3.0,NaN,24,12.0,2025-12
NaN,ovalle,accidente,centro,7.0,alta,69,NaN,NaN
NaN,vicuna,NaN,NaN,6.0,baja,44,NaN,NaN
2025-07-23,illapel,hurto,rural,5.0,alta,44,7.0,2025-07
2024-12-13,ovalle,hurto,centro,6.0,baja,32,12.0,2024-12
2025-04-17,coquimbo,hurto,sur,15.0,baja,44,4.0,2025-04
NaN,monte patria,NaN,norte,5.0,NaN,40,NaN,NaN
NaN,salamanca,fraude,norte,12.0,alta,29,NaN,NaN
2024-05-10,monte patria,fraude,NaN,7.0,NaN,40,5.0,2024-05
2025-11-12,illapel,violencia,rural,10.0,media,59,11.0,2025-11
2024-11-15,coquimbo,NaN,centro,14.0,baja,33,11.0,2024-11
2024-04-29,coquimbo,NaN,norte,2.0,alta,33,4.0,2024-04
2024-08-26,coquimbo,accidente,NaN,NaN,alta,NaN,8.0,2024-08
2024-02-24,coquimbo,robo,NaN,7.0,NaN,30,2.0,2024-02
NaN,ovalle,NaN,rural,8.0,alta,23,NaN,NaN
2025-08-19,vicuna,accidente,centro,18.0,NaN,36,8.0,2025-08
2024-06-19,ovalle,robo,sur,14.0,alta,51,6.0,2024-06
2024-10-25,coquimbo,fraude,centro,8.0,baja,32,10.0,2024-10
2025-11-02,ovalle,accidente,norte,12.0,baja,14,11.0,2025-11
2025-02-18,la serena,NaN,NaN,11.0,alta,40,2.0,2025-02
2024-07-29,coquimbo,robo,sur,NaN,baja,47,7.0,2024-07
2025-04-11,ovalle,fraude,norte,12.0,baja,28,4.0,2025-04
NaN,la serena,robo,centro,16.0,baja,46,NaN,NaN
2024-03-26,la serena,NaN,norte,11.0,baja,23,3.0,2024-03
2025-09-23,coquimbo,violencia,NaN,4.0,media,35,9.0,2025-09
2024-12-22,la serena,fraude,centro,NaN,alta,43,12.0,2024-12
2024-06-28,monte patria,robo,NaN,19.0,baja,55,6.0,2024-06
2024-03-07,andacollo,NaN,NaN,3.0,media,58,3.0,2024-03
2024-08-01,vicuna,violencia,rural,8.0,NaN,37,8.0,2024-08
NaN,monte patria,fraude,rural,2.0,alta,69,NaN,NaN
NaN,andacollo,violencia,NaN,1.0,media,52,NaN,NaN
2025-07-25,illapel,hurto,rural,NaN,alta,35,7.0,2025-07
2024-05-26,salamanca,accidente,sur,13.0,media,NaN,5.0,2024-05
2024-03-10,andacollo,NaN,sur,18.0,NaN,57,3.0,2024-03
2024-03-28,coquimbo,fraude,sur,12.0,alta,56,3.0,2024-03
NaN,la serena,hurto,norte,14.0,baja,29,NaN,NaN
NaN,coquimbo,robo,sur,17.0,baja,47,NaN,NaN
2025-12-09,vicuna,fraude,norte,6.0,baja,NaN,12.0,2025-12
2025-11-16,la serena,violencia,NaN,15.0,media,NaN,11.0,2025-11
2025-08-14,illapel,hurto,rural,1.0,alta,47,8.0,2025-08
2025-01-04,coquimbo,fraude,norte,15.0,baja,58,1.0,2025-01
2025-03-13,monte patria,violencia,NaN,5.0,NaN,42,3.0,2025-03
2025-09-01,coquimbo,robo,centro,3.0,baja,16,9.0,2025-09
2024-01-26,coquimbo,robo,sur,16.0,baja,19,1.0,2024-01
2024-05-01,andacollo,accidente,centro,1.0,baja,48,5.0,2024-05
2024-11-16,illapel,hurto,norte,8.0,media,14,11.0,2024-11
2024-05-25,ovalle,NaN,NaN,7.0,baja,52,5.0,2024-05
2025-03-27,monte patria,violencia,norte,3.0,alta,38,3.0,2025-03
2025-02-27,andacollo,robo,sur,9.0,alta,130,2.0,2025-02
NaN,salamanca,NaN,norte,14.0,alta,30,NaN,NaN
2025-01-11,coquimbo,fraude,sur,6.0,NaN,19,1.0,2025-01
2024-01-04,la serena,fraude,rural,15.0,media,46,1.0,2024-01
NaN,coquimbo,accidente,centro,11.0,NaN,NaN,NaN,NaN
2025-04-07,monte patria,accidente,NaN,NaN,alta,38,4.0,2025-04
2025-11-18,coquimbo,hurto,norte,NaN,NaN,16,11.0,2025-11
2024-06-20,andacollo,NaN,norte,17.0,baja,30,6.0,2024-06
2024-02-01,la serena,hurto,norte,13.0,media,49,2.0,2024-02
2024-11-20,andacollo,accidente,sur,NaN,baja,14,11.0,2024-11
NaN,la serena,accidente,NaN,8.0,alta,25,NaN,NaN
2025-05-26,monte patria,robo,rural,NaN,alta,52,5.0,2025-05
NaN,illapel,robo,rural,7.0,baja,55,NaN,NaN
2025-07-14,illapel,violencia,centro,3.0,alta,31,7.0,2025-07
NaN,ovalle,NaN,norte,12.0,baja,52,NaN,NaN
NaN,salamanca,NaN,norte,14.0,media,69,NaN,NaN
NaN,la serena,robo,rural,10.0,alta,47,NaN,NaN
2025-09-19,la serena,NaN,centro,17.0,NaN,66,9.0,2025-09
NaN,coquimbo,accidente,centro,18.0,alta,50,NaN,NaN
2024-12-11,la serena,violencia,norte,11.0,baja,23,12.0,2024-12
2025-01-30,la serena,violencia,centro,12.0,baja,20,1.0,2025-01
2024-02-19,la serena,robo,rural,17.0,alta,130,2.0,2024-02
2024-11-26,la serena,violencia,centro,13.0,NaN,64,11.0,2024-11
2024-08-26,coquimbo,NaN,sur,4.0,alta,42,8.0,2024-08
2024-09-29,monte patria,robo,norte,NaN,NaN,48,9.0,2024-09
2024-06-17,coquimbo,hurto,centro,NaN,baja,64,6.0,2024-06
2024-07-12,la serena,robo,centro,8.0,alta,51,7.0,2024-07
2024-06-17,andacollo,fraude,centro,3.0,alta,42,6.0,2024-06
2024-09-12,coquimbo,fraude,sur,14.0,NaN,59,9.0,2024-09
2024-07-08,andacollo,robo,centro,NaN,NaN,60,7.0,2024-07
2024-12-20,vicuna,violencia,NaN,15.0,alta,14,12.0,2024-12
NaN,coquimbo,violencia,norte,1.0,baja,39,NaN,NaN
2025-03-26,la serena,NaN,NaN,19.0,baja,53,3.0,2025-03
NaN,andacollo,hurto,rural,1.0,baja,48,NaN,NaN
2024-10-26,coquimbo,accidente,norte,10.0,media,50,10.0,2024-10
2025-05-29,coquimbo,robo,centro,6.0,baja,56,5.0,2025-05
2025-06-15,monte patria,robo,centro,12.0,media,39,6.0,2025-06
2024-04-03,salamanca,NaN,NaN,5.0,NaN,69,4.0,2024-04
2025-07-10,andacollo,accidente,centro,2.0,NaN,28,7.0,2025-07
NaN,vicuna,robo,sur,7.0,baja,33,NaN,NaN
2024-05-04,vicuna,fraude,rural,3.0,alta,33,5.0,2024-05
2025-02-12,vicuna,hurto,rural,6.0,baja,41,2.0,2025-02
2025-03-01,vicuna,hurto,norte,9.0,media,15,3.0,2025-03
NaN,vicuna,fraude,centro,8.0,baja,54,NaN,NaN
2025-03-29,illapel,hurto,centro,16.0,alta,41,3.0,2025-03
2025-03-16,illapel,NaN,norte,6.0,baja,48,3.0,2025-03
2025-05-03,vicuna,hurto,centro,NaN,NaN,28,5.0,2025-05
2025-08-18,salamanca,robo,norte,1.0,NaN,46,8.0,2025-08
2024-06-02,coquimbo,accidente,centro,13.0,media,36,6.0,2024-06
2025-12-10,la serena,hurto,sur,18.0,alta,42,12.0,2025-12
NaN,salamanca,NaN,NaN,16.0,alta,30,NaN,NaN
2025-06-26,vicuna,fraude,centro,3.0,alta,28,6.0,2025-06
2024-06-07,la serena,violencia,sur,1.0,alta,48,6.0,2024-06
NaN,monte patria,violencia,NaN,1.0,NaN,48,NaN,NaN
2025-09-08,ovalle,accidente,norte,1.0,baja,44,9.0,2025-09
2024-02-17,monte patria,hurto,centro,4.0,alta,28,2.0,2024-02
2025-03-08,salamanca,robo,norte,15.0,baja,19,3.0,2025-03
2025-09-09,salamanca,NaN,NaN,15.0,alta,65,9.0,2025-09
2024-02-02,la serena,accidente,norte,12.0,alta,29,2.0,2024-02
2025-05-20,la serena,violencia,centro,18.0,alta,24,5.0,2025-05
2024-08-22,monte patria,NaN,sur,13.0,NaN,29,8.0,2024-08
2024-08-05,la serena,NaN,rural,15.0,baja,NaN,8.0,2024-08
2025-05-28,ovalle,hurto,norte,3.0,NaN,31,5.0,2025-05
NaN,coquimbo,accidente,centro,10.0,NaN,38,NaN,NaN
2025-03-16,andacollo,fraude,norte,1.0,media,62,3.0,2025-03
2025-12-20,andacollo,robo,norte,1.0,NaN,60,12.0,2025-12
2024-07-02,la serena,hurto,centro,9.0,alta,17,7.0,2024-07
2025-08-17,salamanca,hurto,rural,14.0,baja,63,8.0,2025-08
2025-04-05,illapel,robo,sur,NaN,media,37,4.0,2025-04
2025-03-19,la serena,robo,norte,19.0,alta,47,3.0,2025-03
2025-11-05,monte patria,robo,NaN,5.0,baja,62,11.0,2025-11
2025-05-15,coquimbo,robo,NaN,11.0,alta,55,5.0,2025-05
NaN,monte patria,hurto,norte,3.0,baja,16,NaN,NaN
2025-05-11,andacollo,accidente,rural,4.0,baja,54,5.0,2025-05
2024-01-01,la serena,NaN,rural,5.0,media,66,1.0,2024-01
NaN,coquimbo,robo,norte,10.0,alta,32,NaN,NaN
2024-01-23,andacollo,robo,norte,6.0,baja,52,1.0,2024-01
2024-09-30,coquimbo,violencia,rural,8.0,media,17,9.0,2024-09
2025-02-15,coquimbo,robo,centro,16.0,baja,69,2.0,2025-02
2025-07-16,coquimbo,hurto,rural,NaN,alta,50,7.0,2025-07
2024-01-08,la serena,fraude,sur,16.0,baja,45,1.0,2024-01
2024-06-27,vicuna,fraude,rural,15.0,baja,29,6.0,2024-06
NaN,la serena,violencia,norte,1.0,media,64,NaN,NaN
2024-04-18,salamanca,robo,norte,9.0,alta,67,4.0,2024-04
2024-08-06,la serena,accidente,rural,8.0,alta,56,8.0,2024-08
2025-04-25,illapel,robo,rural,8.0,alta,54,4.0,2025-04
2024-01-12,salamanca,accidente,centro,3.0,baja,NaN,1.0,2024-01
2024-12-04,coquimbo,robo,sur,18.0,NaN,50,12.0,2024-12
2024-04-09,la serena,robo,norte,14.0,media,36,4.0,2024-04
2024-01-20,coquimbo,NaN,norte,13.0,NaN,NaN,1.0,2024-01
NaN,monte patria,robo,centro,5.0,NaN,64,NaN,NaN
2024-08-07,illapel,NaN,norte,4.0,baja,35,8.0,2024-08
2025-02-20,vicuna,robo,rural,17.0,baja,29,2.0,2025-02
2024-01-14,la serena,NaN,sur,14.0,baja,25,1.0,2024-01
2024-06-07,ovalle,violencia,norte,16.0,media,57,6.0,2024-06
2025-02-17,monte patria,accidente,norte,14.0,alta,36,2.0,2025-02
2024-06-07,vicuna,violencia,sur,5.0,baja,45,6.0,2024-06
2024-09-06,salamanca,violencia,centro,15.0,baja,66,9.0,2024-09
2024-08-30,la serena,hurto,centro,19.0,baja,50,8.0,2024-08
2024-01-11,la serena,hurto,NaN,4.0,baja,45,1.0,2024-01
2024-05-15,vicuna,hurto,rural,12.0,baja,55,5.0,2024-05
2024-01-10,monte patria,violencia,rural,500.0,NaN,26,1.0,2024-01
2024-05-29,ovalle,NaN,rural,500.0,NaN,28,5.0,2024-05
2025-11-03,monte patria,accidente,centro,14.0,alta,14,11.0,2025-11
2024-06-30,vicuna,accidente,centro,NaN,baja,57,6.0,2024-06
NaN,salamanca,robo,norte,19.0,media,NaN,NaN,NaN
NaN,illapel,violencia,rural,10.0,alta,16,NaN,NaN
2024-07-24,la serena,accidente,sur,7.0,baja,21,7.0,2024-07
2025-02-23,ovalle,robo,NaN,11.0,alta,63,2.0,2025-02
2024-07-03,salamanca,robo,rural,19.0,NaN,35,7.0,2024-07
2025-10-16,coquimbo,accidente,norte,7.0,baja,23,10.0,2025-10
2025-04-12,andacollo,accidente,norte,2.0,alta,58,4.0,2025-04
2024-07-17,vicuna,NaN,centro,18.0,baja,31,7.0,2024-07
2025-06-07,coquimbo,violencia,rural,2.0,baja,53,6.0,2025-06
2025-06-19,coquimbo,accidente,NaN,1.0,media,47,6.0,2025-06
2025-05-03,andacollo,hurto,sur,NaN,media,48,5.0,2025-05
2025-10-30,illapel,accidente,centro,1.0,baja,62,10.0,2025-10
2024-06-04,la serena,violencia,norte,10.0,baja,30,6.0,2024-06
NaN,ovalle,robo,norte,5.0,baja,NaN,NaN,NaN
NaN,ovalle,accidente,rural,3.0,alta,52,NaN,NaN
2024-12-12,illapel,NaN,norte,7.0,media,50,12.0,2024-12
NaN,coquimbo,robo,centro,16.0,media,64,NaN,NaN
2025-04-14,vicuna,fraude,centro,2.0,baja,37,4.0,2025-04
2025-09-25,monte patria,robo,norte,NaN,alta,NaN,9.0,2025-09
2025-02-18,la serena,violencia,sur,18.0,baja,27,2.0,2025-02
2024-10-24,coquimbo,accidente,sur,19.0,NaN,58,10.0,2024-10
2025-11-22,coquimbo,violencia,rural,18.0,media,57,11.0,2025-11
2024-11-21,coquimbo,NaN,norte,5.0,NaN,55,11.0,2024-11
2025-05-06,coquimbo,NaN,centro,3.0,media,41,5.0,2025-05
NaN,la serena,accidente,sur,13.0,alta,68,NaN,NaN
2024-06-30,ovalle,hurto,norte,5.0,alta,15,6.0,2024-06
2025-10-29,monte patria,fraude,sur,14.0,NaN,61,10.0,2025-10
2025-07-07,la serena,violencia,norte,5.0,baja,56,7.0,2025-07
2025-12-21,coquimbo,fraude,norte,16.0,baja,47,12.0,2025-12
2024-06-22,la serena,fraude,norte,15.0,alta,47,6.0,2024-06
2025-02-08,ovalle,NaN,centro,8.0,media,NaN,2.0,2025-02
2024-10-13,vicuna,robo,norte,19.0,NaN,31,10.0,2024-10
2025-05-15,coquimbo,hurto,norte,18.0,alta,64,5.0,2025-05
NaN,la serena,NaN,centro,5.0,media,57,NaN,NaN
2024-08-12,la serena,NaN,sur,NaN,alta,30,8.0,2024-08
2025-12-27,la serena,hurto,sur,NaN,alta,68,12.0,2025-12
2025-05-16,vicuna,robo,norte,19.0,baja,44,5.0,2025-05
NaN,illapel,violencia,sur,NaN,baja,17,NaN,NaN
2025-02-19,ovalle,fraude,rural,15.0,alta,53,2.0,2025-02
NaN,monte patria,robo,rural,15.0,alta,42,NaN,NaN
2025-03-14,andacollo,robo,norte,5.0,media,62,3.0,2025-03
2025-06-25,monte patria,hurto,NaN,4.0,baja,53,6.0,2025-06
2025-12-05,andacollo,accidente,norte,5.0,baja,28,12.0,2025-12
2025-06-13,la serena,accidente,NaN,6.0,baja,60,6.0,2025-06
NaN,monte patria,violencia,sur,15.0,alta,48,NaN,NaN
2024-05-03,salamanca,violencia,norte,2.0,media,65,5.0,2024-05
2024-01-13,coquimbo,NaN,centro,2.0,baja,NaN,1.0,2024-01
2024-12-04,illapel,fraude,norte,14.0,media,68,12.0,2024-12
2025-02-28,andacollo,robo,centro,5.0,alta,23,2.0,2025-02
2024-08-02,ovalle,fraude,centro,12.0,media,63,8.0,2024-08
2024-04-23,andacollo,fraude,norte,9.0,baja,5,4.0,2024-04
NaN,andacollo,NaN,norte,16.0,alta,66,NaN,NaN
NaN,la serena,robo,norte,11.0,media,37,NaN,NaN
2024-01-21,monte patria,NaN,rural,8.0,NaN,19,1.0,2024-01
2025-02-16,la serena,robo,rural,12.0,NaN,39,2.0,2025-02
NaN,vicuna,violencia,NaN,NaN,alta,24,NaN,NaN
2025-01-27,vicuna,fraude,rural,18.0,NaN,67,1.0,2025-01
2024-06-08,ovalle,violencia,centro,13.0,alta,NaN,6.0,2024-06
2024-05-04,monte patria,violencia,norte,16.0,NaN,20,5.0,2024-05
NaN,monte patria,NaN,centro,18.0,alta,39,NaN,NaN
2025-07-07,ovalle,NaN,norte,3.0,alta,44,7.0,2025-07
2025-04-24,andacollo,accidente,centro,10.0,alta,27,4.0,2025-04
2025-12-15,salamanca,accidente,norte,13.0,alta,29,12.0,2025-12
2024-04-02,coquimbo,robo,centro,6.0,media,17,4.0,2024-04
2024-12-31,illapel,NaN,norte,8.0,baja,28,12.0,2024-12
NaN,monte patria,violencia,NaN,8.0,alta,57,NaN,NaN
2024-05-08,coquimbo,accidente,NaN,13.0,alta,NaN,5.0,2024-05
2025-09-29,coquimbo,fraude,centro,3.0,media,25,9.0,2025-09
2025-03-06,ovalle,NaN,centro,NaN,alta,35,3.0,2025-03
NaN,coquimbo,robo,centro,9.0,alta,NaN,NaN,NaN
2025-01-31,monte patria,accidente,rural,15.0,alta,49,1.0,2025-01
NaN,coquimbo,accidente,centro,NaN,NaN,16,NaN,NaN
NaN,la serena,violencia,sur,17.0,NaN,55,NaN,NaN
2024-12-24,salamanca,accidente,NaN,3.0,baja,61,12.0,2024-12
2025-07-17,vicuna,NaN,NaN,8.0,NaN,25,7.0,2025-07
2024-11-30,coquimbo,violencia,norte,16.0,alta,49,11.0,2024-11
2025-10-04,coquimbo,robo,sur,14.0,baja,54,10.0,2025-10
2024-11-27,vicuna,violencia,sur,19.0,media,NaN,11.0,2024-11
2025-05-06,andacollo,accidente,norte,19.0,baja,43,5.0,2025-05
2024-12-02,andacollo,hurto,norte,6.0,baja,20,12.0,2024-12
NaN,coquimbo,hurto,NaN,11.0,media,15,NaN,NaN
2025-09-11,monte patria,robo,NaN,NaN,alta,46,9.0,2025-09
2025-12-01,ovalle,robo,norte,6.0,alta,53,12.0,2025-12
2024-09-11,andacollo,fraude,centro,5.0,baja,14,9.0,2024-09
2024-05-21,monte patria,fraude,centro,2.0,baja,59,5.0,2024-05
NaN,vicuna,hurto,centro,1.0,baja,61,NaN,NaN
2025-01-20,la serena,violencia,norte,NaN,media,42,1.0,2025-01
2024-11-23,monte patria,hurto,sur,7.0,alta,60,11.0,2024-11
2024-07-13,ovalle,violencia,norte,9.0,NaN,60,7.0,2024-07
2025-02-06,monte patria,accidente,rural,NaN,baja,36,2.0,2025-02
2025-05-21,andacollo,NaN,centro,12.0,baja,38,5.0,2025-05
2025-01-23,vicuna,accidente,centro,16.0,NaN,66,1.0,2025-01
2024-03-31,andacollo,fraude,norte,8.0,media,49,3.0,2024-03
2025-12-21,coquimbo,NaN,NaN,500.0,baja,27,12.0,2025-12
NaN,la serena,NaN,norte,4.0,NaN,31,NaN,NaN
2024-06-05,coquimbo,hurto,norte,4.0,alta,34,6.0,2024-06
NaN,vicuna,violencia,sur,10.0,media,32,NaN,NaN
2025-04-20,vicuna,robo,norte,4.0,baja,41,4.0,2025-04
2025-02-15,salamanca,NaN,NaN,10.0,media,61,2.0,2025-02
2024-02-02,monte patria,hurto,norte,NaN,alta,17,2.0,2024-02
NaN,andacollo,robo,rural,2.0,alta,38,NaN,NaN
2024-12-15,ovalle,accidente,centro,4.0,baja,22,12.0,2024-12
2025-11-23,la serena,accidente,norte,9.0,NaN,33,11.0,2025-11
NaN,coquimbo,NaN,norte,19.0,alta,34,NaN,NaN
2025-07-02,salamanca,NaN,norte,6.0,alta,NaN,7.0,2025-07
NaN,la serena,robo,NaN,1.0,alta,56,NaN,NaN
2025-07-28,vicuna,accidente,centro,NaN,baja,55,7.0,2025-07
2024-12-30,la serena,violencia,norte,12.0,baja,66,12.0,2024-12
2024-05-10,ovalle,accidente,norte,11.0,baja,64,5.0,2024-05
2025-09-27,ovalle,robo,rural,10.0,alta,53,9.0,2025-09
NaN,salamanca,robo,NaN,10.0,alta,32,NaN,NaN
2024-12-27,monte patria,fraude,norte,7.0,media,NaN,12.0,2024-12
2025-03-28,vicuna,fraude,NaN,3.0,alta,NaN,3.0,2025-03
NaN,coquimbo,hurto,NaN,5.0,media,61,NaN,NaN
2025-01-07,coquimbo,violencia,sur,6.0,baja,45,1.0,2025-01
2025-03-07,la serena,fraude,sur,9.0,alta,27,3.0,2025-03
2024-02-02,ovalle,robo,norte,7.0,media,48,2.0,2024-02
NaN,vicuna,hurto,norte,8.0,NaN,41,NaN,NaN
2024-12-02,la serena,hurto,centro,9.0,alta,26,12.0,2024-12
2024-10-21,ovalle,fraude,centro,15.0,NaN,42,10.0,2024-10
2025-02-17,vicuna,NaN,centro,2.0,alta,NaN,2.0,2025-02
2025-01-15,salamanca,robo,centro,12.0,baja,67,1.0,2025-01
NaN,illapel,violencia,norte,11.0,alta,26,NaN,NaN
2024-04-18,coquimbo,robo,sur,14.0,NaN,66,4.0,2024-04
2025-03-15,salamanca,robo,NaN,16.0,alta,NaN,3.0,2025-03
2025-11-04,vicuna,violencia,NaN,12.0,baja,41,11.0,2025-11
2025-11-12,ovalle,robo,norte,19.0,baja,24,11.0,2025-11
2024-03-23,coquimbo,NaN,sur,2.0,media,NaN,3.0,2024-03
2025-12-07,la serena,robo,centro,16.0,NaN,57,12.0,2025-12
2025-02-02,vicuna,robo,rural,13.0,baja,55,2.0,2025-02
NaN,ovalle,fraude,centro,8.0,alta,14,NaN,NaN
2024-08-01,vicuna,robo,rural,8.0,media,55,8.0,2024-08
NaN,vicuna,fraude,NaN,3.0,baja,18,NaN,NaN
2024-08-06,coquimbo,robo,rural,14.0,baja,41,8.0,2024-08
NaN,coquimbo,fraude,norte,15.0,NaN,57,NaN,NaN
2024-12-18,andacollo,accidente,sur,17.0,NaN,61,12.0,2024-12
2024-06-04,monte patria,robo,sur,8.0,NaN,53,6.0,2024-06
NaN,coquimbo,robo,centro,14.0,NaN,24,NaN,NaN
2025-11-09,salamanca,robo,NaN,4.0,alta,46,11.0,2025-11
2025-04-11,la serena,robo,norte,7.0,baja,14,4.0,2025-04
2025-01-19,coquimbo,fraude,centro,9.0,baja,60,1.0,2025-01
2024-08-14,coquimbo,fraude,norte,19.0,NaN,41,8.0,2024-08
NaN,monte patria,NaN,norte,12.0,alta,31,NaN,NaN
NaN,andacollo,fraude,rural,19.0,NaN,50,NaN,NaN
2024-09-01,coquimbo,violencia,rural,NaN,baja,44,9.0,2024-09
2024-10-13,ovalle,accidente,norte,14.0,media,29,10.0,2024-10
2025-09-28,la serena,hurto,centro,NaN,media,24,9.0,2025-09
NaN,andacollo,NaN,sur,19.0,NaN,NaN,NaN,NaN
NaN,illapel,violencia,centro,8.0,baja,52,NaN,NaN
2024-09-12,monte patria,violencia,norte,15.0,alta,61,9.0,2024-09
2024-01-10,la serena,hurto,norte,18.0,media,40,1.0,2024-01
2024-02-11,ovalle,robo,rural,8.0,NaN,5,2.0,2024-02
NaN,andacollo,accidente,norte,13.0,baja,14,NaN,NaN
2024-06-03,vicuna,fraude,rural,6.0,baja,59,6.0,2024-06
2025-04-13,andacollo,robo,NaN,0.0,baja,32,4.0,2025-04
NaN,coquimbo,robo,NaN,5.0,NaN,30,NaN,NaN
2025-09-26,salamanca,NaN,centro,15.0,alta,57,9.0,2025-09
2025-11-08,la serena,fraude,norte,1.0,NaN,17,11.0,2025-11
2025-12-16,coquimbo,robo,centro,19.0,alta,50,12.0,2025-12
NaN,coquimbo,accidente,centro,18.0,alta,20,NaN,NaN
2025-11-18,ovalle,hurto,norte,NaN,alta,59,11.0,2025-11
NaN,vicuna,accidente,norte,4.0,baja,NaN,NaN,NaN
2024-01-04,salamanca,robo,centro,13.0,baja,33,1.0,2024-01
2024-03-27,monte patria,hurto,norte,3.0,NaN,48,3.0,2024-03
2025-06-28,vicuna,NaN,centro,NaN,alta,69,6.0,2025-06
NaN,ovalle,NaN,norte,7.0,baja,26,NaN,NaN
2024-11-19,ovalle,NaN,centro,NaN,alta,57,11.0,2024-11
NaN,monte patria,fraude,sur,5.0,alta,29,NaN,NaN
2025-05-27,vicuna,accidente,rural,11.0,alta,16,5.0,2025-05
2024-11-15,andacollo,robo,norte,16.0,alta,33,11.0,2024-11
2025-02-13,ovalle,robo,sur,18.0,alta,21,2.0,2025-02
NaN,ovalle,robo,sur,17.0,baja,28,NaN,NaN
2024-01-08,la serena,NaN,NaN,8.0,alta,63,1.0,2024-01
NaN,illapel,robo,rural,3.0,media,41,NaN,NaN
NaN,la serena,accidente,norte,3.0,baja,63,NaN,NaN
2025-06-23,la serena,fraude,centro,NaN,baja,16,6.0,2025-06
2024-12-26,coquimbo,robo,centro,13.0,alta,34,12.0,2024-12
2025-03-04,la serena,violencia,sur,6.0,baja,NaN,3.0,2025-03
2025-11-17,vicuna,NaN,norte,4.0,alta,66,11.0,2025-11
2024-05-15,illapel,robo,centro,10.0,baja,66,5.0,2024-05
2025-08-27,monte patria,fraude,sur,12.0,NaN,60,8.0,2025-08
2025-07-19,la serena,accidente,norte,16.0,NaN,14,7.0,2025-07
2025-05-03,illapel,accidente,norte,10.0,media,30,5.0,2025-05
2025-09-16,andacollo,hurto,rural,14.0,alta,55,9.0,2025-09
2025-06-24,vicuna,NaN,NaN,NaN,NaN,21,6.0,2025-06
NaN,la serena,robo,centro,8.0,baja,NaN,NaN,NaN
2024-07-28,coquimbo,NaN,centro,7.0,alta,NaN,7.0,2024-07
NaN,monte patria,robo,sur,10.0,NaN,34,NaN,NaN
2025-09-04,coquimbo,NaN,centro,8.0,alta,48,9.0,2025-09
2024-06-23,ovalle,accidente,norte,NaN,NaN,23,6.0,2024-06
2024-10-16,ovalle,robo,rural,3.0,baja,45,10.0,2024-10
NaN,andacollo,robo,sur,6.0,NaN,43,NaN,NaN
NaN,coquimbo,NaN,norte,19.0,alta,56,NaN,NaN
2025-08-29,vicuna,violencia,sur,NaN,baja,51,8.0,2025-08
2024-07-26,la serena,hurto,sur,NaN,baja,65,7.0,2024-07
2025-03-18,ovalle,NaN,centro,2.0,alta,24,3.0,2025-03
2025-06-22,la serena,fraude,rural,2.0,NaN,41,6.0,2025-06
2025-07-05,illapel,violencia,centro,19.0,baja,18,7.0,2025-07
NaN,salamanca,NaN,sur,2.0,baja,18,NaN,NaN
2025-01-27,coquimbo,robo,norte,17.0,baja,16,1.0,2025-01
2024-06-01,ovalle,accidente,centro,6.0,baja,17,6.0,2024-06
2025-05-11,illapel,robo,sur,2.0,alta,63,5.0,2025-05
2025-01-10,coquimbo,fraude,rural,4.0,alta,25,1.0,2025-01
2024-12-11,salamanca,accidente,NaN,NaN,alta,65,12.0,2024-12
2024-11-03,vicuna,accidente,norte,NaN,media,66,11.0,2024-11
NaN,coquimbo,hurto,sur,13.0,baja,28,NaN,NaN
2024-02-16,monte patria,NaN,norte,19.0,baja,37,2.0,2024-02
2024-11-11,coquimbo,NaN,NaN,12.0,media,26,11.0,2024-11
2025-12-19,salamanca,accidente,centro,18.0,alta,57,12.0,2025-12
NaN,salamanca,hurto,norte,3.0,NaN,18,NaN,NaN
2025-06-21,la serena,fraude,norte,15.0,alta,65,6.0,2025-06
2025-04-11,vicuna,violencia,rural,NaN,alta,26,4.0,2025-04
2024-08-22,andacollo,fraude,rural,13.0,NaN,26,8.0,2024-08
2024-04-25,vicuna,accidente,norte,5.0,media,37,4.0,2024-04
2024-09-08,vicuna,NaN,centro,-3.0,baja,32,9.0,2024-09
NaN,salamanca,fraude,centro,1.0,media,61,NaN,NaN
2024-03-10,monte patria,NaN,sur,11.0,alta,20,3.0,2024-03
NaN,la serena,violencia,norte,6.0,baja,46,NaN,NaN
2024-12-30,andacollo,robo,centro,18.0,alta,48,12.0,2024-12
2025-07-10,ovalle,robo,norte,9.0,baja,52,7.0,2025-07
NaN,ovalle,robo,norte,15.0,baja,41,NaN,NaN
NaN,salamanca,robo,centro,5.0,alta,32,NaN,NaN
2024-05-01,illapel,accidente,norte,11.0,baja,26,5.0,2024-05
NaN,monte patria,hurto,norte,16.0,media,66,NaN,NaN
2024-04-04,coquimbo,violencia,centro,15.0,baja,NaN,4.0,2024-04
2025-06-04,ovalle,accidente,NaN,13.0,baja,68,6.0,2025-06
NaN,monte patria,hurto,norte,10.0,media,18,NaN,NaN
2024-06-22,salamanca,robo,NaN,13.0,media,53,6.0,2024-06
2025-01-18,coquimbo,NaN,norte,9.0,baja,66,1.0,2025-01
2025-07-09,la serena,robo,centro,8.0,alta,59,7.0,2025-07
2024-05-05,illapel,fraude,centro,6.0,NaN,22,5.0,2024-05
NaN,illapel,NaN,norte,7.0,baja,57,NaN,NaN
2024-12-25,illapel,robo,centro,15.0,alta,60,12.0,2024-12
2024-09-27,coquimbo,accidente,norte,13.0,baja,33,9.0,2024-09
NaN,vicuna,fraude,norte,18.0,baja,NaN,NaN,NaN
2025-04-18,andacollo,fraude,NaN,12.0,NaN,NaN,4.0,2025-04
NaN,la serena,accidente,centro,1.0,media,56,NaN,NaN
2025-12-29,andacollo,NaN,centro,4.0,NaN,69,12.0,2025-12
2025-09-25,andacollo,NaN,NaN,18.0,alta,46,9.0,2025-09
2024-05-24,ovalle,hurto,centro,NaN,media,60,5.0,2024-05
NaN,salamanca,hurto,centro,10.0,alta,130,NaN,NaN
NaN,ovalle,NaN,centro,14.0,media,68,NaN,NaN
2024-08-13,andacollo,accidente,centro,8.0,baja,25,8.0,2024-08
NaN,vicuna,violencia,centro,11.0,baja,33,NaN,NaN
2025-05-06,monte patria,hurto,NaN,8.0,baja,NaN,5.0,2025-05
2025-09-15,monte patria,hurto,norte,3.0,alta,NaN,9.0,2025-09
NaN,andacollo,fraude,centro,7.0,media,39,NaN,NaN
2025-06-26,andacollo,robo,norte,4.0,alta,19,6.0,2025-06
2025-07-20,coquimbo,accidente,rural,2.0,media,41,7.0,2025-07
NaN,andacollo,hurto,norte,14.0,baja,30,NaN,NaN
2025-10-25,vicuna,violencia,norte,NaN,media,39,10.0,2025-10
2024-07-11,vicuna,accidente,norte,1.0,NaN,15,7.0,2024-07
2025-10-23,illapel,hurto,norte,7.0,NaN,21,10.0,2025-10
2025-03-19,coquimbo,fraude,NaN,5.0,baja,17,3.0,2025-03
2024-10-25,coquimbo,fraude,rural,8.0,media,48,10.0,2024-10
2024-12-19,la serena,robo,rural,3.0,alta,26,12.0,2024-12
2025-08-24,la serena,NaN,rural,19.0,NaN,50,8.0,2025-08
2025-09-11,salamanca,hurto,sur,1.0,baja,69,9.0,2025-09
2024-06-24,monte patria,accidente,NaN,19.0,NaN,40,6.0,2024-06
2024-09-05,salamanca,fraude,centro,11.0,baja,60,9.0,2024-09
2025-01-08,la serena,fraude,norte,15.0,baja,24,1.0,2025-01
2025-07-24,ovalle,violencia,NaN,16.0,alta,44,7.0,2025-07
2025-01-02,salamanca,hurto,centro,4.0,NaN,36,1.0,2025-01
NaN,la serena,robo,rural,13.0,NaN,68,NaN,NaN
2025-05-04,andacollo,robo,sur,10.0,alta,18,5.0,2025-05
2024-07-11,ovalle,accidente,centro,13.0,baja,60,7.0,2024-07
2025-12-01,ovalle,fraude,centro,3.0,alta,30,12.0,2025-12
2025-11-24,salamanca,accidente,norte,16.0,NaN,37,11.0,2025-11
2025-02-26,coquimbo,accidente,centro,14.0,alta,65,2.0,2025-02
2024-01-27,coquimbo,hurto,norte,10.0,alta,19,1.0,2024-01
2024-12-19,la serena,violencia,NaN,9.0,alta,47,12.0,2024-12
2025-08-14,illapel,hurto,norte,1.0,alta,26,8.0,2025-08
2025-03-09,salamanca,robo,rural,NaN,NaN,43,3.0,2025-03
2024-03-28,vicuna,fraude,rural,7.0,media,28,3.0,2024-03
2025-12-11,la serena,hurto,rural,6.0,NaN,16,12.0,2025-12
NaN,coquimbo,robo,rural,13.0,baja,34,NaN,NaN
NaN,ovalle,robo,centro,12.0,alta,66,NaN,NaN
2024-07-26,coquimbo,NaN,norte,17.0,media,59,7.0,2024-07
NaN,illapel,robo,NaN,8.0,alta,16,NaN,NaN
2024-11-09,monte patria,robo,norte,2.0,alta,40,11.0,2024-11
2025-02-09,la serena,accidente,centro,17.0,NaN,NaN,2.0,2025-02
NaN,monte patria,NaN,centro,13.0,baja,65,NaN,NaN
NaN,coquimbo,hurto,centro,12.0,alta,37,NaN,NaN
2024-06-25,coquimbo,fraude,centro,12.0,media,41,6.0,2024-06
2025-01-08,coquimbo,NaN,rural,14.0,baja,20,1.0,2025-01
NaN,illapel,NaN,centro,18.0,baja,60,NaN,NaN
2024-03-02,vicuna,NaN,centro,19.0,baja,20,3.0,2024-03
2025-04-22,la serena,hurto,centro,13.0,baja,48,4.0,2025-04
2024-03-12,coquimbo,NaN,centro,13.0,alta,15,3.0,2024-03
2025-02-22,monte patria,fraude,rural,9.0,baja,25,2.0,2025-02
2025-03-07,vicuna,fraude,centro,15.0,media,24,3.0,2025-03
2025-04-22,vicuna,robo,norte,19.0,alta,27,4.0,2025-04
2024-02-17,monte patria,robo,NaN,16.0,alta,21,2.0,2024-02
2025-07-02,vicuna,robo,rural,4.0,baja,31,7.0,2025-07
2024-06-30,ovalle,violencia,norte,7.0,alta,52,6.0,2024-06
2024-02-03,salamanca,hurto,norte,15.0,NaN,53,2.0,2024-02
2025-03-16,vicuna,robo,centro,17.0,baja,52,3.0,2025-03
2025-01-07,vicuna,fraude,NaN,3.0,NaN,26,1.0,2025-01
NaN,andacollo,fraude,NaN,7.0,media,56,NaN,NaN
2024-06-25,la serena,hurto,norte,NaN,media,20,6.0,2024-06
NaN,andacollo,robo,centro,6.0,NaN,49,NaN,NaN
2024-07-05,illapel,NaN,sur,1.0,alta,29,7.0,2024-07
2024-09-07,monte patria,robo,norte,NaN,NaN,53,9.0,2024-09
2025-05-06,la serena,violencia,centro,10.0,NaN,34,5.0,2025-05
2024-04-06,ovalle,robo,centro,17.0,alta,59,4.0,2024-04
NaN,monte patria,robo,centro,17.0,baja,16,NaN,NaN
2025-08-30,monte patria,fraude,norte,5.0,alta,58,8.0,2025-08
NaN,la serena,hurto,centro,15.0,alta,59,NaN,NaN
2025-05-14,coquimbo,NaN,rural,16.0,NaN,63,5.0,2025-05
2024-08-03,la serena,NaN,norte,7.0,alta,18,8.0,2024-08
2025-01-26,la serena,robo,rural,11.0,alta,57,1.0,2025-01
2025-02-13,ovalle,robo,sur,9.0,alta,33,2.0,2025-02
2024-03-18,vicuna,fraude,centro,16.0,NaN,35,3.0,2024-03
2024-01-26,la serena,accidente,centro,6.0,alta,NaN,1.0,2024-01
2024-06-04,la serena,fraude,centro,10.0,NaN,48,6.0,2024-06
2025-07-24,salamanca,violencia,centro,12.0,NaN,46,7.0,2025-07
NaN,la serena,hurto,centro,10.0,baja,65,NaN,NaN
NaN,salamanca,fraude,NaN,13.0,alta,47,NaN,NaN
2024-04-21,coquimbo,NaN,sur,10.0,alta,64,4.0,2024-04
2025-05-09,vicuna,hurto,sur,19.0,alta,56,5.0,2025-05
2025-05-13,ovalle,NaN,centro,NaN,baja,NaN,5.0,2025-05
2025-06-12,vicuna,NaN,centro,1.0,baja,28,6.0,2025-06
2024-09-17,la serena,NaN,centro,5.0,baja,24,9.0,2024-09
2024-04-24,la serena,robo,norte,15.0,baja,63,4.0,2024-04
NaN,vicuna,hurto,centro,11.0,baja,66,NaN,NaN
2025-08-29,monte patria,NaN,centro,10.0,alta,24,8.0,2025-08
2024-09-08,ovalle,violencia,centro,14.0,baja,17,9.0,2024-09
NaN,ovalle,robo,centro,16.0,alta,48,NaN,NaN
2024-11-22,la serena,hurto,norte,NaN,media,NaN,11.0,2024-11
2025-06-08,salamanca,robo,rural,2.0,baja,55,6.0,2025-06
2024-08-29,la serena,fraude,rural,6.0,media,65,8.0,2024-08
2025-05-09,la serena,hurto,centro,5.0,baja,35,5.0,2025-05
NaN,salamanca,fraude,rural,19.0,alta,60,NaN,NaN
2025-03-21,la serena,accidente,NaN,5.0,baja,NaN,3.0,2025-03
2024-04-20,illapel,hurto,rural,NaN,baja,17,4.0,2024-04
2024-03-03,illapel,accidente,NaN,8.0,media,20,3.0,2024-03
2025-04-27,illapel,fraude,norte,19.0,NaN,NaN,4.0,2025-04
2024-04-13,ovalle,robo,centro,12.0,baja,NaN,4.0,2024-04
2025-10-06,vicuna,robo,centro,8.0,alta,17,10.0,2025-10
2025-10-16,coquimbo,accidente,sur,8.0,alta,130,10.0,2025-10
2025-06-05,illapel,accidente,centro,9.0,alta,NaN,6.0,2025-06
2024-08-26,ovalle,robo,centro,13.0,baja,19,8.0,2024-08
2024-05-08,vicuna,accidente,norte,19.0,alta,NaN,5.0,2024-05
2024-06-19,coquimbo,fraude,centro,7.0,NaN,NaN,6.0,2024-06
2024-04-30,ovalle,fraude,NaN,3.0,NaN,32,4.0,2024-04
2024-07-22,vicuna,robo,norte,19.0,baja,17,7.0,2024-07
NaN,vicuna,robo,centro,9.0,NaN,58,NaN,NaN
2025-05-07,la serena,robo,NaN,13.0,baja,60,5.0,2025-05
NaN,monte patria,robo,NaN,6.0,baja,NaN,NaN,NaN
NaN,vicuna,robo,rural,15.0,baja,34,NaN,NaN
2024-04-02,la serena,robo,sur,9.0,baja,28,4.0,2024-04
2025-03-07,ovalle,NaN,centro,14.0,baja,34,3.0,2025-03
2025-09-23,la serena,hurto,sur,17.0,NaN,54,9.0,2025-09
2024-02-27,illapel,fraude,centro,11.0,alta,59,2.0,2024-02
NaN,la serena,accidente,sur,16.0,NaN,43,NaN,NaN
2024-06-09,vicuna,robo,centro,13.0,NaN,29,6.0,2024-06
2025-04-02,ovalle,NaN,sur,7.0,NaN,43,4.0,2025-04
NaN,vicuna,fraude,rural,3.0,baja,22,NaN,NaN
2025-02-16,illapel,robo,norte,12.0,NaN,18,2.0,2025-02
2025-12-06,la serena,violencia,centro,13.0,baja,46,12.0,2025-12
2024-12-16,illapel,hurto,sur,14.0,alta,15,12.0,2024-12
2025-12-07,monte patria,violencia,sur,6.0,baja,52,12.0,2025-12
2024-07-16,ovalle,accidente,NaN,19.0,media,49,7.0,2024-07
2024-08-04,ovalle,accidente,norte,12.0,NaN,15,8.0,2024-08
2025-02-19,ovalle,robo,sur,NaN,alta,68,2.0,2025-02
2024-05-18,coquimbo,NaN,rural,15.0,alta,29,5.0,2024-05
2024-12-21,coquimbo,NaN,NaN,5.0,baja,61,12.0,2024-12
2024-10-30,vicuna,hurto,norte,3.0,alta,62,10.0,2024-10
2024-03-27,ovalle,robo,norte,3.0,baja,21,3.0,2024-03
2025-11-19,la serena,NaN,norte,19.0,baja,55,11.0,2025-11
NaN,coquimbo,hurto,centro,NaN,NaN,68,NaN,NaN
2024-08-10,la serena,violencia,sur,3.0,baja,19,8.0,2024-08
NaN,illapel,accidente,NaN,2.0,baja,19,NaN,NaN
2024-04-08,ovalle,NaN,rural,9.0,alta,53,4.0,2024-04
NaN,ovalle,NaN,norte,13.0,media,33,NaN,NaN
2024-04-11,la serena,NaN,centro,2.0,baja,36,4.0,2024-04
NaN,vicuna,NaN,sur,12.0,baja,54,NaN,NaN
NaN,salamanca,violencia,centro,2.0,NaN,68,NaN,NaN
NaN,andacollo,violencia,norte,6.0,NaN,14,NaN,NaN
2024-08-19,coquimbo,accidente,rural,NaN,NaN,47,8.0,2024-08
NaN,la serena,hurto,sur,5.0,baja,49,NaN,NaN
2025-12-14,andacollo,NaN,NaN,18.0,alta,25,12.0,2025-12
2024-01-17,illapel,fraude,centro,17.0,alta,29,1.0,2024-01
2025-05-18,vicuna,NaN,centro,11.0,alta,29,5.0,2025-05
2024-04-03,andacollo,robo,NaN,7.0,NaN,65,4.0,2024-04
2024-01-18,coquimbo,hurto,rural,17.0,NaN,48,1.0,2024-01
2025-02-15,salamanca,violencia,NaN,18.0,baja,14,2.0,2025-02
2024-07-05,ovalle,NaN,norte,NaN,baja,42,7.0,2024-07
2025-04-28,salamanca,NaN,rural,7.0,alta,52,4.0,2025-04
2025-06-28,monte patria,NaN,rural,17.0,baja,20,6.0,2025-06
NaN,andacollo,violencia,sur,5.0,media,48,NaN,NaN
NaN,monte patria,hurto,centro,13.0,alta,25,NaN,NaN
2024-04-23,vicuna,hurto,centro,5.0,alta,20,4.0,2024-04
2024-12-23,andacollo,robo,rural,15.0,NaN,32,12.0,2024-12
2024-04-23,coquimbo,violencia,norte,7.0,NaN,51,4.0,2024-04
2025-11-01,monte patria,fraude,centro,11.0,alta,23,11.0,2025-11
2024-04-23,monte patria,NaN,norte,13.0,alta,61,4.0,2024-04
2025-02-16,la serena,violencia,centro,14.0,media,18,2.0,2025-02
NaN,la serena,robo,NaN,NaN,alta,19,NaN,NaN
NaN,monte patria,robo,NaN,7.0,NaN,21,NaN,NaN
2025-05-01,vicuna,NaN,norte,14.0,NaN,34,5.0,2025-05
NaN,vicuna,hurto,sur,7.0,media,35,NaN,NaN
2024-11-10,coquimbo,hurto,rural,2.0,media,33,11.0,2024-11
NaN,la serena,fraude,sur,18.0,NaN,49,NaN,NaN
2025-07-19,monte patria,NaN,rural,10.0,NaN,49,7.0,2025-07
2025-03-23,vicuna,fraude,rural,8.0,NaN,46,3.0,2025-03
2025-07-21,la serena,accidente,sur,NaN,alta,15,7.0,2025-07
2025-09-15,salamanca,robo,NaN,7.0,baja,62,9.0,2025-09
NaN,andacollo,robo,centro,NaN,baja,38,NaN,NaN
2024-08-19,monte patria,fraude,centro,10.0,media,61,8.0,2024-08
2025-05-04,illapel,robo,centro,4.0,alta,60,5.0,2025-05
NaN,vicuna,fraude,centro,5.0,alta,21,NaN,NaN
2025-11-15,la serena,hurto,centro,4.0,baja,31,11.0,2025-11
NaN,la serena,violencia,norte,14.0,media,34,NaN,NaN
2025-05-21,coquimbo,accidente,centro,19.0,media,22,5.0,2025-05
2024-06-25,vicuna,fraude,NaN,10.0,alta,26,6.0,2024-06
2025-01-06,monte patria,NaN,rural,9.0,NaN,21,1.0,2025-01
2024-08-14,illapel,violencia,norte,10.0,baja,20,8.0,2024-08
2025-04-16,coquimbo,accidente,sur,2.0,alta,31,4.0,2025-04
2025-12-29,monte patria,NaN,norte,19.0,baja,41,12.0,2025-12
2024-03-26,salamanca,robo,centro,8.0,alta,NaN,3.0,2024-03
2025-05-13,la serena,robo,norte,11.0,NaN,26,5.0,2025-05
2025-09-14,illapel,fraude,norte,16.0,NaN,NaN,9.0,2025-09
NaN,salamanca,violencia,sur,6.0,media,52,NaN,NaN
NaN,monte patria,fraude,centro,8.0,NaN,33,NaN,NaN
NaN,coquimbo,hurto,sur,9.0,alta,21,NaN,NaN
2024-06-16,coquimbo,fraude,norte,2.0,NaN,66,6.0,2024-06
2024-02-04,coquimbo,violencia,rural,8.0,NaN,51,2.0,2024-02
NaN,la serena,fraude,sur,2.0,NaN,61,NaN,NaN
2024-10-02,salamanca,hurto,sur,1.0,baja,33,10.0,2024-10
2024-10-31,vicuna,NaN,norte,1.0,NaN,63,10.0,2024-10
2025-03-17,ovalle,hurto,centro,18.0,media,NaN,3.0,2025-03
2024-11-01,illapel,robo,centro,19.0,NaN,33,11.0,2024-11
2024-04-28,salamanca,accidente,rural,NaN,baja,65,4.0,2024-04
2024-07-21,coquimbo,NaN,norte,16.0,baja,21,7.0,2024-07
2025-10-10,la serena,robo,sur,7.0,alta,46,10.0,2025-10
2025-01-04,vicuna,violencia,NaN,17.0,media,45,1.0,2025-01
2025-01-18,coquimbo,robo,rural,15.0,baja,49,1.0,2025-01
2025-08-11,ovalle,robo,rural,9.0,baja,NaN,8.0,2025-08
2025-05-30,salamanca,accidente,sur,4.0,alta,25,5.0,2025-05
2025-02-04,la serena,hurto,norte,6.0,baja,69,2.0,2025-02
2024-02-21,la serena,hurto,norte,2.0,baja,25,2.0,2024-02
2024-07-09,la serena,NaN,rural,6.0,NaN,18,7.0,2024-07
2025-12-09,la serena,NaN,rural,7.0,baja,52,12.0,2025-12
2025-03-27,andacollo,robo,sur,9.0,NaN,36,3.0,2025-03
2025-12-18,la serena,NaN,sur,13.0,media,67,12.0,2025-12
2025-01-26,illapel,NaN,NaN,3.0,media,46,1.0,2025-01
2024-02-29,la serena,fraude,rural,13.0,alta,NaN,2.0,2024-02
2024-11-19,la serena,robo,NaN,4.0,alta,29,11.0,2024-11
2024-09-21,ovalle,robo,norte,1.0,baja,63,9.0,2024-09
2025-11-12,vicuna,accidente,norte,2.0,media,42,11.0,2025-11
2024-09-28,andacollo,fraude,norte,13.0,baja,38,9.0,2024-09
2024-03-30,ovalle,fraude,norte,16.0,baja,44,3.0,2024-03
2025-09-02,coquimbo,NaN,sur,15.0,NaN,NaN,9.0,2025-09
2024-07-28,ovalle,robo,norte,7.0,NaN,50,7.0,2024-07
2025-10-29,salamanca,hurto,sur,14.0,baja,33,10.0,2025-10
2025-05-08,la serena,fraude,sur,11.0,alta,NaN,5.0,2025-05
2025-10-10,coquimbo,robo,centro,6.0,alta,NaN,10.0,2025-10
2024-05-19,vicuna,accidente,centro,12.0,alta,NaN,5.0,2024-05
2024-11-21,monte patria,NaN,centro,9.0,baja,34,11.0,2024-11
NaN,la serena,NaN,sur,8.0,baja,130,NaN,NaN
2024-07-01,illapel,fraude,centro,3.0,baja,65,7.0,2024-07
2025-04-04,illapel,robo,NaN,7.0,alta,68,4.0,2025-04
2025-03-04,andacollo,fraude,NaN,4.0,NaN,33,3.0,2025-03
NaN,andacollo,violencia,sur,18.0,alta,34,NaN,NaN
NaN,la serena,robo,norte,8.0,NaN,23,NaN,NaN
2025-03-29,monte patria,robo,norte,10.0,media,59,3.0,2025-03
2025-07-18,la serena,NaN,centro,6.0,baja,130,7.0,2025-07
2024-04-27,monte patria,fraude,rural,3.0,alta,47,4.0,2024-04
2025-12-16,la serena,NaN,NaN,5.0,baja,36,12.0,2025-12
2025-10-23,vicuna,NaN,centro,8.0,NaN,56,10.0,2025-10
2024-11-11,monte patria,hurto,centro,2.0,baja,59,11.0,2024-11
2025-12-18,coquimbo,accidente,centro,19.0,alta,22,12.0,2025-12
2024-08-20,ovalle,accidente,norte,3.0,media,57,8.0,2024-08
2025-04-02,la serena,hurto,centro,7.0,baja,NaN,4.0,2025-04
2024-08-02,coquimbo,robo,rural,6.0,alta,24,8.0,2024-08
2024-08-30,coquimbo,accidente,NaN,1.0,baja,50,8.0,2024-08
2025-11-27,coquimbo,fraude,norte,15.0,media,25,11.0,2025-11
2024-02-18,la serena,robo,centro,11.0,NaN,26,2.0,2024-02
NaN,andacollo,fraude,norte,10.0,media,18,NaN,NaN
2024-09-28,la serena,fraude,sur,6.0,baja,NaN,9.0,2024-09
NaN,la serena,robo,centro,17.0,alta,32,NaN,NaN
2025-10-08,la serena,robo,sur,13.0,alta,67,10.0,2025-10
2025-01-17,coquimbo,robo,centro,15.0,NaN,45,1.0,2025-01
2025-03-31,la serena,violencia,norte,7.0,baja,50,3.0,2025-03
2025-02-05,la serena,NaN,sur,13.0,NaN,19,2.0,2025-02
2025-10-21,ovalle,robo,NaN,3.0,media,25,10.0,2025-10
2025-07-21,vicuna,robo,rural,19.0,alta,18,7.0,2025-07
2025-12-10,salamanca,robo,norte,8.0,baja,37,12.0,2025-12
2024-03-24,monte patria,hurto,rural,13.0,NaN,29,3.0,2024-03
NaN,ovalle,NaN,norte,NaN,baja,69,NaN,NaN
2025-07-09,ovalle,accidente,rural,4.0,NaN,24,7.0,2025-07
2025-04-30,vicuna,fraude,norte,11.0,alta,57,4.0,2025-04
2025-10-03,monte patria,robo,norte,16.0,baja,68,10.0,2025-10
2025-01-03,vicuna,robo,sur,5.0,NaN,NaN,1.0,2025-01
2025-05-07,ovalle,NaN,norte,12.0,baja,66,5.0,2025-05
2025-01-12,monte patria,accidente,centro,2.0,media,68,1.0,2025-01
NaN,la serena,fraude,norte,10.0,baja,46,NaN,NaN
2024-09-19,coquimbo,robo,centro,4.0,baja,29,9.0,2024-09
2025-07-02,andacollo,violencia,sur,15.0,alta,67,7.0,2025-07
2024-05-11,ovalle,NaN,NaN,11.0,alta,23,5.0,2024-05
2024-09-14,coquimbo,violencia,centro,9.0,media,41,9.0,2024-09
2024-08-17,la serena,robo,norte,18.0,baja,NaN,8.0,2024-08
2024-07-11,la serena,fraude,norte,13.0,alta,58,7.0,2024-07
2025-12-11,vicuna,robo,sur,16.0,baja,35,12.0,2025-12
2025-08-24,vicuna,violencia,centro,15.0,NaN,33,8.0,2025-08
NaN,monte patria,robo,norte,1.0,baja,27,NaN,NaN
2025-08-23,la serena,NaN,norte,NaN,alta,36,8.0,2025-08
2024-07-17,ovalle,robo,norte,13.0,alta,68,7.0,2024-07
NaN,andacollo,robo,centro,4.0,media,64,NaN,NaN
NaN,salamanca,hurto,NaN,19.0,alta,47,NaN,NaN
2025-12-20,vicuna,robo,centro,19.0,alta,NaN,12.0,2025-12
2025-02-23,coquimbo,NaN,sur,7.0,media,39,2.0,2025-02
2025-04-05,coquimbo,NaN,sur,2.0,alta,21,4.0,2025-04
2025-02-02,la serena,hurto,norte,18.0,NaN,57,2.0,2025-02
2024-09-07,illapel,robo,centro,7.0,alta,25,9.0,2024-09
NaN,monte patria,violencia,sur,13.0,alta,54,NaN,NaN
2024-04-30,la serena,robo,NaN,4.0,alta,NaN,4.0,2024-04
2024-03-23,la serena,NaN,sur,9.0,baja,68,3.0,2024-03
2025-01-18,andacollo,fraude,sur,NaN,media,49,1.0,2025-01
2024-03-01,coquimbo,violencia,rural,16.0,baja,57,3.0,2024-03
NaN,vicuna,NaN,norte,16.0,baja,55,NaN,NaN
NaN,la serena,NaN,norte,2.0,baja,NaN,NaN,NaN
2024-10-15,monte patria,accidente,centro,13.0,alta,45,10.0,2024-10
2024-03-22,la serena,hurto,NaN,10.0,baja,39,3.0,2024-03
2024-11-15,salamanca,NaN,norte,12.0,media,51,11.0,2024-11
2025-10-06,monte patria,hurto,norte,1.0,media,56,10.0,2025-10
2025-04-29,coquimbo,violencia,norte,7.0,alta,17,4.0,2025-04
NaN,vicuna,fraude,centro,11.0,baja,60,NaN,NaN
2024-06-10,andacollo,violencia,NaN,10.0,media,42,6.0,2024-06
NaN,vicuna,robo,centro,14.0,alta,36,NaN,NaN
2025-06-06,ovalle,hurto,centro,14.0,media,18,6.0,2025-06
2025-10-22,andacollo,robo,centro,9.0,media,59,10.0,2025-10
2025-06-20,illapel,NaN,rural,6.0,media,NaN,6.0,2025-06
2024-08-16,la serena,robo,centro,6.0,alta,40,8.0,2024-08
2025-03-07,la serena,accidente,NaN,18.0,alta,33,3.0,2025-03
2024-07-06,la serena,violencia,sur,4.0,NaN,40,7.0,2024-07
2024-07-20,vicuna,accidente,centro,15.0,baja,28,7.0,2024-07
2024-05-19,illapel,violencia,centro,18.0,alta,15,5.0,2024-05
2025-04-23,coquimbo,NaN,centro,11.0,baja,53,4.0,2025-04
2024-01-22,andacollo,NaN,centro,4.0,media,25,1.0,2024-01
2024-07-01,salamanca,NaN,rural,10.0,alta,NaN,7.0,2024-07
2025-06-08,andacollo,accidente,sur,19.0,baja,17,6.0,2025-06
2025-03-08,la serena,hurto,rural,16.0,baja,NaN,3.0,2025-03
2025-11-03,vicuna,robo,centro,7.0,alta,39,11.0,2025-11
NaN,coquimbo,robo,rural,13.0,media,NaN,NaN,NaN
NaN,vicuna,violencia,norte,3.0,media,17,NaN,NaN
2025-04-03,andacollo,fraude,norte,3.0,alta,55,4.0,2025-04
2025-06-06,coquimbo,robo,centro,7.0,NaN,64,6.0,2025-06
2024-08-03,monte patria,hurto,norte,10.0,alta,67,8.0,2024-08
2025-06-20,illapel,robo,centro,10.0,NaN,62,6.0,2025-06
2024-09-24,monte patria,violencia,rural,6.0,baja,60,9.0,2024-09
2025-05-31,la serena,hurto,norte,19.0,media,46,5.0,2025-05
NaN,salamanca,accidente,norte,3.0,baja,47,NaN,NaN
2024-08-10,coquimbo,robo,centro,11.0,baja,NaN,8.0,2024-08
2025-08-22,la serena,hurto,sur,5.0,media,59,8.0,2025-08
2024-02-08,ovalle,robo,norte,2.0,baja,30,2.0,2024-02
NaN,salamanca,violencia,centro,14.0,alta,41,NaN,NaN
2025-12-15,la serena,fraude,NaN,11.0,media,19,12.0,2025-12
2024-12-27,vicuna,hurto,NaN,15.0,alta,65,12.0,2024-12
2025-06-10,monte patria,accidente,NaN,17.0,alta,38,6.0,2025-06
2024-04-13,coquimbo,fraude,NaN,13.0,NaN,48,4.0,2024-04
2025-04-01,la serena,violencia,sur,NaN,baja,32,4.0,2025-04
2024-07-10,ovalle,fraude,NaN,7.0,NaN,27,7.0,2024-07
2024-01-29,la serena,fraude,centro,15.0,media,61,1.0,2024-01
2024-11-07,vicuna,robo,norte,7.0,alta,43,11.0,2024-11
NaN,illapel,hurto,centro,5.0,alta,16,NaN,NaN
2025-11-08,monte patria,NaN,rural,19.0,baja,27,11.0,2025-11
2024-06-15,illapel,hurto,NaN,16.0,alta,57,6.0,2024-06
2025-11-03,andacollo,robo,centro,6.0,alta,64,11.0,2025-11
NaN,andacollo,robo,NaN,2.0,baja,32,NaN,NaN
NaN,coquimbo,fraude,norte,3.0,baja,62,NaN,NaN
2024-02-09,vicuna,NaN,centro,4.0,baja,36,2.0,2024-02
NaN,illapel,robo,sur,16.0,alta,20,NaN,NaN
2024-04-02,monte patria,robo,norte,15.0,media,65,4.0,2024-04
2024-12-05,illapel,hurto,NaN,15.0,baja,59,12.0,2024-12
2025-12-28,la serena,accidente,centro,14.0,alta,24,12.0,2025-12
2025-12-04,coquimbo,NaN,centro,11.0,alta,63,12.0,2025-12
2024-03-25,ovalle,hurto,sur,5.0,alta,30,3.0,2024-03
2024-11-07,la serena,accidente,centro,NaN,baja,52,11.0,2024-11
2025-07-26,la serena,fraude,NaN,9.0,NaN,56,7.0,2025-07
2025-03-27,coquimbo,fraude,centro,13.0,alta,30,3.0,2025-03
2025-02-04,coquimbo,accidente,centro,8.0,baja,51,2.0,2025-02
2024-11-01,la serena,NaN,NaN,9.0,alta,43,11.0,2024-11
2024-01-04,coquimbo,NaN,norte,19.0,alta,62,1.0,2024-01
2024-08-18,vicuna,fraude,norte,5.0,baja,36,8.0,2024-08
2024-10-28,coquimbo,fraude,NaN,14.0,NaN,32,10.0,2024-10
2024-06-04,andacollo,violencia,norte,11.0,media,NaN,6.0,2024-06
2024-04-28,monte patria,robo,centro,4.0,media,58,4.0,2024-04
2025-05-26,ovalle,violencia,centro,12.0,baja,33,5.0,2025-05
2025-05-21,coquimbo,hurto,centro,15.0,alta,60,5.0,2025-05
NaN,la serena,violencia,centro,4.0,NaN,42,NaN,NaN
2024-03-13,la serena,robo,centro,NaN,baja,NaN,3.0,2024-03
2025-12-24,vicuna,NaN,norte,17.0,baja,15,12.0,2025-12
2024-12-02,monte patria,robo,norte,15.0,media,55,12.0,2024-12
2024-01-14,andacollo,violencia,centro,7.0,baja,NaN,1.0,2024-01
NaN,coquimbo,hurto,rural,5.0,media,33,NaN,NaN
2024-08-23,ovalle,robo,sur,12.0,media,60,8.0,2024-08
2024-11-01,monte patria,robo,sur,19.0,NaN,19,11.0,2024-11
2024-10-07,coquimbo,violencia,norte,3.0,media,35,10.0,2024-10
2025-10-12,illapel,NaN,NaN,15.0,alta,48,10.0,2025-10
2025-12-26,vicuna,hurto,norte,10.0,baja,30,12.0,2025-12
2025-09-12,la serena,NaN,rural,16.0,baja,20,9.0,2025-09
2024-04-24,la serena,fraude,sur,2.0,alta,68,4.0,2024-04
2025-09-11,coquimbo,NaN,norte,NaN,media,54,9.0,2025-09
2025-09-28,coquimbo,accidente,NaN,14.0,baja,16,9.0,2025-09
2024-08-23,monte patria,fraude,rural,NaN,alta,41,8.0,2024-08
2024-08-03,monte patria,violencia,sur,12.0,baja,36,8.0,2024-08
2024-02-27,andacollo,hurto,centro,NaN,NaN,39,2.0,2024-02
2025-06-04,andacollo,robo,centro,5.0,NaN,NaN,6.0,2025-06
NaN,coquimbo,robo,centro,7.0,NaN,28,NaN,NaN
2024-11-13,andacollo,robo,centro,7.0,baja,58,11.0,2024-11
2024-12-20,salamanca,accidente,centro,14.0,baja,69,12.0,2024-12
2024-09-15,andacollo,accidente,centro,12.0,media,NaN,9.0,2024-09
2024-03-28,ovalle,NaN,norte,10.0,alta,58,3.0,2024-03
2024-11-21,andacollo,hurto,centro,1.0,baja,28,11.0,2024-11
2025-06-13,vicuna,violencia,centro,19.0,alta,53,6.0,2025-06
2025-05-31,salamanca,robo,centro,12.0,baja,39,5.0,2025-05
NaN,la serena,fraude,NaN,11.0,baja,41,NaN,NaN
2025-09-16,la serena,robo,norte,2.0,alta,40,9.0,2025-09
2024-08-07,la serena,fraude,NaN,11.0,media,44,8.0,2024-08
2025-11-15,illapel,NaN,centro,10.0,alta,NaN,11.0,2025-11
2025-02-05,andacollo,violencia,norte,1.0,alta,14,2.0,2025-02
NaN,andacollo,accidente,NaN,10.0,baja,47,NaN,NaN
2024-08-14,coquimbo,fraude,centro,10.0,baja,52,8.0,2024-08
2024-03-15,la serena,accidente,rural,9.0,NaN,29,3.0,2024-03
2025-11-09,coquimbo,NaN,norte,8.0,NaN,61,11.0,2025-11
NaN,monte patria,NaN,centro,1.0,baja,44,NaN,NaN
2025-04-13,vicuna,accidente,norte,9.0,baja,30,4.0,2025-04
2025-01-27,vicuna,violencia,NaN,18.0,NaN,48,1.0,2025-01
NaN,ovalle,robo,centro,18.0,alta,21,NaN,NaN
NaN,ovalle,fraude,centro,19.0,NaN,NaN,NaN,NaN
2024-01-28,ovalle,robo,rural,15.0,alta,41,1.0,2024-01
2025-06-03,ovalle,fraude,NaN,1.0,NaN,49,6.0,2025-06
2024-07-28,andacollo,robo,centro,1.0,media,58,7.0,2024-07
2024-07-23,andacollo,fraude,centro,5.0,NaN,58,7.0,2024-07
2025-09-03,monte patria,NaN,rural,18.0,alta,27,9.0,2025-09
2025-01-03,la serena,robo,rural,14.0,alta,55,1.0,2025-01
2025-11-20,coquimbo,accidente,norte,11.0,baja,66,11.0,2025-11
2025-10-24,ovalle,robo,centro,2.0,alta,31,10.0,2025-10
NaN,ovalle,robo,centro,15.0,baja,36,NaN,NaN
2024-08-18,coquimbo,violencia,centro,14.0,alta,14,8.0,2024-08
2024-08-18,coquimbo,accidente,centro,7.0,alta,52,8.0,2024-08
2025-10-21,monte patria,fraude,centro,14.0,alta,NaN,10.0,2025-10
2024-05-14,monte patria,hurto,centro,500.0,media,NaN,5.0,2024-05
2025-12-24,salamanca,accidente,norte,11.0,baja,21,12.0,2025-12
2025-05-25,vicuna,robo,sur,13.0,media,54,5.0,2025-05
NaN,la serena,violencia,rural,19.0,alta,15,NaN,NaN
2025-07-16,coquimbo,NaN,rural,12.0,baja,55,7.0,2025-07
NaN,vicuna,violencia,rural,8.0,media,NaN,NaN,NaN
2025-07-28,monte patria,robo,rural,4.0,baja,36,7.0,2025-07
2024-09-19,monte patria,violencia,NaN,1.0,alta,63,9.0,2024-09
2025-10-19,ovalle,hurto,sur,10.0,alta,61,10.0,2025-10
2024-12-14,illapel,NaN,norte,6.0,alta,15,12.0,2024-12
2024-01-12,coquimbo,accidente,centro,5.0,baja,40,1.0,2024-01
2025-01-27,monte patria,robo,norte,19.0,NaN,55,1.0,2025-01
2025-01-09,vicuna,accidente,centro,12.0,baja,62,1.0,2025-01
2024-05-27,ovalle,robo,norte,6.0,alta,26,5.0,2024-05
2025-09-07,coquimbo,fraude,NaN,11.0,media,38,9.0,2025-09
2024-01-12,coquimbo,fraude,sur,15.0,media,25,1.0,2024-01
2025-05-02,la serena,NaN,sur,12.0,alta,31,5.0,2025-05
2024-02-23,illapel,fraude,centro,16.0,NaN,55,2.0,2024-02
2024-09-12,la serena,accidente,centro,5.0,alta,27,9.0,2024-09
2025-12-23,coquimbo,accidente,centro,12.0,alta,58,12.0,2025-12
2024-12-05,la serena,hurto,norte,12.0,media,49,12.0,2024-12
2024-08-07,coquimbo,NaN,NaN,14.0,media,55,8.0,2024-08
2024-02-21,ovalle,hurto,rural,4.0,alta,49,2.0,2024-02
NaN,ovalle,robo,NaN,12.0,baja,30,NaN,NaN
2024-06-15,illapel,robo,norte,-3.0,NaN,32,6.0,2024-06
2025-12-02,andacollo,fraude,sur,6.0,baja,36,12.0,2025-12
2024-12-26,illapel,robo,sur,NaN,NaN,26,12.0,2024-12
2025-12-05,coquimbo,accidente,centro,NaN,baja,23,12.0,2025-12
2025-07-18,andacollo,NaN,norte,16.0,baja,65,7.0,2025-07
2025-12-10,coquimbo,robo,rural,3.0,alta,14,12.0,2025-12
NaN,la serena,hurto,norte,1.0,baja,40,NaN,NaN
NaN,andacollo,accidente,sur,11.0,baja,17,NaN,NaN
2025-12-29,salamanca,hurto,norte,5.0,NaN,54,12.0,2025-12
2025-12-10,vicuna,robo,NaN,1.0,baja,64,12.0,2025-12
2024-09-25,la serena,hurto,NaN,11.0,baja,43,9.0,2024-09
NaN,monte patria,violencia,NaN,5.0,baja,69,NaN,NaN
2025-07-29,monte patria,robo,norte,13.0,alta,53,7.0,2025-07
2025-03-25,vicuna,hurto,rural,8.0,baja,56,3.0,2025-03
2024-05-31,andacollo,hurto,centro,6.0,media,18,5.0,2024-05
2024-10-30,vicuna,accidente,rural,13.0,baja,15,10.0,2024-10
2025-12-04,vicuna,hurto,norte,10.0,media,37,12.0,2025-12
2025-11-27,monte patria,accidente,centro,16.0,NaN,57,11.0,2025-11
2024-12-26,coquimbo,accidente,sur,0.0,baja,41,12.0,2024-12
2025-08-29,ovalle,hurto,rural,6.0,alta,32,8.0,2025-08
2025-07-08,monte patria,fraude,rural,NaN,alta,67,7.0,2025-07
NaN,la serena,robo,centro,4.0,baja,50,NaN,NaN
2024-01-27,andacollo,robo,NaN,15.0,baja,51,1.0,2024-01
2024-04-01,coquimbo,accidente,rural,6.0,baja,60,4.0,2024-04
NaN,monte patria,accidente,norte,7.0,alta,49,NaN,NaN
2024-03-19,la serena,robo,NaN,2.0,NaN,58,3.0,2024-03
2024-07-16,coquimbo,accidente,norte,5.0,media,30,7.0,2024-07
2024-08-07,monte patria,accidente,norte,6.0,alta,14,8.0,2024-08
2025-02-02,ovalle,robo,norte,7.0,baja,51,2.0,2025-02
NaN,la serena,NaN,norte,10.0,media,39,NaN,NaN
2025-03-26,coquimbo,robo,sur,15.0,alta,28,3.0,2025-03
2024-03-10,monte patria,fraude,sur,2.0,NaN,65,3.0,2024-03
2025-01-04,la serena,violencia,centro,4.0,baja,26,1.0,2025-01
2024-04-29,monte patria,violencia,norte,17.0,NaN,33,4.0,2024-04
2024-08-24,salamanca,violencia,NaN,NaN,baja,20,8.0,2024-08
2025-10-10,vicuna,NaN,rural,2.0,NaN,68,10.0,2025-10
2025-08-26,vicuna,accidente,sur,13.0,baja,61,8.0,2025-08
2024-08-29,coquimbo,robo,NaN,5.0,baja,16,8.0,2024-08
2024-08-28,ovalle,fraude,rural,16.0,alta,19,8.0,2024-08
NaN,coquimbo,robo,centro,18.0,baja,34,NaN,NaN
2025-09-01,illapel,hurto,NaN,11.0,baja,15,9.0,2025-09
2025-05-02,ovalle,fraude,norte,6.0,alta,34,5.0,2025-05
2025-11-16,vicuna,robo,rural,19.0,baja,69,11.0,2025-11
NaN,ovalle,violencia,norte,13.0,alta,65,NaN,NaN
2024-06-18,ovalle,violencia,rural,9.0,media,19,6.0,2024-06
2025-11-05,coquimbo,violencia,sur,14.0,NaN,20,11.0,2025-11
2025-09-13,la serena,NaN,centro,10.0,baja,55,9.0,2025-09
2024-02-07,monte patria,hurto,norte,2.0,alta,18,2.0,2024-02
NaN,salamanca,robo,NaN,11.0,NaN,28,NaN,NaN
2024-11-13,andacollo,hurto,norte,1.0,alta,17,11.0,2024-11
2025-02-11,illapel,accidente,norte,13.0,baja,31,2.0,2025-02
2025-09-15,salamanca,NaN,centro,19.0,alta,68,9.0,2025-09
2024-09-09,salamanca,fraude,rural,17.0,baja,18,9.0,2024-09
2024-07-18,la serena,robo,centro,NaN,media,62,7.0,2024-07
2025-09-19,ovalle,hurto,rural,0.0,NaN,34,9.0,2025-09
2025-02-24,vicuna,accidente,centro,5.0,alta,20,2.0,2025-02
2025-06-29,vicuna,NaN,NaN,2.0,baja,NaN,6.0,2025-06
2025-03-15,coquimbo,hurto,centro,9.0,NaN,32,3.0,2025-03
NaN,vicuna,robo,centro,10.0,baja,39,NaN,NaN
2024-07-25,vicuna,NaN,NaN,NaN,baja,54,7.0,2024-07
2025-01-05,monte patria,accidente,rural,15.0,baja,19,1.0,2025-01
2025-07-30,vicuna,robo,norte,11.0,baja,64,7.0,2025-07
2024-12-04,coquimbo,hurto,centro,10.0,baja,58,12.0,2024-12
2024-12-03,salamanca,accidente,norte,7.0,media,NaN,12.0,2024-12
2025-12-14,illapel,hurto,norte,NaN,baja,26,12.0,2025-12
NaN,vicuna,NaN,centro,14.0,alta,36,NaN,NaN
2025-04-06,coquimbo,fraude,sur,18.0,media,36,4.0,2025-04
2025-01-18,la serena,violencia,NaN,6.0,media,25,1.0,2025-01
2025-04-27,salamanca,accidente,sur,7.0,baja,NaN,4.0,2025-04
2025-01-24,coquimbo,robo,norte,12.0,alta,60,1.0,2025-01
2025-02-18,coquimbo,robo,centro,6.0,NaN,20,2.0,2025-02
2024-09-28,andacollo,violencia,sur,16.0,alta,51,9.0,2024-09
NaN,salamanca,robo,norte,3.0,baja,28,NaN,NaN
NaN,illapel,fraude,sur,12.0,media,33,NaN,NaN
2025-10-03,salamanca,violencia,norte,5.0,NaN,19,10.0,2025-10
2025-12-04,salamanca,accidente,norte,NaN,alta,14,12.0,2025-12
2025-07-27,vicuna,robo,norte,5.0,media,69,7.0,2025-07
2025-12-15,la serena,NaN,centro,11.0,baja,31,12.0,2025-12
2025-07-01,coquimbo,accidente,norte,2.0,alta,19,7.0,2025-07
2025-11-04,ovalle,accidente,centro,12.0,baja,44,11.0,2025-11
2025-11-22,coquimbo,NaN,NaN,14.0,NaN,42,11.0,2025-11
2025-09-11,ovalle,hurto,sur,14.0,alta,NaN,9.0,2025-09
2024-02-22,andacollo,robo,sur,4.0,alta,65,2.0,2024-02
2024-08-10,andacollo,robo,NaN,5.0,alta,69,8.0,2024-08
2024-06-20,salamanca,fraude,NaN,NaN,media,44,6.0,2024-06
2024-08-23,salamanca,fraude,centro,17.0,baja,39,8.0,2024-08
2025-05-02,ovalle,violencia,centro,NaN,baja,48,5.0,2025-05
2024-07-06,la serena,NaN,norte,17.0,alta,36,7.0,2024-07
2025-04-24,andacollo,robo,NaN,13.0,alta,66,4.0,2025-04
NaN,la serena,fraude,centro,3.0,baja,32,NaN,NaN
2025-06-10,coquimbo,hurto,norte,NaN,NaN,39,6.0,2025-06
2024-04-11,coquimbo,violencia,NaN,6.0,baja,31,4.0,2024-04
2024-06-25,la serena,accidente,norte,10.0,baja,66,6.0,2024-06
2025-12-15,vicuna,robo,rural,8.0,NaN,31,12.0,2025-12
2025-06-02,vicuna,robo,sur,8.0,NaN,49,6.0,2025-06
NaN,coquimbo,robo,norte,16.0,NaN,54,NaN,NaN
2025-06-12,la serena,NaN,centro,3.0,baja,54,6.0,2025-06
2024-07-19,la serena,hurto,norte,4.0,baja,24,7.0,2024-07
2025-03-13,vicuna,accidente,centro,3.0,NaN,NaN,3.0,2025-03
2024-01-25,andacollo,violencia,norte,1.0,NaN,30,1.0,2024-01
2025-05-08,la serena,NaN,centro,11.0,NaN,19,5.0,2025-05
2025-09-14,illapel,accidente,centro,7.0,baja,55,9.0,2025-09
NaN,la serena,accidente,centro,9.0,NaN,54,NaN,NaN
NaN,la serena,robo,centro,15.0,baja,46,NaN,NaN
NaN,coquimbo,NaN,sur,5.0,media,17,NaN,NaN
NaN,coquimbo,violencia,NaN,13.0,baja,58,NaN,NaN
2024-08-05,coquimbo,accidente,centro,2.0,NaN,67,8.0,2024-08
2025-02-15,illapel,hurto,rural,-3.0,media,39,2.0,2025-02
2025-10-05,la serena,fraude,sur,9.0,alta,49,10.0,2025-10
NaN,salamanca,violencia,norte,19.0,NaN,46,NaN,NaN
NaN,la serena,robo,NaN,11.0,alta,130,NaN,NaN
NaN,la serena,NaN,norte,15.0,NaN,42,NaN,NaN
2025-05-21,andacollo,fraude,centro,2.0,baja,51,5.0,2025-05
2024-03-01,la serena,robo,rural,7.0,NaN,47,3.0,2024-03
NaN,la serena,fraude,centro,14.0,alta,33,NaN,NaN
2024-07-27,coquimbo,robo,sur,15.0,NaN,19,7.0,2024-07
2024-05-25,illapel,fraude,norte,NaN,media,48,5.0,2024-05
2024-11-16,monte patria,NaN,norte,11.0,baja,14,11.0,2024-11
2024-08-13,monte patria,robo,rural,14.0,alta,36,8.0,2024-08
NaN,monte patria,accidente,norte,4.0,alta,57,NaN,NaN
2025-12-02,la serena,hurto,rural,9.0,baja,NaN,12.0,2025-12
2025-10-30,illapel,robo,centro,2.0,alta,18,10.0,2025-10
2024-09-15,illapel,NaN,norte,6.0,NaN,51,9.0,2024-09
NaN,andacollo,hurto,rural,11.0,NaN,52,NaN,NaN
2025-05-14,illapel,fraude,rural,13.0,alta,61,5.0,2025-05
2024-10-24,salamanca,NaN,sur,5.0,baja,45,10.0,2024-10
NaN,andacollo,NaN,rural,12.0,NaN,37,NaN,NaN
2024-12-22,coquimbo,NaN,norte,7.0,media,15,12.0,2024-12
2025-12-30,vicuna,hurto,sur,6.0,media,32,12.0,2025-12
2024-09-01,la serena,NaN,norte,18.0,baja,27,9.0,2024-09
2025-12-20,coquimbo,accidente,rural,4.0,baja,58,12.0,2025-12
NaN,illapel,NaN,sur,8.0,alta,65,NaN,NaN
2025-10-05,ovalle,hurto,centro,2.0,media,26,10.0,2025-10
2024-08-29,ovalle,violencia,norte,NaN,alta,48,8.0,2024-08
2024-12-25,salamanca,NaN,NaN,14.0,alta,51,12.0,2024-12
NaN,ovalle,hurto,NaN,-3.0,NaN,68,NaN,NaN
2025-08-31,illapel,violencia,norte,12.0,baja,54,8.0,2025-08
2024-06-18,coquimbo,fraude,centro,19.0,baja,NaN,6.0,2024-06
2024-05-28,monte patria,violencia,centro,8.0,NaN,46,5.0,2024-05
2024-06-15,coquimbo,violencia,norte,13.0,baja,36,6.0,2024-06
2025-10-26,vicuna,NaN,NaN,NaN,NaN,62,10.0,2025-10
2025-10-01,la serena,NaN,sur,8.0,media,53,10.0,2025-10
2025-02-22,monte patria,accidente,centro,13.0,alta,64,2.0,2025-02
NaN,andacollo,NaN,rural,NaN,media,64,NaN,NaN
2025-08-24,la serena,hurto,rural,7.0,alta,32,8.0,2025-08
NaN,coquimbo,robo,sur,8.0,media,63,NaN,NaN
NaN,monte patria,accidente,NaN,11.0,baja,53,NaN,NaN
2024-10-26,vicuna,fraude,norte,3.0,NaN,51,10.0,2024-10
2024-12-02,salamanca,violencia,NaN,2.0,baja,14,12.0,2024-12
NaN,andacollo,robo,rural,NaN,baja,NaN,NaN,NaN
2024-11-25,monte patria,robo,rural,8.0,NaN,18,11.0,2024-11
2024-09-02,vicuna,violencia,sur,1.0,baja,52,9.0,2024-09
2025-04-19,vicuna,fraude,rural,5.0,alta,NaN,4.0,2025-04
2025-11-05,salamanca,robo,norte,NaN,baja,NaN,11.0,2025-11
2025-04-15,ovalle,fraude,centro,5.0,baja,15,4.0,2025-04
2025-02-04,la serena,fraude,norte,NaN,alta,30,2.0,2025-02
2025-03-13,ovalle,NaN,norte,14.0,NaN,53,3.0,2025-03
NaN,ovalle,NaN,norte,NaN,media,62,NaN,NaN
NaN,la serena,hurto,NaN,4.0,media,68,NaN,NaN
2025-09-11,vicuna,robo,rural,11.0,NaN,17,9.0,2025-09
NaN,ovalle,hurto,norte,NaN,NaN,26,NaN,NaN
2024-04-11,coquimbo,accidente,norte,12.0,NaN,22,4.0,2024-04
2024-01-15,ovalle,violencia,norte,500.0,NaN,32,1.0,2024-01
2024-08-14,la serena,accidente,centro,10.0,NaN,38,8.0,2024-08
NaN,vicuna,NaN,sur,18.0,alta,45,NaN,NaN
2025-04-20,ovalle,accidente,centro,15.0,NaN,NaN,4.0,2025-04
2024-01-26,ovalle,violencia,NaN,18.0,alta,68,1.0,2024-01
2025-12-25,illapel,accidente,norte,6.0,media,51,12.0,2025-12
2025-07-04,coquimbo,robo,sur,12.0,alta,24,7.0,2025-07
NaN,coquimbo,accidente,norte,19.0,media,60,NaN,NaN
NaN,la serena,robo,centro,19.0,baja,14,NaN,NaN
2024-01-24,coquimbo,fraude,norte,7.0,alta,38,1.0,2024-01
2024-01-29,monte patria,robo,centro,9.0,baja,62,1.0,2024-01
2024-02-11,ovalle,violencia,NaN,19.0,alta,30,2.0,2024-02
NaN,vicuna,accidente,norte,7.0,media,31,NaN,NaN
2024-12-03,vicuna,accidente,NaN,8.0,baja,30,12.0,2024-12
2024-05-17,salamanca,violencia,norte,4.0,media,54,5.0,2024-05
2025-02-22,coquimbo,accidente,sur,1.0,alta,67,2.0,2025-02
2024-09-13,coquimbo,NaN,sur,8.0,NaN,24,9.0,2024-09
2025-08-01,la serena,robo,centro,8.0,baja,54,8.0,2025-08
2024-02-10,monte patria,violencia,centro,18.0,alta,64,2.0,2024-02
NaN,coquimbo,accidente,norte,3.0,alta,33,NaN,NaN
2025-07-07,salamanca,fraude,centro,2.0,NaN,65,7.0,2025-07
2025-04-18,la serena,violencia,centro,19.0,baja,NaN,4.0,2025-04
NaN,vicuna,robo,centro,8.0,NaN,40,NaN,NaN
NaN,la serena,NaN,NaN,2.0,baja,24,NaN,NaN
2024-02-27,monte patria,hurto,rural,19.0,media,NaN,2.0,2024-02
2025-08-09,monte patria,NaN,norte,9.0,alta,26,8.0,2025-08
2024-01-18,andacollo,robo,NaN,15.0,NaN,31,1.0,2024-01
2024-09-16,vicuna,robo,rural,19.0,alta,14,9.0,2024-09
NaN,ovalle,robo,norte,11.0,media,31,NaN,NaN
2024-03-22,coquimbo,accidente,NaN,6.0,alta,NaN,3.0,2024-03
NaN,monte patria,fraude,NaN,8.0,alta,59,NaN,NaN
2024-12-09,monte patria,hurto,sur,9.0,NaN,63,12.0,2024-12
NaN,la serena,fraude,sur,4.0,baja,67,NaN,NaN
2024-06-17,la serena,fraude,sur,1.0,alta,54,6.0,2024-06
NaN,illapel,accidente,norte,8.0,baja,50,NaN,NaN
2024-09-08,coquimbo,violencia,sur,3.0,alta,NaN,9.0,2024-09
2025-10-30,ovalle,robo,NaN,1.0,alta,25,10.0,2025-10
2024-05-22,ovalle,hurto,norte,13.0,baja,37,5.0,2024-05
2025-02-02,monte patria,robo,centro,3.0,baja,14,2.0,2025-02
2024-04-03,la serena,fraude,rural,9.0,alta,29,4.0,2024-04
2025-05-28,la serena,robo,rural,5.0,NaN,NaN,5.0,2025-05
NaN,salamanca,robo,rural,10.0,baja,51,NaN,NaN
2024-07-10,la serena,NaN,centro,0.0,NaN,NaN,7.0,2024-07
NaN,la serena,violencia,norte,13.0,NaN,14,NaN,NaN
2024-06-23,monte patria,fraude,norte,5.0,NaN,14,6.0,2024-06
2025-06-16,coquimbo,NaN,norte,18.0,alta,67,6.0,2025-06
2024-11-23,salamanca,violencia,norte,17.0,baja,67,11.0,2024-11
2025-03-12,ovalle,hurto,rural,17.0,baja,56,3.0,2025-03
NaN,monte patria,accidente,NaN,NaN,alta,14,NaN,NaN
2025-08-02,illapel,violencia,sur,11.0,baja,39,8.0,2025-08
NaN,monte patria,hurto,NaN,14.0,alta,NaN,NaN,NaN
2024-08-06,salamanca,robo,sur,16.0,media,47,8.0,2024-08
2024-12-31,la serena,NaN,norte,15.0,NaN,17,12.0,2024-12
2025-06-08,coquimbo,violencia,sur,12.0,alta,30,6.0,2025-06
2024-01-29,la serena,robo,norte,1.0,baja,NaN,1.0,2024-01
2025-04-18,andacollo,accidente,norte,11.0,NaN,64,4.0,2025-04
2024-04-26,andacollo,accidente,sur,12.0,alta,41,4.0,2024-04
NaN,monte patria,NaN,rural,19.0,baja,56,NaN,NaN
NaN,coquimbo,fraude,NaN,1.0,baja,27,NaN,NaN
2025-02-11,ovalle,robo,centro,500.0,baja,32,2.0,2025-02
2025-04-28,salamanca,robo,norte,1.0,alta,32,4.0,2025-04
2025-05-26,illapel,robo,sur,7.0,alta,39,5.0,2025-05
NaN,la serena,accidente,rural,15.0,baja,NaN,NaN,NaN
2025-11-20,andacollo,hurto,NaN,1.0,alta,34,11.0,2025-11
2024-09-18,illapel,robo,norte,4.0,baja,37,9.0,2024-09
2025-08-28,monte patria,robo,centro,7.0,baja,59,8.0,2025-08
NaN,coquimbo,hurto,norte,4.0,alta,32,NaN,NaN
NaN,coquimbo,robo,norte,9.0,media,28,NaN,NaN
2024-09-11,salamanca,NaN,sur,14.0,baja,69,9.0,2024-09
NaN,andacollo,accidente,centro,17.0,NaN,38,NaN,NaN
NaN,ovalle,hurto,centro,2.0,baja,NaN,NaN,NaN
NaN,ovalle,NaN,sur,7.0,alta,69,NaN,NaN
2024-11-06,vicuna,hurto,norte,10.0,alta,25,11.0,2024-11
2024-05-11,la serena,hurto,norte,3.0,media,41,5.0,2024-05
NaN,illapel,violencia,centro,11.0,alta,17,NaN,NaN
2025-10-07,coquimbo,accidente,NaN,18.0,baja,48,10.0,2025-10
NaN,illapel,fraude,rural,NaN,baja,27,NaN,NaN
2024-02-07,andacollo,fraude,sur,13.0,alta,64,2.0,2024-02
NaN,la serena,NaN,centro,8.0,alta,31,NaN,NaN
2024-02-09,illapel,violencia,norte,7.0,media,15,2.0,2024-02
2025-01-12,monte patria,robo,norte,NaN,alta,48,1.0,2025-01
2025-09-06,ovalle,robo,NaN,13.0,alta,66,9.0,2025-09
2024-12-31,andacollo,violencia,norte,9.0,alta,57,12.0,2024-12
2024-02-10,monte patria,accidente,norte,1.0,baja,41,2.0,2024-02
2024-03-17,illapel,violencia,centro,8.0,baja,18,3.0,2024-03
2024-03-14,monte patria,robo,rural,19.0,media,43,3.0,2024-03
2024-08-20,monte patria,hurto,norte,14.0,media,51,8.0,2024-08
2024-12-30,illapel,violencia,centro,11.0,alta,16,12.0,2024-12
2025-08-30,illapel,hurto,sur,5.0,baja,41,8.0,2025-08
2025-04-26,monte patria,violencia,sur,7.0,baja,32,4.0,2025-04
2025-07-19,la serena,accidente,centro,14.0,baja,18,7.0,2025-07
2025-10-20,vicuna,hurto,norte,4.0,alta,52,10.0,2025-10
2024-05-27,monte patria,NaN,norte,1.0,alta,65,5.0,2024-05
NaN,vicuna,violencia,norte,15.0,alta,28,NaN,NaN
NaN,salamanca,fraude,centro,NaN,NaN,68,NaN,NaN
NaN,ovalle,NaN,sur,3.0,NaN,39,NaN,NaN
2024-08-17,coquimbo,accidente,centro,10.0,baja,34,8.0,2024-08
2025-12-07,la serena,NaN,norte,12.0,baja,19,12.0,2025-12
2024-01-06,la serena,hurto,sur,19.0,alta,23,1.0,2024-01
2025-06-03,illapel,robo,NaN,4.0,baja,27,6.0,2025-06
2025-02-11,vicuna,robo,norte,14.0,baja,51,2.0,2025-02
2025-04-11,la serena,NaN,norte,5.0,alta,19,4.0,2025-04
2024-07-29,ovalle,violencia,NaN,10.0,alta,16,7.0,2024-07
2025-01-05,la serena,hurto,NaN,9.0,baja,51,1.0,2025-01
NaN,andacollo,NaN,sur,6.0,baja,61,NaN,NaN
NaN,la serena,NaN,centro,NaN,media,61,NaN,NaN
2025-04-13,coquimbo,violencia,centro,10.0,baja,38,4.0,2025-04
2024-07-18,ovalle,NaN,rural,NaN,baja,67,7.0,2024-07
2024-09-15,la serena,NaN,norte,18.0,baja,63,9.0,2024-09
2025-05-30,salamanca,accidente,NaN,18.0,media,44,5.0,2025-05
2025-11-08,vicuna,violencia,centro,10.0,baja,66,11.0,2025-11
2024-04-10,vicuna,violencia,sur,8.0,baja,53,4.0,2024-04
2025-07-17,coquimbo,NaN,sur,7.0,media,69,7.0,2025-07
2024-01-09,la serena,hurto,centro,NaN,media,66,1.0,2024-01
2025-04-26,ovalle,robo,rural,19.0,baja,18,4.0,2025-04
2024-12-07,la serena,fraude,norte,11.0,baja,49,12.0,2024-12
2024-10-07,ovalle,accidente,centro,19.0,baja,58,10.0,2024-10
2025-12-03,salamanca,accidente,norte,10.0,NaN,63,12.0,2025-12
2024-04-21,vicuna,fraude,centro,15.0,NaN,28,4.0,2024-04
2024-06-23,ovalle,hurto,centro,1.0,media,49,6.0,2024-06
NaN,ovalle,violencia,sur,7.0,media,22,NaN,NaN
2024-01-30,andacollo,violencia,norte,11.0,alta,32,1.0,2024-01
2024-05-07,la serena,violencia,sur,1.0,NaN,61,5.0,2024-05
NaN,illapel,violencia,rural,19.0,NaN,27,NaN,NaN
NaN,illapel,fraude,rural,11.0,NaN,28,NaN,NaN
NaN,coquimbo,NaN,NaN,15.0,baja,26,NaN,NaN
NaN,la serena,hurto,centro,NaN,NaN,61,NaN,NaN
NaN,monte patria,violencia,rural,15.0,alta,31,NaN,NaN
2024-01-28,vicuna,NaN,norte,5.0,baja,56,1.0,2024-01
2025-08-14,vicuna,fraude,norte,12.0,media,42,8.0,2025-08
2025-03-24,la serena,violencia,centro,7.0,media,29,3.0,2025-03
2024-05-17,vicuna,accidente,centro,3.0,alta,46,5.0,2024-05
2025-06-05,illapel,fraude,rural,7.0,baja,62,6.0,2025-06
NaN,salamanca,robo,NaN,13.0,baja,44,NaN,NaN
NaN,andacollo,robo,centro,10.0,NaN,61,NaN,NaN
2025-07-20,andacollo,hurto,rural,11.0,alta,67,7.0,2025-07
2025-12-21,andacollo,robo,NaN,8.0,baja,15,12.0,2025-12
2025-09-19,la serena,fraude,sur,4.0,NaN,16,9.0,2025-09
NaN,vicuna,fraude,rural,15.0,baja,21,NaN,NaN
NaN,coquimbo,violencia,norte,15.0,baja,29,NaN,NaN
2024-06-26,monte patria,robo,NaN,16.0,alta,30,6.0,2024-06
2025-12-21,monte patria,fraude,centro,6.0,alta,NaN,12.0,2025-12
2024-07-18,illapel,NaN,NaN,15.0,alta,61,7.0,2024-07
2025-01-26,ovalle,robo,norte,6.0,baja,21,1.0,2025-01
2025-08-24,la serena,robo,norte,6.0,baja,NaN,8.0,2025-08
2024-06-05,la serena,NaN,NaN,2.0,baja,NaN,6.0,2024-06
2024-02-15,vicuna,robo,sur,19.0,alta,25,2.0,2024-02
2025-06-16,ovalle,fraude,NaN,6.0,NaN,26,6.0,2025-06
2024-09-25,coquimbo,violencia,NaN,NaN,alta,28,9.0,2024-09
2024-08-31,ovalle,robo,sur,13.0,baja,48,8.0,2024-08
2024-08-08,ovalle,accidente,centro,1.0,alta,NaN,8.0,2024-08
2024-05-04,coquimbo,hurto,centro,6.0,baja,26,5.0,2024-05
2025-06-24,salamanca,hurto,centro,4.0,alta,36,6.0,2025-06
2024-04-01,monte patria,NaN,centro,19.0,media,64,4.0,2024-04
NaN,coquimbo,NaN,centro,8.0,baja,31,NaN,NaN
NaN,andacollo,NaN,norte,4.0,media,52,NaN,NaN
2025-10-12,ovalle,NaN,rural,15.0,media,NaN,10.0,2025-10
2024-07-08,illapel,robo,NaN,2.0,NaN,45,7.0,2024-07
2025-07-31,la serena,violencia,NaN,-3.0,media,41,7.0,2025-07
2024-04-24,illapel,accidente,norte,13.0,NaN,31,4.0,2024-04
2024-01-04,coquimbo,fraude,norte,2.0,media,49,1.0,2024-01
2024-11-03,la serena,hurto,sur,0.0,baja,56,11.0,2024-11
2025-09-10,coquimbo,accidente,centro,12.0,NaN,25,9.0,2025-09
NaN,ovalle,violencia,norte,11.0,baja,58,NaN,NaN
2025-10-15,ovalle,NaN,NaN,1.0,NaN,60,10.0,2025-10
2024-12-28,illapel,NaN,sur,11.0,alta,14,12.0,2024-12
2024-08-06,vicuna,violencia,sur,5.0,baja,58,8.0,2024-08
2024-11-07,coquimbo,robo,centro,8.0,media,51,11.0,2024-11
2024-05-20,la serena,robo,NaN,3.0,baja,23,5.0,2024-05
2024-01-05,coquimbo,accidente,centro,8.0,baja,39,1.0,2024-01
2024-08-04,la serena,NaN,norte,19.0,alta,37,8.0,2024-08
2024-09-06,la serena,accidente,NaN,18.0,media,49,9.0,2024-09
2025-10-29,andacollo,robo,rural,10.0,baja,18,10.0,2025-10
2024-01-17,ovalle,accidente,centro,3.0,media,25,1.0,2024-01
2025-09-08,coquimbo,robo,centro,14.0,baja,37,9.0,2025-09
2024-03-26,andacollo,accidente,centro,10.0,alta,15,3.0,2024-03
2024-04-20,coquimbo,robo,norte,12.0,alta,55,4.0,2024-04
NaN,vicuna,NaN,centro,5.0,baja,35,NaN,NaN
2024-09-08,la serena,robo,norte,18.0,alta,52,9.0,2024-09
2025-09-25,coquimbo,hurto,norte,16.0,media,52,9.0,2025-09
2024-02-01,ovalle,fraude,norte,4.0,baja,19,2.0,2024-02
2025-12-09,la serena,hurto,centro,9.0,baja,62,12.0,2025-12
2025-01-02,coquimbo,robo,norte,16.0,alta,51,1.0,2025-01
2024-10-14,monte patria,NaN,norte,NaN,media,66,10.0,2024-10
2025-12-26,la serena,NaN,norte,13.0,alta,63,12.0,2025-12
2024-12-10,la serena,violencia,norte,14.0,NaN,41,12.0,2024-12
2024-03-28,ovalle,violencia,centro,15.0,alta,48,3.0,2024-03
2025-09-06,coquimbo,NaN,sur,5.0,NaN,21,9.0,2025-09
2024-09-26,la serena,robo,NaN,10.0,baja,47,9.0,2024-09
2024-04-21,andacollo,hurto,centro,7.0,NaN,41,4.0,2024-04
2024-02-19,la serena,robo,centro,13.0,NaN,NaN,2.0,2024-02
NaN,la serena,violencia,sur,10.0,NaN,46,NaN,NaN
2025-07-31,ovalle,hurto,norte,3.0,baja,61,7.0,2025-07
2025-08-01,la serena,violencia,NaN,15.0,media,67,8.0,2025-08
2024-09-21,coquimbo,robo,norte,10.0,baja,40,9.0,2024-09
2025-01-18,ovalle,robo,norte,7.0,alta,53,1.0,2025-01
2025-05-28,monte patria,accidente,centro,14.0,alta,23,5.0,2025-05
2025-06-11,la serena,fraude,centro,NaN,alta,26,6.0,2025-06
2024-10-28,vicuna,robo,centro,6.0,baja,34,10.0,2024-10
2025-04-24,la serena,hurto,norte,18.0,media,60,4.0,2025-04
2024-03-08,monte patria,NaN,norte,14.0,baja,32,3.0,2024-03
2024-08-11,andacollo,accidente,centro,13.0,NaN,NaN,8.0,2024-08
NaN,andacollo,accidente,rural,17.0,baja,23,NaN,NaN
2024-03-17,ovalle,robo,norte,2.0,alta,41,3.0,2024-03
2024-07-20,coquimbo,fraude,sur,9.0,NaN,28,7.0,2024-07
2024-12-01,ovalle,robo,centro,13.0,media,53,12.0,2024-12
2024-12-24,vicuna,robo,norte,12.0,baja,69,12.0,2024-12
2024-01-03,andacollo,violencia,norte,4.0,baja,32,1.0,2024-01
NaN,illapel,fraude,sur,12.0,media,54,NaN,NaN
2024-10-14,salamanca,fraude,norte,7.0,media,63,10.0,2024-10
NaN,coquimbo,fraude,norte,8.0,media,15,NaN,NaN
2024-08-15,ovalle,robo,norte,17.0,alta,42,8.0,2024-08
2024-11-05,ovalle,violencia,norte,5.0,baja,26,11.0,2024-11
2025-04-03,monte patria,hurto,norte,11.0,alta,43,4.0,2025-04
2025-10-14,la serena,robo,norte,2.0,media,66,10.0,2025-10
2024-03-20,andacollo,NaN,centro,10.0,alta,48,3.0,2024-03
2025-11-18,coquimbo,violencia,centro,15.0,baja,43,11.0,2025-11
2024-09-26,andacollo,fraude,sur,17.0,media,26,9.0,2024-09
2024-07-17,la serena,NaN,centro,17.0,alta,35,7.0,2024-07
2025-02-26,la serena,robo,NaN,14.0,alta,19,2.0,2025-02
2024-06-08,vicuna,fraude,NaN,5.0,alta,NaN,6.0,2024-06
2025-10-16,ovalle,NaN,NaN,18.0,media,42,10.0,2025-10
2024-11-26,la serena,hurto,centro,8.0,alta,NaN,11.0,2024-11
2024-09-06,salamanca,hurto,sur,4.0,baja,56,9.0,2024-09
2025-09-12,la serena,robo,NaN,NaN,alta,60,9.0,2025-09
NaN,salamanca,robo,NaN,5.0,alta,36,NaN,NaN
2025-01-18,andacollo,violencia,NaN,18.0,alta,48,1.0,2025-01
2025-03-28,monte patria,fraude,NaN,13.0,baja,18,3.0,2025-03
2025-09-26,monte patria,accidente,NaN,11.0,alta,24,9.0,2025-09
NaN,vicuna,fraude,centro,12.0,baja,37,NaN,NaN
2025-09-19,coquimbo,robo,centro,10.0,alta,56,9.0,2025-09
2025-01-24,monte patria,NaN,NaN,0.0,NaN,46,1.0,2025-01
2025-12-17,vicuna,accidente,centro,14.0,NaN,25,12.0,2025-12
2025-08-29,coquimbo,NaN,norte,9.0,NaN,39,8.0,2025-08
2025-12-31,monte patria,robo,centro,14.0,alta,55,12.0,2025-12
2024-01-15,vicuna,robo,norte,2.0,NaN,39,1.0,2024-01
2025-10-19,coquimbo,robo,centro,10.0,alta,53,10.0,2025-10
NaN,monte patria,robo,norte,2.0,baja,41,NaN,NaN
NaN,monte patria,fraude,norte,13.0,media,62,NaN,NaN
2024-08-29,vicuna,hurto,sur,3.0,NaN,35,8.0,2024-08
2025-03-03,vicuna,NaN,centro,13.0,alta,53,3.0,2025-03
2025-06-04,ovalle,hurto,centro,17.0,baja,31,6.0,2025-06
2025-11-20,coquimbo,robo,centro,9.0,baja,23,11.0,2025-11
2024-07-20,coquimbo,hurto,centro,1.0,alta,46,7.0,2024-07
2024-08-19,vicuna,violencia,NaN,7.0,alta,29,8.0,2024-08
2025-03-04,coquimbo,violencia,NaN,7.0,alta,19,3.0,2025-03
2024-03-18,ovalle,accidente,centro,2.0,baja,56,3.0,2024-03
NaN,ovalle,violencia,centro,19.0,NaN,29,NaN,NaN
2025-08-02,salamanca,hurto,rural,19.0,media,65,8.0,2025-08
2024-06-02,coquimbo,NaN,NaN,13.0,alta,45,6.0,2024-06
2024-05-03,coquimbo,fraude,norte,12.0,baja,27,5.0,2024-05
NaN,la serena,robo,norte,12.0,NaN,65,NaN,NaN
2024-10-19,vicuna,accidente,norte,1.0,alta,26,10.0,2024-10
2024-12-12,ovalle,violencia,norte,19.0,NaN,54,12.0,2024-12
2024-05-05,coquimbo,accidente,NaN,NaN,media,19,5.0,2024-05
2024-05-30,andacollo,NaN,rural,12.0,media,64,5.0,2024-05
NaN,illapel,fraude,centro,1.0,media,48,NaN,NaN
NaN,ovalle,hurto,norte,15.0,alta,45,NaN,NaN
2024-12-19,la serena,accidente,sur,14.0,alta,38,12.0,2024-12
NaN,monte patria,hurto,norte,11.0,baja,47,NaN,NaN
2024-03-16,coquimbo,robo,rural,4.0,NaN,23,3.0,2024-03
2024-10-04,coquimbo,accidente,norte,1.0,alta,38,10.0,2024-10
2024-05-26,monte patria,hurto,rural,5.0,media,56,5.0,2024-05
2025-01-13,salamanca,robo,rural,NaN,baja,26,1.0,2025-01
2025-11-21,vicuna,NaN,norte,13.0,alta,17,11.0,2025-11
2025-07-26,monte patria,robo,rural,15.0,baja,67,7.0,2025-07
2024-03-19,la serena,violencia,centro,14.0,alta,37,3.0,2024-03
2025-11-13,coquimbo,NaN,NaN,12.0,alta,NaN,11.0,2025-11
NaN,andacollo,fraude,sur,NaN,alta,69,NaN,NaN
2024-02-14,coquimbo,accidente,NaN,11.0,alta,61,2.0,2024-02
2025-01-26,la serena,robo,centro,2.0,NaN,33,1.0,2025-01
2024-09-21,coquimbo,hurto,sur,2.0,media,68,9.0,2024-09
NaN,la serena,robo,centro,13.0,alta,46,NaN,NaN
2025-07-04,la serena,NaN,norte,NaN,baja,17,7.0,2025-07
NaN,ovalle,violencia,NaN,16.0,NaN,66,NaN,NaN
2024-11-24,salamanca,fraude,norte,7.0,NaN,37,11.0,2024-11
2025-08-14,la serena,hurto,centro,4.0,baja,69,8.0,2025-08
NaN,la serena,robo,centro,8.0,baja,24,NaN,NaN
2025-06-01,illapel,violencia,norte,1.0,baja,29,6.0,2025-06
2025-03-28,salamanca,robo,rural,13.0,baja,51,3.0,2025-03
NaN,la serena,accidente,norte,16.0,baja,34,NaN,NaN
2024-08-02,coquimbo,robo,sur,2.0,NaN,49,8.0,2024-08
2024-01-01,salamanca,NaN,NaN,2.0,baja,62,1.0,2024-01
2024-01-20,vicuna,hurto,norte,9.0,alta,38,1.0,2024-01
2024-11-10,vicuna,accidente,sur,18.0,media,28,11.0,2024-11
2024-11-21,la serena,robo,NaN,7.0,baja,22,11.0,2024-11
2024-05-16,illapel,hurto,norte,5.0,alta,NaN,5.0,2024-05
NaN,la serena,violencia,norte,4.0,alta,57,NaN,NaN
NaN,coquimbo,violencia,rural,17.0,alta,NaN,NaN,NaN
2025-02-03,andacollo,NaN,norte,6.0,alta,NaN,2.0,2025-02
2024-04-01,monte patria,robo,rural,6.0,alta,34,4.0,2024-04
2024-04-13,andacollo,accidente,sur,NaN,NaN,24,4.0,2024-04
2024-06-01,salamanca,NaN,centro,10.0,media,49,6.0,2024-06
2025-05-17,andacollo,fraude,norte,18.0,baja,41,5.0,2025-05
2024-12-20,la serena,violencia,centro,11.0,NaN,62,12.0,2024-12
2024-09-13,monte patria,accidente,sur,9.0,media,60,9.0,2024-09
2024-05-23,vicuna,violencia,norte,15.0,media,55,5.0,2024-05
NaN,la serena,NaN,NaN,3.0,NaN,51,NaN,NaN
2024-12-29,la serena,robo,centro,6.0,alta,NaN,12.0,2024-12
NaN,vicuna,hurto,sur,14.0,alta,46,NaN,NaN
2025-06-14,illapel,fraude,sur,1.0,NaN,27,6.0,2025-06
2025-10-04,la serena,NaN,norte,16.0,baja,32,10.0,2025-10
2024-07-20,ovalle,fraude,sur,3.0,NaN,36,7.0,2024-07
2025-03-09,la serena,robo,sur,17.0,baja,NaN,3.0,2025-03
2025-12-07,vicuna,NaN,norte,14.0,alta,NaN,12.0,2025-12
2025-04-04,la serena,accidente,norte,8.0,NaN,42,4.0,2025-04
NaN,andacollo,violencia,NaN,12.0,media,56,NaN,NaN
2024-05-14,vicuna,NaN,centro,12.0,alta,27,5.0,2024-05
2024-01-26,la serena,NaN,centro,4.0,alta,NaN,1.0,2024-01
NaN,vicuna,robo,norte,15.0,baja,25,NaN,NaN
2025-01-23,ovalle,violencia,centro,7.0,baja,23,1.0,2025-01
2024-11-06,andacollo,fraude,norte,8.0,baja,27,11.0,2024-11
2024-11-27,vicuna,accidente,norte,1.0,media,33,11.0,2024-11
2025-07-29,andacollo,hurto,NaN,15.0,baja,27,7.0,2025-07
2025-05-02,coquimbo,hurto,centro,10.0,alta,59,5.0,2025-05
NaN,ovalle,fraude,norte,13.0,media,39,NaN,NaN
2025-03-07,vicuna,robo,centro,7.0,NaN,14,3.0,2025-03
2025-12-02,andacollo,robo,centro,9.0,baja,31,12.0,2025-12
NaN,salamanca,NaN,sur,4.0,alta,NaN,NaN,NaN
NaN,la serena,hurto,norte,2.0,baja,59,NaN,NaN
2024-05-30,illapel,fraude,norte,2.0,alta,54,5.0,2024-05
2024-03-20,coquimbo,NaN,centro,17.0,baja,18,3.0,2024-03
2025-07-04,illapel,robo,centro,8.0,NaN,NaN,7.0,2025-07
2024-04-12,andacollo,accidente,centro,7.0,media,39,4.0,2024-04
2025-10-04,ovalle,hurto,norte,14.0,baja,48,10.0,2025-10
2024-04-21,la serena,accidente,rural,12.0,media,41,4.0,2024-04
2024-07-04,la serena,fraude,centro,1.0,alta,24,7.0,2024-07
2024-08-07,coquimbo,violencia,norte,13.0,alta,20,8.0,2024-08
2025-08-02,monte patria,fraude,rural,NaN,NaN,62,8.0,2025-08
2025-12-18,la serena,accidente,NaN,16.0,alta,38,12.0,2025-12
2025-05-20,vicuna,NaN,centro,NaN,media,35,5.0,2025-05
2025-11-03,la serena,hurto,norte,9.0,baja,68,11.0,2025-11
2024-02-10,illapel,robo,centro,7.0,baja,37,2.0,2024-02
2024-01-12,ovalle,NaN,NaN,15.0,alta,51,1.0,2024-01
2025-06-30,illapel,hurto,sur,18.0,media,51,6.0,2025-06
2024-07-03,la serena,robo,norte,1.0,alta,NaN,7.0,2024-07
2024-10-27,coquimbo,NaN,norte,17.0,NaN,60,10.0,2024-10
2024-02-22,illapel,fraude,centro,19.0,media,21,2.0,2024-02
2024-03-03,la serena,violencia,sur,9.0,alta,62,3.0,2024-03
2025-06-24,illapel,NaN,centro,19.0,baja,21,6.0,2025-06
2025-01-28,illapel,accidente,sur,NaN,baja,44,1.0,2025-01
2025-05-06,coquimbo,robo,rural,11.0,baja,38,5.0,2025-05
2025-11-19,illapel,robo,sur,16.0,alta,53,11.0,2025-11
2024-03-20,coquimbo,accidente,NaN,18.0,alta,14,3.0,2024-03
2025-07-11,la serena,robo,NaN,12.0,NaN,16,7.0,2025-07
2025-05-25,ovalle,accidente,norte,17.0,alta,29,5.0,2025-05
2024-09-03,vicuna,robo,centro,13.0,alta,45,9.0,2024-09
2024-01-19,coquimbo,hurto,norte,10.0,NaN,20,1.0,2024-01
NaN,illapel,violencia,NaN,19.0,alta,63,NaN,NaN
2024-05-17,monte patria,fraude,centro,10.0,media,54,5.0,2024-05
2024-11-18,la serena,NaN,NaN,3.0,media,56,11.0,2024-11
2025-07-06,vicuna,fraude,centro,NaN,media,30,7.0,2025-07
NaN,salamanca,robo,norte,17.0,baja,57,NaN,NaN
NaN,la serena,accidente,centro,6.0,baja,54,NaN,NaN
NaN,andacollo,hurto,centro,11.0,baja,63,NaN,NaN
2025-12-18,andacollo,fraude,norte,15.0,alta,67,12.0,2025-12
2025-11-15,vicuna,fraude,centro,3.0,alta,40,11.0,2025-11
2025-08-04,illapel,hurto,sur,19.0,alta,63,8.0,2025-08
2024-05-21,la serena,hurto,norte,17.0,baja,21,5.0,2024-05
2024-01-03,coquimbo,hurto,centro,NaN,media,24,1.0,2024-01
2025-12-24,coquimbo,accidente,rural,5.0,baja,46,12.0,2025-12
2024-04-14,ovalle,NaN,sur,4.0,alta,19,4.0,2024-04
2024-08-18,coquimbo,fraude,NaN,18.0,baja,22,8.0,2024-08
2025-03-06,coquimbo,robo,centro,4.0,baja,26,3.0,2025-03
2024-10-08,coquimbo,violencia,rural,13.0,NaN,63,10.0,2024-10
2024-08-23,ovalle,accidente,norte,6.0,alta,16,8.0,2024-08
2024-01-14,la serena,robo,NaN,NaN,baja,64,1.0,2024-01
2024-04-20,la serena,violencia,NaN,2.0,alta,48,4.0,2024-04
NaN,la serena,hurto,norte,18.0,alta,21,NaN,NaN
2024-07-27,la serena,robo,rural,18.0,alta,34,7.0,2024-07
2024-05-19,monte patria,hurto,sur,NaN,baja,53,5.0,2024-05
2024-03-07,illapel,fraude,centro,10.0,NaN,34,3.0,2024-03
2025-10-15,ovalle,hurto,sur,4.0,baja,43,10.0,2025-10
2025-10-11,ovalle,fraude,NaN,7.0,alta,31,10.0,2025-10
2024-09-17,coquimbo,robo,sur,8.0,NaN,27,9.0,2024-09
2024-05-19,coquimbo,NaN,centro,10.0,NaN,46,5.0,2024-05
NaN,la serena,fraude,NaN,10.0,baja,56,NaN,NaN
2024-03-27,illapel,fraude,rural,11.0,NaN,34,3.0,2024-03
2024-10-30,coquimbo,NaN,centro,17.0,media,69,10.0,2024-10
NaN,monte patria,robo,norte,17.0,media,20,NaN,NaN
2024-11-18,illapel,robo,norte,15.0,NaN,69,11.0,2024-11
2024-05-31,monte patria,robo,centro,8.0,alta,33,5.0,2024-05
2024-01-31,la serena,fraude,centro,7.0,baja,37,1.0,2024-01
2025-11-24,la serena,accidente,centro,12.0,baja,28,11.0,2025-11
2025-01-02,vicuna,robo,norte,2.0,alta,40,1.0,2025-01
2024-08-20,andacollo,hurto,norte,8.0,NaN,51,8.0,2024-08
2024-02-03,vicuna,fraude,norte,6.0,alta,30,2.0,2024-02
2025-06-28,coquimbo,accidente,sur,NaN,media,51,6.0,2025-06
2024-08-08,ovalle,NaN,norte,14.0,NaN,28,8.0,2024-08
2024-12-23,monte patria,robo,NaN,10.0,baja,47,12.0,2024-12
2024-04-13,ovalle,violencia,rural,6.0,baja,52,4.0,2024-04
2025-07-02,monte patria,robo,norte,19.0,baja,25,7.0,2025-07
2025-06-06,monte patria,hurto,norte,4.0,baja,29,6.0,2025-06
NaN,andacollo,accidente,sur,2.0,baja,21,NaN,NaN
NaN,coquimbo,hurto,centro,9.0,media,NaN,NaN,NaN
2024-08-13,salamanca,fraude,centro,500.0,NaN,17,8.0,2024-08
2024-07-24,andacollo,robo,centro,1.0,media,38,7.0,2024-07
2024-04-15,andacollo,robo,sur,6.0,baja,50,4.0,2024-04
NaN,monte patria,violencia,centro,2.0,alta,54,NaN,NaN
NaN,coquimbo,NaN,norte,NaN,baja,62,NaN,NaN
2024-07-30,monte patria,NaN,norte,NaN,NaN,38,7.0,2024-07
2025-12-23,la serena,violencia,centro,18.0,baja,47,12.0,2025-12
2025-05-01,la serena,accidente,norte,11.0,alta,29,5.0,2025-05
2025-01-21,vicuna,NaN,sur,3.0,baja,50,1.0,2025-01
2024-08-17,la serena,hurto,rural,6.0,NaN,41,8.0,2024-08
2025-11-11,coquimbo,accidente,centro,10.0,media,39,11.0,2025-11
2024-02-09,vicuna,violencia,norte,14.0,baja,21,2.0,2024-02
2024-06-12,salamanca,fraude,rural,16.0,NaN,26,6.0,2024-06
NaN,monte patria,accidente,norte,7.0,media,62,NaN,NaN
2024-01-23,coquimbo,accidente,norte,18.0,media,55,1.0,2024-01
NaN,coquimbo,NaN,rural,6.0,NaN,64,NaN,NaN
NaN,la serena,robo,norte,15.0,media,30,NaN,NaN
2025-01-13,vicuna,NaN,norte,8.0,alta,20,1.0,2025-01
2024-06-03,la serena,fraude,NaN,11.0,baja,19,6.0,2024-06
2025-01-06,la serena,robo,norte,2.0,NaN,26,1.0,2025-01
2024-05-04,coquimbo,accidente,sur,NaN,media,NaN,5.0,2024-05
2025-10-15,monte patria,fraude,NaN,5.0,alta,25,10.0,2025-10
2024-06-14,monte patria,fraude,rural,13.0,NaN,35,6.0,2024-06
2024-06-27,salamanca,robo,norte,13.0,alta,66,6.0,2024-06
NaN,illapel,NaN,norte,11.0,media,33,NaN,NaN
2025-07-22,illapel,NaN,NaN,13.0,NaN,38,7.0,2025-07
2024-12-28,salamanca,hurto,NaN,18.0,media,NaN,12.0,2024-12
2024-05-28,salamanca,robo,NaN,16.0,alta,68,5.0,2024-05
2024-09-05,coquimbo,hurto,norte,13.0,media,43,9.0,2024-09
NaN,monte patria,robo,rural,NaN,alta,36,NaN,NaN
2025-09-15,coquimbo,hurto,rural,5.0,media,47,9.0,2025-09
2025-01-25,salamanca,accidente,rural,17.0,NaN,67,1.0,2025-01
2024-02-29,vicuna,robo,sur,13.0,baja,45,2.0,2024-02
2025-11-03,salamanca,fraude,sur,6.0,alta,24,11.0,2025-11
2024-03-16,monte patria,robo,centro,15.0,alta,62,3.0,2024-03
2025-09-15,vicuna,hurto,norte,17.0,media,NaN,9.0,2025-09
2025-08-16,monte patria,violencia,centro,1.0,media,50,8.0,2025-08
NaN,vicuna,fraude,rural,NaN,media,14,NaN,NaN
2024-02-02,coquimbo,robo,NaN,15.0,baja,36,2.0,2024-02
2025-01-30,vicuna,NaN,centro,6.0,alta,50,1.0,2025-01
2025-02-23,monte patria,hurto,centro,9.0,alta,43,2.0,2025-02
2025-02-22,coquimbo,NaN,sur,3.0,NaN,36,2.0,2025-02
NaN,vicuna,violencia,norte,11.0,media,30,NaN,NaN
2025-05-08,monte patria,hurto,centro,15.0,baja,28,5.0,2025-05
2025-12-14,monte patria,robo,norte,9.0,baja,58,12.0,2025-12
NaN,coquimbo,NaN,norte,14.0,media,68,NaN,NaN
2025-08-30,la serena,robo,centro,19.0,alta,59,8.0,2025-08
2025-01-26,coquimbo,hurto,rural,11.0,baja,32,1.0,2025-01
NaN,monte patria,violencia,NaN,1.0,NaN,31,NaN,NaN
2024-02-07,ovalle,robo,sur,15.0,alta,56,2.0,2024-02
2025-12-30,coquimbo,accidente,centro,4.0,alta,53,12.0,2025-12
2025-08-18,coquimbo,NaN,sur,9.0,baja,NaN,8.0,2025-08
NaN,vicuna,robo,sur,5.0,baja,32,NaN,NaN
2024-12-17,coquimbo,fraude,norte,3.0,alta,NaN,12.0,2024-12
2024-11-22,la serena,robo,norte,17.0,baja,48,11.0,2024-11
2024-03-10,coquimbo,NaN,norte,10.0,NaN,64,3.0,2024-03
NaN,la serena,violencia,rural,19.0,baja,47,NaN,NaN
NaN,la serena,violencia,NaN,19.0,baja,55,NaN,NaN
2025-05-06,coquimbo,NaN,centro,6.0,alta,68,5.0,2025-05
2024-09-26,coquimbo,hurto,norte,8.0,baja,43,9.0,2024-09
2024-09-09,salamanca,fraude,norte,13.0,baja,NaN,9.0,2024-09
2024-11-05,monte patria,robo,centro,12.0,media,21,11.0,2024-11
2025-08-23,vicuna,NaN,centro,3.0,alta,55,8.0,2025-08
NaN,monte patria,robo,norte,13.0,media,57,NaN,NaN
2025-10-15,vicuna,hurto,norte,2.0,baja,21,10.0,2025-10
NaN,coquimbo,robo,sur,5.0,baja,45,NaN,NaN
NaN,vicuna,hurto,centro,7.0,media,57,NaN,NaN
2025-12-26,vicuna,hurto,sur,18.0,alta,63,12.0,2025-12
2025-12-05,ovalle,hurto,centro,14.0,alta,30,12.0,2025-12
2024-02-16,coquimbo,accidente,sur,7.0,NaN,30,2.0,2024-02
2025-09-19,salamanca,violencia,rural,19.0,baja,19,9.0,2025-09
2025-03-02,salamanca,robo,sur,11.0,media,47,3.0,2025-03
2025-03-01,salamanca,accidente,sur,19.0,media,68,3.0,2025-03
NaN,ovalle,hurto,sur,13.0,baja,61,NaN,NaN
2025-12-27,la serena,NaN,norte,11.0,alta,34,12.0,2025-12
2024-10-26,coquimbo,robo,sur,3.0,NaN,47,10.0,2024-10
2024-10-15,illapel,robo,norte,9.0,baja,26,10.0,2024-10
2025-05-30,la serena,robo,centro,NaN,NaN,69,5.0,2025-05
NaN,ovalle,hurto,norte,1.0,baja,NaN,NaN,NaN
NaN,illapel,NaN,centro,10.0,media,21,NaN,NaN
2025-05-15,salamanca,robo,rural,6.0,media,NaN,5.0,2025-05
2024-12-25,andacollo,violencia,norte,8.0,NaN,38,12.0,2024-12
NaN,vicuna,hurto,norte,18.0,alta,35,NaN,NaN
NaN,monte patria,robo,NaN,7.0,NaN,39,NaN,NaN
2024-07-29,coquimbo,accidente,NaN,13.0,NaN,40,7.0,2024-07
2024-12-07,ovalle,accidente,NaN,6.0,alta,65,12.0,2024-12
2025-08-25,vicuna,NaN,NaN,NaN,NaN,59,8.0,2025-08
2024-11-28,vicuna,violencia,centro,11.0,alta,61,11.0,2024-11
2025-02-19,la serena,hurto,norte,17.0,alta,25,2.0,2025-02
2025-05-19,coquimbo,robo,rural,16.0,alta,59,5.0,2025-05
NaN,ovalle,robo,rural,7.0,alta,45,NaN,NaN
NaN,la serena,NaN,sur,16.0,baja,18,NaN,NaN
2024-07-23,monte patria,NaN,NaN,14.0,baja,36,7.0,2024-07
2025-10-27,vicuna,robo,sur,12.0,alta,67,10.0,2025-10
NaN,la serena,violencia,centro,9.0,media,64,NaN,NaN
2025-04-12,la serena,robo,sur,8.0,baja,59,4.0,2025-04
NaN,illapel,hurto,rural,NaN,alta,28,NaN,NaN
2025-10-01,vicuna,fraude,norte,1.0,baja,41,10.0,2025-10
2024-05-09,andacollo,hurto,centro,NaN,alta,24,5.0,2024-05
2024-07-25,vicuna,fraude,sur,15.0,media,19,7.0,2024-07
2024-09-05,ovalle,violencia,rural,12.0,alta,19,9.0,2024-09
2024-06-21,vicuna,robo,norte,2.0,NaN,69,6.0,2024-06
NaN,la serena,fraude,centro,8.0,alta,23,NaN,NaN
2025-02-15,vicuna,robo,norte,7.0,baja,49,2.0,2025-02
NaN,coquimbo,fraude,sur,17.0,media,60,NaN,NaN
2025-10-09,la serena,violencia,NaN,11.0,NaN,17,10.0,2025-10
2024-06-25,la serena,hurto,centro,14.0,baja,37,6.0,2024-06
NaN,ovalle,robo,norte,16.0,media,43,NaN,NaN
2025-06-09,monte patria,NaN,norte,NaN,media,44,6.0,2025-06
2025-01-07,monte patria,hurto,centro,18.0,media,16,1.0,2025-01
2024-12-10,vicuna,accidente,norte,12.0,media,39,12.0,2024-12
NaN,la serena,fraude,NaN,10.0,alta,33,NaN,NaN
2024-02-08,la serena,NaN,rural,8.0,alta,NaN,2.0,2024-02
2025-10-06,la serena,NaN,centro,18.0,media,52,10.0,2025-10
2025-04-06,salamanca,robo,norte,3.0,baja,46,4.0,2025-04
NaN,la serena,NaN,rural,10.0,alta,33,NaN,NaN
2025-12-08,la serena,violencia,norte,8.0,media,52,12.0,2025-12
2024-01-04,monte patria,robo,centro,15.0,baja,33,1.0,2024-01
2025-10-14,la serena,NaN,NaN,6.0,baja,NaN,10.0,2025-10
2025-03-25,salamanca,robo,sur,4.0,media,NaN,3.0,2025-03
2024-09-28,coquimbo,NaN,rural,12.0,media,19,9.0,2024-09
NaN,monte patria,robo,centro,19.0,NaN,38,NaN,NaN
2024-09-26,salamanca,hurto,NaN,17.0,alta,20,9.0,2024-09
2025-01-11,monte patria,robo,sur,14.0,baja,55,1.0,2025-01
NaN,illapel,robo,rural,4.0,baja,42,NaN,NaN
2025-07-13,coquimbo,hurto,norte,15.0,media,18,7.0,2025-07
NaN,coquimbo,hurto,norte,17.0,baja,40,NaN,NaN
NaN,vicuna,hurto,centro,9.0,NaN,53,NaN,NaN
NaN,vicuna,hurto,norte,6.0,baja,23,NaN,NaN
2024-08-22,la serena,accidente,rural,NaN,media,23,8.0,2024-08
2024-01-17,salamanca,robo,norte,11.0,baja,38,1.0,2024-01
NaN,coquimbo,robo,centro,6.0,alta,36,NaN,NaN
2025-08-02,salamanca,hurto,centro,4.0,baja,40,8.0,2025-08
2025-01-16,monte patria,fraude,norte,11.0,baja,22,1.0,2025-01
2025-07-25,la serena,hurto,centro,16.0,NaN,44,7.0,2025-07
2024-05-06,coquimbo,NaN,rural,2.0,baja,68,5.0,2024-05
2025-04-25,la serena,fraude,rural,3.0,media,34,4.0,2025-04
2024-11-19,ovalle,accidente,norte,16.0,alta,68,11.0,2024-11
2024-02-23,coquimbo,robo,NaN,NaN,alta,25,2.0,2024-02
2025-07-21,la serena,robo,NaN,1.0,NaN,47,7.0,2025-07
NaN,coquimbo,robo,sur,18.0,alta,31,NaN,NaN
2025-09-15,coquimbo,robo,centro,18.0,alta,31,9.0,2025-09
2025-12-31,la serena,fraude,norte,9.0,media,56,12.0,2025-12
NaN,la serena,hurto,norte,19.0,baja,23,NaN,NaN
2024-07-23,coquimbo,robo,centro,16.0,NaN,33,7.0,2024-07
2025-07-21,ovalle,violencia,rural,9.0,baja,21,7.0,2025-07
2024-04-14,salamanca,accidente,NaN,10.0,NaN,15,4.0,2024-04
NaN,salamanca,violencia,centro,12.0,baja,68,NaN,NaN
2024-04-12,vicuna,hurto,rural,3.0,alta,17,4.0,2024-04
NaN,vicuna,robo,sur,1.0,baja,67,NaN,NaN
2024-12-05,coquimbo,violencia,norte,14.0,alta,48,12.0,2024-12
2025-08-13,monte patria,robo,rural,11.0,baja,40,8.0,2025-08
2024-09-28,coquimbo,fraude,centro,14.0,alta,26,9.0,2024-09
2025-12-28,illapel,robo,rural,11.0,alta,43,12.0,2025-12
NaN,salamanca,NaN,rural,15.0,media,49,NaN,NaN
2024-01-19,monte patria,fraude,rural,5.0,media,14,1.0,2024-01
2024-03-17,vicuna,NaN,rural,3.0,baja,51,3.0,2024-03
2024-03-16,monte patria,robo,norte,NaN,baja,33,3.0,2024-03
NaN,la serena,accidente,sur,18.0,alta,24,NaN,NaN
2024-02-04,illapel,fraude,NaN,14.0,alta,15,2.0,2024-02
NaN,andacollo,violencia,NaN,6.0,media,53,NaN,NaN
2024-08-07,coquimbo,robo,NaN,10.0,NaN,22,8.0,2024-08
2024-11-19,ovalle,accidente,norte,17.0,baja,NaN,11.0,2024-11
2024-11-26,coquimbo,robo,norte,7.0,NaN,57,11.0,2024-11
2025-12-10,vicuna,NaN,norte,12.0,alta,69,12.0,2025-12
2024-09-20,la serena,hurto,centro,6.0,alta,30,9.0,2024-09
2024-01-19,la serena,NaN,rural,11.0,alta,NaN,1.0,2024-01
NaN,monte patria,hurto,centro,12.0,alta,44,NaN,NaN
2025-05-07,la serena,hurto,NaN,18.0,alta,66,5.0,2025-05
2025-09-05,illapel,violencia,sur,1.0,baja,24,9.0,2025-09
2025-07-01,la serena,hurto,centro,10.0,baja,60,7.0,2025-07
NaN,vicuna,fraude,NaN,2.0,baja,34,NaN,NaN
NaN,la serena,hurto,NaN,3.0,media,56,NaN,NaN
2025-04-07,ovalle,accidente,norte,4.0,media,44,4.0,2025-04
NaN,la serena,violencia,norte,16.0,alta,46,NaN,NaN
2025-09-20,coquimbo,accidente,rural,7.0,baja,22,9.0,2025-09
2025-08-13,coquimbo,hurto,NaN,14.0,alta,26,8.0,2025-08
2025-07-30,vicuna,NaN,sur,3.0,baja,64,7.0,2025-07
2024-11-05,coquimbo,hurto,centro,NaN,NaN,18,11.0,2024-11
2024-09-24,la serena,hurto,norte,5.0,baja,NaN,9.0,2024-09
2024-05-20,vicuna,robo,norte,NaN,alta,51,5.0,2024-05
2024-05-22,monte patria,robo,NaN,4.0,baja,21,5.0,2024-05
2024-11-04,andacollo,hurto,rural,17.0,baja,15,11.0,2024-11
2024-04-08,monte patria,accidente,sur,10.0,NaN,39,4.0,2024-04
2025-07-16,coquimbo,violencia,norte,14.0,alta,68,7.0,2025-07
NaN,la serena,robo,centro,3.0,media,NaN,NaN,NaN
2025-03-02,ovalle,fraude,sur,NaN,alta,54,3.0,2025-03
2025-06-28,vicuna,fraude,norte,1.0,alta,53,6.0,2025-06
2025-02-04,vicuna,violencia,NaN,12.0,alta,49,2.0,2025-02
2025-08-20,vicuna,accidente,NaN,8.0,alta,40,8.0,2025-08
NaN,andacollo,robo,NaN,NaN,media,38,NaN,NaN
2025-05-02,coquimbo,NaN,centro,17.0,NaN,31,5.0,2025-05
2024-07-17,andacollo,violencia,NaN,16.0,alta,33,7.0,2024-07
2025-04-30,la serena,NaN,rural,6.0,baja,NaN,4.0,2025-04
2024-09-04,ovalle,NaN,sur,3.0,baja,58,9.0,2024-09
NaN,ovalle,violencia,NaN,15.0,NaN,66,NaN,NaN
2025-06-04,monte patria,hurto,rural,18.0,baja,50,6.0,2025-06
2024-06-17,monte patria,NaN,norte,NaN,alta,24,6.0,2024-06
2025-05-12,andacollo,robo,sur,13.0,baja,21,5.0,2025-05
2025-05-09,monte patria,fraude,sur,NaN,alta,40,5.0,2025-05
2025-03-03,la serena,NaN,sur,4.0,alta,37,3.0,2025-03
2024-06-19,la serena,NaN,centro,19.0,alta,15,6.0,2024-06
NaN,la serena,NaN,sur,13.0,NaN,21,NaN,NaN
2025-03-04,la serena,fraude,NaN,6.0,alta,NaN,3.0,2025-03
2025-06-24,andacollo,accidente,rural,11.0,NaN,60,6.0,2025-06
NaN,ovalle,accidente,centro,500.0,NaN,25,NaN,NaN
NaN,salamanca,robo,norte,19.0,NaN,24,NaN,NaN
2024-07-02,monte patria,fraude,norte,7.0,alta,29,7.0,2024-07
2024-12-30,coquimbo,accidente,centro,17.0,baja,56,12.0,2024-12
2025-11-10,la serena,robo,sur,17.0,alta,NaN,11.0,2025-11
NaN,illapel,hurto,norte,17.0,baja,67,NaN,NaN
2024-11-23,illapel,NaN,rural,NaN,alta,36,11.0,2024-11
2025-01-11,la serena,NaN,norte,19.0,alta,67,1.0,2025-01
2025-12-13,vicuna,robo,centro,4.0,media,NaN,12.0,2025-12
2024-07-12,andacollo,NaN,NaN,19.0,NaN,53,7.0,2024-07
2024-11-10,illapel,robo,norte,11.0,baja,60,11.0,2024-11
2024-06-10,illapel,NaN,centro,16.0,baja,62,6.0,2024-06
NaN,monte patria,accidente,rural,17.0,alta,39,NaN,NaN
2024-09-13,la serena,accidente,centro,16.0,baja,16,9.0,2024-09
2024-12-10,andacollo,fraude,NaN,17.0,baja,28,12.0,2024-12
2025-07-10,la serena,accidente,norte,6.0,baja,47,7.0,2025-07
2025-06-26,andacollo,accidente,centro,18.0,media,33,6.0,2025-06
2024-08-11,andacollo,accidente,NaN,7.0,media,44,8.0,2024-08
NaN,salamanca,hurto,NaN,16.0,alta,48,NaN,NaN
NaN,andacollo,robo,centro,14.0,NaN,17,NaN,NaN
NaN,monte patria,hurto,sur,4.0,alta,NaN,NaN,NaN
2025-02-09,monte patria,hurto,NaN,13.0,alta,47,2.0,2025-02
2024-08-18,coquimbo,violencia,norte,2.0,alta,58,8.0,2024-08
2024-11-27,monte patria,fraude,rural,18.0,media,51,11.0,2024-11
2025-07-04,monte patria,hurto,norte,10.0,baja,40,7.0,2025-07
2025-07-24,andacollo,fraude,NaN,13.0,alta,16,7.0,2025-07
2025-03-27,salamanca,fraude,centro,14.0,baja,NaN,3.0,2025-03
NaN,andacollo,NaN,centro,10.0,alta,36,NaN,NaN
2025-02-18,andacollo,NaN,centro,3.0,NaN,51,2.0,2025-02
2025-05-02,illapel,hurto,norte,18.0,baja,40,5.0,2025-05
NaN,coquimbo,fraude,norte,11.0,baja,37,NaN,NaN
2024-03-30,ovalle,robo,centro,NaN,alta,64,3.0,2024-03
2024-02-06,la serena,accidente,norte,3.0,media,37,2.0,2024-02
2025-05-08,la serena,robo,norte,7.0,media,NaN,5.0,2025-05
2024-03-08,coquimbo,accidente,centro,6.0,baja,59,3.0,2024-03
2024-03-29,monte patria,fraude,norte,18.0,NaN,36,3.0,2024-03
NaN,ovalle,accidente,norte,NaN,media,58,NaN,NaN
2024-09-26,andacollo,accidente,rural,1.0,NaN,18,9.0,2024-09
2025-12-09,monte patria,robo,NaN,16.0,alta,41,12.0,2025-12
NaN,coquimbo,NaN,norte,3.0,baja,45,NaN,NaN
2024-04-07,coquimbo,violencia,centro,8.0,NaN,58,4.0,2024-04
2025-08-25,la serena,robo,NaN,7.0,baja,36,8.0,2025-08
NaN,andacollo,fraude,NaN,1.0,alta,30,NaN,NaN
2025-06-29,illapel,robo,rural,12.0,baja,22,6.0,2025-06
2025-06-01,salamanca,robo,NaN,6.0,NaN,39,6.0,2025-06
2025-03-03,salamanca,violencia,norte,17.0,alta,15,3.0,2025-03
2024-02-09,ovalle,violencia,rural,10.0,baja,40,2.0,2024-02
2025-04-18,ovalle,fraude,rural,10.0,media,22,4.0,2025-04
2025-09-29,coquimbo,accidente,norte,16.0,NaN,63,9.0,2025-09
2025-10-30,monte patria,robo,centro,12.0,alta,55,10.0,2025-10
2024-12-02,coquimbo,fraude,centro,19.0,alta,25,12.0,2024-12
2024-01-04,ovalle,NaN,rural,10.0,baja,NaN,1.0,2024-01
2025-02-07,ovalle,robo,rural,14.0,media,36,2.0,2025-02
NaN,ovalle,accidente,NaN,10.0,baja,30,NaN,NaN
NaN,coquimbo,violencia,sur,8.0,media,18,NaN,NaN
NaN,vicuna,NaN,sur,8.0,media,16,NaN,NaN
2024-09-17,coquimbo,violencia,centro,10.0,alta,45,9.0,2024-09
2025-11-23,illapel,violencia,norte,4.0,baja,28,11.0,2025-11
2024-02-25,salamanca,robo,sur,6.0,alta,NaN,2.0,2024-02
2025-10-24,andacollo,violencia,centro,19.0,media,19,10.0,2025-10
2025-04-27,monte patria,hurto,centro,13.0,alta,55,4.0,2025-04
2024-06-30,andacollo,robo,norte,12.0,alta,NaN,6.0,2024-06
2025-05-17,ovalle,fraude,sur,9.0,alta,52,5.0,2025-05
2024-12-30,vicuna,accidente,norte,13.0,baja,21,12.0,2024-12
NaN,illapel,fraude,norte,6.0,alta,NaN,NaN,NaN
2025-07-25,salamanca,robo,centro,16.0,baja,NaN,7.0,2025-07
2024-02-10,coquimbo,robo,sur,17.0,baja,27,2.0,2024-02
NaN,la serena,violencia,centro,10.0,alta,61,NaN,NaN
2025-06-27,la serena,NaN,NaN,14.0,NaN,36,6.0,2025-06
2025-06-10,vicuna,NaN,sur,13.0,media,21,6.0,2025-06
NaN,ovalle,accidente,centro,4.0,baja,67,NaN,NaN
2024-06-17,vicuna,robo,sur,6.0,alta,49,6.0,2024-06
NaN,la serena,robo,centro,4.0,media,35,NaN,NaN
NaN,andacollo,robo,rural,5.0,baja,31,NaN,NaN
2024-09-08,coquimbo,NaN,centro,16.0,baja,30,9.0,2024-09
2024-04-11,andacollo,hurto,NaN,6.0,NaN,28,4.0,2024-04
2025-05-17,ovalle,robo,rural,8.0,media,17,5.0,2025-05
2025-01-30,andacollo,accidente,norte,5.0,alta,67,1.0,2025-01
2024-08-26,vicuna,fraude,centro,19.0,alta,53,8.0,2024-08
2024-02-11,ovalle,fraude,norte,0.0,alta,32,2.0,2024-02
2025-12-18,andacollo,robo,centro,NaN,NaN,16,12.0,2025-12
2024-01-22,illapel,fraude,rural,18.0,alta,21,1.0,2024-01
2025-10-06,monte patria,robo,norte,2.0,baja,48,10.0,2025-10
2025-08-15,andacollo,fraude,norte,10.0,baja,50,8.0,2025-08
2025-05-28,illapel,robo,centro,8.0,baja,53,5.0,2025-05
2024-05-26,salamanca,robo,centro,8.0,NaN,51,5.0,2024-05
2025-07-01,vicuna,robo,norte,4.0,baja,46,7.0,2025-07
2025-09-01,coquimbo,robo,NaN,NaN,alta,52,9.0,2025-09
2025-10-05,illapel,hurto,centro,2.0,alta,66,10.0,2025-10
2024-10-01,coquimbo,accidente,norte,8.0,baja,14,10.0,2024-10
2025-09-30,la serena,accidente,norte,14.0,baja,31,9.0,2025-09
2024-06-03,coquimbo,hurto,norte,9.0,media,62,6.0,2024-06
2025-07-22,monte patria,fraude,sur,2.0,media,NaN,7.0,2025-07
2024-05-08,salamanca,hurto,centro,1.0,baja,NaN,5.0,2024-05
2024-03-03,salamanca,fraude,rural,18.0,media,59,3.0,2024-03
NaN,illapel,NaN,norte,16.0,alta,36,NaN,NaN
2024-08-19,coquimbo,fraude,norte,19.0,alta,15,8.0,2024-08
NaN,ovalle,robo,centro,8.0,NaN,41,NaN,NaN
2025-10-21,illapel,violencia,norte,2.0,baja,48,10.0,2025-10
2025-09-22,monte patria,fraude,norte,6.0,baja,48,9.0,2025-09
2024-07-04,vicuna,NaN,NaN,9.0,baja,39,7.0,2024-07
2024-06-14,coquimbo,robo,rural,17.0,alta,42,6.0,2024-06
2025-04-24,la serena,violencia,norte,15.0,alta,48,4.0,2025-04
2025-10-28,salamanca,hurto,norte,19.0,baja,24,10.0,2025-10
NaN,monte patria,accidente,NaN,16.0,alta,32,NaN,NaN
2024-01-10,ovalle,fraude,rural,16.0,baja,43,1.0,2024-01
NaN,la serena,NaN,rural,5.0,alta,36,NaN,NaN
2025-10-15,ovalle,accidente,rural,3.0,baja,24,10.0,2025-10
2024-09-08,illapel,robo,centro,16.0,NaN,40,9.0,2024-09
2024-03-18,ovalle,accidente,NaN,2.0,media,47,3.0,2024-03
2025-06-28,coquimbo,fraude,centro,15.0,media,NaN,6.0,2025-06
2024-11-03,coquimbo,fraude,rural,10.0,baja,57,11.0,2024-11
2025-09-12,coquimbo,hurto,sur,5.0,alta,60,9.0,2025-09
2024-07-08,monte patria,robo,centro,2.0,baja,58,7.0,2024-07
2024-08-28,la serena,violencia,norte,9.0,NaN,45,8.0,2024-08
2024-03-01,salamanca,NaN,norte,NaN,media,66,3.0,2024-03
NaN,salamanca,robo,centro,17.0,media,29,NaN,NaN
2024-08-11,andacollo,NaN,NaN,13.0,alta,59,8.0,2024-08
2024-12-03,andacollo,fraude,rural,NaN,NaN,27,12.0,2024-12
NaN,ovalle,NaN,NaN,6.0,baja,NaN,NaN,NaN
2024-03-15,la serena,fraude,norte,10.0,NaN,27,3.0,2024-03
NaN,illapel,fraude,NaN,16.0,baja,26,NaN,NaN
2025-10-27,monte patria,fraude,rural,12.0,alta,53,10.0,2025-10
2024-11-29,coquimbo,fraude,sur,8.0,baja,38,11.0,2024-11
2024-08-23,salamanca,accidente,centro,10.0,alta,64,8.0,2024-08
2024-12-03,salamanca,accidente,norte,18.0,alta,35,12.0,2024-12
2024-04-02,salamanca,hurto,norte,NaN,alta,19,4.0,2024-04
2024-02-11,la serena,accidente,centro,16.0,baja,31,2.0,2024-02
2024-10-18,salamanca,NaN,rural,NaN,baja,28,10.0,2024-10
2025-04-10,coquimbo,robo,centro,9.0,alta,63,4.0,2025-04
2024-06-05,la serena,robo,sur,3.0,baja,42,6.0,2024-06
NaN,coquimbo,accidente,norte,18.0,baja,29,NaN,NaN
2024-11-16,ovalle,fraude,norte,13.0,NaN,42,11.0,2024-11
NaN,illapel,NaN,centro,17.0,alta,21,NaN,NaN
2025-03-28,la serena,violencia,centro,5.0,media,19,3.0,2025-03
2024-07-09,vicuna,robo,rural,11.0,alta,21,7.0,2024-07
NaN,andacollo,robo,sur,12.0,baja,34,NaN,NaN
NaN,la serena,violencia,norte,13.0,baja,64,NaN,NaN
2025-05-08,ovalle,NaN,centro,NaN,alta,39,5.0,2025-05
2025-03-18,andacollo,violencia,NaN,4.0,NaN,51,3.0,2025-03
NaN,salamanca,hurto,centro,7.0,baja,49,NaN,NaN
2024-01-09,ovalle,NaN,rural,5.0,baja,55,1.0,2024-01
2025-04-25,ovalle,fraude,rural,3.0,baja,40,4.0,2025-04
NaN,ovalle,accidente,centro,14.0,media,40,NaN,NaN
2025-04-28,vicuna,NaN,rural,13.0,NaN,57,4.0,2025-04
2025-07-20,coquimbo,robo,norte,6.0,NaN,14,7.0,2025-07
2025-08-18,andacollo,NaN,NaN,17.0,alta,45,8.0,2025-08
NaN,ovalle,robo,centro,10.0,alta,NaN,NaN,NaN
2024-02-05,la serena,NaN,norte,19.0,media,NaN,2.0,2024-02
2025-08-23,andacollo,hurto,norte,13.0,NaN,35,8.0,2025-08
2025-02-15,coquimbo,robo,centro,14.0,alta,NaN,2.0,2025-02
2024-03-22,coquimbo,robo,norte,2.0,NaN,45,3.0,2024-03
2024-03-04,illapel,fraude,rural,16.0,NaN,NaN,3.0,2024-03
2024-11-10,la serena,fraude,rural,19.0,NaN,34,11.0,2024-11
2024-05-11,salamanca,robo,centro,NaN,NaN,43,5.0,2024-05
2024-01-03,illapel,violencia,sur,19.0,alta,41,1.0,2024-01
NaN,coquimbo,accidente,norte,16.0,NaN,27,NaN,NaN
2024-06-24,coquimbo,violencia,norte,10.0,baja,64,6.0,2024-06
2025-07-15,la serena,accidente,norte,17.0,baja,53,7.0,2025-07
NaN,salamanca,NaN,NaN,1.0,baja,58,NaN,NaN
2025-02-24,ovalle,hurto,rural,11.0,NaN,63,2.0,2025-02
NaN,coquimbo,NaN,sur,5.0,baja,51,NaN,NaN
2024-01-15,andacollo,robo,sur,14.0,NaN,16,1.0,2024-01
2025-04-24,ovalle,fraude,NaN,12.0,media,15,4.0,2025-04
NaN,andacollo,NaN,centro,8.0,media,68,NaN,NaN
2024-02-12,andacollo,violencia,norte,10.0,baja,60,2.0,2024-02
NaN,ovalle,hurto,norte,16.0,alta,24,NaN,NaN
2025-11-06,illapel,robo,rural,3.0,baja,38,11.0,2025-11
NaN,salamanca,robo,NaN,13.0,baja,61,NaN,NaN
2025-01-05,coquimbo,violencia,norte,6.0,NaN,17,1.0,2025-01
2024-04-01,ovalle,violencia,centro,19.0,alta,21,4.0,2024-04
2024-02-11,andacollo,accidente,norte,18.0,baja,30,2.0,2024-02
2025-01-23,monte patria,fraude,sur,NaN,NaN,40,1.0,2025-01
2024-11-17,la serena,accidente,norte,9.0,baja,45,11.0,2024-11
2025-12-31,vicuna,fraude,centro,13.0,baja,29,12.0,2025-12
2024-01-03,la serena,hurto,sur,18.0,alta,58,1.0,2024-01
2024-07-18,la serena,robo,centro,3.0,baja,NaN,7.0,2024-07
2024-04-09,salamanca,violencia,norte,14.0,baja,66,4.0,2024-04
2024-07-15,salamanca,violencia,centro,-3.0,alta,38,7.0,2024-07
2024-10-23,ovalle,robo,norte,18.0,media,50,10.0,2024-10
2025-08-12,monte patria,robo,centro,13.0,baja,34,8.0,2025-08
2024-07-06,illapel,NaN,NaN,14.0,NaN,46,7.0,2024-07
2025-12-06,coquimbo,robo,norte,12.0,alta,19,12.0,2025-12
2025-04-26,coquimbo,robo,centro,11.0,media,21,4.0,2025-04
2024-10-29,andacollo,fraude,norte,18.0,baja,21,10.0,2024-10
2024-03-11,coquimbo,NaN,centro,3.0,NaN,15,3.0,2024-03
2024-09-03,vicuna,robo,centro,4.0,NaN,31,9.0,2024-09
NaN,coquimbo,fraude,centro,NaN,baja,18,NaN,NaN
2025-05-31,monte patria,robo,centro,3.0,media,61,5.0,2025-05
2025-02-10,ovalle,violencia,centro,16.0,NaN,39,2.0,2025-02
2025-09-12,la serena,NaN,centro,7.0,alta,15,9.0,2025-09
2024-12-26,coquimbo,hurto,NaN,3.0,alta,18,12.0,2024-12
2024-09-23,monte patria,fraude,centro,NaN,NaN,47,9.0,2024-09
2024-03-16,coquimbo,robo,norte,12.0,baja,67,3.0,2024-03
2025-04-24,andacollo,robo,sur,NaN,baja,NaN,4.0,2025-04
2024-08-06,la serena,robo,rural,14.0,alta,66,8.0,2024-08
2024-09-13,illapel,accidente,sur,2.0,baja,66,9.0,2024-09
NaN,vicuna,robo,norte,12.0,media,37,NaN,NaN
2024-03-16,la serena,fraude,centro,13.0,NaN,44,3.0,2024-03
NaN,monte patria,accidente,centro,4.0,NaN,34,NaN,NaN
2025-04-20,ovalle,NaN,centro,9.0,baja,27,4.0,2025-04
NaN,la serena,robo,centro,9.0,alta,22,NaN,NaN
2025-10-25,monte patria,hurto,norte,18.0,alta,64,10.0,2025-10
2024-12-17,la serena,robo,centro,17.0,baja,69,12.0,2024-12
2024-09-28,coquimbo,robo,sur,5.0,NaN,50,9.0,2024-09
2024-03-17,ovalle,fraude,sur,5.0,alta,68,3.0,2024-03
2024-01-22,ovalle,robo,rural,10.0,alta,51,1.0,2024-01
NaN,monte patria,fraude,centro,8.0,baja,62,NaN,NaN
2024-07-03,vicuna,violencia,centro,6.0,alta,69,7.0,2024-07
2025-09-02,la serena,hurto,NaN,18.0,baja,66,9.0,2025-09
2024-05-03,monte patria,NaN,norte,5.0,baja,18,5.0,2024-05
2025-11-02,coquimbo,violencia,centro,13.0,alta,35,11.0,2025-11
2025-08-01,vicuna,hurto,rural,18.0,alta,62,8.0,2025-08
NaN,coquimbo,robo,rural,14.0,baja,NaN,NaN,NaN
2024-06-17,la serena,hurto,norte,12.0,NaN,28,6.0,2024-06
2024-01-28,la serena,hurto,sur,1.0,baja,56,1.0,2024-01
NaN,vicuna,robo,centro,NaN,baja,35,NaN,NaN
2024-02-22,coquimbo,NaN,norte,5.0,baja,65,2.0,2024-02
NaN,vicuna,accidente,centro,19.0,alta,35,NaN,NaN
2024-03-18,ovalle,violencia,norte,18.0,baja,18,3.0,2024-03
2024-10-11,salamanca,robo,NaN,17.0,alta,NaN,10.0,2024-10
2025-02-08,coquimbo,robo,centro,13.0,alta,44,2.0,2025-02
NaN,salamanca,hurto,NaN,3.0,alta,18,NaN,NaN
NaN,coquimbo,violencia,norte,12.0,media,53,NaN,NaN
2025-12-22,ovalle,NaN,centro,NaN,alta,51,12.0,2025-12
2024-07-23,salamanca,accidente,rural,17.0,alta,37,7.0,2024-07
2025-08-12,vicuna,robo,NaN,15.0,alta,37,8.0,2025-08
2025-11-04,la serena,robo,norte,NaN,alta,130,11.0,2025-11
2025-05-09,andacollo,accidente,norte,14.0,alta,45,5.0,2025-05
2025-10-05,la serena,NaN,centro,2.0,baja,34,10.0,2025-10
2024-10-19,la serena,hurto,centro,16.0,alta,30,10.0,2024-10
NaN,salamanca,accidente,norte,14.0,media,20,NaN,NaN
NaN,andacollo,NaN,NaN,15.0,baja,51,NaN,NaN
NaN,andacollo,violencia,centro,12.0,alta,26,NaN,NaN
2025-12-05,salamanca,fraude,norte,5.0,baja,44,12.0,2025-12
2024-10-02,monte patria,robo,norte,9.0,baja,35,10.0,2024-10
2024-02-28,salamanca,robo,norte,3.0,baja,24,2.0,2024-02
NaN,coquimbo,hurto,rural,NaN,alta,45,NaN,NaN
NaN,vicuna,NaN,centro,15.0,media,64,NaN,NaN
NaN,coquimbo,violencia,sur,10.0,NaN,54,NaN,NaN
NaN,ovalle,hurto,NaN,19.0,media,26,NaN,NaN
NaN,coquimbo,accidente,norte,13.0,NaN,44,NaN,NaN
2025-06-30,la serena,robo,NaN,18.0,baja,17,6.0,2025-06
2024-10-04,ovalle,NaN,norte,14.0,alta,62,10.0,2024-10
2024-05-29,coquimbo,violencia,sur,6.0,NaN,40,5.0,2024-05
2024-06-23,coquimbo,fraude,centro,10.0,NaN,51,6.0,2024-06
NaN,ovalle,robo,NaN,18.0,alta,35,NaN,NaN
2024-05-08,monte patria,violencia,norte,8.0,media,20,5.0,2024-05
2025-10-08,salamanca,robo,centro,2.0,NaN,39,10.0,2025-10
2024-12-28,la serena,fraude,sur,7.0,alta,53,12.0,2024-12
2025-03-31,andacollo,NaN,norte,6.0,NaN,37,3.0,2025-03
2025-12-27,vicuna,robo,centro,8.0,baja,31,12.0,2025-12
2024-07-23,la serena,robo,norte,2.0,baja,56,7.0,2024-07
2024-01-27,la serena,violencia,norte,19.0,baja,NaN,1.0,2024-01
NaN,andacollo,robo,centro,5.0,media,61,NaN,NaN
2024-10-12,la serena,robo,sur,5.0,alta,18,10.0,2024-10
2024-08-31,andacollo,robo,norte,1.0,NaN,30,8.0,2024-08
2025-02-09,monte patria,robo,sur,8.0,media,NaN,2.0,2025-02
2025-05-20,monte patria,hurto,NaN,15.0,baja,17,5.0,2025-05
NaN,coquimbo,hurto,centro,7.0,alta,20,NaN,NaN
2024-04-24,andacollo,robo,norte,14.0,baja,16,4.0,2024-04
2025-05-01,coquimbo,fraude,norte,5.0,alta,39,5.0,2025-05
2025-03-20,ovalle,robo,centro,8.0,NaN,33,3.0,2025-03
2024-10-29,coquimbo,robo,centro,12.0,alta,65,10.0,2024-10
NaN,ovalle,hurto,rural,2.0,baja,47,NaN,NaN
2024-03-27,andacollo,robo,rural,14.0,alta,NaN,3.0,2024-03
2025-02-26,illapel,hurto,centro,5.0,baja,52,2.0,2025-02
2025-01-22,la serena,robo,NaN,4.0,baja,NaN,1.0,2025-01
NaN,coquimbo,robo,rural,14.0,media,35,NaN,NaN
2025-06-02,vicuna,robo,centro,6.0,baja,29,6.0,2025-06
2025-09-12,monte patria,accidente,centro,18.0,baja,59,9.0,2025-09
2025-11-26,andacollo,NaN,norte,17.0,alta,31,11.0,2025-11
2024-07-29,ovalle,accidente,centro,18.0,baja,NaN,7.0,2024-07
NaN,la serena,robo,centro,1.0,NaN,16,NaN,NaN
2024-04-24,salamanca,violencia,centro,NaN,alta,43,4.0,2024-04
2025-08-08,andacollo,violencia,norte,19.0,baja,31,8.0,2025-08
2024-12-29,ovalle,fraude,centro,9.0,NaN,39,12.0,2024-12
NaN,salamanca,NaN,rural,10.0,media,37,NaN,NaN
2025-11-05,la serena,robo,centro,11.0,alta,39,11.0,2025-11
NaN,vicuna,fraude,centro,6.0,media,53,NaN,NaN
2025-03-11,la serena,NaN,rural,18.0,media,NaN,3.0,2025-03
2025-06-08,vicuna,accidente,norte,10.0,baja,NaN,6.0,2025-06
2024-05-29,vicuna,violencia,centro,11.0,alta,19,5.0,2024-05
2025-09-13,ovalle,violencia,NaN,16.0,media,43,9.0,2025-09
2024-08-15,monte patria,accidente,NaN,NaN,baja,43,8.0,2024-08
NaN,coquimbo,accidente,centro,NaN,alta,16,NaN,NaN
2025-09-09,ovalle,violencia,rural,11.0,baja,58,9.0,2025-09
NaN,la serena,NaN,norte,9.0,baja,26,NaN,NaN
2024-08-01,vicuna,violencia,centro,14.0,NaN,52,8.0,2024-08
2024-01-16,illapel,NaN,rural,5.0,NaN,36,1.0,2024-01
2025-12-22,vicuna,robo,norte,5.0,baja,17,12.0,2025-12
NaN,illapel,NaN,NaN,NaN,baja,14,NaN,NaN
2025-03-02,andacollo,robo,NaN,12.0,media,43,3.0,2025-03
2025-01-09,monte patria,robo,sur,NaN,baja,50,1.0,2025-01
2025-04-06,ovalle,violencia,rural,6.0,NaN,61,4.0,2025-04
2025-09-12,illapel,violencia,norte,4.0,baja,48,9.0,2025-09
2024-10-16,andacollo,robo,centro,9.0,media,67,10.0,2024-10
2024-10-01,monte patria,hurto,centro,17.0,NaN,14,10.0,2024-10
2024-04-18,andacollo,NaN,centro,4.0,baja,19,4.0,2024-04
2024-08-24,illapel,violencia,NaN,9.0,NaN,37,8.0,2024-08
2024-04-28,illapel,robo,rural,18.0,baja,56,4.0,2024-04
NaN,vicuna,violencia,NaN,6.0,NaN,19,NaN,NaN
2024-07-11,la serena,fraude,norte,NaN,alta,NaN,7.0,2024-07
NaN,la serena,robo,norte,NaN,media,33,NaN,NaN
2025-11-03,andacollo,fraude,centro,7.0,alta,69,11.0,2025-11
2025-01-15,ovalle,robo,centro,19.0,media,55,1.0,2025-01
2024-07-02,la serena,robo,NaN,6.0,alta,37,7.0,2024-07
2024-02-22,monte patria,hurto,NaN,1.0,alta,42,2.0,2024-02
NaN,monte patria,robo,rural,6.0,baja,NaN,NaN,NaN
2025-04-10,ovalle,hurto,sur,11.0,NaN,33,4.0,2025-04
2025-09-07,la serena,NaN,norte,19.0,baja,39,9.0,2025-09
NaN,vicuna,accidente,centro,NaN,baja,40,NaN,NaN
2024-03-16,monte patria,accidente,centro,NaN,alta,57,3.0,2024-03
2025-07-06,ovalle,NaN,norte,7.0,baja,39,7.0,2025-07
2024-12-14,monte patria,robo,norte,5.0,baja,66,12.0,2024-12
2025-01-03,monte patria,robo,sur,14.0,media,28,1.0,2025-01
2024-02-03,monte patria,hurto,norte,18.0,baja,NaN,2.0,2024-02
2025-07-09,vicuna,NaN,norte,7.0,baja,NaN,7.0,2025-07
2024-04-09,coquimbo,fraude,sur,18.0,baja,41,4.0,2024-04
2025-09-26,ovalle,fraude,norte,8.0,alta,31,9.0,2025-09
2024-02-17,salamanca,NaN,norte,12.0,NaN,60,2.0,2024-02
2024-11-24,la serena,accidente,centro,4.0,alta,57,11.0,2024-11
2025-03-28,monte patria,violencia,norte,4.0,media,67,3.0,2025-03
2025-10-19,illapel,accidente,norte,19.0,NaN,23,10.0,2025-10
2024-04-03,ovalle,robo,rural,NaN,media,23,4.0,2024-04
2025-02-15,illapel,fraude,centro,15.0,media,51,2.0,2025-02
2025-10-28,salamanca,robo,sur,1.0,baja,NaN,10.0,2025-10
2024-10-23,la serena,robo,sur,2.0,baja,39,10.0,2024-10
2025-02-04,la serena,robo,norte,1.0,alta,37,2.0,2025-02
2025-10-28,monte patria,NaN,centro,-3.0,baja,17,10.0,2025-10
2024-08-04,la serena,hurto,NaN,14.0,baja,62,8.0,2024-08
2024-07-16,la serena,fraude,sur,5.0,media,17,7.0,2024-07
2024-01-29,illapel,accidente,rural,9.0,NaN,14,1.0,2024-01
2025-01-23,illapel,robo,centro,11.0,baja,31,1.0,2025-01
2025-10-14,ovalle,NaN,norte,NaN,alta,56,10.0,2025-10
2024-04-10,coquimbo,robo,rural,6.0,alta,15,4.0,2024-04
2024-04-25,monte patria,accidente,norte,6.0,alta,NaN,4.0,2024-04
2025-06-01,coquimbo,fraude,norte,10.0,alta,57,6.0,2025-06
NaN,la serena,accidente,centro,19.0,NaN,63,NaN,NaN
2025-01-24,monte patria,robo,NaN,6.0,alta,50,1.0,2025-01
2025-10-04,illapel,hurto,sur,17.0,media,57,10.0,2025-10
2025-03-26,monte patria,NaN,centro,8.0,media,44,3.0,2025-03
2025-12-01,la serena,accidente,norte,2.0,alta,68,12.0,2025-12
2025-01-16,vicuna,NaN,rural,8.0,NaN,17,1.0,2025-01
NaN,vicuna,NaN,NaN,1.0,baja,43,NaN,NaN
2025-10-06,la serena,robo,NaN,NaN,NaN,69,10.0,2025-10
2024-11-28,la serena,fraude,norte,9.0,alta,52,11.0,2024-11
2024-05-27,ovalle,fraude,NaN,16.0,alta,42,5.0,2024-05
2024-05-29,la serena,NaN,norte,14.0,NaN,54,5.0,2024-05
2024-11-23,la serena,fraude,rural,3.0,alta,59,11.0,2024-11
2025-12-24,ovalle,robo,norte,NaN,baja,47,12.0,2025-12
2024-06-04,salamanca,violencia,centro,12.0,baja,14,6.0,2024-06
NaN,la serena,robo,centro,16.0,media,40,NaN,NaN
2025-01-25,vicuna,hurto,sur,11.0,baja,56,1.0,2025-01
2024-10-05,coquimbo,NaN,centro,7.0,baja,NaN,10.0,2024-10
2024-07-23,la serena,hurto,norte,11.0,baja,33,7.0,2024-07
NaN,monte patria,robo,centro,NaN,alta,66,NaN,NaN
NaN,salamanca,accidente,centro,13.0,baja,130,NaN,NaN
2024-05-31,vicuna,robo,rural,3.0,alta,22,5.0,2024-05
NaN,ovalle,violencia,NaN,10.0,NaN,48,NaN,NaN
2024-05-25,la serena,accidente,norte,11.0,NaN,26,5.0,2024-05
2025-01-20,monte patria,robo,sur,18.0,alta,24,1.0,2025-01
NaN,salamanca,hurto,centro,5.0,alta,29,NaN,NaN
2024-01-12,coquimbo,violencia,centro,10.0,media,54,1.0,2024-01
NaN,monte patria,fraude,rural,16.0,NaN,24,NaN,NaN
NaN,vicuna,robo,rural,0.0,baja,NaN,NaN,NaN
NaN,coquimbo,NaN,NaN,4.0,baja,61,NaN,NaN
2024-02-23,la serena,fraude,norte,7.0,NaN,59,2.0,2024-02
2024-06-19,coquimbo,hurto,norte,15.0,alta,21,6.0,2024-06
2024-08-02,monte patria,violencia,norte,NaN,NaN,50,8.0,2024-08
2024-04-17,coquimbo,robo,rural,12.0,media,57,4.0,2024-04
2024-07-22,la serena,violencia,norte,1.0,media,64,7.0,2024-07
2025-10-03,andacollo,NaN,centro,14.0,NaN,43,10.0,2025-10
2025-01-23,coquimbo,accidente,sur,2.0,media,45,1.0,2025-01
2025-01-07,coquimbo,robo,norte,NaN,alta,33,1.0,2025-01
2025-06-25,la serena,robo,centro,6.0,baja,21,6.0,2025-06
NaN,illapel,robo,centro,3.0,alta,63,NaN,NaN
2024-12-19,coquimbo,robo,centro,1.0,alta,64,12.0,2024-12
2024-01-06,coquimbo,NaN,norte,10.0,baja,52,1.0,2024-01
2025-02-03,coquimbo,violencia,rural,12.0,alta,NaN,2.0,2025-02
2024-03-16,illapel,violencia,rural,5.0,alta,51,3.0,2024-03
2024-01-07,la serena,fraude,sur,13.0,NaN,53,1.0,2024-01
2025-11-13,illapel,robo,centro,7.0,baja,33,11.0,2025-11
2025-01-17,coquimbo,NaN,sur,4.0,baja,23,1.0,2025-01
2025-12-22,coquimbo,robo,norte,14.0,alta,21,12.0,2025-12
2024-08-02,coquimbo,accidente,norte,14.0,media,28,8.0,2024-08
NaN,andacollo,hurto,rural,10.0,alta,33,NaN,NaN
2024-12-28,salamanca,fraude,centro,NaN,NaN,20,12.0,2024-12
2024-12-14,salamanca,violencia,centro,7.0,alta,31,12.0,2024-12
2024-01-16,andacollo,accidente,sur,5.0,alta,62,1.0,2024-01
2024-11-02,illapel,accidente,NaN,18.0,alta,22,11.0,2024-11
2025-06-22,la serena,accidente,sur,4.0,baja,47,6.0,2025-06
2024-10-22,vicuna,NaN,NaN,6.0,baja,58,10.0,2024-10
2024-05-30,andacollo,fraude,norte,1.0,alta,61,5.0,2024-05
2024-03-30,salamanca,NaN,norte,NaN,alta,42,3.0,2024-03
NaN,illapel,robo,centro,NaN,alta,54,NaN,NaN
NaN,monte patria,NaN,rural,5.0,media,24,NaN,NaN
2025-03-30,salamanca,accidente,norte,8.0,alta,50,3.0,2025-03
NaN,vicuna,NaN,centro,17.0,baja,63,NaN,NaN
NaN,vicuna,violencia,centro,13.0,NaN,46,NaN,NaN
NaN,coquimbo,accidente,NaN,7.0,NaN,40,NaN,NaN
2024-07-29,salamanca,fraude,centro,7.0,media,67,7.0,2024-07
NaN,monte patria,accidente,NaN,3.0,alta,52,NaN,NaN
2025-03-21,la serena,robo,centro,13.0,baja,NaN,3.0,2025-03
2024-02-20,illapel,fraude,centro,17.0,baja,19,2.0,2024-02
2024-12-01,coquimbo,robo,centro,NaN,alta,31,12.0,2024-12
NaN,la serena,hurto,NaN,8.0,NaN,24,NaN,NaN
2024-02-25,vicuna,NaN,rural,8.0,media,64,2.0,2024-02
2025-05-01,la serena,violencia,centro,19.0,baja,15,5.0,2025-05
2024-05-28,andacollo,robo,centro,11.0,media,68,5.0,2024-05
2024-06-09,illapel,NaN,norte,16.0,NaN,32,6.0,2024-06
NaN,monte patria,fraude,sur,10.0,baja,68,NaN,NaN
2024-11-28,la serena,violencia,sur,9.0,NaN,69,11.0,2024-11
2024-12-09,vicuna,fraude,sur,12.0,baja,NaN,12.0,2024-12
2024-01-22,la serena,accidente,norte,5.0,baja,27,1.0,2024-01
2025-05-22,la serena,robo,norte,6.0,NaN,54,5.0,2025-05
NaN,ovalle,robo,NaN,15.0,baja,55,NaN,NaN
2025-08-15,monte patria,hurto,norte,13.0,NaN,NaN,8.0,2025-08
2024-02-20,coquimbo,robo,norte,7.0,NaN,66,2.0,2024-02
2025-11-06,andacollo,hurto,sur,12.0,NaN,53,11.0,2025-11
2024-06-22,vicuna,fraude,NaN,4.0,baja,NaN,6.0,2024-06
2024-04-02,la serena,NaN,centro,1.0,baja,29,4.0,2024-04
2024-11-05,coquimbo,violencia,rural,6.0,alta,55,11.0,2024-11
NaN,coquimbo,NaN,centro,14.0,NaN,47,NaN,NaN
2025-12-16,andacollo,robo,centro,17.0,media,60,12.0,2025-12
2024-02-11,la serena,robo,NaN,14.0,alta,61,2.0,2024-02
2024-04-18,ovalle,robo,centro,16.0,baja,40,4.0,2024-04
NaN,coquimbo,NaN,norte,12.0,alta,49,NaN,NaN
2024-11-25,ovalle,fraude,sur,18.0,media,31,11.0,2024-11
2025-07-15,illapel,accidente,sur,8.0,baja,39,7.0,2025-07
2025-01-09,la serena,accidente,rural,6.0,baja,53,1.0,2025-01
NaN,vicuna,violencia,centro,11.0,media,57,NaN,NaN
2024-10-05,la serena,accidente,sur,10.0,NaN,NaN,10.0,2024-10
2024-03-25,monte patria,robo,centro,10.0,baja,NaN,3.0,2024-03
2024-03-21,salamanca,NaN,centro,12.0,baja,22,3.0,2024-03
2024-02-05,coquimbo,fraude,NaN,NaN,baja,21,2.0,2024-02
2024-02-14,coquimbo,robo,norte,NaN,alta,60,2.0,2024-02
2024-01-19,andacollo,robo,sur,NaN,baja,44,1.0,2024-01
2024-10-11,ovalle,hurto,rural,1.0,baja,19,10.0,2024-10
2024-11-27,salamanca,fraude,centro,8.0,baja,19,11.0,2024-11
2025-04-16,coquimbo,accidente,sur,10.0,baja,40,4.0,2025-04
2025-07-22,monte patria,robo,centro,12.0,NaN,25,7.0,2025-07
2024-08-15,salamanca,fraude,centro,2.0,alta,14,8.0,2024-08
2025-03-25,illapel,hurto,centro,NaN,alta,59,3.0,2025-03
2024-08-02,monte patria,robo,centro,7.0,baja,32,8.0,2024-08
2024-09-12,coquimbo,hurto,norte,14.0,baja,32,9.0,2024-09
2024-01-18,la serena,fraude,norte,5.0,NaN,37,1.0,2024-01
2025-10-06,monte patria,fraude,NaN,19.0,NaN,46,10.0,2025-10
2025-06-09,illapel,robo,norte,8.0,baja,54,6.0,2025-06
2025-02-26,ovalle,accidente,sur,4.0,alta,44,2.0,2025-02
2025-03-25,la serena,fraude,sur,3.0,baja,35,3.0,2025-03
2025-04-22,ovalle,robo,centro,17.0,media,27,4.0,2025-04
2024-01-30,ovalle,robo,norte,15.0,media,34,1.0,2024-01
2025-03-23,la serena,fraude,norte,12.0,alta,NaN,3.0,2025-03
2024-01-20,ovalle,robo,centro,12.0,alta,42,1.0,2024-01
NaN,monte patria,accidente,norte,15.0,baja,NaN,NaN,NaN
2025-06-18,la serena,fraude,norte,7.0,media,64,6.0,2025-06
2024-02-12,ovalle,robo,centro,12.0,alta,41,2.0,2024-02
2025-01-16,salamanca,robo,centro,14.0,media,54,1.0,2025-01
2024-02-17,monte patria,violencia,centro,11.0,alta,53,2.0,2024-02
2024-07-23,la serena,fraude,centro,11.0,alta,56,7.0,2024-07
2025-03-27,la serena,robo,centro,7.0,NaN,49,3.0,2025-03
NaN,illapel,fraude,norte,2.0,NaN,39,NaN,NaN
2024-03-18,la serena,hurto,centro,3.0,baja,34,3.0,2024-03
2024-10-15,la serena,fraude,centro,7.0,media,33,10.0,2024-10
2024-06-25,la serena,violencia,norte,7.0,NaN,53,6.0,2024-06
2024-11-21,coquimbo,violencia,centro,18.0,alta,22,11.0,2024-11
2024-02-04,monte patria,hurto,centro,6.0,baja,67,2.0,2024-02
2024-10-15,salamanca,hurto,centro,18.0,baja,46,10.0,2024-10
NaN,la serena,robo,centro,15.0,media,23,NaN,NaN
2024-07-11,la serena,fraude,centro,3.0,baja,19,7.0,2024-07
2025-05-26,coquimbo,hurto,norte,7.0,baja,57,5.0,2025-05
NaN,monte patria,robo,norte,NaN,media,43,NaN,NaN
2025-08-25,coquimbo,violencia,sur,1.0,alta,55,8.0,2025-08
2024-02-28,illapel,hurto,centro,7.0,alta,58,2.0,2024-02
2025-11-09,coquimbo,hurto,sur,7.0,alta,35,11.0,2025-11
2025-02-26,la serena,NaN,norte,10.0,NaN,44,2.0,2025-02
NaN,coquimbo,violencia,centro,2.0,alta,65,NaN,NaN
2025-11-02,andacollo,violencia,rural,10.0,media,25,11.0,2025-11
2025-11-01,illapel,NaN,centro,11.0,NaN,33,11.0,2025-11
2025-06-30,monte patria,accidente,centro,5.0,NaN,67,6.0,2025-06
2024-03-20,monte patria,hurto,centro,4.0,baja,30,3.0,2024-03
NaN,salamanca,violencia,centro,7.0,alta,35,NaN,NaN
2024-04-26,coquimbo,robo,sur,7.0,baja,32,4.0,2024-04
2025-05-19,andacollo,fraude,NaN,15.0,baja,32,5.0,2025-05
2025-02-02,illapel,fraude,NaN,7.0,alta,20,2.0,2025-02
2024-02-15,ovalle,fraude,norte,16.0,alta,62,2.0,2024-02
2024-11-26,ovalle,NaN,centro,7.0,NaN,17,11.0,2024-11
2024-10-21,monte patria,robo,norte,0.0,baja,48,10.0,2024-10
2025-06-19,la serena,robo,sur,NaN,baja,44,6.0,2025-06
2024-07-18,coquimbo,accidente,sur,3.0,NaN,23,7.0,2024-07
2025-10-23,salamanca,robo,norte,10.0,media,NaN,10.0,2025-10
NaN,coquimbo,robo,sur,1.0,NaN,27,NaN,NaN
NaN,monte patria,robo,centro,14.0,baja,53,NaN,NaN
2025-04-24,la serena,accidente,centro,3.0,NaN,30,4.0,2025-04
2025-01-18,salamanca,robo,NaN,3.0,NaN,63,1.0,2025-01
NaN,ovalle,NaN,rural,2.0,baja,34,NaN,NaN
2024-04-17,illapel,robo,sur,11.0,alta,27,4.0,2024-04
2024-10-25,monte patria,robo,centro,19.0,alta,50,10.0,2024-10
2025-09-21,vicuna,NaN,rural,15.0,alta,52,9.0,2025-09
2024-05-03,monte patria,accidente,NaN,5.0,NaN,66,5.0,2024-05
2024-12-01,ovalle,NaN,NaN,10.0,alta,53,12.0,2024-12
2024-08-23,salamanca,NaN,rural,11.0,alta,62,8.0,2024-08
2024-12-02,salamanca,accidente,norte,NaN,media,46,12.0,2024-12
2025-07-16,vicuna,accidente,centro,12.0,media,NaN,7.0,2025-07
2025-08-17,vicuna,hurto,sur,9.0,media,57,8.0,2025-08
2025-11-23,vicuna,violencia,sur,18.0,media,5,11.0,2025-11
NaN,illapel,fraude,rural,8.0,alta,58,NaN,NaN
2025-06-25,salamanca,accidente,NaN,4.0,alta,48,6.0,2025-06
NaN,vicuna,fraude,norte,17.0,alta,66,NaN,NaN
2024-01-26,vicuna,robo,sur,12.0,media,32,1.0,2024-01
2024-01-21,la serena,accidente,centro,12.0,baja,59,1.0,2024-01
2025-01-20,coquimbo,robo,norte,NaN,NaN,25,1.0,2025-01
NaN,andacollo,robo,NaN,9.0,baja,47,NaN,NaN
2025-07-04,coquimbo,hurto,sur,19.0,baja,68,7.0,2025-07
2025-02-14,la serena,accidente,sur,16.0,alta,40,2.0,2025-02
2025-08-31,la serena,accidente,norte,2.0,alta,22,8.0,2025-08
2024-01-16,la serena,NaN,sur,5.0,baja,15,1.0,2024-01
2024-06-20,la serena,robo,centro,12.0,alta,NaN,6.0,2024-06
2025-08-10,coquimbo,robo,NaN,2.0,baja,54,8.0,2025-08
NaN,illapel,robo,centro,5.0,alta,68,NaN,NaN
NaN,andacollo,accidente,centro,3.0,alta,17,NaN,NaN
2024-07-05,la serena,accidente,norte,14.0,alta,65,7.0,2024-07
NaN,ovalle,accidente,rural,17.0,baja,NaN,NaN,NaN
NaN,monte patria,accidente,centro,16.0,alta,55,NaN,NaN
2025-01-06,ovalle,NaN,norte,15.0,baja,31,1.0,2025-01
2025-03-12,ovalle,robo,sur,17.0,baja,69,3.0,2025-03
2025-03-08,monte patria,fraude,sur,10.0,alta,43,3.0,2025-03
NaN,la serena,robo,norte,12.0,alta,36,NaN,NaN
2024-02-06,la serena,accidente,norte,12.0,NaN,NaN,2.0,2024-02
2024-03-10,monte patria,hurto,centro,NaN,baja,16,3.0,2024-03
2024-11-24,la serena,hurto,rural,19.0,alta,25,11.0,2024-11
2024-05-02,salamanca,robo,NaN,8.0,NaN,34,5.0,2024-05
NaN,ovalle,accidente,norte,17.0,alta,NaN,NaN,NaN
2024-05-11,ovalle,violencia,centro,9.0,alta,NaN,5.0,2024-05
2025-05-26,illapel,violencia,centro,6.0,baja,37,5.0,2025-05
2025-03-21,coquimbo,robo,norte,3.0,media,23,3.0,2025-03
NaN,la serena,violencia,centro,12.0,baja,16,NaN,NaN
2025-06-17,monte patria,NaN,centro,500.0,alta,17,6.0,2025-06
2024-08-11,coquimbo,robo,rural,8.0,media,18,8.0,2024-08
2025-08-07,vicuna,accidente,centro,NaN,NaN,54,8.0,2025-08
2024-03-27,vicuna,robo,centro,10.0,alta,64,3.0,2024-03
2025-07-20,vicuna,robo,NaN,4.0,baja,23,7.0,2025-07
2024-08-28,illapel,robo,sur,NaN,NaN,15,8.0,2024-08
2025-12-07,salamanca,robo,norte,19.0,alta,24,12.0,2025-12
2025-11-19,vicuna,violencia,centro,15.0,alta,21,11.0,2025-11
NaN,monte patria,accidente,centro,NaN,alta,14,NaN,NaN
2024-11-07,coquimbo,accidente,NaN,9.0,alta,51,11.0,2024-11
2024-01-09,coquimbo,hurto,centro,2.0,media,41,1.0,2024-01
NaN,la serena,robo,rural,6.0,NaN,21,NaN,NaN
2024-09-22,coquimbo,robo,centro,NaN,alta,14,9.0,2024-09
NaN,salamanca,violencia,sur,15.0,baja,46,NaN,NaN
NaN,andacollo,accidente,centro,18.0,NaN,22,NaN,NaN
2025-02-25,salamanca,accidente,centro,14.0,NaN,54,2.0,2025-02
2025-12-21,ovalle,violencia,NaN,18.0,alta,36,12.0,2025-12
NaN,monte patria,fraude,norte,1.0,alta,42,NaN,NaN
2024-06-26,vicuna,hurto,NaN,-3.0,baja,NaN,6.0,2024-06
2024-07-11,salamanca,NaN,norte,4.0,baja,57,7.0,2024-07
2025-12-27,salamanca,violencia,centro,17.0,alta,45,12.0,2025-12
2025-11-24,coquimbo,fraude,rural,14.0,NaN,NaN,11.0,2025-11
2025-05-18,monte patria,robo,norte,4.0,alta,28,5.0,2025-05
2025-05-08,monte patria,accidente,centro,13.0,NaN,54,5.0,2025-05
NaN,coquimbo,accidente,centro,2.0,media,46,NaN,NaN
2025-12-07,monte patria,hurto,sur,12.0,alta,68,12.0,2025-12
2025-08-09,ovalle,NaN,NaN,12.0,alta,16,8.0,2025-08
2024-10-20,coquimbo,robo,rural,18.0,alta,57,10.0,2024-10
2025-10-28,coquimbo,fraude,norte,NaN,NaN,24,10.0,2025-10
2024-09-12,andacollo,accidente,norte,14.0,NaN,31,9.0,2024-09
2024-02-21,andacollo,hurto,centro,NaN,baja,46,2.0,2024-02
2024-03-07,salamanca,NaN,norte,18.0,alta,16,3.0,2024-03
2025-06-05,la serena,hurto,norte,10.0,media,27,6.0,2025-06
2024-11-12,illapel,robo,norte,3.0,baja,NaN,11.0,2024-11
2025-09-25,vicuna,violencia,rural,7.0,alta,25,9.0,2025-09
2025-08-10,andacollo,accidente,norte,12.0,NaN,27,8.0,2025-08
2025-12-14,vicuna,fraude,sur,14.0,alta,14,12.0,2025-12
2025-08-04,andacollo,robo,NaN,15.0,alta,27,8.0,2025-08
NaN,vicuna,hurto,centro,-3.0,alta,5,NaN,NaN
2024-08-01,monte patria,hurto,rural,17.0,baja,33,8.0,2024-08
2024-09-01,la serena,accidente,centro,6.0,media,54,9.0,2024-09
2025-10-21,monte patria,accidente,norte,8.0,alta,52,10.0,2025-10
2025-12-30,la serena,violencia,centro,16.0,baja,57,12.0,2025-12
2025-09-16,la serena,robo,sur,5.0,alta,67,9.0,2025-09
NaN,monte patria,robo,norte,NaN,alta,19,NaN,NaN
NaN,monte patria,robo,centro,17.0,NaN,44,NaN,NaN
2024-04-03,ovalle,accidente,centro,15.0,NaN,48,4.0,2024-04
2024-12-05,ovalle,NaN,NaN,14.0,baja,48,12.0,2024-12
2025-02-03,andacollo,robo,norte,15.0,NaN,19,2.0,2025-02
2025-03-15,coquimbo,robo,rural,4.0,baja,28,3.0,2025-03
2024-04-22,coquimbo,robo,rural,NaN,media,60,4.0,2024-04
2025-04-01,la serena,robo,rural,1.0,media,48,4.0,2025-04
2025-08-21,coquimbo,hurto,rural,15.0,alta,24,8.0,2025-08
2024-03-31,monte patria,fraude,NaN,11.0,baja,29,3.0,2024-03
2025-06-13,vicuna,hurto,centro,13.0,alta,42,6.0,2025-06
2025-03-19,salamanca,NaN,sur,16.0,media,64,3.0,2025-03
NaN,illapel,fraude,rural,12.0,media,17,NaN,NaN
2025-01-18,ovalle,hurto,norte,9.0,media,48,1.0,2025-01
2024-05-25,salamanca,violencia,centro,9.0,NaN,26,5.0,2024-05
2024-11-02,monte patria,robo,centro,NaN,baja,NaN,11.0,2024-11
2025-02-28,ovalle,NaN,rural,18.0,baja,64,2.0,2025-02
2024-10-03,coquimbo,accidente,rural,NaN,baja,39,10.0,2024-10
2024-10-26,salamanca,robo,norte,0.0,NaN,57,10.0,2024-10
2024-11-22,vicuna,robo,centro,10.0,media,14,11.0,2024-11
NaN,vicuna,robo,norte,14.0,media,16,NaN,NaN
NaN,monte patria,robo,centro,10.0,media,14,NaN,NaN
NaN,vicuna,violencia,sur,4.0,alta,36,NaN,NaN
2025-12-29,andacollo,robo,norte,14.0,alta,NaN,12.0,2025-12
2024-01-30,salamanca,robo,sur,10.0,alta,31,1.0,2024-01
NaN,vicuna,violencia,centro,16.0,NaN,43,NaN,NaN
2024-08-28,ovalle,robo,centro,18.0,alta,40,8.0,2024-08
NaN,monte patria,robo,centro,18.0,baja,60,NaN,NaN
2024-01-23,coquimbo,hurto,norte,9.0,baja,17,1.0,2024-01
2024-04-17,coquimbo,robo,rural,19.0,media,16,4.0,2024-04
NaN,monte patria,NaN,centro,8.0,baja,60,NaN,NaN
2024-12-25,ovalle,robo,norte,10.0,baja,52,12.0,2024-12
2024-09-13,ovalle,robo,centro,12.0,baja,41,9.0,2024-09
2024-02-08,vicuna,robo,centro,3.0,alta,NaN,2.0,2024-02
2025-07-14,illapel,violencia,centro,5.0,media,51,7.0,2025-07
2024-12-25,monte patria,NaN,sur,1.0,NaN,60,12.0,2024-12
2025-03-11,ovalle,fraude,centro,5.0,alta,30,3.0,2025-03
2025-01-16,andacollo,robo,norte,13.0,alta,59,1.0,2025-01
2025-05-18,coquimbo,accidente,norte,9.0,media,65,5.0,2025-05
2024-08-27,salamanca,violencia,sur,3.0,baja,48,8.0,2024-08
2024-04-23,ovalle,robo,norte,3.0,media,69,4.0,2024-04
NaN,vicuna,robo,sur,NaN,NaN,68,NaN,NaN
NaN,salamanca,hurto,centro,7.0,alta,28,NaN,NaN
2024-04-08,ovalle,robo,norte,7.0,NaN,23,4.0,2024-04
2024-11-12,illapel,fraude,sur,5.0,media,23,11.0,2024-11
2025-12-13,ovalle,robo,NaN,8.0,baja,52,12.0,2025-12
2024-09-01,andacollo,robo,norte,17.0,NaN,39,9.0,2024-09
2025-11-05,illapel,accidente,sur,17.0,NaN,37,11.0,2025-11
2025-03-01,la serena,robo,rural,NaN,NaN,49,3.0,2025-03
2024-02-27,ovalle,fraude,NaN,8.0,alta,33,2.0,2024-02
NaN,ovalle,fraude,norte,19.0,alta,27,NaN,NaN
NaN,monte patria,hurto,norte,NaN,baja,25,NaN,NaN
2024-06-14,la serena,NaN,centro,3.0,alta,15,6.0,2024-06
2025-08-22,la serena,hurto,norte,5.0,alta,67,8.0,2025-08
2025-11-23,la serena,robo,rural,15.0,media,28,11.0,2025-11
2024-07-24,monte patria,NaN,centro,7.0,baja,NaN,7.0,2024-07
2024-07-23,salamanca,NaN,centro,16.0,baja,40,7.0,2024-07
NaN,salamanca,fraude,centro,19.0,NaN,29,NaN,NaN
2024-06-24,monte patria,robo,centro,14.0,media,35,6.0,2024-06
2025-04-18,monte patria,fraude,centro,15.0,media,46,4.0,2025-04
2024-12-06,coquimbo,robo,centro,3.0,alta,43,12.0,2024-12
NaN,la serena,robo,norte,4.0,alta,32,NaN,NaN
NaN,vicuna,fraude,sur,10.0,baja,45,NaN,NaN
2025-06-04,vicuna,violencia,sur,14.0,NaN,66,6.0,2025-06
2025-09-04,coquimbo,hurto,NaN,12.0,baja,46,9.0,2025-09
2025-11-26,andacollo,hurto,rural,3.0,media,20,11.0,2025-11
2024-03-23,la serena,fraude,centro,NaN,baja,36,3.0,2024-03
2025-10-21,la serena,fraude,centro,NaN,baja,55,10.0,2025-10
2025-09-30,vicuna,robo,centro,16.0,baja,64,9.0,2025-09
2024-10-31,la serena,NaN,centro,NaN,NaN,16,10.0,2024-10
2024-04-18,la serena,violencia,rural,6.0,baja,34,4.0,2024-04
2025-06-13,la serena,accidente,centro,NaN,alta,53,6.0,2025-06
NaN,coquimbo,violencia,rural,7.0,baja,NaN,NaN,NaN
2025-01-03,la serena,violencia,centro,1.0,baja,29,1.0,2025-01
2025-11-22,salamanca,fraude,norte,1.0,alta,41,11.0,2025-11
2024-12-08,andacollo,fraude,norte,10.0,NaN,61,12.0,2024-12
2025-12-12,monte patria,NaN,sur,9.0,baja,36,12.0,2025-12
2025-06-08,coquimbo,accidente,norte,2.0,NaN,61,6.0,2025-06
2025-06-20,la serena,NaN,sur,16.0,alta,35,6.0,2025-06
2024-12-27,salamanca,fraude,NaN,12.0,NaN,40,12.0,2024-12
2025-08-11,vicuna,robo,norte,16.0,baja,NaN,8.0,2025-08
2024-11-04,vicuna,NaN,centro,15.0,alta,62,11.0,2024-11
2025-02-13,monte patria,hurto,centro,11.0,baja,25,2.0,2025-02
2024-12-12,illapel,hurto,norte,2.0,media,68,12.0,2024-12
2024-01-13,monte patria,accidente,NaN,14.0,baja,28,1.0,2024-01
2024-05-19,ovalle,accidente,rural,1.0,alta,24,5.0,2024-05
2024-01-06,monte patria,robo,sur,10.0,media,19,1.0,2024-01
NaN,monte patria,hurto,centro,17.0,NaN,63,NaN,NaN
2024-09-01,la serena,hurto,sur,12.0,alta,55,9.0,2024-09
2024-11-02,la serena,NaN,norte,5.0,baja,NaN,11.0,2024-11
2025-09-28,vicuna,robo,centro,4.0,alta,63,9.0,2025-09
2024-11-27,salamanca,robo,rural,6.0,NaN,56,11.0,2024-11
2025-05-16,vicuna,NaN,centro,6.0,baja,67,5.0,2025-05
NaN,salamanca,robo,norte,7.0,NaN,47,NaN,NaN
2025-05-21,illapel,accidente,norte,18.0,baja,17,5.0,2025-05
2024-08-06,coquimbo,robo,rural,11.0,baja,68,8.0,2024-08
NaN,illapel,accidente,norte,8.0,baja,29,NaN,NaN
NaN,coquimbo,violencia,centro,NaN,NaN,30,NaN,NaN
2024-05-15,la serena,hurto,centro,9.0,baja,48,5.0,2024-05
NaN,ovalle,robo,centro,13.0,alta,22,NaN,NaN
2025-09-13,la serena,NaN,rural,15.0,alta,21,9.0,2025-09
2024-10-27,salamanca,fraude,sur,14.0,media,36,10.0,2024-10
2024-02-14,ovalle,NaN,norte,9.0,alta,NaN,2.0,2024-02
2024-03-18,la serena,NaN,sur,NaN,baja,62,3.0,2024-03
NaN,illapel,violencia,NaN,0.0,baja,67,NaN,NaN
2025-03-24,salamanca,robo,norte,8.0,NaN,42,3.0,2025-03
2025-07-28,ovalle,robo,rural,18.0,media,51,7.0,2025-07
NaN,la serena,robo,norte,11.0,alta,41,NaN,NaN
2025-06-19,ovalle,violencia,centro,12.0,alta,34,6.0,2025-06
2024-11-27,monte patria,NaN,norte,12.0,alta,52,11.0,2024-11
2024-07-22,coquimbo,violencia,rural,12.0,media,30,7.0,2024-07
2025-09-06,ovalle,hurto,NaN,5.0,NaN,NaN,9.0,2025-09
2025-02-12,la serena,hurto,centro,NaN,NaN,64,2.0,2025-02
2024-11-22,salamanca,fraude,NaN,3.0,alta,48,11.0,2024-11
NaN,andacollo,accidente,norte,12.0,baja,45,NaN,NaN
2025-07-02,ovalle,robo,centro,19.0,media,22,7.0,2025-07
2025-01-23,illapel,robo,rural,2.0,NaN,37,1.0,2025-01
2025-11-19,la serena,robo,rural,7.0,media,60,11.0,2025-11
NaN,la serena,hurto,norte,16.0,alta,21,NaN,NaN
2025-01-30,monte patria,NaN,sur,17.0,baja,53,1.0,2025-01
2024-11-30,la serena,robo,NaN,8.0,alta,56,11.0,2024-11
2025-11-11,la serena,hurto,centro,10.0,media,67,11.0,2025-11
2025-01-25,salamanca,accidente,rural,13.0,baja,34,1.0,2025-01
2025-09-08,illapel,robo,centro,6.0,baja,55,9.0,2025-09
2025-03-22,salamanca,fraude,centro,17.0,NaN,23,3.0,2025-03
NaN,ovalle,fraude,sur,13.0,media,50,NaN,NaN
2024-07-07,andacollo,NaN,centro,18.0,NaN,58,7.0,2024-07
NaN,illapel,accidente,NaN,7.0,NaN,46,NaN,NaN
2024-10-15,vicuna,accidente,norte,3.0,baja,59,10.0,2024-10
2025-06-04,la serena,NaN,centro,13.0,media,NaN,6.0,2025-06
2025-09-03,monte patria,robo,norte,NaN,alta,67,9.0,2025-09
2025-03-21,monte patria,robo,centro,NaN,alta,17,3.0,2025-03
2025-04-07,illapel,robo,rural,17.0,media,27,4.0,2025-04
2025-11-15,andacollo,fraude,centro,3.0,alta,67,11.0,2025-11
2025-05-30,coquimbo,violencia,NaN,11.0,NaN,20,5.0,2025-05
NaN,coquimbo,fraude,NaN,18.0,media,31,NaN,NaN
2024-10-25,coquimbo,hurto,norte,15.0,media,22,10.0,2024-10
2025-03-27,salamanca,accidente,sur,6.0,alta,34,3.0,2025-03
2024-07-12,illapel,accidente,norte,NaN,baja,50,7.0,2024-07
2024-09-13,monte patria,violencia,norte,12.0,NaN,33,9.0,2024-09
2025-05-12,salamanca,NaN,NaN,14.0,NaN,29,5.0,2025-05
2024-11-28,ovalle,NaN,NaN,6.0,alta,27,11.0,2024-11
2025-03-06,illapel,fraude,rural,12.0,media,51,3.0,2025-03
2024-06-21,la serena,violencia,norte,9.0,alta,43,6.0,2024-06
2025-07-14,illapel,robo,rural,13.0,baja,61,7.0,2025-07
2024-08-13,monte patria,robo,centro,18.0,alta,38,8.0,2024-08
2024-10-09,coquimbo,robo,centro,1.0,NaN,54,10.0,2024-10
2025-09-27,la serena,accidente,norte,NaN,alta,58,9.0,2025-09
2025-03-29,la serena,accidente,centro,12.0,alta,27,3.0,2025-03
NaN,illapel,hurto,rural,19.0,NaN,31,NaN,NaN
2024-05-06,ovalle,accidente,rural,7.0,baja,59,5.0,2024-05
NaN,la serena,fraude,norte,3.0,media,25,NaN,NaN
NaN,la serena,NaN,rural,NaN,alta,68,NaN,NaN
2024-05-14,vicuna,robo,centro,19.0,media,NaN,5.0,2024-05
2025-10-26,illapel,hurto,centro,15.0,baja,40,10.0,2025-10
2024-01-17,la serena,robo,rural,9.0,NaN,21,1.0,2024-01
2024-08-18,coquimbo,hurto,NaN,3.0,alta,63,8.0,2024-08
2024-05-02,monte patria,violencia,rural,16.0,NaN,21,5.0,2024-05
2024-05-05,ovalle,robo,norte,3.0,alta,56,5.0,2024-05
NaN,salamanca,accidente,rural,4.0,NaN,23,NaN,NaN
2024-10-14,monte patria,accidente,centro,1.0,alta,18,10.0,2024-10
2024-05-11,vicuna,NaN,sur,NaN,baja,57,5.0,2024-05
2024-04-01,monte patria,hurto,norte,-3.0,NaN,56,4.0,2024-04
2024-04-26,vicuna,accidente,NaN,8.0,alta,39,4.0,2024-04
NaN,la serena,robo,centro,10.0,NaN,39,NaN,NaN
2024-01-25,andacollo,fraude,NaN,4.0,alta,50,1.0,2024-01
2024-06-12,monte patria,NaN,norte,500.0,baja,34,6.0,2024-06
2024-08-16,illapel,accidente,rural,18.0,NaN,19,8.0,2024-08
2025-05-24,illapel,fraude,centro,18.0,alta,23,5.0,2025-05
2025-05-22,coquimbo,accidente,rural,15.0,baja,29,5.0,2025-05
2024-04-07,coquimbo,robo,norte,6.0,baja,31,4.0,2024-04
2024-02-15,coquimbo,fraude,rural,8.0,NaN,36,2.0,2024-02
2025-08-31,coquimbo,hurto,norte,1.0,alta,32,8.0,2025-08
2024-04-08,monte patria,accidente,norte,NaN,baja,69,4.0,2024-04
2025-09-14,coquimbo,NaN,rural,NaN,alta,43,9.0,2025-09
NaN,illapel,robo,NaN,10.0,baja,20,NaN,NaN
2024-05-05,ovalle,robo,norte,12.0,baja,57,5.0,2024-05
NaN,salamanca,violencia,rural,5.0,NaN,56,NaN,NaN
2024-07-01,andacollo,NaN,sur,9.0,alta,55,7.0,2024-07
2024-07-31,coquimbo,hurto,norte,11.0,alta,64,7.0,2024-07
2024-07-15,monte patria,violencia,centro,13.0,baja,61,7.0,2024-07
2025-01-01,andacollo,fraude,rural,10.0,baja,31,1.0,2025-01
2024-11-15,ovalle,robo,centro,8.0,baja,53,11.0,2024-11
2024-06-09,la serena,violencia,centro,2.0,baja,31,6.0,2024-06
2025-04-19,illapel,NaN,centro,15.0,alta,41,4.0,2025-04
2024-04-28,la serena,robo,centro,7.0,NaN,52,4.0,2024-04
NaN,vicuna,robo,sur,13.0,alta,64,NaN,NaN
NaN,coquimbo,NaN,norte,6.0,alta,14,NaN,NaN
2024-06-19,salamanca,robo,centro,15.0,media,41,6.0,2024-06
2025-06-19,vicuna,violencia,centro,17.0,baja,44,6.0,2025-06
2024-12-24,vicuna,robo,norte,15.0,baja,51,12.0,2024-12
2025-05-06,la serena,robo,norte,1.0,baja,46,5.0,2025-05
2025-02-18,coquimbo,fraude,rural,13.0,NaN,59,2.0,2025-02
2025-08-09,la serena,robo,centro,4.0,alta,60,8.0,2025-08
2025-09-18,coquimbo,NaN,norte,NaN,baja,63,9.0,2025-09
2025-11-17,vicuna,hurto,rural,16.0,baja,37,11.0,2025-11
NaN,illapel,accidente,NaN,4.0,baja,15,NaN,NaN
2024-11-15,salamanca,NaN,rural,11.0,alta,44,11.0,2024-11
2025-10-07,la serena,robo,rural,14.0,alta,40,10.0,2025-10
2024-04-15,illapel,NaN,sur,NaN,baja,26,4.0,2024-04
2024-03-01,monte patria,NaN,rural,14.0,NaN,63,3.0,2024-03
2025-03-07,vicuna,fraude,sur,14.0,baja,NaN,3.0,2025-03
NaN,andacollo,accidente,NaN,4.0,baja,NaN,NaN,NaN
2024-11-05,la serena,NaN,norte,17.0,baja,35,11.0,2024-11
2024-08-18,coquimbo,robo,sur,NaN,alta,49,8.0,2024-08
2025-03-20,la serena,robo,NaN,6.0,media,28,3.0,2025-03
2024-03-05,andacollo,NaN,norte,10.0,baja,46,3.0,2024-03
2025-05-03,coquimbo,robo,norte,13.0,baja,21,5.0,2025-05
2024-09-05,illapel,robo,NaN,9.0,baja,55,9.0,2024-09
2024-06-30,andacollo,robo,norte,16.0,media,47,6.0,2024-06
2024-04-30,coquimbo,violencia,centro,9.0,baja,46,4.0,2024-04
2025-11-22,ovalle,violencia,norte,8.0,NaN,56,11.0,2025-11
2024-02-27,monte patria,robo,rural,13.0,baja,NaN,2.0,2024-02
NaN,coquimbo,accidente,centro,13.0,baja,48,NaN,NaN
2025-10-21,vicuna,accidente,norte,18.0,alta,40,10.0,2025-10
2025-01-14,coquimbo,robo,NaN,11.0,alta,62,1.0,2025-01
NaN,vicuna,fraude,centro,4.0,baja,34,NaN,NaN
2024-09-18,la serena,robo,centro,6.0,NaN,40,9.0,2024-09
2025-12-19,vicuna,robo,sur,6.0,NaN,28,12.0,2025-12
2024-08-03,andacollo,robo,sur,4.0,NaN,55,8.0,2024-08
NaN,la serena,NaN,centro,19.0,baja,37,NaN,NaN
NaN,la serena,robo,centro,17.0,baja,69,NaN,NaN
NaN,coquimbo,robo,norte,8.0,baja,17,NaN,NaN
2024-11-20,monte patria,fraude,centro,4.0,baja,53,11.0,2024-11
NaN,andacollo,robo,sur,500.0,baja,17,NaN,NaN
2024-08-05,ovalle,NaN,centro,18.0,baja,51,8.0,2024-08
2025-06-28,la serena,fraude,norte,11.0,media,65,6.0,2025-06
NaN,illapel,robo,centro,4.0,baja,38,NaN,NaN
2024-12-22,vicuna,violencia,centro,NaN,alta,57,12.0,2024-12
2025-05-24,vicuna,violencia,centro,NaN,NaN,41,5.0,2025-05
NaN,la serena,robo,centro,16.0,baja,40,NaN,NaN
2024-02-10,la serena,violencia,centro,NaN,baja,64,2.0,2024-02
2025-01-27,monte patria,fraude,centro,3.0,baja,29,1.0,2025-01
2024-08-07,monte patria,violencia,norte,2.0,baja,18,8.0,2024-08
2025-08-06,ovalle,accidente,rural,NaN,NaN,19,8.0,2025-08
2024-01-25,coquimbo,NaN,centro,3.0,baja,55,1.0,2024-01
2024-07-30,illapel,robo,norte,10.0,media,28,7.0,2024-07
2024-08-24,coquimbo,violencia,rural,11.0,baja,18,8.0,2024-08
2024-02-04,andacollo,fraude,centro,12.0,baja,24,2.0,2024-02
2024-04-01,vicuna,hurto,centro,10.0,media,43,4.0,2024-04
2024-12-31,ovalle,robo,rural,16.0,alta,62,12.0,2024-12
2024-10-21,coquimbo,accidente,sur,4.0,alta,15,10.0,2024-10
2024-05-14,la serena,NaN,norte,19.0,baja,17,5.0,2024-05
2025-05-03,salamanca,fraude,centro,NaN,alta,29,5.0,2025-05
2024-11-22,coquimbo,robo,sur,13.0,NaN,29,11.0,2024-11
2024-10-08,salamanca,robo,norte,14.0,baja,19,10.0,2024-10
2024-03-23,monte patria,NaN,norte,18.0,baja,25,3.0,2024-03
2024-02-03,salamanca,NaN,centro,NaN,alta,69,2.0,2024-02
2024-07-31,coquimbo,NaN,centro,12.0,alta,27,7.0,2024-07
2024-11-18,andacollo,fraude,rural,17.0,alta,50,11.0,2024-11
2024-02-11,ovalle,hurto,sur,5.0,baja,62,2.0,2024-02
2025-12-04,andacollo,robo,centro,11.0,media,NaN,12.0,2025-12
2025-07-06,illapel,robo,norte,3.0,alta,22,7.0,2025-07
2025-10-20,vicuna,violencia,norte,NaN,media,39,10.0,2025-10
2025-06-03,la serena,accidente,rural,14.0,NaN,NaN,6.0,2025-06
2025-09-12,coquimbo,accidente,norte,3.0,baja,21,9.0,2025-09
NaN,salamanca,NaN,norte,13.0,alta,37,NaN,NaN
NaN,monte patria,fraude,norte,10.0,alta,20,NaN,NaN
2024-01-17,vicuna,NaN,sur,18.0,alta,32,1.0,2024-01
2024-09-07,la serena,robo,rural,7.0,alta,37,9.0,2024-09
2024-06-18,illapel,robo,norte,1.0,baja,37,6.0,2024-06
2025-12-22,vicuna,robo,centro,10.0,NaN,NaN,12.0,2025-12
2024-05-03,andacollo,NaN,sur,11.0,NaN,58,5.0,2024-05
2024-03-24,la serena,robo,centro,7.0,alta,NaN,3.0,2024-03
2025-10-27,la serena,violencia,norte,8.0,NaN,69,10.0,2025-10
2025-12-25,la serena,robo,NaN,8.0,alta,15,12.0,2025-12
2024-07-19,illapel,robo,sur,3.0,baja,22,7.0,2024-07
2025-07-13,coquimbo,accidente,norte,13.0,media,18,7.0,2025-07
2024-09-20,la serena,fraude,rural,19.0,baja,69,9.0,2024-09
2025-01-10,coquimbo,hurto,norte,17.0,media,130,1.0,2025-01
2024-07-11,andacollo,robo,centro,4.0,NaN,62,7.0,2024-07
NaN,ovalle,robo,rural,14.0,baja,65,NaN,NaN
2025-06-06,ovalle,accidente,norte,6.0,baja,18,6.0,2025-06
NaN,coquimbo,hurto,sur,7.0,media,49,NaN,NaN
2025-09-15,vicuna,fraude,sur,6.0,NaN,29,9.0,2025-09
2025-01-24,monte patria,robo,NaN,16.0,NaN,55,1.0,2025-01
2024-08-06,andacollo,NaN,NaN,3.0,baja,34,8.0,2024-08
2025-04-06,la serena,NaN,centro,5.0,alta,NaN,4.0,2025-04
2025-09-04,coquimbo,NaN,sur,14.0,media,29,9.0,2025-09
2025-07-01,la serena,robo,centro,11.0,baja,54,7.0,2025-07
2024-10-26,la serena,fraude,norte,3.0,NaN,51,10.0,2024-10
2024-03-28,coquimbo,NaN,sur,5.0,alta,23,3.0,2024-03
2025-06-01,ovalle,hurto,NaN,3.0,baja,15,6.0,2025-06
NaN,andacollo,accidente,centro,19.0,NaN,NaN,NaN,NaN
2025-12-06,la serena,NaN,centro,11.0,baja,65,12.0,2025-12
2025-03-09,andacollo,NaN,rural,16.0,alta,22,3.0,2025-03
NaN,monte patria,accidente,rural,3.0,media,44,NaN,NaN
2025-12-06,monte patria,violencia,centro,500.0,alta,51,12.0,2025-12
2025-10-31,ovalle,NaN,norte,4.0,NaN,57,10.0,2025-10
NaN,vicuna,violencia,sur,12.0,baja,16,NaN,NaN
2025-08-01,ovalle,violencia,norte,15.0,alta,55,8.0,2025-08
2025-09-02,vicuna,hurto,rural,3.0,baja,43,9.0,2025-09
2025-02-14,monte patria,NaN,NaN,14.0,alta,50,2.0,2025-02
2025-05-06,andacollo,NaN,norte,11.0,NaN,25,5.0,2025-05
NaN,la serena,hurto,rural,2.0,NaN,34,NaN,NaN
2024-04-25,coquimbo,fraude,rural,15.0,alta,27,4.0,2024-04
2024-01-15,coquimbo,robo,NaN,19.0,alta,68,1.0,2024-01
2024-01-23,la serena,fraude,norte,9.0,media,26,1.0,2024-01
2024-12-04,illapel,NaN,norte,7.0,baja,25,12.0,2024-12
NaN,ovalle,fraude,norte,17.0,baja,21,NaN,NaN
2025-08-11,vicuna,fraude,centro,12.0,alta,20,8.0,2025-08
NaN,vicuna,accidente,rural,4.0,baja,22,NaN,NaN
2024-10-30,la serena,hurto,centro,NaN,alta,62,10.0,2024-10
2025-01-21,monte patria,violencia,norte,NaN,baja,44,1.0,2025-01
2025-09-12,ovalle,accidente,sur,7.0,media,29,9.0,2025-09
NaN,ovalle,accidente,norte,NaN,alta,58,NaN,NaN
2025-02-10,ovalle,violencia,centro,6.0,alta,14,2.0,2025-02
2025-03-12,la serena,NaN,centro,14.0,media,59,3.0,2025-03
2025-02-16,salamanca,NaN,norte,18.0,media,29,2.0,2025-02
2024-06-26,salamanca,robo,norte,12.0,media,NaN,6.0,2024-06
NaN,monte patria,NaN,centro,6.0,alta,57,NaN,NaN
NaN,salamanca,violencia,rural,2.0,baja,33,NaN,NaN
2024-02-23,monte patria,robo,norte,17.0,baja,22,2.0,2024-02
2024-03-02,monte patria,fraude,sur,NaN,NaN,47,3.0,2024-03
NaN,vicuna,robo,centro,6.0,baja,36,NaN,NaN
2025-06-20,la serena,robo,centro,NaN,alta,42,6.0,2025-06
2025-12-21,ovalle,violencia,centro,NaN,media,61,12.0,2025-12
NaN,la serena,fraude,sur,16.0,alta,57,NaN,NaN
2024-12-26,la serena,accidente,sur,2.0,NaN,22,12.0,2024-12
NaN,salamanca,accidente,sur,NaN,alta,16,NaN,NaN
2024-01-31,andacollo,accidente,sur,4.0,alta,51,1.0,2024-01
2024-09-17,monte patria,fraude,norte,16.0,baja,18,9.0,2024-09
2024-03-26,salamanca,NaN,norte,NaN,NaN,24,3.0,2024-03
2025-07-11,illapel,violencia,NaN,18.0,media,57,7.0,2025-07
NaN,la serena,robo,norte,8.0,NaN,NaN,NaN,NaN
2025-02-17,ovalle,robo,rural,NaN,media,NaN,2.0,2025-02
2024-11-18,ovalle,robo,NaN,NaN,NaN,38,11.0,2024-11
2024-06-15,la serena,fraude,norte,5.0,NaN,25,6.0,2024-06
2025-04-13,la serena,violencia,centro,5.0,alta,46,4.0,2025-04
2024-11-27,vicuna,NaN,centro,11.0,baja,29,11.0,2024-11
NaN,monte patria,violencia,sur,5.0,baja,61,NaN,NaN
NaN,vicuna,robo,sur,6.0,alta,25,NaN,NaN
2024-06-15,la serena,violencia,rural,10.0,alta,29,6.0,2024-06
2024-12-15,la serena,accidente,norte,2.0,media,69,12.0,2024-12
2025-06-14,la serena,violencia,rural,6.0,NaN,29,6.0,2025-06
NaN,la serena,violencia,centro,6.0,baja,27,NaN,NaN
NaN,salamanca,robo,centro,2.0,baja,26,NaN,NaN
2024-07-09,vicuna,fraude,norte,7.0,alta,25,7.0,2024-07
2024-08-20,coquimbo,robo,rural,2.0,alta,33,8.0,2024-08
2024-01-31,andacollo,robo,NaN,19.0,baja,23,1.0,2024-01
2025-11-25,salamanca,robo,centro,11.0,alta,39,11.0,2025-11
2025-06-17,monte patria,accidente,norte,16.0,NaN,29,6.0,2025-06
NaN,coquimbo,hurto,norte,7.0,media,25,NaN,NaN
2024-05-25,andacollo,hurto,centro,7.0,alta,62,5.0,2024-05
2025-10-09,andacollo,violencia,centro,3.0,baja,NaN,10.0,2025-10
2025-03-02,vicuna,accidente,centro,NaN,alta,53,3.0,2025-03
NaN,ovalle,robo,norte,13.0,alta,47,NaN,NaN
2024-01-17,ovalle,fraude,norte,12.0,alta,50,1.0,2024-01
NaN,la serena,robo,sur,3.0,baja,36,NaN,NaN
2025-02-05,coquimbo,hurto,norte,1.0,NaN,27,2.0,2025-02
NaN,salamanca,accidente,centro,3.0,media,46,NaN,NaN
2025-06-27,coquimbo,robo,centro,10.0,baja,44,6.0,2025-06
NaN,coquimbo,NaN,rural,11.0,baja,20,NaN,NaN
2025-09-28,salamanca,violencia,norte,3.0,media,41,9.0,2025-09
2025-02-07,coquimbo,NaN,norte,16.0,alta,55,2.0,2025-02
2024-04-26,andacollo,hurto,sur,14.0,NaN,58,4.0,2024-04
2024-08-11,salamanca,hurto,NaN,NaN,media,25,8.0,2024-08
2025-01-16,illapel,fraude,NaN,5.0,baja,41,1.0,2025-01
2024-10-13,ovalle,accidente,centro,12.0,NaN,18,10.0,2024-10
2025-02-10,coquimbo,fraude,centro,9.0,baja,62,2.0,2025-02
2025-09-06,la serena,fraude,NaN,6.0,alta,21,9.0,2025-09
2024-12-11,coquimbo,robo,norte,1.0,baja,69,12.0,2024-12
2024-02-13,vicuna,NaN,centro,5.0,alta,52,2.0,2024-02
2024-05-05,coquimbo,robo,centro,12.0,baja,42,5.0,2024-05
2025-12-13,la serena,accidente,sur,14.0,NaN,34,12.0,2025-12
2024-08-28,vicuna,fraude,centro,7.0,media,43,8.0,2024-08
NaN,salamanca,accidente,sur,18.0,baja,53,NaN,NaN
2025-06-19,vicuna,hurto,centro,14.0,alta,39,6.0,2025-06
2025-05-07,andacollo,robo,centro,9.0,NaN,23,5.0,2025-05
2025-12-23,la serena,fraude,rural,1.0,NaN,68,12.0,2025-12
NaN,coquimbo,robo,centro,19.0,media,28,NaN,NaN
NaN,vicuna,hurto,centro,4.0,baja,47,NaN,NaN
2024-04-24,la serena,hurto,rural,13.0,baja,47,4.0,2024-04
2025-03-12,ovalle,robo,centro,9.0,baja,51,3.0,2025-03
2025-01-21,monte patria,accidente,centro,8.0,alta,38,1.0,2025-01
2025-05-12,la serena,violencia,centro,19.0,NaN,37,5.0,2025-05
NaN,coquimbo,violencia,norte,9.0,alta,27,NaN,NaN
2024-03-12,ovalle,fraude,NaN,12.0,media,40,3.0,2024-03
2024-09-14,coquimbo,NaN,norte,16.0,NaN,17,9.0,2024-09
2024-04-19,monte patria,NaN,norte,10.0,NaN,30,4.0,2024-04
2024-01-29,salamanca,hurto,rural,5.0,alta,33,1.0,2024-01
2025-05-09,salamanca,accidente,norte,9.0,baja,NaN,5.0,2025-05
2024-07-09,vicuna,accidente,centro,17.0,alta,27,7.0,2024-07
2025-04-01,andacollo,accidente,rural,NaN,alta,51,4.0,2025-04
2024-09-25,coquimbo,violencia,norte,7.0,alta,68,9.0,2024-09
2024-01-10,vicuna,hurto,norte,3.0,baja,14,1.0,2024-01
2024-12-23,coquimbo,accidente,rural,18.0,alta,23,12.0,2024-12
2024-03-18,la serena,violencia,NaN,8.0,baja,33,3.0,2024-03
2024-08-27,coquimbo,robo,NaN,12.0,alta,62,8.0,2024-08
2024-02-22,ovalle,NaN,norte,2.0,NaN,29,2.0,2024-02
2025-09-05,salamanca,robo,norte,16.0,baja,NaN,9.0,2025-09
NaN,andacollo,NaN,rural,10.0,baja,45,NaN,NaN
2024-12-01,coquimbo,NaN,centro,17.0,NaN,22,12.0,2024-12
NaN,coquimbo,violencia,norte,18.0,baja,26,NaN,NaN
2025-12-28,la serena,robo,centro,15.0,baja,35,12.0,2025-12
2025-06-10,coquimbo,robo,centro,NaN,alta,43,6.0,2025-06
2025-06-26,la serena,robo,rural,18.0,media,64,6.0,2025-06
2024-08-20,salamanca,accidente,centro,11.0,media,45,8.0,2024-08
2025-06-20,vicuna,accidente,centro,13.0,media,38,6.0,2025-06
2025-01-06,la serena,robo,sur,6.0,media,NaN,1.0,2025-01
NaN,ovalle,robo,norte,1.0,alta,23,NaN,NaN
2024-10-23,la serena,NaN,rural,19.0,alta,45,10.0,2024-10
2025-12-17,illapel,accidente,norte,17.0,alta,52,12.0,2025-12
NaN,salamanca,accidente,centro,15.0,alta,48,NaN,NaN
2025-08-26,la serena,robo,centro,11.0,baja,68,8.0,2025-08
2024-05-06,vicuna,robo,norte,10.0,baja,59,5.0,2024-05
2024-06-25,coquimbo,hurto,centro,11.0,baja,14,6.0,2024-06
2025-08-21,la serena,robo,centro,11.0,baja,22,8.0,2025-08
2024-05-28,coquimbo,robo,NaN,14.0,media,39,5.0,2024-05
2025-10-28,la serena,accidente,sur,1.0,media,34,10.0,2025-10
2024-01-08,illapel,violencia,rural,13.0,NaN,NaN,1.0,2024-01
2024-09-18,salamanca,robo,NaN,16.0,alta,20,9.0,2024-09
2025-07-29,illapel,robo,centro,12.0,media,60,7.0,2025-07
NaN,ovalle,fraude,NaN,-3.0,baja,39,NaN,NaN
2024-05-02,la serena,fraude,NaN,1.0,baja,61,5.0,2024-05
2024-08-31,vicuna,fraude,norte,6.0,alta,61,8.0,2024-08
2025-11-18,andacollo,accidente,centro,1.0,baja,41,11.0,2025-11
2025-09-08,illapel,accidente,norte,17.0,baja,17,9.0,2025-09
2024-02-06,salamanca,robo,centro,4.0,alta,59,2.0,2024-02
2024-06-21,coquimbo,NaN,centro,10.0,NaN,56,6.0,2024-06
2024-12-27,salamanca,robo,norte,4.0,alta,64,12.0,2024-12
2025-05-04,illapel,NaN,sur,17.0,alta,14,5.0,2025-05
2025-06-15,coquimbo,violencia,centro,NaN,NaN,25,6.0,2025-06
2025-03-30,andacollo,robo,NaN,12.0,media,NaN,3.0,2025-03
2024-09-24,illapel,hurto,norte,13.0,baja,23,9.0,2024-09
NaN,monte patria,accidente,norte,15.0,alta,NaN,NaN,NaN
NaN,vicuna,NaN,norte,NaN,baja,46,NaN,NaN
NaN,monte patria,hurto,centro,18.0,baja,51,NaN,NaN
2025-11-12,la serena,NaN,centro,NaN,baja,35,11.0,2025-11
2024-06-03,salamanca,robo,norte,16.0,baja,NaN,6.0,2024-06
2025-11-17,vicuna,fraude,rural,18.0,baja,NaN,11.0,2025-11
2024-09-28,coquimbo,violencia,norte,NaN,baja,36,9.0,2024-09
2025-02-23,salamanca,accidente,sur,2.0,baja,21,2.0,2025-02
2024-01-09,ovalle,violencia,NaN,14.0,NaN,16,1.0,2024-01
NaN,andacollo,violencia,rural,12.0,alta,69,NaN,NaN
2024-07-08,la serena,hurto,rural,13.0,NaN,68,7.0,2024-07
2024-09-09,monte patria,robo,centro,1.0,baja,56,9.0,2024-09
NaN,la serena,hurto,centro,18.0,baja,32,NaN,NaN
2024-02-19,illapel,fraude,centro,4.0,media,61,2.0,2024-02
2024-03-01,illapel,violencia,norte,3.0,alta,58,3.0,2024-03
2025-02-07,monte patria,hurto,sur,10.0,baja,NaN,2.0,2025-02
2024-02-13,la serena,accidente,centro,11.0,baja,NaN,2.0,2024-02
2024-12-26,la serena,robo,norte,13.0,alta,20,12.0,2024-12
2024-03-19,monte patria,NaN,norte,16.0,baja,20,3.0,2024-03
2024-04-25,monte patria,robo,norte,12.0,baja,18,4.0,2024-04
2025-11-18,la serena,accidente,sur,12.0,baja,69,11.0,2025-11
2024-06-28,coquimbo,accidente,norte,14.0,baja,22,6.0,2024-06
2025-01-20,ovalle,robo,centro,13.0,alta,27,1.0,2025-01
NaN,illapel,robo,NaN,5.0,alta,63,NaN,NaN
2024-07-29,salamanca,fraude,NaN,13.0,alta,59,7.0,2024-07
2024-05-03,coquimbo,fraude,norte,16.0,baja,23,5.0,2024-05
2025-03-31,andacollo,robo,norte,15.0,alta,68,3.0,2025-03
2025-01-11,la serena,violencia,norte,18.0,alta,16,1.0,2025-01
2025-05-24,la serena,NaN,sur,9.0,alta,18,5.0,2025-05
2024-03-27,ovalle,hurto,centro,12.0,baja,20,3.0,2024-03
2025-04-17,la serena,NaN,norte,-3.0,alta,31,4.0,2025-04
2025-11-28,la serena,fraude,centro,19.0,NaN,60,11.0,2025-11
2025-06-26,coquimbo,robo,NaN,6.0,NaN,34,6.0,2025-06
2024-10-15,monte patria,accidente,NaN,18.0,media,16,10.0,2024-10
2024-02-23,ovalle,NaN,centro,16.0,alta,49,2.0,2024-02
2024-01-22,la serena,accidente,sur,14.0,alta,46,1.0,2024-01
2024-05-05,ovalle,NaN,centro,12.0,NaN,16,5.0,2024-05
2025-09-01,illapel,robo,centro,14.0,alta,32,9.0,2025-09
2025-03-09,la serena,hurto,norte,13.0,alta,60,3.0,2025-03
2024-12-24,andacollo,accidente,centro,0.0,alta,34,12.0,2024-12
2024-01-07,andacollo,robo,centro,6.0,media,16,1.0,2024-01
2024-05-02,monte patria,NaN,sur,15.0,baja,19,5.0,2024-05
2025-02-02,ovalle,accidente,norte,8.0,NaN,54,2.0,2025-02
2024-10-16,salamanca,NaN,NaN,7.0,NaN,NaN,10.0,2024-10
2025-09-19,ovalle,fraude,norte,16.0,baja,54,9.0,2025-09
2025-07-16,salamanca,accidente,rural,11.0,media,40,7.0,2025-07
2024-07-15,ovalle,fraude,centro,7.0,alta,38,7.0,2024-07
NaN,ovalle,fraude,rural,10.0,baja,NaN,NaN,NaN
2025-06-16,vicuna,robo,centro,NaN,NaN,NaN,6.0,2025-06
2025-10-31,la serena,violencia,centro,10.0,alta,58,10.0,2025-10
2024-12-17,ovalle,NaN,norte,19.0,baja,25,12.0,2024-12
2024-10-16,vicuna,accidente,sur,18.0,NaN,19,10.0,2024-10
NaN,ovalle,accidente,norte,12.0,NaN,NaN,NaN,NaN
2025-03-04,monte patria,hurto,NaN,4.0,NaN,65,3.0,2025-03
2025-09-10,monte patria,robo,rural,3.0,alta,23,9.0,2025-09
2024-07-18,la serena,hurto,norte,19.0,baja,49,7.0,2024-07
2025-09-26,andacollo,hurto,centro,2.0,NaN,NaN,9.0,2025-09
NaN,ovalle,fraude,norte,12.0,NaN,19,NaN,NaN
2024-03-16,la serena,violencia,norte,16.0,baja,53,3.0,2024-03
2024-01-04,coquimbo,violencia,NaN,10.0,NaN,69,1.0,2024-01
2025-05-14,la serena,accidente,rural,13.0,media,29,5.0,2025-05
2024-02-09,coquimbo,fraude,sur,NaN,baja,48,2.0,2024-02
NaN,la serena,accidente,norte,18.0,alta,34,NaN,NaN
2025-07-02,coquimbo,robo,NaN,1.0,alta,33,7.0,2025-07
NaN,vicuna,robo,centro,8.0,media,58,NaN,NaN
2025-06-29,monte patria,hurto,centro,14.0,alta,66,6.0,2025-06
2025-07-08,andacollo,fraude,centro,14.0,alta,46,7.0,2025-07
2025-04-27,andacollo,violencia,NaN,14.0,alta,68,4.0,2025-04
2024-04-22,coquimbo,NaN,norte,15.0,baja,NaN,4.0,2024-04
2025-01-01,salamanca,violencia,centro,13.0,baja,16,1.0,2025-01
2024-03-11,coquimbo,robo,centro,2.0,baja,65,3.0,2024-03
2025-10-27,coquimbo,robo,NaN,NaN,baja,53,10.0,2025-10
2025-12-20,vicuna,robo,norte,10.0,media,34,12.0,2025-12
NaN,vicuna,violencia,centro,6.0,alta,60,NaN,NaN
2025-07-23,salamanca,violencia,NaN,16.0,baja,52,7.0,2025-07
NaN,monte patria,robo,rural,5.0,baja,52,NaN,NaN
2024-09-16,monte patria,violencia,rural,10.0,baja,26,9.0,2024-09
2025-12-17,salamanca,fraude,centro,16.0,alta,61,12.0,2025-12
2024-11-19,andacollo,violencia,NaN,8.0,alta,28,11.0,2024-11
NaN,coquimbo,accidente,sur,10.0,alta,24,NaN,NaN
2024-07-04,vicuna,robo,centro,3.0,alta,63,7.0,2024-07
2024-02-14,monte patria,NaN,centro,NaN,baja,46,2.0,2024-02
2025-03-26,coquimbo,NaN,centro,1.0,alta,33,3.0,2025-03
2025-07-23,andacollo,robo,centro,11.0,baja,23,7.0,2025-07
2025-12-30,illapel,hurto,norte,NaN,baja,56,12.0,2025-12
2025-11-07,salamanca,NaN,norte,14.0,baja,26,11.0,2025-11
2024-09-13,coquimbo,violencia,NaN,6.0,NaN,56,9.0,2024-09
NaN,illapel,fraude,sur,5.0,NaN,42,NaN,NaN
2025-10-22,ovalle,NaN,norte,2.0,NaN,15,10.0,2025-10
2025-02-06,illapel,hurto,centro,NaN,baja,15,2.0,2025-02
2025-02-18,ovalle,NaN,NaN,5.0,NaN,46,2.0,2025-02
2024-12-05,la serena,robo,rural,6.0,NaN,34,12.0,2024-12
2025-06-04,vicuna,robo,rural,19.0,baja,41,6.0,2025-06
2025-03-06,andacollo,violencia,norte,19.0,NaN,24,3.0,2025-03
2025-04-10,coquimbo,violencia,centro,15.0,alta,37,4.0,2025-04
2024-07-26,la serena,fraude,sur,5.0,alta,29,7.0,2024-07
2024-09-21,vicuna,robo,sur,14.0,alta,66,9.0,2024-09
2025-08-29,la serena,violencia,norte,6.0,alta,38,8.0,2025-08
2025-01-20,la serena,violencia,sur,4.0,NaN,35,1.0,2025-01
2025-01-25,vicuna,fraude,sur,15.0,alta,62,1.0,2025-01
2024-04-03,coquimbo,hurto,centro,13.0,baja,49,4.0,2024-04
2025-12-18,vicuna,accidente,centro,6.0,baja,NaN,12.0,2025-12
2025-04-17,la serena,NaN,sur,13.0,alta,63,4.0,2025-04
NaN,coquimbo,hurto,centro,2.0,NaN,65,NaN,NaN
2025-06-26,coquimbo,fraude,NaN,12.0,alta,NaN,6.0,2025-06
2024-03-01,illapel,violencia,rural,NaN,baja,65,3.0,2024-03
NaN,andacollo,NaN,sur,2.0,baja,26,NaN,NaN
2025-06-14,la serena,violencia,NaN,19.0,baja,25,6.0,2025-06
2025-07-13,coquimbo,NaN,rural,15.0,baja,54,7.0,2025-07
NaN,la serena,robo,norte,4.0,baja,NaN,NaN,NaN
2024-10-15,monte patria,robo,norte,14.0,baja,18,10.0,2024-10
2025-12-17,monte patria,hurto,norte,2.0,baja,18,12.0,2025-12
2024-11-24,ovalle,robo,sur,10.0,alta,50,11.0,2024-11
2025-06-03,coquimbo,hurto,norte,5.0,baja,35,6.0,2025-06
2025-07-29,la serena,robo,norte,6.0,media,31,7.0,2025-07
2024-11-02,monte patria,NaN,norte,4.0,alta,58,11.0,2024-11
2025-02-15,monte patria,accidente,norte,14.0,alta,15,2.0,2025-02
2024-10-31,la serena,NaN,centro,4.0,media,NaN,10.0,2024-10
2025-12-28,coquimbo,hurto,sur,7.0,media,55,12.0,2025-12
2024-02-11,monte patria,NaN,centro,15.0,baja,51,2.0,2024-02
2025-08-10,monte patria,violencia,centro,3.0,baja,27,8.0,2025-08
2025-12-25,coquimbo,robo,centro,4.0,baja,46,12.0,2025-12
2024-04-07,illapel,NaN,centro,14.0,NaN,69,4.0,2024-04
2025-01-05,la serena,fraude,sur,19.0,baja,26,1.0,2025-01
NaN,monte patria,accidente,centro,9.0,alta,130,NaN,NaN
2025-11-21,la serena,violencia,norte,2.0,media,53,11.0,2025-11
2024-08-18,monte patria,accidente,norte,6.0,baja,18,8.0,2024-08
2025-03-05,vicuna,violencia,sur,6.0,alta,52,3.0,2025-03
2024-12-27,la serena,NaN,norte,10.0,NaN,58,12.0,2024-12
2024-11-20,coquimbo,fraude,norte,3.0,baja,NaN,11.0,2024-11
2024-05-09,monte patria,accidente,norte,19.0,alta,68,5.0,2024-05
2024-07-05,ovalle,hurto,NaN,2.0,alta,22,7.0,2024-07
2025-10-25,monte patria,fraude,sur,12.0,baja,66,10.0,2025-10
2025-11-19,illapel,NaN,centro,5.0,baja,43,11.0,2025-11
2025-10-25,la serena,robo,centro,16.0,media,20,10.0,2025-10
NaN,la serena,accidente,NaN,14.0,media,22,NaN,NaN
2025-01-16,andacollo,hurto,sur,12.0,baja,68,1.0,2025-01
2024-12-20,ovalle,NaN,centro,NaN,alta,26,12.0,2024-12
NaN,monte patria,hurto,NaN,3.0,baja,27,NaN,NaN
2025-07-10,la serena,hurto,norte,17.0,media,36,7.0,2025-07
2025-08-23,la serena,robo,NaN,6.0,media,22,8.0,2025-08
NaN,vicuna,robo,rural,4.0,alta,39,NaN,NaN
2025-03-28,coquimbo,accidente,sur,16.0,alta,24,3.0,2025-03
2025-07-13,coquimbo,violencia,norte,5.0,alta,68,7.0,2025-07
2024-09-29,monte patria,fraude,sur,500.0,media,NaN,9.0,2024-09
2025-04-20,ovalle,violencia,rural,6.0,media,19,4.0,2025-04
2025-11-04,coquimbo,NaN,centro,2.0,baja,36,11.0,2025-11
2024-08-28,la serena,robo,rural,8.0,baja,15,8.0,2024-08
2025-09-07,monte patria,fraude,norte,6.0,NaN,44,9.0,2025-09
NaN,vicuna,accidente,rural,NaN,alta,16,NaN,NaN
NaN,illapel,robo,norte,6.0,alta,32,NaN,NaN
2024-10-18,la serena,robo,centro,12.0,alta,50,10.0,2024-10
2025-09-02,coquimbo,violencia,centro,14.0,baja,43,9.0,2025-09
2024-02-06,la serena,NaN,centro,6.0,alta,58,2.0,2024-02
2024-04-29,monte patria,robo,rural,2.0,alta,NaN,4.0,2024-04
2025-04-10,la serena,fraude,norte,16.0,alta,53,4.0,2025-04
2025-07-12,coquimbo,robo,centro,3.0,alta,60,7.0,2025-07
2025-08-28,ovalle,hurto,centro,19.0,baja,55,8.0,2025-08
2025-03-19,ovalle,accidente,rural,16.0,NaN,25,3.0,2025-03
2024-04-26,coquimbo,accidente,centro,14.0,media,53,4.0,2024-04
NaN,ovalle,fraude,norte,17.0,NaN,NaN,NaN,NaN
2025-01-26,ovalle,robo,rural,18.0,baja,19,1.0,2025-01
2025-02-13,coquimbo,fraude,norte,1.0,baja,51,2.0,2025-02
2025-05-04,monte patria,violencia,centro,5.0,baja,15,5.0,2025-05
2025-03-28,andacollo,NaN,centro,3.0,media,67,3.0,2025-03
NaN,coquimbo,violencia,centro,5.0,baja,NaN,NaN,NaN
2025-05-10,coquimbo,fraude,rural,16.0,alta,39,5.0,2025-05
2024-02-02,ovalle,robo,centro,6.0,media,22,2.0,2024-02
2025-05-12,vicuna,NaN,sur,17.0,alta,63,5.0,2025-05
2024-09-07,monte patria,accidente,centro,13.0,alta,54,9.0,2024-09
2024-10-21,coquimbo,accidente,NaN,10.0,alta,46,10.0,2024-10
2025-03-31,ovalle,hurto,norte,NaN,alta,NaN,3.0,2025-03
NaN,illapel,accidente,centro,3.0,alta,57,NaN,NaN
2025-12-06,salamanca,hurto,sur,7.0,NaN,36,12.0,2025-12
2024-07-29,illapel,accidente,NaN,3.0,alta,62,7.0,2024-07
2024-08-03,ovalle,accidente,sur,5.0,baja,16,8.0,2024-08
2024-11-19,illapel,accidente,centro,18.0,NaN,69,11.0,2024-11
2024-05-26,ovalle,accidente,norte,10.0,media,57,5.0,2024-05
NaN,ovalle,accidente,NaN,13.0,NaN,22,NaN,NaN
2024-12-13,monte patria,NaN,norte,18.0,baja,39,12.0,2024-12
2025-10-17,coquimbo,accidente,norte,11.0,media,26,10.0,2025-10
2025-02-12,la serena,NaN,norte,13.0,NaN,46,2.0,2025-02
2024-01-02,la serena,hurto,norte,1.0,media,23,1.0,2024-01
2024-06-21,monte patria,accidente,NaN,15.0,baja,38,6.0,2024-06
2024-09-26,ovalle,accidente,centro,6.0,baja,50,9.0,2024-09
2024-06-02,coquimbo,fraude,centro,8.0,baja,61,6.0,2024-06
2024-03-13,la serena,robo,centro,3.0,alta,54,3.0,2024-03
2024-11-25,coquimbo,robo,centro,1.0,media,66,11.0,2024-11
2024-07-04,monte patria,robo,NaN,6.0,baja,40,7.0,2024-07
2024-01-20,coquimbo,fraude,rural,9.0,alta,NaN,1.0,2024-01
NaN,monte patria,robo,norte,9.0,media,14,NaN,NaN
2025-11-06,monte patria,hurto,norte,10.0,media,NaN,11.0,2025-11
NaN,monte patria,robo,sur,12.0,baja,25,NaN,NaN
2024-04-08,vicuna,violencia,norte,17.0,NaN,57,4.0,2024-04
2024-06-14,la serena,accidente,centro,16.0,alta,31,6.0,2024-06
2024-04-13,illapel,accidente,sur,13.0,alta,33,4.0,2024-04
2025-04-15,la serena,hurto,centro,4.0,baja,NaN,4.0,2025-04
2024-09-26,illapel,violencia,centro,18.0,baja,NaN,9.0,2024-09
2024-06-25,la serena,NaN,centro,17.0,media,21,6.0,2024-06
2025-05-02,monte patria,fraude,rural,16.0,media,63,5.0,2025-05
2025-07-13,coquimbo,violencia,rural,12.0,baja,49,7.0,2025-07
2025-10-02,andacollo,accidente,sur,2.0,alta,32,10.0,2025-10
2025-09-24,coquimbo,robo,centro,2.0,baja,37,9.0,2025-09
NaN,monte patria,fraude,norte,6.0,alta,51,NaN,NaN
2025-11-04,la serena,hurto,centro,16.0,media,31,11.0,2025-11
2024-10-09,la serena,fraude,centro,5.0,baja,19,10.0,2024-10
2024-11-12,coquimbo,hurto,norte,9.0,media,50,11.0,2024-11
2024-02-11,salamanca,NaN,sur,6.0,baja,32,2.0,2024-02
2024-10-27,la serena,NaN,norte,1.0,baja,19,10.0,2024-10
2024-10-28,andacollo,NaN,sur,16.0,alta,22,10.0,2024-10
2025-03-28,la serena,robo,NaN,4.0,alta,NaN,3.0,2025-03
NaN,andacollo,fraude,sur,12.0,NaN,59,NaN,NaN
2025-12-05,coquimbo,robo,NaN,2.0,baja,64,12.0,2025-12
2025-04-02,vicuna,robo,sur,15.0,alta,62,4.0,2025-04
2025-10-26,la serena,fraude,rural,10.0,baja,NaN,10.0,2025-10
2025-08-28,andacollo,hurto,sur,2.0,baja,38,8.0,2025-08
2025-02-21,coquimbo,robo,centro,3.0,NaN,38,2.0,2025-02
2024-06-12,salamanca,accidente,norte,15.0,alta,69,6.0,2024-06
2025-05-08,ovalle,robo,norte,10.0,alta,24,5.0,2025-05
2024-03-26,coquimbo,robo,norte,7.0,alta,19,3.0,2024-03
2024-05-11,la serena,fraude,rural,8.0,alta,NaN,5.0,2024-05
2025-06-19,la serena,robo,norte,10.0,baja,NaN,6.0,2025-06
2024-04-10,vicuna,NaN,sur,NaN,alta,15,4.0,2024-04
2025-02-24,la serena,hurto,NaN,1.0,media,56,2.0,2025-02
2025-10-31,illapel,hurto,sur,5.0,media,16,10.0,2025-10
NaN,monte patria,accidente,centro,14.0,baja,47,NaN,NaN
2024-02-08,coquimbo,NaN,NaN,10.0,NaN,56,2.0,2024-02
2025-06-19,coquimbo,violencia,norte,13.0,alta,NaN,6.0,2025-06
2025-12-30,ovalle,robo,sur,15.0,media,5,12.0,2025-12
2024-04-02,monte patria,violencia,rural,1.0,NaN,NaN,4.0,2024-04
2025-03-27,salamanca,fraude,sur,3.0,baja,41,3.0,2025-03
2024-08-07,salamanca,robo,centro,11.0,NaN,49,8.0,2024-08
NaN,ovalle,fraude,NaN,18.0,alta,58,NaN,NaN
NaN,monte patria,NaN,centro,18.0,media,29,NaN,NaN
2024-06-01,la serena,robo,sur,10.0,media,21,6.0,2024-06
2025-07-22,coquimbo,robo,centro,8.0,baja,24,7.0,2025-07
2024-03-31,la serena,hurto,rural,5.0,alta,18,3.0,2024-03
2025-01-30,ovalle,robo,NaN,17.0,baja,55,1.0,2025-01
2025-03-19,coquimbo,fraude,centro,NaN,baja,44,3.0,2025-03
2024-12-30,monte patria,accidente,centro,14.0,alta,23,12.0,2024-12
2025-09-04,salamanca,fraude,centro,6.0,media,NaN,9.0,2025-09
2025-03-31,andacollo,robo,norte,14.0,alta,19,3.0,2025-03
2025-05-23,monte patria,accidente,sur,8.0,alta,51,5.0,2025-05
2025-06-06,coquimbo,robo,centro,NaN,media,69,6.0,2025-06
2025-06-07,salamanca,robo,NaN,12.0,NaN,29,6.0,2025-06
2025-09-26,vicuna,accidente,centro,10.0,baja,68,9.0,2025-09
NaN,vicuna,accidente,norte,10.0,baja,65,NaN,NaN
2025-08-08,coquimbo,robo,centro,19.0,alta,29,8.0,2025-08
NaN,andacollo,fraude,sur,5.0,NaN,51,NaN,NaN
2025-09-14,salamanca,robo,sur,9.0,baja,47,9.0,2025-09
2024-09-29,salamanca,accidente,centro,8.0,media,50,9.0,2024-09
2024-07-13,la serena,robo,sur,15.0,alta,37,7.0,2024-07
2025-10-13,monte patria,robo,centro,10.0,alta,53,10.0,2025-10
NaN,coquimbo,NaN,centro,18.0,media,16,NaN,NaN
NaN,monte patria,robo,rural,1.0,baja,56,NaN,NaN
2024-03-02,la serena,robo,centro,3.0,alta,25,3.0,2024-03
2024-01-19,coquimbo,NaN,NaN,8.0,baja,43,1.0,2024-01
2025-09-11,la serena,hurto,NaN,16.0,baja,67,9.0,2025-09
2025-05-03,coquimbo,robo,norte,8.0,baja,31,5.0,2025-05
2025-05-12,coquimbo,NaN,sur,NaN,media,52,5.0,2025-05
2025-08-01,monte patria,robo,NaN,7.0,baja,130,8.0,2025-08
2025-05-07,andacollo,NaN,rural,12.0,baja,52,5.0,2025-05
2025-12-11,coquimbo,accidente,norte,5.0,media,63,12.0,2025-12
2025-07-15,andacollo,robo,centro,5.0,alta,NaN,7.0,2025-07
2025-07-13,ovalle,NaN,rural,11.0,NaN,NaN,7.0,2025-07
2024-02-24,salamanca,hurto,centro,10.0,alta,17,2.0,2024-02
2025-01-09,monte patria,violencia,norte,1.0,alta,50,1.0,2025-01
2025-10-27,salamanca,NaN,sur,7.0,alta,29,10.0,2025-10
NaN,vicuna,hurto,rural,12.0,alta,62,NaN,NaN
2024-03-20,vicuna,robo,centro,18.0,alta,25,3.0,2024-03
2024-05-15,vicuna,violencia,norte,5.0,NaN,29,5.0,2024-05
2024-11-21,coquimbo,fraude,norte,15.0,alta,28,11.0,2024-11
2025-07-01,la serena,robo,centro,9.0,baja,61,7.0,2025-07
NaN,la serena,NaN,rural,13.0,alta,38,NaN,NaN
2025-01-19,illapel,accidente,sur,10.0,media,39,1.0,2025-01
2024-12-06,andacollo,accidente,NaN,1.0,NaN,59,12.0,2024-12
2025-07-22,coquimbo,robo,norte,14.0,NaN,57,7.0,2025-07
2025-12-18,la serena,robo,norte,15.0,alta,39,12.0,2025-12
NaN,vicuna,hurto,norte,NaN,baja,30,NaN,NaN
2025-09-30,monte patria,NaN,norte,1.0,media,17,9.0,2025-09
2025-10-30,monte patria,violencia,NaN,15.0,media,NaN,10.0,2025-10
2025-10-09,monte patria,robo,centro,2.0,alta,36,10.0,2025-10
2025-07-22,coquimbo,robo,norte,7.0,media,NaN,7.0,2025-07
NaN,ovalle,violencia,rural,NaN,alta,25,NaN,NaN
2025-06-29,ovalle,violencia,centro,16.0,alta,NaN,6.0,2025-06
2024-02-12,vicuna,NaN,rural,7.0,NaN,33,2.0,2024-02
NaN,ovalle,NaN,norte,16.0,media,41,NaN,NaN
2024-01-31,coquimbo,hurto,NaN,13.0,alta,24,1.0,2024-01
2025-12-19,salamanca,hurto,NaN,15.0,baja,45,12.0,2025-12
2025-05-31,coquimbo,violencia,norte,9.0,alta,19,5.0,2025-05
NaN,ovalle,robo,sur,9.0,baja,63,NaN,NaN
2024-11-30,monte patria,NaN,rural,7.0,baja,20,11.0,2024-11
2025-10-05,ovalle,NaN,centro,9.0,NaN,64,10.0,2025-10
2024-06-03,vicuna,violencia,NaN,18.0,alta,44,6.0,2024-06
2024-12-22,coquimbo,robo,norte,17.0,baja,44,12.0,2024-12
2025-04-09,coquimbo,fraude,sur,16.0,NaN,46,4.0,2025-04
2024-04-01,coquimbo,hurto,NaN,2.0,alta,25,4.0,2024-04
2024-05-06,andacollo,NaN,centro,16.0,NaN,59,5.0,2024-05
2025-07-18,ovalle,hurto,NaN,8.0,alta,67,7.0,2025-07
2024-11-15,monte patria,violencia,rural,11.0,baja,NaN,11.0,2024-11
2025-10-08,coquimbo,accidente,norte,6.0,alta,22,10.0,2025-10
2025-06-22,coquimbo,hurto,centro,5.0,alta,42,6.0,2025-06
2024-02-22,ovalle,accidente,rural,15.0,media,16,2.0,2024-02
NaN,coquimbo,NaN,sur,12.0,baja,45,NaN,NaN
2024-10-24,la serena,accidente,norte,1.0,alta,51,10.0,2024-10
2024-05-09,coquimbo,violencia,norte,2.0,baja,17,5.0,2024-05
NaN,illapel,violencia,centro,15.0,baja,35,NaN,NaN
2025-04-18,vicuna,violencia,NaN,7.0,media,49,4.0,2025-04
2025-07-19,la serena,violencia,centro,8.0,alta,14,7.0,2025-07
2024-09-06,coquimbo,hurto,sur,10.0,baja,65,9.0,2024-09
2024-09-03,la serena,fraude,centro,3.0,baja,29,9.0,2024-09
2025-07-07,andacollo,NaN,norte,13.0,NaN,46,7.0,2025-07
2025-07-06,la serena,accidente,centro,8.0,baja,60,7.0,2025-07
2024-08-24,vicuna,robo,norte,1.0,baja,29,8.0,2024-08
2024-04-18,illapel,fraude,centro,8.0,NaN,33,4.0,2024-04
2025-12-10,vicuna,violencia,centro,13.0,baja,41,12.0,2025-12
2025-05-12,illapel,fraude,NaN,6.0,baja,47,5.0,2025-05
2025-08-20,monte patria,hurto,NaN,11.0,media,68,8.0,2025-08
2025-04-07,illapel,accidente,norte,7.0,alta,28,4.0,2025-04
2025-10-04,coquimbo,accidente,NaN,11.0,NaN,15,10.0,2025-10
NaN,salamanca,robo,sur,11.0,NaN,68,NaN,NaN
2024-02-08,monte patria,violencia,rural,8.0,baja,NaN,2.0,2024-02
2025-02-20,monte patria,NaN,centro,8.0,alta,47,2.0,2025-02
2025-11-09,la serena,NaN,rural,14.0,baja,32,11.0,2025-11
2024-10-29,monte patria,hurto,centro,18.0,baja,27,10.0,2024-10
2024-05-08,monte patria,robo,norte,19.0,alta,27,5.0,2024-05
2025-08-28,ovalle,hurto,norte,1.0,baja,15,8.0,2025-08
2025-02-02,la serena,violencia,centro,13.0,alta,51,2.0,2025-02
2025-01-25,ovalle,hurto,norte,12.0,alta,46,1.0,2025-01
2025-12-19,andacollo,violencia,norte,10.0,baja,31,12.0,2025-12
2025-04-05,la serena,NaN,norte,4.0,baja,61,4.0,2025-04
2025-04-08,monte patria,robo,centro,1.0,baja,NaN,4.0,2025-04
2024-01-05,illapel,accidente,norte,14.0,alta,31,1.0,2024-01
NaN,monte patria,accidente,NaN,14.0,alta,47,NaN,NaN
2024-06-19,andacollo,fraude,centro,9.0,alta,67,6.0,2024-06
2025-01-28,illapel,robo,norte,10.0,NaN,42,1.0,2025-01
2024-11-26,la serena,accidente,norte,6.0,NaN,40,11.0,2024-11
2025-06-14,la serena,robo,rural,1.0,media,21,6.0,2025-06
NaN,ovalle,NaN,rural,14.0,baja,60,NaN,NaN
2024-02-04,vicuna,violencia,rural,6.0,alta,17,2.0,2024-02
2025-04-24,monte patria,NaN,centro,1.0,baja,130,4.0,2025-04
2024-11-03,vicuna,robo,norte,9.0,alta,30,11.0,2024-11
NaN,coquimbo,fraude,rural,0.0,alta,NaN,NaN,NaN
2025-12-07,ovalle,NaN,NaN,1.0,alta,44,12.0,2025-12
2025-09-03,coquimbo,robo,rural,17.0,media,29,9.0,2025-09
2025-10-03,ovalle,violencia,sur,NaN,baja,44,10.0,2025-10
2025-07-03,ovalle,violencia,norte,NaN,alta,45,7.0,2025-07
2024-08-05,ovalle,fraude,sur,17.0,baja,17,8.0,2024-08
2024-06-01,coquimbo,robo,sur,10.0,baja,18,6.0,2024-06
2024-08-01,andacollo,robo,centro,18.0,baja,18,8.0,2024-08
2025-09-07,coquimbo,fraude,sur,18.0,baja,55,9.0,2025-09
2024-06-12,monte patria,hurto,NaN,7.0,media,15,6.0,2024-06
2024-08-16,coquimbo,NaN,centro,NaN,NaN,65,8.0,2024-08
2024-09-03,monte patria,accidente,sur,16.0,alta,23,9.0,2024-09
2024-08-04,andacollo,fraude,sur,13.0,NaN,NaN,8.0,2024-08
2025-06-30,coquimbo,fraude,centro,11.0,media,52,6.0,2025-06
2024-01-14,coquimbo,violencia,rural,14.0,alta,63,1.0,2024-01
NaN,vicuna,violencia,centro,3.0,media,35,NaN,NaN
NaN,coquimbo,robo,norte,18.0,alta,15,NaN,NaN
2025-03-14,la serena,fraude,centro,7.0,NaN,52,3.0,2025-03
2024-12-13,vicuna,hurto,sur,18.0,alta,NaN,12.0,2024-12
2024-01-29,salamanca,fraude,norte,14.0,alta,60,1.0,2024-01
NaN,coquimbo,NaN,centro,8.0,media,51,NaN,NaN
2024-04-20,andacollo,robo,norte,19.0,baja,41,4.0,2024-04
2025-12-01,ovalle,NaN,norte,13.0,media,45,12.0,2025-12
NaN,coquimbo,robo,centro,9.0,media,21,NaN,NaN
2024-05-24,andacollo,accidente,centro,13.0,media,62,5.0,2024-05
2025-01-27,ovalle,robo,sur,NaN,alta,69,1.0,2025-01
2024-11-19,vicuna,fraude,centro,18.0,media,31,11.0,2024-11
2025-09-26,monte patria,robo,rural,17.0,alta,58,9.0,2025-09
2024-05-24,la serena,robo,NaN,2.0,baja,34,5.0,2024-05
2025-06-08,la serena,accidente,norte,16.0,alta,32,6.0,2025-06
2024-07-03,salamanca,robo,norte,16.0,alta,47,7.0,2024-07
2025-09-22,ovalle,fraude,NaN,17.0,baja,61,9.0,2025-09
2025-07-20,monte patria,violencia,norte,18.0,NaN,61,7.0,2025-07
NaN,la serena,robo,NaN,4.0,alta,40,NaN,NaN
NaN,monte patria,violencia,norte,11.0,media,25,NaN,NaN
2025-10-19,la serena,NaN,rural,6.0,NaN,54,10.0,2025-10
2024-01-11,ovalle,robo,NaN,14.0,baja,NaN,1.0,2024-01
NaN,monte patria,NaN,rural,2.0,alta,60,NaN,NaN
2024-09-09,monte patria,NaN,NaN,NaN,alta,31,9.0,2024-09
2025-03-17,ovalle,NaN,rural,17.0,NaN,30,3.0,2025-03
NaN,monte patria,robo,NaN,17.0,baja,53,NaN,NaN
2024-01-18,andacollo,hurto,rural,8.0,alta,39,1.0,2024-01
2024-04-08,coquimbo,robo,rural,15.0,media,31,4.0,2024-04
2024-02-27,monte patria,robo,norte,5.0,media,15,2.0,2024-02
2024-04-19,vicuna,fraude,norte,3.0,baja,53,4.0,2024-04
2025-06-15,la serena,robo,rural,5.0,alta,30,6.0,2025-06
2025-08-04,ovalle,fraude,centro,16.0,baja,59,8.0,2025-08
NaN,ovalle,hurto,norte,8.0,NaN,NaN,NaN,NaN
2025-04-01,vicuna,NaN,rural,6.0,alta,17,4.0,2025-04
2025-02-01,la serena,NaN,NaN,9.0,media,21,2.0,2025-02
NaN,illapel,robo,norte,2.0,media,33,NaN,NaN
2024-12-06,vicuna,robo,norte,1.0,baja,53,12.0,2024-12
2024-03-17,la serena,NaN,centro,NaN,baja,27,3.0,2024-03
2024-10-19,illapel,violencia,norte,16.0,alta,44,10.0,2024-10
2024-11-18,ovalle,NaN,norte,14.0,alta,18,11.0,2024-11
2025-03-06,coquimbo,violencia,norte,16.0,alta,33,3.0,2025-03
NaN,la serena,violencia,norte,6.0,NaN,14,NaN,NaN
2024-06-14,salamanca,accidente,norte,4.0,media,53,6.0,2024-06
2025-05-05,la serena,robo,centro,5.0,baja,62,5.0,2025-05
2025-03-26,la serena,robo,norte,2.0,baja,57,3.0,2025-03
2025-07-11,vicuna,fraude,centro,14.0,media,48,7.0,2025-07
2024-07-02,salamanca,violencia,centro,2.0,baja,19,7.0,2024-07
2025-07-20,andacollo,robo,rural,6.0,NaN,65,7.0,2025-07
2025-09-07,coquimbo,robo,NaN,8.0,baja,31,9.0,2025-09
2025-10-05,monte patria,fraude,centro,7.0,alta,68,10.0,2025-10
2025-03-07,la serena,NaN,centro,6.0,NaN,23,3.0,2025-03
2024-02-14,la serena,robo,centro,10.0,NaN,49,2.0,2024-02
NaN,coquimbo,hurto,rural,6.0,NaN,45,NaN,NaN
2024-10-16,la serena,hurto,norte,16.0,baja,32,10.0,2024-10
2025-03-06,la serena,robo,centro,9.0,NaN,64,3.0,2025-03
2025-11-17,ovalle,robo,centro,6.0,alta,55,11.0,2025-11
2024-08-03,la serena,robo,rural,17.0,media,62,8.0,2024-08
2024-08-20,vicuna,robo,norte,11.0,alta,36,8.0,2024-08
2024-02-26,illapel,NaN,norte,6.0,baja,NaN,2.0,2024-02
NaN,vicuna,robo,norte,9.0,baja,41,NaN,NaN
2024-04-01,la serena,hurto,norte,NaN,baja,17,4.0,2024-04
NaN,monte patria,fraude,sur,2.0,baja,26,NaN,NaN
2024-12-02,coquimbo,accidente,NaN,13.0,media,50,12.0,2024-12
2024-04-29,illapel,NaN,norte,18.0,baja,20,4.0,2024-04
2024-01-22,monte patria,fraude,centro,10.0,media,20,1.0,2024-01
2024-08-26,coquimbo,robo,norte,7.0,media,NaN,8.0,2024-08
NaN,vicuna,accidente,centro,16.0,NaN,38,NaN,NaN
NaN,illapel,robo,sur,17.0,NaN,26,NaN,NaN
2024-05-30,coquimbo,violencia,norte,11.0,alta,45,5.0,2024-05
2025-01-10,vicuna,robo,sur,2.0,alta,42,1.0,2025-01
2025-03-17,salamanca,violencia,rural,11.0,media,35,3.0,2025-03
2024-10-26,coquimbo,robo,norte,5.0,media,21,10.0,2024-10
2025-02-01,coquimbo,NaN,centro,16.0,baja,NaN,2.0,2025-02
2025-08-27,monte patria,robo,norte,2.0,alta,38,8.0,2025-08
2024-09-01,coquimbo,NaN,sur,3.0,baja,30,9.0,2024-09
2025-12-05,monte patria,robo,sur,1.0,baja,22,12.0,2025-12
NaN,ovalle,hurto,norte,7.0,media,63,NaN,NaN
2024-12-09,andacollo,hurto,NaN,2.0,NaN,69,12.0,2024-12
2024-02-28,coquimbo,accidente,sur,7.0,alta,15,2.0,2024-02
2025-03-21,la serena,robo,norte,10.0,NaN,27,3.0,2025-03
2025-01-02,andacollo,robo,norte,6.0,alta,20,1.0,2025-01
2025-12-11,monte patria,robo,centro,1.0,baja,57,12.0,2025-12
2025-06-09,salamanca,NaN,sur,2.0,media,62,6.0,2025-06
NaN,vicuna,hurto,centro,NaN,alta,56,NaN,NaN
2024-11-12,vicuna,violencia,centro,12.0,NaN,49,11.0,2024-11
NaN,coquimbo,hurto,NaN,14.0,baja,48,NaN,NaN
NaN,andacollo,hurto,centro,4.0,NaN,15,NaN,NaN
NaN,illapel,violencia,centro,16.0,NaN,38,NaN,NaN
2025-02-28,coquimbo,fraude,centro,9.0,baja,21,2.0,2025-02
2024-07-13,la serena,hurto,centro,14.0,baja,53,7.0,2024-07
2024-10-12,ovalle,fraude,norte,NaN,media,60,10.0,2024-10
2025-11-16,salamanca,accidente,sur,8.0,alta,64,11.0,2025-11
2024-01-31,la serena,NaN,NaN,9.0,alta,22,1.0,2024-01
NaN,illapel,violencia,centro,6.0,alta,25,NaN,NaN
2025-11-15,andacollo,hurto,centro,1.0,baja,46,11.0,2025-11
NaN,monte patria,NaN,NaN,19.0,NaN,32,NaN,NaN
2024-12-09,monte patria,robo,NaN,12.0,alta,52,12.0,2024-12
2024-04-09,illapel,robo,rural,8.0,media,44,4.0,2024-04
2025-03-03,vicuna,violencia,sur,4.0,baja,63,3.0,2025-03
2025-08-06,coquimbo,robo,centro,4.0,alta,45,8.0,2025-08
2025-05-18,ovalle,accidente,norte,9.0,alta,56,5.0,2025-05
NaN,vicuna,violencia,centro,16.0,alta,22,NaN,NaN
2025-10-13,monte patria,robo,centro,5.0,NaN,35,10.0,2025-10
2025-11-09,vicuna,hurto,centro,1.0,media,59,11.0,2025-11
2024-04-16,monte patria,robo,sur,6.0,baja,18,4.0,2024-04
NaN,monte patria,NaN,centro,NaN,alta,67,NaN,NaN
NaN,la serena,violencia,norte,16.0,baja,59,NaN,NaN
2024-05-21,coquimbo,hurto,NaN,13.0,alta,21,5.0,2024-05
2024-08-17,monte patria,robo,rural,-3.0,baja,55,8.0,2024-08
2024-11-04,salamanca,robo,norte,2.0,baja,46,11.0,2024-11
2024-03-23,salamanca,robo,rural,5.0,NaN,49,3.0,2024-03
2025-07-27,coquimbo,violencia,centro,11.0,media,53,7.0,2025-07
2024-04-25,coquimbo,NaN,centro,11.0,NaN,41,4.0,2024-04
2024-09-08,vicuna,fraude,norte,17.0,alta,46,9.0,2024-09
NaN,coquimbo,violencia,centro,1.0,media,22,NaN,NaN
2024-05-04,la serena,fraude,norte,NaN,NaN,15,5.0,2024-05
2025-03-07,ovalle,NaN,rural,13.0,media,54,3.0,2025-03
2024-09-29,vicuna,fraude,sur,1.0,media,69,9.0,2024-09
2024-09-19,vicuna,violencia,norte,6.0,baja,43,9.0,2024-09
NaN,coquimbo,fraude,norte,10.0,baja,20,NaN,NaN
NaN,ovalle,hurto,norte,15.0,media,NaN,NaN,NaN
2025-06-13,la serena,NaN,sur,16.0,media,59,6.0,2025-06
2024-11-21,ovalle,hurto,rural,15.0,baja,41,11.0,2024-11
NaN,la serena,violencia,sur,NaN,NaN,67,NaN,NaN
NaN,la serena,robo,centro,8.0,media,26,NaN,NaN
2025-07-31,vicuna,hurto,norte,4.0,baja,68,7.0,2025-07
2024-10-30,la serena,fraude,norte,16.0,NaN,18,10.0,2024-10
2024-03-26,ovalle,fraude,centro,6.0,alta,25,3.0,2024-03
2025-07-31,vicuna,violencia,norte,3.0,alta,62,7.0,2025-07
2024-10-25,la serena,hurto,NaN,NaN,alta,38,10.0,2024-10
2025-12-05,andacollo,accidente,sur,11.0,alta,16,12.0,2025-12
2024-02-03,monte patria,accidente,norte,11.0,media,61,2.0,2024-02
2025-04-23,monte patria,accidente,sur,NaN,baja,65,4.0,2025-04
2025-01-11,ovalle,violencia,centro,14.0,baja,56,1.0,2025-01
2024-11-08,la serena,fraude,centro,NaN,baja,41,11.0,2024-11
NaN,la serena,NaN,centro,16.0,baja,24,NaN,NaN
2025-06-25,monte patria,NaN,rural,7.0,baja,29,6.0,2025-06
2024-12-28,salamanca,accidente,norte,5.0,alta,25,12.0,2024-12
2024-12-09,coquimbo,NaN,rural,19.0,alta,44,12.0,2024-12
2025-04-25,ovalle,robo,rural,NaN,alta,NaN,4.0,2025-04
2024-09-22,la serena,NaN,norte,11.0,alta,NaN,9.0,2024-09
2025-04-09,illapel,robo,sur,5.0,alta,NaN,4.0,2025-04
2024-11-16,andacollo,robo,centro,4.0,baja,23,11.0,2024-11
2025-08-11,monte patria,violencia,centro,2.0,media,15,8.0,2025-08
2024-08-15,coquimbo,hurto,centro,11.0,alta,53,8.0,2024-08
2024-07-07,salamanca,robo,norte,NaN,baja,22,7.0,2024-07
2025-07-24,salamanca,violencia,rural,2.0,baja,40,7.0,2025-07
2025-06-08,ovalle,robo,norte,NaN,NaN,36,6.0,2025-06
2024-04-13,vicuna,robo,norte,13.0,alta,43,4.0,2024-04
2025-11-11,ovalle,NaN,NaN,10.0,baja,24,11.0,2025-11
2025-01-25,ovalle,robo,norte,14.0,baja,30,1.0,2025-01
2024-01-03,coquimbo,hurto,rural,14.0,baja,55,1.0,2024-01
2025-02-04,la serena,robo,norte,16.0,baja,25,2.0,2025-02
2025-11-19,coquimbo,NaN,rural,17.0,baja,NaN,11.0,2025-11
2025-03-30,monte patria,violencia,centro,NaN,alta,26,3.0,2025-03
2025-08-02,monte patria,NaN,centro,17.0,alta,NaN,8.0,2025-08
2025-06-07,la serena,hurto,norte,10.0,baja,66,6.0,2025-06
2025-02-19,la serena,hurto,centro,3.0,alta,49,2.0,2025-02
2025-08-31,coquimbo,robo,rural,5.0,NaN,22,8.0,2025-08
2024-01-28,la serena,hurto,norte,NaN,NaN,42,1.0,2024-01
2024-01-18,coquimbo,hurto,NaN,9.0,alta,33,1.0,2024-01
2024-06-10,ovalle,robo,centro,NaN,baja,17,6.0,2024-06
NaN,coquimbo,robo,sur,7.0,baja,23,NaN,NaN
2024-10-08,monte patria,hurto,centro,17.0,baja,NaN,10.0,2024-10
2025-02-16,coquimbo,robo,NaN,17.0,baja,58,2.0,2025-02
2024-06-12,monte patria,fraude,rural,4.0,alta,40,6.0,2024-06
2025-09-12,la serena,NaN,NaN,4.0,alta,55,9.0,2025-09
2024-06-17,illapel,robo,centro,6.0,alta,48,6.0,2024-06
2025-06-25,andacollo,fraude,sur,16.0,NaN,22,6.0,2025-06
2024-06-22,monte patria,hurto,centro,12.0,NaN,NaN,6.0,2024-06
2024-09-10,salamanca,robo,centro,NaN,baja,45,9.0,2024-09
2025-04-03,salamanca,NaN,centro,13.0,NaN,43,4.0,2025-04
2025-01-26,vicuna,NaN,sur,17.0,baja,33,1.0,2025-01
2024-11-05,monte patria,NaN,sur,11.0,baja,NaN,11.0,2024-11
2025-05-13,andacollo,hurto,centro,6.0,alta,NaN,5.0,2025-05
2025-11-11,coquimbo,robo,NaN,4.0,alta,NaN,11.0,2025-11
NaN,andacollo,fraude,sur,4.0,baja,35,NaN,NaN
2024-08-24,la serena,accidente,NaN,15.0,alta,40,8.0,2024-08
2024-04-02,andacollo,NaN,norte,12.0,baja,31,4.0,2024-04
NaN,la serena,hurto,centro,6.0,NaN,NaN,NaN,NaN
2024-07-12,ovalle,robo,centro,11.0,alta,67,7.0,2024-07
2025-12-20,ovalle,fraude,norte,7.0,alta,45,12.0,2025-12
NaN,coquimbo,NaN,centro,19.0,media,16,NaN,NaN
2025-06-23,coquimbo,fraude,centro,4.0,media,32,6.0,2025-06
NaN,la serena,robo,centro,1.0,alta,49,NaN,NaN
2024-05-21,andacollo,robo,sur,9.0,baja,65,5.0,2024-05
2024-09-09,coquimbo,hurto,norte,NaN,baja,64,9.0,2024-09
2024-02-13,illapel,robo,sur,6.0,baja,20,2.0,2024-02
2025-01-12,coquimbo,fraude,norte,12.0,baja,48,1.0,2025-01
NaN,andacollo,robo,rural,16.0,media,NaN,NaN,NaN
2025-01-25,coquimbo,hurto,norte,18.0,baja,35,1.0,2025-01
NaN,illapel,hurto,norte,NaN,baja,68,NaN,NaN
2024-07-12,ovalle,NaN,centro,15.0,media,61,7.0,2024-07
2025-09-16,vicuna,hurto,centro,11.0,media,32,9.0,2025-09
2024-01-25,andacollo,violencia,norte,NaN,baja,29,1.0,2024-01
NaN,la serena,violencia,norte,4.0,alta,46,NaN,NaN
2024-10-05,vicuna,NaN,sur,19.0,media,22,10.0,2024-10
2025-03-03,andacollo,robo,centro,11.0,baja,33,3.0,2025-03
2024-09-12,ovalle,violencia,rural,-3.0,NaN,54,9.0,2024-09
2025-10-19,illapel,robo,sur,10.0,media,23,10.0,2025-10
2025-01-17,monte patria,hurto,rural,19.0,NaN,34,1.0,2025-01
2025-04-04,vicuna,robo,sur,3.0,alta,62,4.0,2025-04
NaN,monte patria,robo,NaN,13.0,baja,32,NaN,NaN
2024-04-30,salamanca,violencia,norte,3.0,media,64,4.0,2024-04
2025-05-31,monte patria,robo,norte,15.0,alta,67,5.0,2025-05
NaN,la serena,violencia,NaN,3.0,alta,66,NaN,NaN
2024-06-23,andacollo,robo,rural,1.0,baja,NaN,6.0,2024-06
2025-02-03,vicuna,hurto,rural,6.0,baja,51,2.0,2025-02
2024-01-09,la serena,violencia,centro,5.0,NaN,26,1.0,2024-01
2025-08-20,illapel,robo,norte,1.0,baja,17,8.0,2025-08
2024-01-01,ovalle,violencia,sur,18.0,baja,43,1.0,2024-01
2024-04-20,vicuna,hurto,centro,10.0,alta,57,4.0,2024-04
NaN,la serena,violencia,norte,12.0,NaN,22,NaN,NaN
2025-05-12,salamanca,hurto,sur,7.0,NaN,27,5.0,2025-05
2024-10-14,coquimbo,hurto,norte,13.0,NaN,53,10.0,2024-10
2025-01-14,coquimbo,violencia,norte,6.0,alta,15,1.0,2025-01
2025-08-28,la serena,robo,rural,13.0,alta,58,8.0,2025-08
2024-02-29,andacollo,violencia,norte,18.0,NaN,33,2.0,2024-02
2025-07-23,illapel,NaN,NaN,16.0,NaN,NaN,7.0,2025-07
2025-11-02,la serena,hurto,centro,6.0,alta,39,11.0,2025-11
2025-04-08,vicuna,NaN,NaN,8.0,baja,39,4.0,2025-04
2024-12-04,salamanca,NaN,rural,14.0,alta,47,12.0,2024-12
2025-04-05,la serena,NaN,centro,11.0,alta,29,4.0,2025-04
2024-04-18,coquimbo,robo,centro,15.0,alta,48,4.0,2024-04
2024-12-09,salamanca,robo,norte,9.0,media,48,12.0,2024-12
NaN,vicuna,robo,norte,1.0,NaN,31,NaN,NaN
2024-04-06,la serena,robo,norte,17.0,baja,49,4.0,2024-04
2024-09-11,salamanca,fraude,centro,12.0,media,52,9.0,2024-09
2025-06-25,la serena,NaN,centro,3.0,NaN,47,6.0,2025-06
2024-05-12,salamanca,violencia,NaN,9.0,alta,18,5.0,2024-05
NaN,ovalle,violencia,centro,5.0,media,19,NaN,NaN
2025-02-11,la serena,violencia,centro,18.0,baja,22,2.0,2025-02
2024-05-31,illapel,robo,NaN,7.0,alta,64,5.0,2024-05
2025-06-13,salamanca,NaN,sur,18.0,NaN,26,6.0,2025-06
2024-06-01,coquimbo,robo,norte,10.0,baja,46,6.0,2024-06
2025-10-14,la serena,robo,rural,NaN,media,60,10.0,2025-10
2024-11-20,coquimbo,robo,sur,5.0,baja,NaN,11.0,2024-11
2024-06-26,vicuna,accidente,centro,19.0,baja,66,6.0,2024-06
2024-05-24,andacollo,robo,norte,NaN,baja,64,5.0,2024-05
2024-03-06,monte patria,hurto,rural,7.0,alta,62,3.0,2024-03
2025-11-13,la serena,fraude,rural,9.0,NaN,28,11.0,2025-11
NaN,salamanca,fraude,norte,9.0,alta,52,NaN,NaN
2025-06-08,monte patria,robo,rural,2.0,alta,17,6.0,2025-06
2024-03-17,andacollo,NaN,NaN,6.0,alta,42,3.0,2024-03
2024-05-15,monte patria,hurto,norte,13.0,media,68,5.0,2024-05
2024-03-26,la serena,NaN,NaN,4.0,baja,56,3.0,2024-03
2025-02-10,ovalle,robo,centro,5.0,alta,66,2.0,2025-02
2025-12-26,monte patria,fraude,NaN,NaN,NaN,69,12.0,2025-12
NaN,la serena,violencia,centro,4.0,baja,68,NaN,NaN
2025-04-17,ovalle,accidente,norte,2.0,baja,66,4.0,2025-04
2024-02-22,andacollo,accidente,norte,17.0,baja,NaN,2.0,2024-02
NaN,coquimbo,robo,rural,1.0,NaN,NaN,NaN,NaN
2024-07-10,la serena,NaN,rural,13.0,NaN,58,7.0,2024-07
2024-11-05,ovalle,NaN,centro,7.0,baja,18,11.0,2024-11
2024-04-08,ovalle,violencia,centro,11.0,NaN,37,4.0,2024-04
2025-06-13,vicuna,NaN,rural,3.0,baja,20,6.0,2025-06
2025-03-17,la serena,hurto,centro,NaN,baja,30,3.0,2025-03
2025-05-08,andacollo,violencia,centro,5.0,alta,NaN,5.0,2025-05
2024-11-03,coquimbo,robo,norte,8.0,alta,32,11.0,2024-11
NaN,andacollo,NaN,norte,12.0,alta,NaN,NaN,NaN
2025-04-07,illapel,NaN,centro,9.0,baja,36,4.0,2025-04
NaN,monte patria,hurto,sur,11.0,baja,58,NaN,NaN
2024-12-23,monte patria,fraude,norte,6.0,baja,63,12.0,2024-12
NaN,ovalle,fraude,centro,2.0,alta,34,NaN,NaN
2024-04-16,coquimbo,hurto,norte,12.0,alta,29,4.0,2024-04
2025-11-04,ovalle,violencia,rural,4.0,media,57,11.0,2025-11
2024-02-19,ovalle,violencia,rural,5.0,alta,50,2.0,2024-02
2024-07-23,coquimbo,robo,centro,18.0,media,21,7.0,2024-07
2025-12-24,ovalle,violencia,norte,17.0,alta,46,12.0,2025-12
NaN,salamanca,accidente,rural,1.0,NaN,49,NaN,NaN
2024-05-27,illapel,NaN,NaN,2.0,baja,17,5.0,2024-05
2025-01-09,illapel,accidente,centro,18.0,baja,60,1.0,2025-01
2024-07-07,salamanca,NaN,sur,10.0,NaN,NaN,7.0,2024-07
NaN,ovalle,NaN,NaN,13.0,alta,61,NaN,NaN
2024-07-13,coquimbo,hurto,norte,16.0,alta,27,7.0,2024-07
2025-08-28,vicuna,NaN,NaN,7.0,media,44,8.0,2025-08
NaN,la serena,violencia,NaN,8.0,alta,63,NaN,NaN
2025-07-25,coquimbo,hurto,norte,13.0,baja,38,7.0,2025-07
2025-07-03,illapel,violencia,norte,NaN,baja,15,7.0,2025-07
2025-05-13,coquimbo,violencia,norte,6.0,baja,39,5.0,2025-05
2025-01-30,salamanca,accidente,rural,7.0,baja,66,1.0,2025-01
2024-09-24,coquimbo,robo,norte,18.0,NaN,58,9.0,2024-09
2025-11-24,coquimbo,robo,rural,6.0,baja,45,11.0,2025-11
NaN,andacollo,accidente,centro,6.0,alta,NaN,NaN,NaN
2025-01-24,ovalle,NaN,centro,14.0,baja,34,1.0,2025-01
2025-09-24,la serena,NaN,norte,8.0,baja,45,9.0,2025-09
2024-04-05,la serena,accidente,NaN,4.0,NaN,NaN,4.0,2024-04
2025-09-16,andacollo,accidente,norte,16.0,baja,42,9.0,2025-09
2024-08-26,ovalle,violencia,sur,NaN,baja,21,8.0,2024-08
2025-02-13,vicuna,hurto,sur,5.0,baja,32,2.0,2025-02
NaN,la serena,hurto,sur,15.0,media,23,NaN,NaN
2025-12-04,la serena,fraude,NaN,19.0,alta,36,12.0,2025-12
2025-01-20,la serena,accidente,sur,17.0,alta,59,1.0,2025-01
2025-08-24,coquimbo,violencia,centro,18.0,NaN,22,8.0,2025-08
2024-03-27,illapel,robo,NaN,16.0,baja,19,3.0,2024-03
2025-11-08,coquimbo,robo,norte,18.0,alta,15,11.0,2025-11
NaN,vicuna,fraude,norte,4.0,NaN,28,NaN,NaN
2025-04-16,monte patria,NaN,centro,NaN,baja,NaN,4.0,2025-04
2025-04-26,salamanca,robo,rural,9.0,media,26,4.0,2025-04
2025-03-29,salamanca,robo,rural,13.0,media,38,3.0,2025-03
2024-12-02,monte patria,accidente,rural,16.0,baja,62,12.0,2024-12
2024-10-22,illapel,fraude,norte,12.0,media,27,10.0,2024-10
2024-09-06,illapel,NaN,norte,19.0,baja,27,9.0,2024-09
2025-09-26,coquimbo,robo,NaN,17.0,alta,57,9.0,2025-09
2025-08-06,la serena,robo,centro,11.0,alta,NaN,8.0,2025-08
2025-09-12,vicuna,hurto,norte,3.0,baja,26,9.0,2025-09
2024-04-01,la serena,fraude,norte,2.0,NaN,33,4.0,2024-04
2025-07-20,andacollo,hurto,NaN,2.0,NaN,26,7.0,2025-07
2024-10-05,la serena,robo,sur,16.0,alta,28,10.0,2024-10
2025-07-14,la serena,fraude,rural,13.0,NaN,NaN,7.0,2025-07
2025-08-17,andacollo,NaN,sur,NaN,alta,26,8.0,2025-08
2024-05-22,illapel,robo,norte,14.0,media,42,5.0,2024-05
2025-05-06,monte patria,violencia,NaN,1.0,media,42,5.0,2025-05
2025-08-22,ovalle,hurto,rural,7.0,NaN,55,8.0,2025-08
2025-11-16,salamanca,NaN,centro,9.0,baja,37,11.0,2025-11
2024-12-11,salamanca,robo,NaN,11.0,alta,41,12.0,2024-12
2024-05-25,andacollo,robo,rural,6.0,alta,25,5.0,2024-05
2025-09-13,la serena,robo,centro,NaN,NaN,58,9.0,2025-09
2024-04-18,ovalle,fraude,NaN,NaN,media,40,4.0,2024-04
2025-02-14,ovalle,robo,norte,16.0,baja,28,2.0,2025-02
2025-06-24,vicuna,robo,norte,16.0,alta,55,6.0,2025-06
2024-04-17,la serena,accidente,NaN,11.0,media,25,4.0,2024-04
NaN,coquimbo,hurto,sur,11.0,alta,50,NaN,NaN
NaN,la serena,hurto,norte,2.0,baja,NaN,NaN,NaN
2025-03-24,vicuna,violencia,norte,3.0,alta,18,3.0,2025-03
2024-10-31,ovalle,robo,NaN,16.0,alta,30,10.0,2024-10
2024-12-04,la serena,robo,sur,1.0,NaN,52,12.0,2024-12
NaN,la serena,fraude,rural,13.0,alta,33,NaN,NaN
NaN,vicuna,violencia,sur,NaN,media,18,NaN,NaN
2025-11-24,ovalle,robo,norte,2.0,baja,31,11.0,2025-11
2025-06-30,la serena,NaN,rural,NaN,NaN,24,6.0,2025-06
2024-02-09,la serena,NaN,sur,NaN,baja,62,2.0,2024-02
2024-04-25,illapel,accidente,norte,12.0,alta,57,4.0,2024-04
NaN,ovalle,fraude,centro,9.0,NaN,54,NaN,NaN
2024-08-05,ovalle,robo,rural,19.0,NaN,23,8.0,2024-08
2025-04-20,salamanca,hurto,rural,-3.0,baja,29,4.0,2025-04
NaN,illapel,robo,centro,3.0,baja,62,NaN,NaN
2024-12-18,andacollo,robo,norte,15.0,alta,28,12.0,2024-12
2024-03-06,andacollo,NaN,norte,6.0,NaN,37,3.0,2024-03
2024-12-19,la serena,robo,centro,8.0,baja,59,12.0,2024-12
2024-06-01,monte patria,fraude,rural,12.0,alta,26,6.0,2024-06
2025-03-02,salamanca,robo,norte,10.0,alta,25,3.0,2025-03
NaN,ovalle,robo,centro,6.0,media,37,NaN,NaN
2025-08-16,la serena,fraude,NaN,8.0,baja,34,8.0,2025-08
2025-08-05,ovalle,accidente,centro,17.0,alta,NaN,8.0,2025-08
2024-07-23,ovalle,robo,centro,11.0,alta,59,7.0,2024-07
2024-03-02,andacollo,accidente,rural,2.0,media,17,3.0,2024-03
2024-05-23,ovalle,robo,sur,18.0,media,19,5.0,2024-05
2025-01-07,coquimbo,accidente,centro,10.0,alta,23,1.0,2025-01
2025-10-23,monte patria,accidente,sur,0.0,baja,25,10.0,2025-10
2025-03-16,monte patria,violencia,norte,10.0,baja,66,3.0,2025-03
2025-03-04,monte patria,violencia,norte,6.0,baja,41,3.0,2025-03
NaN,coquimbo,robo,centro,7.0,alta,16,NaN,NaN
2025-04-05,la serena,hurto,centro,NaN,media,66,4.0,2025-04
2025-03-12,coquimbo,violencia,centro,8.0,NaN,17,3.0,2025-03
2024-09-02,salamanca,robo,rural,4.0,media,NaN,9.0,2024-09
NaN,salamanca,NaN,norte,15.0,baja,63,NaN,NaN
2025-07-30,illapel,NaN,sur,500.0,media,25,7.0,2025-07
2024-08-26,la serena,robo,norte,18.0,alta,34,8.0,2024-08
2024-03-02,la serena,robo,norte,9.0,baja,NaN,3.0,2024-03
2025-04-22,coquimbo,violencia,norte,7.0,alta,40,4.0,2025-04
NaN,la serena,hurto,rural,3.0,baja,52,NaN,NaN
NaN,coquimbo,hurto,norte,1.0,alta,16,NaN,NaN
2024-10-01,coquimbo,fraude,rural,3.0,baja,68,10.0,2024-10
2024-01-20,andacollo,fraude,NaN,1.0,NaN,29,1.0,2024-01
2025-06-24,monte patria,fraude,NaN,5.0,baja,29,6.0,2025-06
2025-04-07,la serena,NaN,sur,11.0,baja,NaN,4.0,2025-04
NaN,illapel,robo,centro,15.0,media,35,NaN,NaN
2024-06-24,vicuna,robo,NaN,7.0,alta,40,6.0,2024-06
2024-05-26,monte patria,robo,centro,9.0,NaN,49,5.0,2024-05
2024-08-14,la serena,hurto,rural,18.0,alta,45,8.0,2024-08
NaN,la serena,robo,centro,13.0,baja,18,NaN,NaN
2025-12-09,salamanca,hurto,NaN,13.0,baja,42,12.0,2025-12
2025-05-13,monte patria,violencia,centro,NaN,alta,24,5.0,2025-05
NaN,salamanca,robo,norte,18.0,NaN,68,NaN,NaN
2024-08-30,la serena,fraude,NaN,1.0,baja,61,8.0,2024-08
2025-04-25,illapel,violencia,NaN,500.0,baja,15,4.0,2025-04
2025-08-17,ovalle,fraude,norte,5.0,NaN,30,8.0,2025-08
2025-06-26,vicuna,robo,norte,4.0,alta,54,6.0,2025-06
NaN,ovalle,violencia,sur,-3.0,baja,67,NaN,NaN
2024-03-23,illapel,NaN,sur,16.0,media,29,3.0,2024-03
2025-04-26,vicuna,robo,NaN,8.0,alta,21,4.0,2025-04
2024-01-30,vicuna,hurto,NaN,19.0,alta,45,1.0,2024-01
2024-06-23,la serena,hurto,NaN,13.0,alta,62,6.0,2024-06
2025-08-04,monte patria,hurto,rural,NaN,alta,56,8.0,2025-08
2025-08-29,vicuna,violencia,NaN,9.0,media,58,8.0,2025-08
NaN,coquimbo,accidente,NaN,13.0,baja,51,NaN,NaN
2025-08-20,la serena,robo,norte,4.0,baja,51,8.0,2025-08
2025-04-04,coquimbo,accidente,centro,9.0,baja,NaN,4.0,2025-04
2025-08-22,monte patria,fraude,norte,16.0,baja,38,8.0,2025-08
NaN,andacollo,NaN,centro,10.0,NaN,NaN,NaN,NaN
NaN,salamanca,accidente,norte,15.0,NaN,33,NaN,NaN
2025-08-13,vicuna,fraude,norte,6.0,NaN,50,8.0,2025-08
2024-12-17,monte patria,violencia,centro,12.0,alta,58,12.0,2024-12
2025-04-29,la serena,fraude,NaN,16.0,NaN,55,4.0,2025-04
2025-03-18,coquimbo,fraude,NaN,9.0,media,25,3.0,2025-03
2024-12-25,coquimbo,NaN,sur,16.0,baja,20,12.0,2024-12
NaN,coquimbo,hurto,centro,7.0,alta,30,NaN,NaN
2025-05-21,salamanca,NaN,NaN,18.0,media,41,5.0,2025-05
2025-07-06,monte patria,accidente,centro,19.0,media,63,7.0,2025-07
2025-07-19,salamanca,hurto,norte,1.0,baja,54,7.0,2025-07
2024-12-23,la serena,fraude,norte,3.0,baja,44,12.0,2024-12
2025-10-04,coquimbo,robo,sur,6.0,media,29,10.0,2025-10
NaN,monte patria,hurto,norte,7.0,alta,63,NaN,NaN
NaN,la serena,robo,sur,NaN,NaN,44,NaN,NaN
2025-05-11,ovalle,robo,sur,1.0,NaN,50,5.0,2025-05
2025-09-17,coquimbo,accidente,NaN,19.0,media,36,9.0,2025-09
NaN,coquimbo,NaN,NaN,14.0,NaN,NaN,NaN,NaN
NaN,la serena,robo,centro,3.0,alta,37,NaN,NaN
2025-06-04,la serena,violencia,centro,7.0,baja,36,6.0,2025-06
2025-11-21,coquimbo,accidente,centro,6.0,NaN,66,11.0,2025-11
2024-04-27,salamanca,robo,centro,8.0,baja,52,4.0,2024-04
2025-04-26,illapel,robo,centro,1.0,NaN,54,4.0,2025-04
2025-07-20,la serena,NaN,centro,13.0,alta,64,7.0,2025-07
2025-02-20,ovalle,robo,rural,16.0,NaN,31,2.0,2025-02
NaN,monte patria,robo,rural,4.0,NaN,49,NaN,NaN
NaN,la serena,NaN,NaN,19.0,media,NaN,NaN,NaN
NaN,coquimbo,fraude,rural,6.0,baja,48,NaN,NaN
NaN,vicuna,fraude,rural,2.0,media,34,NaN,NaN
2024-11-15,monte patria,accidente,centro,13.0,NaN,34,11.0,2024-11
2025-10-10,ovalle,NaN,centro,NaN,alta,42,10.0,2025-10
2024-04-21,ovalle,violencia,norte,5.0,alta,59,4.0,2024-04
2024-12-24,andacollo,NaN,norte,2.0,baja,25,12.0,2024-12
2025-04-05,la serena,NaN,norte,6.0,NaN,67,4.0,2025-04
2024-10-04,ovalle,hurto,rural,2.0,media,36,10.0,2024-10
2024-09-19,coquimbo,robo,rural,19.0,media,37,9.0,2024-09
2024-10-15,ovalle,NaN,NaN,5.0,alta,62,10.0,2024-10
NaN,illapel,fraude,norte,13.0,NaN,20,NaN,NaN
2025-07-07,andacollo,NaN,norte,17.0,media,15,7.0,2025-07
NaN,andacollo,robo,sur,10.0,baja,56,NaN,NaN
2024-05-29,coquimbo,robo,sur,1.0,media,46,5.0,2024-05
2024-01-24,monte patria,fraude,rural,6.0,baja,62,1.0,2024-01
2025-11-14,andacollo,hurto,sur,9.0,alta,69,11.0,2025-11
2024-09-24,la serena,fraude,centro,9.0,baja,NaN,9.0,2024-09
2025-11-26,monte patria,fraude,centro,11.0,NaN,29,11.0,2025-11
2024-06-10,monte patria,robo,NaN,5.0,baja,33,6.0,2024-06
2025-05-02,andacollo,fraude,NaN,NaN,NaN,62,5.0,2025-05
2024-09-09,coquimbo,robo,centro,11.0,baja,52,9.0,2024-09
2024-04-29,illapel,violencia,norte,18.0,alta,NaN,4.0,2024-04
2024-05-30,monte patria,robo,centro,3.0,alta,38,5.0,2024-05
2025-04-02,la serena,robo,centro,11.0,alta,63,4.0,2025-04
2025-10-27,coquimbo,fraude,rural,7.0,media,31,10.0,2025-10
2024-07-02,coquimbo,violencia,centro,4.0,baja,NaN,7.0,2024-07
2025-01-14,monte patria,accidente,NaN,3.0,baja,62,1.0,2025-01
2024-09-02,andacollo,hurto,norte,5.0,baja,35,9.0,2024-09
2025-06-18,andacollo,fraude,sur,1.0,NaN,20,6.0,2025-06
2024-04-09,vicuna,NaN,sur,17.0,alta,38,4.0,2024-04
2025-01-03,monte patria,NaN,sur,18.0,NaN,57,1.0,2025-01
2024-12-17,andacollo,robo,norte,16.0,alta,27,12.0,2024-12
2024-03-03,illapel,fraude,sur,13.0,baja,25,3.0,2024-03
2024-05-31,la serena,fraude,norte,4.0,baja,69,5.0,2024-05
2024-07-28,illapel,hurto,NaN,18.0,alta,43,7.0,2024-07
2025-09-03,ovalle,fraude,centro,NaN,baja,58,9.0,2025-09
2025-01-31,vicuna,accidente,sur,8.0,alta,17,1.0,2025-01
2024-10-02,andacollo,violencia,centro,7.0,baja,64,10.0,2024-10
2025-09-15,illapel,violencia,centro,8.0,alta,47,9.0,2025-09
2024-06-08,salamanca,NaN,norte,13.0,baja,63,6.0,2024-06
NaN,monte patria,robo,rural,14.0,alta,52,NaN,NaN
2024-07-05,illapel,robo,norte,14.0,alta,NaN,7.0,2024-07
NaN,ovalle,robo,centro,7.0,alta,44,NaN,NaN
2025-10-16,andacollo,NaN,norte,12.0,baja,29,10.0,2025-10
2025-03-24,la serena,NaN,sur,NaN,baja,26,3.0,2025-03
2025-03-30,monte patria,robo,norte,3.0,alta,42,3.0,2025-03
2025-04-28,ovalle,NaN,rural,13.0,alta,15,4.0,2025-04
2024-04-11,ovalle,NaN,centro,10.0,NaN,42,4.0,2024-04
NaN,la serena,robo,norte,13.0,baja,48,NaN,NaN
NaN,andacollo,violencia,centro,500.0,baja,50,NaN,NaN
2025-04-30,monte patria,violencia,centro,15.0,NaN,48,4.0,2025-04
2025-12-27,andacollo,fraude,NaN,NaN,baja,30,12.0,2025-12
2025-12-11,la serena,violencia,centro,7.0,media,68,12.0,2025-12
2025-04-15,andacollo,robo,NaN,13.0,alta,15,4.0,2025-04
2025-03-06,coquimbo,hurto,rural,4.0,media,57,3.0,2025-03
2025-05-21,la serena,robo,NaN,8.0,alta,50,5.0,2025-05
2025-01-25,ovalle,NaN,rural,14.0,alta,NaN,1.0,2025-01
2024-04-30,coquimbo,robo,NaN,1.0,media,20,4.0,2024-04
NaN,vicuna,hurto,norte,9.0,alta,40,NaN,NaN
NaN,ovalle,NaN,NaN,17.0,NaN,43,NaN,NaN
2024-04-18,la serena,NaN,rural,5.0,baja,47,4.0,2024-04
2025-02-18,la serena,hurto,centro,16.0,baja,18,2.0,2025-02
2025-06-03,vicuna,fraude,centro,10.0,baja,64,6.0,2025-06
2024-07-13,andacollo,robo,norte,2.0,baja,29,7.0,2024-07
2025-03-28,la serena,NaN,NaN,14.0,alta,23,3.0,2025-03
2025-01-07,monte patria,robo,centro,13.0,baja,68,1.0,2025-01
2024-05-25,monte patria,NaN,norte,12.0,alta,57,5.0,2024-05
NaN,la serena,robo,sur,12.0,baja,38,NaN,NaN
2025-10-02,la serena,NaN,sur,9.0,media,50,10.0,2025-10
2024-08-21,coquimbo,fraude,rural,11.0,alta,17,8.0,2024-08
2024-08-01,coquimbo,hurto,centro,3.0,baja,48,8.0,2024-08
2025-06-26,illapel,NaN,centro,19.0,alta,57,6.0,2025-06
2025-11-26,monte patria,robo,centro,5.0,baja,36,11.0,2025-11
NaN,coquimbo,robo,norte,10.0,NaN,59,NaN,NaN
2025-04-24,andacollo,violencia,NaN,3.0,NaN,61,4.0,2025-04
2024-05-26,andacollo,fraude,sur,15.0,NaN,14,5.0,2024-05
2024-01-31,monte patria,hurto,NaN,16.0,baja,60,1.0,2024-01
2025-04-19,coquimbo,violencia,centro,16.0,NaN,54,4.0,2025-04
2025-07-31,monte patria,hurto,NaN,6.0,NaN,25,7.0,2025-07
2024-05-07,vicuna,robo,norte,5.0,alta,51,5.0,2024-05
2024-11-20,coquimbo,robo,rural,8.0,NaN,61,11.0,2024-11
NaN,vicuna,violencia,NaN,NaN,NaN,60,NaN,NaN
2024-11-02,la serena,violencia,sur,1.0,alta,39,11.0,2024-11
2025-08-21,la serena,hurto,centro,8.0,baja,35,8.0,2025-08
2024-06-06,la serena,fraude,sur,9.0,baja,65,6.0,2024-06
2025-03-24,vicuna,accidente,centro,18.0,baja,49,3.0,2025-03
NaN,coquimbo,violencia,NaN,18.0,alta,68,NaN,NaN
2024-09-21,coquimbo,robo,rural,9.0,alta,17,9.0,2024-09
2024-12-08,andacollo,robo,centro,12.0,alta,NaN,12.0,2024-12
2024-06-03,vicuna,violencia,norte,14.0,baja,NaN,6.0,2024-06
NaN,la serena,hurto,NaN,14.0,alta,38,NaN,NaN
NaN,la serena,robo,norte,7.0,media,50,NaN,NaN
2025-02-18,salamanca,hurto,centro,1.0,baja,NaN,2.0,2025-02
2024-11-21,salamanca,accidente,NaN,4.0,alta,NaN,11.0,2024-11
2025-07-04,salamanca,NaN,centro,16.0,NaN,28,7.0,2025-07
2024-01-01,illapel,violencia,norte,2.0,media,55,1.0,2024-01
2025-08-22,vicuna,robo,NaN,18.0,alta,54,8.0,2025-08
2025-04-10,monte patria,accidente,norte,NaN,baja,55,4.0,2025-04
2025-11-20,salamanca,NaN,norte,1.0,NaN,42,11.0,2025-11
2024-12-27,la serena,hurto,sur,11.0,alta,34,12.0,2024-12
2025-12-22,monte patria,hurto,rural,13.0,baja,37,12.0,2025-12
2025-08-22,illapel,violencia,centro,NaN,alta,24,8.0,2025-08
NaN,illapel,accidente,norte,16.0,alta,39,NaN,NaN
2024-06-16,andacollo,violencia,rural,13.0,NaN,NaN,6.0,2024-06
2024-10-20,coquimbo,robo,norte,14.0,media,44,10.0,2024-10
2025-04-09,la serena,NaN,sur,12.0,alta,54,4.0,2025-04
2025-03-26,illapel,robo,norte,18.0,NaN,NaN,3.0,2025-03
2025-01-12,vicuna,robo,norte,1.0,NaN,31,1.0,2025-01
2024-12-16,monte patria,violencia,centro,11.0,baja,15,12.0,2024-12
2025-06-26,andacollo,robo,rural,3.0,alta,20,6.0,2025-06
2024-01-06,ovalle,robo,sur,12.0,alta,30,1.0,2024-01
2025-08-10,la serena,robo,norte,3.0,baja,25,8.0,2025-08
NaN,la serena,violencia,centro,NaN,NaN,67,NaN,NaN
2025-05-26,monte patria,robo,sur,9.0,alta,34,5.0,2025-05
NaN,la serena,hurto,centro,2.0,alta,66,NaN,NaN
2025-06-25,la serena,violencia,centro,17.0,NaN,66,6.0,2025-06
NaN,monte patria,robo,sur,17.0,media,41,NaN,NaN
NaN,monte patria,NaN,sur,15.0,NaN,23,NaN,NaN
NaN,coquimbo,robo,rural,-3.0,media,26,NaN,NaN
2024-06-28,vicuna,robo,sur,19.0,NaN,53,6.0,2024-06
2025-06-25,andacollo,NaN,centro,5.0,NaN,67,6.0,2025-06
2024-09-24,salamanca,hurto,norte,7.0,baja,NaN,9.0,2024-09
2024-07-27,ovalle,NaN,centro,16.0,baja,130,7.0,2024-07
2024-12-17,andacollo,NaN,sur,3.0,NaN,32,12.0,2024-12
2024-01-12,la serena,accidente,norte,NaN,NaN,35,1.0,2024-01
2025-08-02,monte patria,fraude,norte,16.0,alta,23,8.0,2025-08
2025-07-03,coquimbo,NaN,centro,10.0,baja,25,7.0,2025-07
2024-06-04,monte patria,robo,sur,15.0,media,44,6.0,2024-06
2025-06-29,monte patria,robo,norte,8.0,NaN,27,6.0,2025-06
2024-01-15,vicuna,NaN,centro,7.0,NaN,32,1.0,2024-01
2024-10-25,vicuna,NaN,sur,9.0,NaN,24,10.0,2024-10
2025-07-11,vicuna,hurto,norte,1.0,NaN,22,7.0,2025-07
2025-03-10,vicuna,robo,rural,15.0,media,55,3.0,2025-03
2025-05-15,vicuna,robo,centro,17.0,media,NaN,5.0,2025-05
2025-10-27,la serena,hurto,centro,14.0,NaN,39,10.0,2025-10
2024-05-13,andacollo,accidente,centro,2.0,baja,49,5.0,2024-05
2024-07-09,ovalle,fraude,norte,11.0,baja,65,7.0,2024-07
NaN,la serena,robo,norte,5.0,alta,27,NaN,NaN
2025-03-02,monte patria,robo,NaN,10.0,alta,46,3.0,2025-03
2024-04-27,coquimbo,violencia,norte,NaN,NaN,51,4.0,2024-04
NaN,monte patria,NaN,rural,9.0,baja,33,NaN,NaN
2025-03-24,monte patria,accidente,norte,9.0,alta,68,3.0,2025-03
2024-09-18,vicuna,NaN,rural,2.0,NaN,18,9.0,2024-09
2024-07-28,ovalle,robo,norte,18.0,baja,66,7.0,2024-07
2025-06-14,monte patria,hurto,norte,3.0,media,20,6.0,2025-06
2025-11-09,salamanca,robo,rural,1.0,alta,33,11.0,2025-11
2024-11-02,ovalle,NaN,NaN,7.0,media,19,11.0,2024-11
2025-08-14,la serena,hurto,norte,15.0,alta,37,8.0,2025-08
2025-01-15,vicuna,fraude,norte,18.0,baja,68,1.0,2025-01
2024-06-06,vicuna,violencia,centro,4.0,baja,32,6.0,2024-06
2025-11-02,monte patria,accidente,centro,12.0,NaN,58,11.0,2025-11
2024-11-14,coquimbo,robo,norte,10.0,media,36,11.0,2024-11
2024-05-24,monte patria,fraude,NaN,10.0,baja,60,5.0,2024-05
2025-04-22,vicuna,robo,centro,15.0,alta,14,4.0,2025-04
2024-09-27,vicuna,violencia,rural,13.0,media,20,9.0,2024-09
NaN,monte patria,fraude,norte,11.0,baja,65,NaN,NaN
2025-01-03,vicuna,accidente,NaN,8.0,baja,15,1.0,2025-01
2025-01-30,illapel,fraude,centro,1.0,baja,45,1.0,2025-01
2025-06-30,ovalle,NaN,norte,11.0,alta,50,6.0,2025-06
2025-08-28,coquimbo,accidente,centro,NaN,alta,37,8.0,2025-08
2025-05-14,salamanca,fraude,sur,3.0,media,17,5.0,2025-05
2025-03-24,illapel,robo,rural,3.0,alta,17,3.0,2025-03
NaN,vicuna,accidente,NaN,13.0,alta,55,NaN,NaN
2025-08-29,vicuna,robo,NaN,17.0,alta,33,8.0,2025-08
2024-02-03,coquimbo,accidente,centro,3.0,media,55,2.0,2024-02
2025-01-02,coquimbo,accidente,NaN,7.0,baja,39,1.0,2025-01
2025-07-28,coquimbo,fraude,rural,14.0,alta,65,7.0,2025-07
2025-07-20,coquimbo,hurto,norte,14.0,alta,55,7.0,2025-07
2025-10-27,vicuna,NaN,centro,1.0,media,62,10.0,2025-10
NaN,coquimbo,violencia,rural,18.0,media,41,NaN,NaN
2025-03-26,la serena,robo,centro,12.0,media,51,3.0,2025-03
2024-07-11,illapel,accidente,norte,18.0,alta,18,7.0,2024-07
2025-02-28,vicuna,hurto,NaN,15.0,baja,39,2.0,2025-02
2025-06-13,vicuna,hurto,centro,18.0,baja,NaN,6.0,2025-06
2025-08-11,coquimbo,robo,centro,14.0,media,21,8.0,2025-08
2025-06-23,ovalle,robo,centro,3.0,NaN,18,6.0,2025-06
2025-07-22,ovalle,NaN,norte,13.0,baja,49,7.0,2025-07
2024-08-03,la serena,hurto,centro,8.0,alta,35,8.0,2024-08
2025-11-23,monte patria,accidente,sur,NaN,alta,17,11.0,2025-11
2025-08-16,la serena,robo,NaN,1.0,media,36,8.0,2025-08
2025-01-21,salamanca,fraude,centro,16.0,NaN,27,1.0,2025-01
2025-11-11,andacollo,NaN,norte,18.0,NaN,29,11.0,2025-11
2024-08-30,monte patria,NaN,norte,4.0,baja,63,8.0,2024-08
2024-02-24,monte patria,fraude,sur,2.0,NaN,20,2.0,2024-02
2024-12-31,vicuna,robo,centro,13.0,NaN,NaN,12.0,2024-12
2024-12-08,ovalle,accidente,norte,1.0,baja,68,12.0,2024-12
NaN,vicuna,robo,centro,15.0,baja,37,NaN,NaN
2025-04-29,coquimbo,hurto,sur,5.0,baja,56,4.0,2025-04
2024-11-25,monte patria,NaN,norte,13.0,media,28,11.0,2024-11
2025-04-27,coquimbo,accidente,centro,7.0,NaN,54,4.0,2025-04
2024-11-09,la serena,fraude,norte,8.0,baja,66,11.0,2024-11
2025-03-26,coquimbo,accidente,sur,7.0,baja,23,3.0,2025-03
2024-01-26,monte patria,hurto,sur,13.0,alta,29,1.0,2024-01
2024-08-14,coquimbo,robo,sur,4.0,alta,29,8.0,2024-08
NaN,andacollo,violencia,rural,8.0,alta,50,NaN,NaN
NaN,la serena,accidente,sur,6.0,alta,66,NaN,NaN
2025-03-25,coquimbo,violencia,centro,5.0,baja,45,3.0,2025-03
2024-11-24,salamanca,accidente,sur,8.0,alta,56,11.0,2024-11
2025-04-16,coquimbo,fraude,sur,6.0,alta,48,4.0,2025-04
2024-04-10,monte patria,hurto,centro,NaN,baja,48,4.0,2024-04
2024-03-08,la serena,hurto,norte,18.0,baja,66,3.0,2024-03
2025-09-09,la serena,violencia,norte,15.0,baja,63,9.0,2025-09
2024-08-18,monte patria,accidente,rural,15.0,baja,46,8.0,2024-08
NaN,coquimbo,robo,rural,15.0,NaN,53,NaN,NaN
NaN,la serena,violencia,norte,13.0,alta,NaN,NaN,NaN
2024-04-03,la serena,hurto,rural,2.0,alta,41,4.0,2024-04
2024-08-11,vicuna,robo,norte,2.0,media,14,8.0,2024-08
2024-12-16,vicuna,robo,centro,5.0,alta,NaN,12.0,2024-12
2024-08-08,la serena,NaN,sur,16.0,baja,39,8.0,2024-08
NaN,coquimbo,accidente,centro,1.0,NaN,47,NaN,NaN
NaN,coquimbo,robo,sur,14.0,media,14,NaN,NaN
NaN,la serena,NaN,centro,NaN,NaN,65,NaN,NaN
2024-05-08,la serena,NaN,NaN,12.0,NaN,60,5.0,2024-05
2025-05-22,salamanca,accidente,NaN,3.0,alta,28,5.0,2025-05
2025-11-11,monte patria,robo,centro,4.0,alta,35,11.0,2025-11
NaN,andacollo,robo,rural,15.0,NaN,130,NaN,NaN
2025-09-29,la serena,accidente,norte,12.0,alta,51,9.0,2025-09
2025-09-25,la serena,robo,NaN,19.0,NaN,47,9.0,2025-09
NaN,ovalle,hurto,norte,16.0,NaN,51,NaN,NaN
2025-10-24,ovalle,hurto,norte,7.0,NaN,68,10.0,2025-10
2025-02-08,la serena,accidente,centro,12.0,alta,NaN,2.0,2025-02
NaN,andacollo,hurto,centro,15.0,alta,43,NaN,NaN
2025-12-30,la serena,robo,sur,9.0,baja,59,12.0,2025-12
2024-09-18,monte patria,accidente,NaN,8.0,media,15,9.0,2024-09
2025-11-13,andacollo,robo,norte,10.0,NaN,52,11.0,2025-11
2024-01-02,vicuna,violencia,norte,19.0,alta,52,1.0,2024-01
2025-08-24,coquimbo,violencia,norte,4.0,alta,49,8.0,2025-08
2024-11-01,monte patria,NaN,centro,10.0,alta,14,11.0,2024-11
2025-11-01,salamanca,violencia,norte,16.0,alta,37,11.0,2025-11
2025-06-12,ovalle,robo,rural,2.0,media,61,6.0,2025-06
2024-02-07,la serena,robo,sur,11.0,NaN,31,2.0,2024-02
NaN,salamanca,hurto,sur,12.0,baja,42,NaN,NaN
2024-02-20,coquimbo,accidente,norte,13.0,NaN,25,2.0,2024-02
2024-12-07,salamanca,robo,sur,1.0,alta,60,12.0,2024-12
2025-05-08,ovalle,NaN,centro,NaN,baja,60,5.0,2025-05
2024-12-17,andacollo,fraude,centro,8.0,media,41,12.0,2024-12
2025-04-29,salamanca,accidente,norte,19.0,alta,49,4.0,2025-04
2025-07-08,la serena,fraude,norte,12.0,baja,41,7.0,2025-07
2024-09-20,monte patria,robo,centro,13.0,alta,43,9.0,2024-09
2024-12-15,andacollo,robo,norte,12.0,baja,18,12.0,2024-12
NaN,coquimbo,robo,norte,19.0,media,38,NaN,NaN
2025-12-06,coquimbo,NaN,norte,1.0,baja,63,12.0,2025-12
2024-04-04,illapel,fraude,centro,18.0,baja,57,4.0,2024-04
2025-05-14,la serena,violencia,rural,19.0,baja,22,5.0,2025-05
2024-11-24,salamanca,fraude,NaN,7.0,baja,44,11.0,2024-11
2024-07-22,la serena,NaN,rural,11.0,baja,43,7.0,2024-07
2024-06-05,salamanca,violencia,sur,16.0,media,31,6.0,2024-06
2025-05-31,monte patria,accidente,norte,18.0,media,46,5.0,2025-05
NaN,la serena,NaN,centro,17.0,media,28,NaN,NaN
2025-04-20,salamanca,fraude,centro,2.0,media,69,4.0,2025-04
2025-03-21,monte patria,fraude,sur,3.0,alta,40,3.0,2025-03
NaN,salamanca,accidente,norte,16.0,NaN,39,NaN,NaN
2025-06-29,la serena,violencia,rural,2.0,alta,26,6.0,2025-06
2024-12-07,andacollo,accidente,sur,3.0,NaN,69,12.0,2024-12
2024-01-08,coquimbo,hurto,rural,12.0,baja,46,1.0,2024-01
2024-09-04,ovalle,accidente,sur,5.0,alta,53,9.0,2024-09
2025-04-23,ovalle,robo,centro,7.0,baja,29,4.0,2025-04
2024-09-22,andacollo,NaN,norte,14.0,alta,59,9.0,2024-09
2024-09-27,la serena,NaN,sur,NaN,NaN,15,9.0,2024-09
NaN,illapel,NaN,norte,2.0,baja,34,NaN,NaN
2025-02-13,monte patria,accidente,NaN,7.0,media,NaN,2.0,2025-02
2025-04-09,monte patria,robo,centro,9.0,baja,65,4.0,2025-04
2024-01-24,la serena,robo,NaN,4.0,alta,65,1.0,2024-01
2024-08-04,la serena,hurto,norte,18.0,NaN,49,8.0,2024-08
2025-12-06,monte patria,accidente,norte,2.0,alta,19,12.0,2025-12
2024-08-10,coquimbo,robo,sur,NaN,alta,41,8.0,2024-08
2024-06-07,ovalle,fraude,sur,14.0,alta,62,6.0,2024-06
2024-09-01,vicuna,robo,centro,11.0,alta,27,9.0,2024-09
2025-09-14,la serena,robo,NaN,3.0,baja,31,9.0,2025-09
2025-01-31,monte patria,fraude,norte,10.0,alta,49,1.0,2025-01
2024-09-09,monte patria,accidente,norte,14.0,alta,62,9.0,2024-09
2024-02-23,coquimbo,robo,sur,16.0,baja,39,2.0,2024-02
2024-08-03,la serena,robo,centro,10.0,alta,20,8.0,2024-08
2024-03-23,ovalle,hurto,NaN,15.0,baja,NaN,3.0,2024-03
2025-10-12,andacollo,robo,norte,7.0,baja,55,10.0,2025-10
2024-04-09,vicuna,accidente,norte,14.0,baja,NaN,4.0,2024-04
2024-02-14,salamanca,violencia,NaN,5.0,alta,NaN,2.0,2024-02
2025-08-15,coquimbo,NaN,norte,9.0,baja,16,8.0,2025-08
2025-11-11,vicuna,fraude,centro,15.0,alta,30,11.0,2025-11
2024-07-12,andacollo,fraude,centro,1.0,baja,44,7.0,2024-07
NaN,illapel,NaN,centro,16.0,baja,65,NaN,NaN
NaN,andacollo,hurto,norte,15.0,alta,67,NaN,NaN
2024-07-16,la serena,NaN,norte,NaN,media,37,7.0,2024-07
2025-09-13,ovalle,robo,sur,12.0,NaN,NaN,9.0,2025-09
2024-05-20,ovalle,violencia,sur,16.0,alta,23,5.0,2024-05
NaN,monte patria,accidente,rural,15.0,baja,57,NaN,NaN
NaN,andacollo,hurto,sur,13.0,NaN,45,NaN,NaN
2024-10-09,vicuna,fraude,sur,6.0,alta,22,10.0,2024-10
2025-05-08,la serena,hurto,centro,12.0,alta,45,5.0,2025-05
2024-07-06,ovalle,violencia,norte,6.0,alta,35,7.0,2024-07
2024-02-01,salamanca,violencia,norte,13.0,alta,51,2.0,2024-02
2024-06-13,andacollo,hurto,NaN,14.0,baja,47,6.0,2024-06
NaN,coquimbo,hurto,centro,11.0,baja,16,NaN,NaN
2025-12-06,vicuna,NaN,norte,10.0,alta,35,12.0,2025-12
2024-08-12,ovalle,hurto,sur,10.0,NaN,17,8.0,2024-08
NaN,illapel,NaN,centro,12.0,media,18,NaN,NaN
2025-04-02,la serena,hurto,centro,9.0,baja,59,4.0,2025-04
2025-01-25,illapel,robo,norte,8.0,baja,42,1.0,2025-01
2025-06-17,la serena,fraude,norte,18.0,NaN,20,6.0,2025-06
2024-10-19,ovalle,NaN,centro,4.0,baja,31,10.0,2024-10
NaN,coquimbo,robo,rural,8.0,alta,NaN,NaN,NaN
NaN,coquimbo,violencia,NaN,5.0,alta,35,NaN,NaN
2025-04-03,coquimbo,NaN,centro,17.0,baja,NaN,4.0,2025-04
2025-09-02,vicuna,robo,rural,18.0,baja,61,9.0,2025-09
2025-01-23,la serena,NaN,norte,18.0,alta,17,1.0,2025-01
2024-03-14,coquimbo,NaN,rural,11.0,NaN,53,3.0,2024-03
2025-08-06,coquimbo,robo,norte,13.0,baja,37,8.0,2025-08
2024-10-22,ovalle,NaN,rural,4.0,baja,30,10.0,2024-10
NaN,monte patria,robo,NaN,6.0,NaN,15,NaN,NaN
2024-08-07,coquimbo,robo,sur,13.0,NaN,54,8.0,2024-08
2024-08-13,la serena,hurto,centro,13.0,baja,25,8.0,2024-08
2025-04-05,la serena,violencia,sur,NaN,baja,67,4.0,2025-04
2025-04-10,ovalle,robo,norte,11.0,NaN,41,4.0,2025-04
2024-12-27,ovalle,hurto,norte,NaN,alta,45,12.0,2024-12
NaN,ovalle,robo,norte,5.0,media,31,NaN,NaN
2025-09-01,illapel,fraude,norte,1.0,alta,65,9.0,2025-09
2025-03-10,coquimbo,fraude,NaN,15.0,baja,43,3.0,2025-03
2025-11-07,coquimbo,hurto,centro,2.0,NaN,14,11.0,2025-11
2024-07-27,illapel,fraude,rural,6.0,alta,18,7.0,2024-07
2025-02-08,coquimbo,fraude,centro,15.0,alta,53,2.0,2025-02
2025-12-02,vicuna,accidente,sur,4.0,baja,57,12.0,2025-12
2025-05-11,coquimbo,violencia,centro,2.0,NaN,28,5.0,2025-05
2025-02-05,illapel,NaN,centro,17.0,alta,63,2.0,2025-02
2024-09-11,salamanca,fraude,centro,17.0,NaN,14,9.0,2024-09
2024-09-13,la serena,robo,sur,10.0,alta,60,9.0,2024-09
2025-06-02,monte patria,robo,norte,NaN,baja,47,6.0,2025-06
2024-10-04,ovalle,hurto,NaN,18.0,alta,39,10.0,2024-10
2024-11-18,coquimbo,robo,centro,6.0,media,68,11.0,2024-11
2024-07-31,vicuna,robo,centro,19.0,NaN,37,7.0,2024-07
2024-08-08,coquimbo,robo,sur,6.0,NaN,NaN,8.0,2024-08
NaN,coquimbo,accidente,norte,15.0,media,37,NaN,NaN
2024-09-22,la serena,fraude,centro,17.0,alta,36,9.0,2024-09
2025-10-03,vicuna,violencia,centro,6.0,alta,38,10.0,2025-10
2024-07-10,salamanca,violencia,centro,6.0,NaN,19,7.0,2024-07
2024-09-08,la serena,hurto,NaN,11.0,alta,21,9.0,2024-09
2025-08-05,andacollo,robo,sur,10.0,baja,27,8.0,2025-08
2024-03-23,la serena,accidente,centro,NaN,baja,32,3.0,2024-03
2025-04-04,monte patria,hurto,centro,14.0,alta,66,4.0,2025-04
NaN,coquimbo,hurto,norte,9.0,NaN,17,NaN,NaN
2025-09-29,monte patria,robo,NaN,12.0,alta,35,9.0,2025-09
2025-10-10,coquimbo,fraude,rural,18.0,NaN,49,10.0,2025-10
2024-08-04,ovalle,robo,norte,7.0,NaN,52,8.0,2024-08
2025-10-13,ovalle,hurto,centro,2.0,media,27,10.0,2025-10
2024-01-16,vicuna,violencia,NaN,NaN,baja,37,1.0,2024-01
NaN,monte patria,accidente,centro,3.0,baja,21,NaN,NaN
NaN,monte patria,accidente,rural,-3.0,alta,58,NaN,NaN
2024-11-14,monte patria,violencia,NaN,6.0,NaN,41,11.0,2024-11
NaN,monte patria,accidente,NaN,10.0,alta,28,NaN,NaN
2025-05-27,vicuna,NaN,centro,8.0,alta,50,5.0,2025-05
2024-08-19,coquimbo,fraude,rural,15.0,baja,34,8.0,2024-08
2025-01-10,monte patria,fraude,centro,19.0,alta,40,1.0,2025-01
2025-07-26,illapel,fraude,NaN,6.0,alta,14,7.0,2025-07
2024-11-04,salamanca,NaN,norte,4.0,baja,21,11.0,2024-11
2024-12-25,coquimbo,fraude,sur,8.0,alta,61,12.0,2024-12
2024-07-21,coquimbo,NaN,norte,7.0,alta,64,7.0,2024-07
NaN,coquimbo,robo,centro,16.0,NaN,52,NaN,NaN
NaN,andacollo,fraude,centro,8.0,baja,39,NaN,NaN
2024-01-23,salamanca,violencia,NaN,5.0,alta,52,1.0,2024-01
2025-01-19,ovalle,violencia,rural,16.0,alta,32,1.0,2025-01
2025-09-26,vicuna,NaN,sur,15.0,NaN,66,9.0,2025-09
NaN,la serena,robo,norte,9.0,NaN,48,NaN,NaN
NaN,monte patria,NaN,rural,10.0,alta,64,NaN,NaN
2024-05-10,salamanca,violencia,NaN,19.0,NaN,42,5.0,2024-05
2025-02-26,la serena,accidente,centro,13.0,media,61,2.0,2025-02
2024-03-12,vicuna,robo,rural,NaN,media,NaN,3.0,2024-03
2024-10-21,la serena,accidente,NaN,5.0,alta,NaN,10.0,2024-10
2024-08-17,salamanca,accidente,norte,3.0,media,61,8.0,2024-08
2024-01-06,ovalle,NaN,norte,3.0,baja,44,1.0,2024-01
2024-01-21,la serena,accidente,rural,2.0,baja,26,1.0,2024-01
2025-12-21,vicuna,accidente,sur,13.0,NaN,66,12.0,2025-12
2024-09-24,andacollo,NaN,sur,11.0,alta,20,9.0,2024-09
2024-04-19,salamanca,robo,centro,1.0,baja,60,4.0,2024-04
2024-01-12,illapel,NaN,rural,3.0,NaN,63,1.0,2024-01
2025-07-23,monte patria,robo,norte,4.0,NaN,NaN,7.0,2025-07
2025-05-07,la serena,NaN,centro,3.0,media,31,5.0,2025-05
NaN,la serena,accidente,rural,13.0,media,52,NaN,NaN
2024-02-11,vicuna,robo,rural,18.0,media,38,2.0,2024-02
NaN,coquimbo,accidente,NaN,5.0,baja,NaN,NaN,NaN
2025-10-04,monte patria,accidente,centro,18.0,baja,50,10.0,2025-10
2024-11-01,la serena,NaN,norte,NaN,NaN,35,11.0,2024-11
2024-07-25,illapel,NaN,centro,7.0,media,25,7.0,2024-07
2024-03-11,la serena,NaN,NaN,15.0,baja,40,3.0,2024-03
2024-05-03,coquimbo,violencia,rural,16.0,alta,43,5.0,2024-05
NaN,illapel,robo,centro,6.0,alta,22,NaN,NaN
NaN,vicuna,NaN,sur,5.0,media,14,NaN,NaN
2024-01-23,la serena,hurto,norte,14.0,media,14,1.0,2024-01
2024-04-11,monte patria,accidente,norte,NaN,NaN,47,4.0,2024-04
2024-03-03,coquimbo,accidente,norte,14.0,baja,56,3.0,2024-03
2025-08-15,coquimbo,robo,centro,4.0,baja,NaN,8.0,2025-08
2025-04-11,salamanca,robo,sur,12.0,baja,15,4.0,2025-04
2024-01-18,la serena,robo,norte,8.0,baja,NaN,1.0,2024-01
NaN,vicuna,hurto,rural,7.0,baja,62,NaN,NaN
2024-11-12,ovalle,accidente,sur,15.0,NaN,68,11.0,2024-11
2024-03-21,ovalle,robo,rural,13.0,baja,44,3.0,2024-03
2024-03-07,vicuna,robo,centro,7.0,media,28,3.0,2024-03
2024-02-24,monte patria,fraude,sur,3.0,NaN,59,2.0,2024-02
2025-08-17,vicuna,NaN,centro,18.0,baja,58,8.0,2025-08
NaN,andacollo,NaN,norte,16.0,media,20,NaN,NaN
2024-03-23,andacollo,NaN,centro,16.0,media,16,3.0,2024-03
2025-02-11,coquimbo,NaN,norte,9.0,baja,30,2.0,2025-02
2024-02-18,la serena,violencia,rural,11.0,alta,18,2.0,2024-02
2025-12-31,ovalle,violencia,norte,18.0,NaN,38,12.0,2025-12
2024-10-14,ovalle,hurto,centro,5.0,alta,26,10.0,2024-10
NaN,la serena,hurto,norte,8.0,alta,61,NaN,NaN
2024-02-24,coquimbo,NaN,centro,13.0,NaN,44,2.0,2024-02
2024-01-31,coquimbo,violencia,norte,16.0,alta,29,1.0,2024-01
2024-03-18,la serena,hurto,sur,4.0,alta,39,3.0,2024-03
2025-01-03,la serena,violencia,rural,NaN,alta,32,1.0,2025-01
2025-09-16,monte patria,robo,centro,4.0,baja,NaN,9.0,2025-09
2025-03-03,la serena,NaN,centro,12.0,alta,35,3.0,2025-03
2025-10-13,monte patria,NaN,rural,9.0,alta,24,10.0,2025-10
2024-05-02,coquimbo,robo,sur,17.0,NaN,40,5.0,2024-05
2025-11-29,vicuna,NaN,rural,8.0,alta,23,11.0,2025-11
2025-02-16,ovalle,accidente,sur,NaN,alta,65,2.0,2025-02
2024-03-06,la serena,hurto,centro,10.0,alta,42,3.0,2024-03
2025-10-18,andacollo,NaN,NaN,15.0,baja,NaN,10.0,2025-10
NaN,salamanca,NaN,norte,NaN,alta,68,NaN,NaN
2025-06-17,andacollo,accidente,sur,16.0,media,37,6.0,2025-06
2024-09-01,monte patria,violencia,sur,10.0,baja,39,9.0,2024-09
NaN,la serena,robo,centro,NaN,media,24,NaN,NaN
2024-01-03,monte patria,fraude,sur,18.0,baja,59,1.0,2024-01
NaN,illapel,accidente,norte,8.0,baja,66,NaN,NaN
NaN,illapel,NaN,NaN,19.0,alta,21,NaN,NaN
2025-11-20,ovalle,accidente,rural,8.0,alta,NaN,11.0,2025-11
NaN,illapel,violencia,sur,NaN,alta,62,NaN,NaN
2025-06-19,monte patria,violencia,rural,5.0,alta,49,6.0,2025-06
2024-09-09,monte patria,NaN,NaN,19.0,alta,38,9.0,2024-09
2024-08-10,ovalle,robo,norte,17.0,baja,23,8.0,2024-08
2024-03-19,ovalle,robo,sur,NaN,alta,53,3.0,2024-03
NaN,andacollo,robo,norte,4.0,NaN,52,NaN,NaN
2025-04-16,la serena,robo,norte,1.0,baja,23,4.0,2025-04
2025-10-01,monte patria,robo,NaN,14.0,alta,19,10.0,2025-10
NaN,vicuna,NaN,centro,12.0,NaN,14,NaN,NaN
2025-11-13,monte patria,robo,norte,5.0,baja,40,11.0,2025-11
2025-10-16,andacollo,robo,sur,1.0,baja,19,10.0,2025-10
NaN,la serena,accidente,centro,6.0,baja,23,NaN,NaN
2025-08-17,la serena,robo,rural,6.0,NaN,14,8.0,2025-08
NaN,coquimbo,robo,NaN,16.0,media,NaN,NaN,NaN
NaN,coquimbo,accidente,centro,4.0,NaN,67,NaN,NaN
2024-01-12,la serena,NaN,norte,10.0,baja,62,1.0,2024-01
2025-04-07,la serena,robo,centro,13.0,baja,21,4.0,2025-04
2025-04-12,monte patria,NaN,norte,5.0,NaN,59,4.0,2025-04
2025-01-08,monte patria,accidente,norte,19.0,NaN,18,1.0,2025-01
2025-07-22,la serena,robo,centro,19.0,NaN,NaN,7.0,2025-07
2024-06-29,ovalle,violencia,sur,15.0,alta,34,6.0,2024-06
2025-08-23,andacollo,robo,norte,16.0,alta,55,8.0,2025-08
2025-02-28,coquimbo,robo,rural,2.0,NaN,37,2.0,2025-02
2025-02-02,la serena,hurto,sur,NaN,baja,67,2.0,2025-02
2024-07-23,ovalle,robo,sur,16.0,media,45,7.0,2024-07
2025-10-07,coquimbo,fraude,rural,14.0,alta,23,10.0,2025-10
NaN,la serena,robo,sur,5.0,media,34,NaN,NaN
2025-01-28,monte patria,violencia,rural,17.0,NaN,38,1.0,2025-01
2024-06-16,la serena,robo,norte,8.0,alta,63,6.0,2024-06
2025-04-20,vicuna,accidente,centro,3.0,baja,23,4.0,2025-04
2024-12-23,illapel,accidente,norte,12.0,NaN,45,12.0,2024-12
NaN,monte patria,robo,centro,NaN,media,67,NaN,NaN
2024-03-01,monte patria,violencia,centro,3.0,NaN,28,3.0,2024-03
NaN,la serena,robo,sur,7.0,baja,63,NaN,NaN
2025-11-05,la serena,hurto,norte,10.0,NaN,21,11.0,2025-11
2024-09-29,ovalle,NaN,norte,18.0,baja,14,9.0,2024-09
2024-06-28,la serena,violencia,centro,NaN,baja,44,6.0,2024-06
2025-05-20,la serena,robo,sur,4.0,media,37,5.0,2025-05
NaN,monte patria,violencia,NaN,11.0,alta,66,NaN,NaN
2025-09-08,la serena,violencia,rural,17.0,media,24,9.0,2025-09
2025-01-25,ovalle,robo,NaN,3.0,alta,43,1.0,2025-01
2024-02-21,la serena,NaN,norte,4.0,baja,69,2.0,2024-02
2024-09-23,la serena,NaN,centro,17.0,NaN,50,9.0,2024-09
2024-11-15,la serena,hurto,norte,6.0,media,67,11.0,2024-11
2024-04-04,coquimbo,hurto,centro,4.0,baja,25,4.0,2024-04
2025-02-04,monte patria,fraude,NaN,17.0,baja,42,2.0,2025-02
2025-11-13,coquimbo,accidente,centro,7.0,alta,15,11.0,2025-11
2024-06-08,monte patria,fraude,sur,18.0,alta,27,6.0,2024-06
2025-12-03,vicuna,violencia,norte,4.0,alta,41,12.0,2025-12
2024-07-26,la serena,violencia,centro,14.0,NaN,NaN,7.0,2024-07
2025-10-13,vicuna,NaN,rural,5.0,baja,63,10.0,2025-10
2025-08-10,illapel,robo,centro,16.0,alta,59,8.0,2025-08
2024-08-29,la serena,accidente,NaN,3.0,NaN,52,8.0,2024-08
2024-10-06,vicuna,robo,norte,10.0,alta,17,10.0,2024-10
2024-07-18,monte patria,violencia,norte,14.0,NaN,31,7.0,2024-07
2024-10-13,ovalle,violencia,rural,17.0,alta,41,10.0,2024-10
2024-02-22,coquimbo,accidente,centro,17.0,media,47,2.0,2024-02
2024-07-06,vicuna,violencia,sur,NaN,baja,NaN,7.0,2024-07
2025-03-19,monte patria,robo,centro,19.0,media,51,3.0,2025-03
2025-04-13,vicuna,robo,rural,1.0,alta,60,4.0,2025-04
2025-09-11,monte patria,violencia,centro,5.0,alta,54,9.0,2025-09
2024-04-27,monte patria,fraude,centro,3.0,alta,47,4.0,2024-04
2024-07-10,coquimbo,NaN,sur,2.0,media,34,7.0,2024-07
2025-09-28,vicuna,hurto,norte,4.0,baja,26,9.0,2025-09
2025-05-03,salamanca,hurto,centro,18.0,NaN,40,5.0,2025-05
2024-09-10,la serena,violencia,rural,18.0,alta,NaN,9.0,2024-09
2025-10-11,la serena,accidente,centro,4.0,baja,38,10.0,2025-10
2025-01-13,la serena,hurto,norte,NaN,media,17,1.0,2025-01
2024-07-05,illapel,violencia,centro,14.0,alta,68,7.0,2024-07
2024-12-22,coquimbo,violencia,NaN,14.0,baja,64,12.0,2024-12
2024-05-16,andacollo,NaN,NaN,NaN,media,28,5.0,2024-05
2024-05-05,vicuna,violencia,norte,2.0,alta,56,5.0,2024-05
2025-02-02,coquimbo,robo,norte,11.0,NaN,56,2.0,2025-02
2024-08-22,vicuna,hurto,sur,9.0,baja,22,8.0,2024-08
2024-05-17,vicuna,NaN,rural,11.0,NaN,42,5.0,2024-05
2024-01-25,coquimbo,fraude,NaN,10.0,baja,43,1.0,2024-01
2024-08-19,ovalle,accidente,NaN,17.0,alta,15,8.0,2024-08
2025-03-23,salamanca,violencia,norte,6.0,NaN,37,3.0,2025-03
2024-11-06,ovalle,robo,norte,7.0,alta,44,11.0,2024-11
2024-10-09,la serena,robo,norte,7.0,alta,62,10.0,2024-10
NaN,ovalle,violencia,sur,4.0,baja,51,NaN,NaN
2025-12-14,ovalle,hurto,centro,17.0,NaN,52,12.0,2025-12
NaN,la serena,accidente,sur,18.0,baja,34,NaN,NaN
2024-04-03,monte patria,fraude,norte,14.0,baja,43,4.0,2024-04
2024-07-19,coquimbo,NaN,sur,14.0,baja,66,7.0,2024-07
2024-06-04,vicuna,robo,rural,NaN,baja,53,6.0,2024-06
2025-02-11,ovalle,fraude,norte,NaN,media,35,2.0,2025-02
2024-05-09,coquimbo,fraude,norte,14.0,media,NaN,5.0,2024-05
2024-07-20,la serena,robo,rural,18.0,baja,25,7.0,2024-07
NaN,la serena,fraude,sur,NaN,alta,49,NaN,NaN
2024-11-02,illapel,violencia,norte,2.0,baja,27,11.0,2024-11
2024-04-16,vicuna,accidente,sur,11.0,NaN,37,4.0,2024-04
NaN,coquimbo,accidente,norte,16.0,alta,39,NaN,NaN
2025-06-19,vicuna,violencia,norte,13.0,baja,28,6.0,2025-06
2025-03-08,vicuna,violencia,centro,8.0,media,NaN,3.0,2025-03
2025-11-17,coquimbo,hurto,NaN,4.0,baja,59,11.0,2025-11
2024-01-07,la serena,NaN,centro,17.0,media,35,1.0,2024-01
2025-08-07,ovalle,violencia,centro,17.0,media,30,8.0,2025-08
2025-02-11,vicuna,NaN,centro,9.0,media,39,2.0,2025-02
2025-05-31,coquimbo,fraude,sur,18.0,alta,53,5.0,2025-05
2024-10-17,monte patria,robo,norte,19.0,alta,59,10.0,2024-10
2025-01-08,vicuna,NaN,norte,17.0,media,55,1.0,2025-01
2024-04-25,andacollo,NaN,NaN,18.0,baja,21,4.0,2024-04
2025-09-05,monte patria,robo,norte,14.0,alta,68,9.0,2025-09
2025-10-25,la serena,robo,NaN,9.0,NaN,62,10.0,2025-10
2024-04-03,andacollo,robo,sur,6.0,NaN,44,4.0,2024-04
2024-07-02,andacollo,NaN,NaN,11.0,baja,14,7.0,2024-07
2025-01-23,andacollo,fraude,centro,14.0,alta,32,1.0,2025-01
2024-03-13,ovalle,robo,rural,11.0,baja,45,3.0,2024-03
2025-09-08,monte patria,robo,NaN,16.0,alta,45,9.0,2025-09
NaN,ovalle,violencia,rural,8.0,alta,66,NaN,NaN
2025-08-08,ovalle,accidente,norte,15.0,alta,NaN,8.0,2025-08
2025-10-02,la serena,NaN,sur,16.0,alta,32,10.0,2025-10
2025-07-19,vicuna,violencia,centro,NaN,NaN,17,7.0,2025-07
2024-11-22,la serena,robo,norte,2.0,alta,15,11.0,2024-11
2025-06-28,ovalle,fraude,sur,12.0,alta,53,6.0,2025-06
2024-09-08,ovalle,NaN,centro,18.0,NaN,62,9.0,2024-09
2025-01-12,monte patria,robo,rural,1.0,alta,57,1.0,2025-01
2024-04-05,illapel,fraude,NaN,19.0,baja,NaN,4.0,2024-04
2024-12-26,ovalle,robo,norte,16.0,media,45,12.0,2024-12
2025-07-16,la serena,NaN,norte,4.0,alta,52,7.0,2025-07
NaN,illapel,hurto,rural,2.0,baja,59,NaN,NaN
2025-11-20,la serena,hurto,norte,13.0,media,44,11.0,2025-11
2024-02-09,ovalle,NaN,sur,6.0,media,34,2.0,2024-02
2025-07-16,la serena,violencia,centro,7.0,NaN,19,7.0,2025-07
2024-07-26,illapel,NaN,centro,8.0,media,35,7.0,2024-07
2025-02-26,la serena,fraude,sur,15.0,alta,54,2.0,2025-02
2025-08-04,la serena,NaN,norte,8.0,alta,56,8.0,2025-08
2024-06-18,monte patria,hurto,centro,15.0,alta,37,6.0,2024-06
2025-03-25,monte patria,hurto,rural,19.0,alta,NaN,3.0,2025-03
NaN,la serena,NaN,norte,NaN,baja,59,NaN,NaN
2024-08-04,monte patria,accidente,rural,9.0,NaN,42,8.0,2024-08
2024-05-09,la serena,fraude,rural,6.0,alta,41,5.0,2024-05
2024-04-15,monte patria,robo,rural,4.0,media,49,4.0,2024-04
2024-10-15,illapel,hurto,rural,8.0,alta,17,10.0,2024-10
2024-03-14,andacollo,hurto,norte,10.0,alta,22,3.0,2024-03
NaN,andacollo,violencia,sur,6.0,alta,34,NaN,NaN
2025-05-29,monte patria,violencia,NaN,15.0,NaN,43,5.0,2025-05
2025-12-21,monte patria,fraude,rural,3.0,NaN,59,12.0,2025-12
2025-06-29,coquimbo,NaN,centro,NaN,baja,NaN,6.0,2025-06
NaN,la serena,hurto,sur,13.0,alta,53,NaN,NaN
2025-04-01,ovalle,accidente,rural,8.0,baja,35,4.0,2025-04
2025-02-11,monte patria,accidente,norte,NaN,alta,36,2.0,2025-02
2024-11-20,la serena,NaN,rural,4.0,NaN,38,11.0,2024-11
2024-08-06,ovalle,fraude,norte,9.0,baja,17,8.0,2024-08
2025-11-09,la serena,accidente,norte,10.0,baja,29,11.0,2025-11
2025-05-01,ovalle,accidente,rural,7.0,alta,25,5.0,2025-05
2025-01-28,coquimbo,hurto,centro,14.0,alta,NaN,1.0,2025-01
2025-07-12,illapel,fraude,NaN,13.0,media,NaN,7.0,2025-07
2024-05-31,ovalle,hurto,rural,6.0,baja,26,5.0,2024-05
NaN,la serena,NaN,NaN,6.0,NaN,41,NaN,NaN
2024-03-12,vicuna,hurto,rural,8.0,baja,15,3.0,2024-03
NaN,ovalle,accidente,centro,3.0,alta,17,NaN,NaN
2024-09-17,salamanca,NaN,centro,4.0,alta,69,9.0,2024-09
2025-12-07,la serena,robo,NaN,10.0,baja,51,12.0,2025-12
NaN,coquimbo,NaN,sur,NaN,media,21,NaN,NaN
2025-02-18,ovalle,fraude,sur,5.0,alta,54,2.0,2025-02
2024-06-26,coquimbo,robo,centro,5.0,alta,31,6.0,2024-06
2025-11-06,la serena,hurto,sur,NaN,alta,NaN,11.0,2025-11
2025-03-20,monte patria,violencia,norte,10.0,alta,31,3.0,2025-03
2025-10-14,la serena,fraude,rural,4.0,NaN,65,10.0,2025-10
2024-11-04,vicuna,robo,centro,13.0,baja,20,11.0,2024-11
NaN,monte patria,robo,centro,7.0,baja,NaN,NaN,NaN
2024-10-07,coquimbo,fraude,centro,18.0,media,43,10.0,2024-10
2024-10-26,coquimbo,NaN,centro,5.0,NaN,42,10.0,2024-10
NaN,la serena,NaN,sur,1.0,alta,36,NaN,NaN
2024-06-07,coquimbo,robo,norte,6.0,media,68,6.0,2024-06
2024-11-24,salamanca,fraude,sur,16.0,NaN,17,11.0,2024-11
2025-03-28,ovalle,accidente,norte,11.0,NaN,68,3.0,2025-03
2024-10-13,illapel,NaN,NaN,14.0,NaN,32,10.0,2024-10
2025-04-12,la serena,violencia,norte,NaN,media,64,4.0,2025-04
2024-10-23,la serena,violencia,NaN,2.0,media,63,10.0,2024-10
2025-10-05,coquimbo,accidente,NaN,13.0,baja,21,10.0,2025-10
2024-12-19,vicuna,NaN,NaN,17.0,NaN,57,12.0,2024-12
2024-10-20,la serena,hurto,sur,10.0,media,16,10.0,2024-10
NaN,illapel,accidente,centro,5.0,NaN,23,NaN,NaN
2025-04-19,salamanca,violencia,sur,9.0,alta,NaN,4.0,2025-04
2025-06-10,andacollo,hurto,centro,9.0,alta,14,6.0,2025-06
2024-11-03,andacollo,accidente,NaN,17.0,NaN,19,11.0,2024-11
2024-06-30,coquimbo,hurto,centro,4.0,media,44,6.0,2024-06
2024-08-18,coquimbo,hurto,centro,7.0,baja,49,8.0,2024-08
NaN,coquimbo,fraude,NaN,5.0,alta,56,NaN,NaN
2025-07-12,ovalle,hurto,rural,10.0,NaN,46,7.0,2025-07
2024-04-09,salamanca,robo,rural,5.0,media,50,4.0,2024-04
2024-11-16,monte patria,hurto,centro,18.0,media,49,11.0,2024-11
2025-04-11,la serena,accidente,centro,17.0,baja,19,4.0,2025-04
NaN,vicuna,accidente,NaN,19.0,NaN,23,NaN,NaN
NaN,la serena,violencia,norte,13.0,baja,14,NaN,NaN
2024-07-15,salamanca,hurto,norte,4.0,NaN,48,7.0,2024-07
2024-07-25,ovalle,accidente,centro,11.0,baja,47,7.0,2024-07
2025-09-20,vicuna,violencia,norte,9.0,alta,28,9.0,2025-09
NaN,salamanca,violencia,norte,12.0,NaN,50,NaN,NaN
2025-07-27,ovalle,hurto,rural,11.0,NaN,56,7.0,2025-07
2025-08-13,illapel,NaN,NaN,3.0,alta,20,8.0,2025-08
2025-02-06,la serena,robo,rural,10.0,baja,41,2.0,2025-02
2025-02-11,salamanca,violencia,centro,8.0,NaN,56,2.0,2025-02
2025-09-27,monte patria,accidente,norte,7.0,baja,56,9.0,2025-09
2025-04-07,ovalle,robo,sur,9.0,alta,62,4.0,2025-04
NaN,la serena,fraude,rural,11.0,alta,66,NaN,NaN
2025-08-23,coquimbo,robo,rural,11.0,NaN,59,8.0,2025-08
2025-07-18,illapel,robo,centro,11.0,media,17,7.0,2025-07
2024-12-11,ovalle,robo,centro,6.0,baja,64,12.0,2024-12
2025-10-21,salamanca,accidente,norte,11.0,media,29,10.0,2025-10
2025-06-23,illapel,violencia,norte,19.0,alta,23,6.0,2025-06
2025-08-19,la serena,violencia,NaN,11.0,baja,38,8.0,2025-08
2025-09-11,vicuna,fraude,norte,16.0,baja,23,9.0,2025-09
2024-12-31,andacollo,violencia,centro,1.0,baja,47,12.0,2024-12
2025-10-01,la serena,robo,norte,1.0,baja,48,10.0,2025-10
2025-07-23,coquimbo,fraude,centro,17.0,baja,57,7.0,2025-07
2024-09-30,monte patria,violencia,norte,16.0,media,NaN,9.0,2024-09
2024-01-26,vicuna,fraude,centro,19.0,alta,40,1.0,2024-01
NaN,salamanca,NaN,centro,9.0,alta,43,NaN,NaN
2025-09-03,vicuna,robo,sur,13.0,media,56,9.0,2025-09
2024-02-25,andacollo,fraude,norte,13.0,alta,16,2.0,2024-02
NaN,vicuna,robo,rural,NaN,baja,30,NaN,NaN
2024-03-01,vicuna,violencia,norte,2.0,baja,26,3.0,2024-03
2024-08-22,illapel,accidente,norte,12.0,baja,40,8.0,2024-08
2024-04-21,la serena,fraude,norte,NaN,baja,66,4.0,2024-04
NaN,vicuna,robo,norte,1.0,baja,16,NaN,NaN
2024-09-27,monte patria,violencia,centro,3.0,alta,41,9.0,2024-09
2025-01-04,la serena,fraude,NaN,7.0,NaN,51,1.0,2025-01
2024-05-24,la serena,robo,NaN,11.0,NaN,27,5.0,2024-05
2025-09-23,vicuna,NaN,centro,1.0,NaN,64,9.0,2025-09
NaN,illapel,accidente,norte,3.0,baja,21,NaN,NaN
2025-03-07,la serena,NaN,NaN,19.0,media,67,3.0,2025-03
2024-12-16,ovalle,hurto,centro,8.0,baja,NaN,12.0,2024-12
2024-11-24,la serena,robo,centro,11.0,NaN,55,11.0,2024-11
2024-10-01,la serena,violencia,centro,8.0,alta,47,10.0,2024-10
2025-10-21,salamanca,robo,sur,11.0,baja,30,10.0,2025-10
2024-12-10,la serena,hurto,norte,18.0,NaN,31,12.0,2024-12
2024-08-07,la serena,violencia,centro,12.0,alta,25,8.0,2024-08
2025-11-29,ovalle,NaN,centro,10.0,baja,54,11.0,2025-11
2025-07-30,coquimbo,accidente,norte,9.0,baja,19,7.0,2025-07
NaN,vicuna,robo,centro,NaN,baja,48,NaN,NaN
2025-12-02,la serena,hurto,NaN,6.0,alta,62,12.0,2025-12
2025-10-21,monte patria,NaN,sur,15.0,baja,NaN,10.0,2025-10
2025-08-16,coquimbo,accidente,NaN,5.0,NaN,21,8.0,2025-08
2025-10-12,coquimbo,NaN,norte,18.0,alta,32,10.0,2025-10
2025-11-07,la serena,accidente,norte,15.0,alta,38,11.0,2025-11
2024-03-18,la serena,accidente,norte,9.0,baja,NaN,3.0,2024-03
2024-07-04,la serena,accidente,norte,6.0,baja,50,7.0,2024-07
2024-12-01,vicuna,accidente,centro,7.0,alta,NaN,12.0,2024-12
2024-03-28,illapel,robo,rural,9.0,alta,NaN,3.0,2024-03
2024-03-27,vicuna,violencia,sur,4.0,NaN,21,3.0,2024-03
2025-10-17,illapel,robo,centro,11.0,NaN,43,10.0,2025-10
2025-04-13,salamanca,accidente,NaN,9.0,baja,26,4.0,2025-04
2025-01-28,coquimbo,robo,centro,14.0,media,21,1.0,2025-01
2024-09-20,monte patria,NaN,norte,NaN,alta,42,9.0,2024-09
2024-08-15,la serena,robo,sur,3.0,baja,NaN,8.0,2024-08
NaN,vicuna,hurto,norte,18.0,alta,33,NaN,NaN
2024-10-15,ovalle,accidente,rural,3.0,NaN,56,10.0,2024-10
2024-07-09,illapel,violencia,rural,6.0,baja,16,7.0,2024-07
2025-09-04,illapel,robo,centro,7.0,media,31,9.0,2025-09
2025-09-24,monte patria,fraude,norte,5.0,media,51,9.0,2025-09
2024-11-04,ovalle,robo,NaN,2.0,baja,40,11.0,2024-11
2024-05-25,salamanca,NaN,centro,NaN,baja,15,5.0,2024-05
NaN,vicuna,accidente,sur,16.0,alta,51,NaN,NaN
2025-10-25,ovalle,violencia,centro,6.0,NaN,45,10.0,2025-10
2025-02-24,vicuna,robo,norte,1.0,media,14,2.0,2025-02
2025-04-15,andacollo,fraude,norte,NaN,baja,NaN,4.0,2025-04
2025-06-17,la serena,fraude,norte,6.0,NaN,55,6.0,2025-06
2025-01-25,coquimbo,robo,centro,8.0,baja,39,1.0,2025-01
NaN,andacollo,hurto,norte,5.0,alta,35,NaN,NaN
2025-09-28,monte patria,robo,centro,2.0,alta,NaN,9.0,2025-09
2024-05-18,andacollo,robo,norte,12.0,baja,25,5.0,2024-05
2024-06-07,monte patria,violencia,NaN,NaN,alta,34,6.0,2024-06
2025-09-01,ovalle,robo,norte,NaN,media,39,9.0,2025-09
NaN,vicuna,NaN,rural,14.0,baja,46,NaN,NaN
NaN,coquimbo,violencia,centro,4.0,NaN,NaN,NaN,NaN
NaN,monte patria,accidente,centro,5.0,alta,64,NaN,NaN
2025-02-23,andacollo,NaN,centro,11.0,alta,23,2.0,2025-02
2024-10-15,monte patria,hurto,NaN,NaN,media,24,10.0,2024-10
2025-01-21,vicuna,robo,centro,12.0,NaN,5,1.0,2025-01
2025-02-26,ovalle,accidente,norte,8.0,alta,35,2.0,2025-02
2024-06-28,ovalle,robo,NaN,16.0,alta,NaN,6.0,2024-06
2024-12-15,la serena,NaN,norte,19.0,NaN,22,12.0,2024-12
2025-02-27,vicuna,accidente,norte,17.0,baja,69,2.0,2025-02
NaN,la serena,NaN,centro,NaN,baja,22,NaN,NaN
2024-07-17,andacollo,violencia,sur,14.0,media,14,7.0,2024-07
2025-09-05,la serena,accidente,norte,11.0,media,NaN,9.0,2025-09
2024-12-29,vicuna,robo,norte,18.0,alta,NaN,12.0,2024-12
2024-10-12,coquimbo,accidente,rural,10.0,baja,49,10.0,2024-10
2025-08-08,salamanca,robo,NaN,18.0,baja,43,8.0,2025-08
2024-06-09,salamanca,hurto,rural,11.0,baja,38,6.0,2024-06
2024-04-05,monte patria,accidente,centro,3.0,alta,57,4.0,2024-04
2024-10-27,ovalle,fraude,NaN,5.0,media,69,10.0,2024-10
2025-12-26,la serena,hurto,centro,NaN,alta,29,12.0,2025-12
NaN,monte patria,robo,norte,4.0,alta,40,NaN,NaN
2025-06-02,monte patria,NaN,sur,15.0,baja,53,6.0,2025-06
NaN,la serena,violencia,centro,7.0,alta,21,NaN,NaN
2025-02-22,ovalle,robo,centro,7.0,alta,64,2.0,2025-02
NaN,coquimbo,accidente,norte,NaN,baja,16,NaN,NaN
2025-12-01,ovalle,NaN,centro,3.0,baja,53,12.0,2025-12
NaN,vicuna,robo,NaN,NaN,baja,NaN,NaN,NaN
NaN,ovalle,NaN,centro,2.0,alta,31,NaN,NaN
NaN,salamanca,hurto,norte,NaN,baja,NaN,NaN,NaN
NaN,la serena,robo,rural,5.0,alta,NaN,NaN,NaN
NaN,ovalle,NaN,norte,16.0,NaN,59,NaN,NaN
NaN,la serena,hurto,norte,14.0,NaN,53,NaN,NaN
2025-04-05,salamanca,robo,rural,10.0,baja,18,4.0,2025-04
2024-02-02,andacollo,robo,rural,11.0,baja,27,2.0,2024-02
2025-02-22,ovalle,robo,NaN,5.0,alta,17,2.0,2025-02
NaN,coquimbo,hurto,norte,2.0,alta,53,NaN,NaN
2024-03-12,coquimbo,accidente,sur,1.0,alta,NaN,3.0,2024-03
2025-03-09,vicuna,accidente,norte,16.0,alta,41,3.0,2025-03
2025-10-08,la serena,NaN,rural,5.0,alta,33,10.0,2025-10
NaN,coquimbo,hurto,rural,4.0,alta,36,NaN,NaN
2024-12-25,vicuna,NaN,rural,NaN,alta,60,12.0,2024-12
2024-06-15,monte patria,fraude,centro,NaN,baja,43,6.0,2024-06
2024-01-01,la serena,NaN,centro,1.0,media,61,1.0,2024-01
2024-09-21,illapel,robo,sur,3.0,NaN,NaN,9.0,2024-09
2024-07-18,ovalle,fraude,sur,NaN,alta,24,7.0,2024-07
NaN,coquimbo,violencia,centro,NaN,baja,33,NaN,NaN
NaN,coquimbo,accidente,sur,16.0,NaN,44,NaN,NaN
2024-11-03,ovalle,robo,norte,1.0,baja,NaN,11.0,2024-11
2025-07-27,coquimbo,hurto,centro,6.0,media,NaN,7.0,2025-07
2024-12-24,salamanca,violencia,NaN,6.0,media,39,12.0,2024-12
2025-11-15,illapel,accidente,centro,3.0,alta,23,11.0,2025-11
NaN,andacollo,NaN,norte,18.0,baja,19,NaN,NaN
2024-07-23,monte patria,violencia,NaN,2.0,baja,20,7.0,2024-07
2025-09-25,coquimbo,fraude,NaN,3.0,NaN,66,9.0,2025-09
2025-07-02,coquimbo,hurto,norte,7.0,media,18,7.0,2025-07
2024-10-23,vicuna,NaN,rural,NaN,NaN,43,10.0,2024-10
2025-09-30,monte patria,fraude,rural,2.0,alta,20,9.0,2025-09
2025-11-23,ovalle,robo,NaN,4.0,alta,30,11.0,2025-11
NaN,coquimbo,hurto,norte,3.0,baja,32,NaN,NaN
NaN,coquimbo,hurto,NaN,6.0,baja,60,NaN,NaN
2025-04-10,la serena,fraude,rural,5.0,alta,19,4.0,2025-04
2025-09-09,la serena,robo,NaN,9.0,media,30,9.0,2025-09
2024-12-06,illapel,fraude,norte,2.0,media,16,12.0,2024-12
NaN,illapel,NaN,norte,1.0,media,53,NaN,NaN
NaN,la serena,robo,sur,9.0,alta,30,NaN,NaN
2025-02-12,coquimbo,NaN,norte,5.0,alta,39,2.0,2025-02
NaN,la serena,violencia,sur,15.0,media,47,NaN,NaN
NaN,monte patria,robo,norte,13.0,media,46,NaN,NaN
2025-05-21,vicuna,hurto,rural,6.0,baja,52,5.0,2025-05
2024-02-10,illapel,hurto,norte,4.0,baja,30,2.0,2024-02
2025-10-17,coquimbo,robo,norte,8.0,baja,62,10.0,2025-10
2025-08-20,vicuna,robo,centro,10.0,media,27,8.0,2025-08
2025-08-26,monte patria,robo,centro,15.0,baja,64,8.0,2025-08
2024-03-09,vicuna,accidente,norte,5.0,media,50,3.0,2024-03
2025-04-04,ovalle,violencia,norte,12.0,baja,64,4.0,2025-04
2025-06-18,salamanca,NaN,NaN,NaN,baja,43,6.0,2025-06
2024-02-02,vicuna,fraude,centro,5.0,media,38,2.0,2024-02
2025-01-28,la serena,violencia,centro,2.0,alta,36,1.0,2025-01
2024-03-27,salamanca,NaN,sur,500.0,NaN,69,3.0,2024-03
2025-03-10,coquimbo,hurto,centro,15.0,baja,16,3.0,2025-03
2024-09-23,la serena,violencia,norte,9.0,baja,54,9.0,2024-09
2025-02-13,ovalle,hurto,sur,14.0,alta,NaN,2.0,2025-02
2024-12-11,coquimbo,fraude,norte,14.0,alta,25,12.0,2024-12
2025-01-07,vicuna,hurto,norte,5.0,baja,19,1.0,2025-01
NaN,vicuna,accidente,centro,2.0,media,39,NaN,NaN
2025-04-26,salamanca,hurto,norte,14.0,alta,28,4.0,2025-04
2024-09-03,monte patria,accidente,rural,NaN,baja,36,9.0,2024-09
2025-12-19,vicuna,accidente,norte,11.0,baja,44,12.0,2025-12
2025-02-23,vicuna,robo,centro,13.0,alta,69,2.0,2025-02
2025-01-22,monte patria,fraude,norte,13.0,media,31,1.0,2025-01
NaN,coquimbo,robo,centro,18.0,NaN,34,NaN,NaN
2024-06-22,salamanca,accidente,rural,1.0,NaN,47,6.0,2024-06
2025-08-07,salamanca,robo,norte,14.0,media,46,8.0,2025-08
2025-09-04,la serena,NaN,sur,19.0,baja,NaN,9.0,2025-09
2025-02-18,monte patria,hurto,centro,12.0,NaN,25,2.0,2025-02
2025-11-29,monte patria,robo,rural,1.0,media,54,11.0,2025-11
2025-11-16,monte patria,robo,NaN,6.0,NaN,61,11.0,2025-11
NaN,vicuna,robo,rural,5.0,media,30,NaN,NaN
2025-01-01,salamanca,fraude,rural,13.0,alta,NaN,1.0,2025-01
2024-09-25,monte patria,robo,rural,NaN,alta,18,9.0,2024-09
NaN,vicuna,robo,NaN,16.0,NaN,39,NaN,NaN
2024-09-21,vicuna,violencia,norte,18.0,baja,38,9.0,2024-09
2024-05-21,ovalle,robo,norte,16.0,baja,NaN,5.0,2024-05
2024-02-18,la serena,hurto,centro,16.0,baja,40,2.0,2024-02
NaN,monte patria,hurto,norte,8.0,alta,61,NaN,NaN
2024-12-23,coquimbo,NaN,rural,9.0,media,65,12.0,2024-12
2025-11-20,la serena,violencia,sur,18.0,alta,68,11.0,2025-11
2024-01-09,vicuna,accidente,sur,7.0,NaN,NaN,1.0,2024-01
2024-12-07,la serena,robo,NaN,13.0,baja,38,12.0,2024-12
2024-05-17,la serena,hurto,rural,10.0,NaN,61,5.0,2024-05
2024-12-05,coquimbo,robo,centro,18.0,alta,27,12.0,2024-12
2024-09-15,la serena,NaN,norte,2.0,alta,14,9.0,2024-09
NaN,coquimbo,robo,centro,NaN,alta,69,NaN,NaN
NaN,illapel,robo,centro,3.0,baja,67,NaN,NaN
2025-12-24,monte patria,fraude,centro,9.0,alta,56,12.0,2025-12
2025-09-01,illapel,violencia,NaN,9.0,alta,NaN,9.0,2025-09
2024-09-29,ovalle,fraude,NaN,7.0,baja,35,9.0,2024-09
2024-07-24,la serena,accidente,sur,10.0,baja,27,7.0,2024-07
2024-11-18,coquimbo,NaN,rural,11.0,media,NaN,11.0,2024-11
2024-02-05,salamanca,accidente,norte,1.0,alta,17,2.0,2024-02
2025-07-26,monte patria,robo,norte,13.0,alta,16,7.0,2025-07
NaN,coquimbo,fraude,centro,17.0,NaN,58,NaN,NaN
2025-11-17,vicuna,robo,NaN,18.0,baja,61,11.0,2025-11
2024-11-30,ovalle,fraude,centro,11.0,baja,52,11.0,2024-11
2024-10-08,andacollo,robo,norte,1.0,alta,14,10.0,2024-10
2025-11-28,coquimbo,violencia,centro,15.0,alta,54,11.0,2025-11
2025-10-07,coquimbo,hurto,centro,14.0,alta,NaN,10.0,2025-10
2024-02-05,la serena,violencia,sur,18.0,alta,66,2.0,2024-02
2024-03-27,andacollo,fraude,norte,15.0,media,28,3.0,2024-03
NaN,andacollo,hurto,norte,1.0,baja,19,NaN,NaN
2025-09-26,ovalle,robo,sur,5.0,alta,5,9.0,2025-09
2024-08-18,monte patria,robo,centro,1.0,media,40,8.0,2024-08
2025-05-01,coquimbo,NaN,sur,5.0,alta,45,5.0,2025-05
2025-06-07,coquimbo,hurto,sur,10.0,alta,67,6.0,2025-06
2025-07-14,vicuna,hurto,sur,19.0,NaN,28,7.0,2025-07
2024-08-13,coquimbo,violencia,centro,13.0,baja,53,8.0,2024-08
2024-12-20,coquimbo,robo,centro,7.0,NaN,37,12.0,2024-12
2025-07-24,monte patria,robo,sur,13.0,baja,36,7.0,2025-07
NaN,monte patria,accidente,centro,12.0,baja,35,NaN,NaN
2025-11-09,coquimbo,NaN,sur,NaN,alta,46,11.0,2025-11
2025-05-21,salamanca,hurto,norte,15.0,NaN,50,5.0,2025-05
2025-05-24,monte patria,fraude,norte,3.0,media,16,5.0,2025-05
2025-02-24,coquimbo,violencia,sur,16.0,media,43,2.0,2025-02
NaN,la serena,hurto,norte,NaN,NaN,14,NaN,NaN
2024-08-31,andacollo,accidente,rural,5.0,NaN,65,8.0,2024-08
2024-04-13,andacollo,robo,norte,14.0,alta,57,4.0,2024-04
2024-05-02,illapel,violencia,sur,19.0,media,55,5.0,2024-05
2024-03-22,coquimbo,fraude,rural,1.0,baja,24,3.0,2024-03
NaN,illapel,violencia,norte,1.0,baja,31,NaN,NaN
2025-06-12,ovalle,hurto,norte,8.0,NaN,NaN,6.0,2025-06
2024-05-01,vicuna,fraude,centro,12.0,NaN,68,5.0,2024-05
NaN,illapel,NaN,rural,11.0,media,58,NaN,NaN
2025-09-07,coquimbo,violencia,rural,NaN,baja,52,9.0,2025-09
2024-04-27,andacollo,hurto,NaN,16.0,alta,60,4.0,2024-04
2024-05-26,illapel,NaN,rural,19.0,NaN,19,5.0,2024-05
2024-12-28,salamanca,violencia,rural,2.0,alta,63,12.0,2024-12
NaN,salamanca,robo,NaN,17.0,baja,56,NaN,NaN
2025-07-15,la serena,accidente,norte,3.0,alta,29,7.0,2025-07
NaN,monte patria,robo,rural,13.0,alta,16,NaN,NaN
2025-05-06,la serena,robo,centro,13.0,alta,15,5.0,2025-05
2024-03-21,coquimbo,NaN,norte,9.0,NaN,16,3.0,2024-03
2024-12-03,illapel,violencia,centro,11.0,alta,18,12.0,2024-12
NaN,vicuna,violencia,centro,18.0,alta,38,NaN,NaN
NaN,monte patria,violencia,sur,7.0,media,47,NaN,NaN
2024-04-13,la serena,robo,norte,10.0,baja,64,4.0,2024-04
2024-06-30,la serena,robo,centro,8.0,baja,61,6.0,2024-06
2025-11-20,illapel,hurto,norte,13.0,alta,41,11.0,2025-11
2024-03-18,vicuna,hurto,rural,9.0,NaN,38,3.0,2024-03
NaN,andacollo,robo,centro,4.0,baja,31,NaN,NaN
2024-01-08,ovalle,violencia,sur,10.0,media,45,1.0,2024-01
2025-11-06,illapel,robo,sur,11.0,media,67,11.0,2025-11
NaN,monte patria,hurto,norte,7.0,baja,59,NaN,NaN
2025-03-08,salamanca,hurto,centro,8.0,alta,19,3.0,2025-03
2024-12-06,monte patria,violencia,norte,16.0,media,61,12.0,2024-12
2025-09-25,coquimbo,hurto,norte,5.0,alta,NaN,9.0,2025-09
2025-11-28,ovalle,hurto,rural,9.0,baja,67,11.0,2025-11
2025-10-08,coquimbo,hurto,norte,13.0,alta,68,10.0,2025-10
2024-05-18,ovalle,robo,centro,12.0,media,26,5.0,2024-05
2025-08-06,vicuna,violencia,rural,1.0,baja,34,8.0,2025-08
2024-12-29,coquimbo,violencia,NaN,1.0,alta,30,12.0,2024-12
2024-10-17,la serena,NaN,rural,12.0,baja,47,10.0,2024-10
2024-01-25,la serena,NaN,norte,10.0,media,54,1.0,2024-01
2025-01-02,ovalle,violencia,norte,14.0,media,63,1.0,2025-01
NaN,salamanca,robo,sur,19.0,NaN,30,NaN,NaN
2024-08-18,andacollo,hurto,rural,4.0,media,50,8.0,2024-08
2024-12-05,salamanca,accidente,NaN,12.0,baja,130,12.0,2024-12
2025-02-20,ovalle,robo,NaN,NaN,media,45,2.0,2025-02
NaN,la serena,robo,sur,16.0,NaN,23,NaN,NaN
2025-06-14,monte patria,hurto,rural,3.0,alta,19,6.0,2025-06
2024-03-30,la serena,NaN,norte,10.0,baja,21,3.0,2024-03
2025-03-23,ovalle,hurto,norte,17.0,baja,54,3.0,2025-03
2024-08-21,illapel,robo,norte,5.0,baja,NaN,8.0,2024-08
2025-04-24,vicuna,NaN,NaN,11.0,NaN,56,4.0,2025-04
2024-05-04,vicuna,robo,norte,6.0,baja,68,5.0,2024-05
2025-09-16,la serena,fraude,centro,NaN,baja,58,9.0,2025-09
2024-06-14,ovalle,robo,rural,16.0,baja,38,6.0,2024-06
2025-09-17,monte patria,NaN,rural,14.0,alta,25,9.0,2025-09
2024-04-17,la serena,fraude,centro,18.0,baja,15,4.0,2024-04
NaN,salamanca,fraude,norte,6.0,alta,33,NaN,NaN
2025-03-14,monte patria,hurto,centro,3.0,alta,37,3.0,2025-03
2025-03-01,monte patria,NaN,sur,12.0,alta,58,3.0,2025-03
2024-07-14,vicuna,NaN,rural,17.0,media,15,7.0,2024-07
2025-12-26,la serena,NaN,norte,1.0,media,30,12.0,2025-12
2024-05-22,ovalle,fraude,norte,9.0,alta,24,5.0,2024-05
2025-04-17,la serena,hurto,sur,15.0,alta,52,4.0,2025-04
2025-12-22,monte patria,violencia,sur,6.0,alta,57,12.0,2025-12
2024-01-28,monte patria,violencia,NaN,14.0,baja,26,1.0,2024-01
2025-12-19,coquimbo,robo,sur,16.0,NaN,32,12.0,2025-12
2024-08-02,salamanca,fraude,centro,1.0,baja,31,8.0,2024-08
2024-05-29,la serena,hurto,norte,NaN,baja,NaN,5.0,2024-05
NaN,coquimbo,NaN,NaN,16.0,alta,NaN,NaN,NaN
2025-02-24,coquimbo,violencia,centro,3.0,baja,33,2.0,2025-02
NaN,vicuna,hurto,centro,NaN,NaN,NaN,NaN,NaN
2024-06-08,monte patria,fraude,norte,5.0,baja,21,6.0,2024-06
NaN,vicuna,hurto,norte,9.0,baja,53,NaN,NaN
2025-11-15,salamanca,violencia,centro,10.0,baja,18,11.0,2025-11
2024-03-14,la serena,violencia,rural,13.0,alta,33,3.0,2024-03
2025-06-24,la serena,violencia,centro,9.0,NaN,43,6.0,2025-06
2025-09-28,coquimbo,hurto,centro,5.0,media,28,9.0,2025-09
2025-07-09,ovalle,NaN,sur,18.0,media,68,7.0,2025-07
2024-07-15,coquimbo,violencia,rural,13.0,alta,68,7.0,2024-07
2024-05-22,andacollo,robo,norte,NaN,NaN,59,5.0,2024-05
NaN,vicuna,robo,norte,1.0,baja,54,NaN,NaN
2024-08-05,la serena,fraude,sur,1.0,NaN,51,8.0,2024-08
2024-05-06,la serena,NaN,rural,12.0,media,46,5.0,2024-05
2024-05-21,illapel,hurto,norte,18.0,NaN,49,5.0,2024-05
NaN,monte patria,fraude,norte,18.0,baja,61,NaN,NaN
2024-08-19,illapel,fraude,centro,16.0,baja,60,8.0,2024-08
2024-01-27,monte patria,NaN,sur,5.0,alta,21,1.0,2024-01
2025-03-31,coquimbo,robo,centro,15.0,NaN,21,3.0,2025-03
NaN,ovalle,hurto,centro,8.0,alta,45,NaN,NaN
2025-08-09,la serena,accidente,norte,12.0,alta,41,8.0,2025-08
2025-06-04,illapel,NaN,NaN,3.0,alta,32,6.0,2025-06
2025-04-02,monte patria,accidente,centro,18.0,alta,58,4.0,2025-04
NaN,andacollo,NaN,rural,NaN,baja,NaN,NaN,NaN
2024-06-07,ovalle,fraude,norte,19.0,baja,24,6.0,2024-06
2024-01-28,monte patria,NaN,sur,1.0,baja,35,1.0,2024-01
2025-08-28,salamanca,NaN,norte,4.0,alta,16,8.0,2025-08
2025-09-06,ovalle,NaN,rural,NaN,baja,19,9.0,2025-09
2024-10-21,coquimbo,violencia,norte,7.0,baja,NaN,10.0,2024-10
2024-05-15,coquimbo,robo,rural,12.0,baja,47,5.0,2024-05
2025-09-09,vicuna,NaN,sur,16.0,media,22,9.0,2025-09
2025-06-20,la serena,fraude,NaN,2.0,baja,25,6.0,2025-06
2025-06-18,coquimbo,accidente,norte,15.0,baja,65,6.0,2025-06
NaN,illapel,hurto,sur,NaN,baja,42,NaN,NaN
2024-03-17,coquimbo,hurto,centro,14.0,media,32,3.0,2024-03
NaN,illapel,robo,centro,19.0,NaN,22,NaN,NaN
NaN,illapel,robo,centro,2.0,baja,55,NaN,NaN
2024-06-22,monte patria,fraude,norte,NaN,alta,48,6.0,2024-06
NaN,monte patria,NaN,centro,13.0,alta,50,NaN,NaN
2025-10-18,monte patria,NaN,norte,18.0,alta,49,10.0,2025-10
2025-01-20,vicuna,robo,NaN,9.0,media,60,1.0,2025-01
2025-06-01,andacollo,violencia,centro,6.0,alta,25,6.0,2025-06
2025-08-16,illapel,accidente,NaN,14.0,baja,59,8.0,2025-08
NaN,vicuna,robo,centro,NaN,alta,41,NaN,NaN
2025-10-30,la serena,violencia,norte,15.0,baja,60,10.0,2025-10
2024-07-16,ovalle,accidente,centro,12.0,baja,63,7.0,2024-07
2025-09-05,ovalle,robo,centro,8.0,alta,65,9.0,2025-09
2025-11-02,ovalle,NaN,norte,11.0,baja,NaN,11.0,2025-11
2024-07-07,vicuna,violencia,norte,17.0,alta,49,7.0,2024-07
2025-10-19,la serena,NaN,rural,500.0,alta,26,10.0,2025-10
2025-09-23,monte patria,violencia,centro,11.0,alta,56,9.0,2025-09
2025-03-31,vicuna,robo,norte,4.0,alta,66,3.0,2025-03
2025-01-17,ovalle,NaN,sur,11.0,NaN,15,1.0,2025-01
2025-02-24,vicuna,violencia,sur,4.0,baja,62,2.0,2025-02
2025-04-19,monte patria,accidente,rural,5.0,media,14,4.0,2025-04
2024-02-08,illapel,accidente,sur,18.0,baja,42,2.0,2024-02
NaN,la serena,NaN,norte,5.0,baja,NaN,NaN,NaN
2025-07-30,la serena,accidente,sur,7.0,media,NaN,7.0,2025-07
NaN,la serena,violencia,rural,5.0,alta,50,NaN,NaN
2025-07-08,la serena,accidente,sur,11.0,NaN,35,7.0,2025-07
2025-10-03,ovalle,NaN,centro,17.0,baja,NaN,10.0,2025-10
2025-09-25,monte patria,hurto,rural,14.0,baja,15,9.0,2025-09
2024-03-19,vicuna,fraude,norte,9.0,alta,25,3.0,2024-03
2024-03-10,la serena,fraude,rural,9.0,media,15,3.0,2024-03
2024-02-05,monte patria,robo,norte,4.0,media,38,2.0,2024-02
2025-05-09,andacollo,hurto,norte,4.0,NaN,NaN,5.0,2025-05
2025-10-12,ovalle,accidente,NaN,4.0,NaN,26,10.0,2025-10
2024-04-14,coquimbo,NaN,centro,19.0,media,59,4.0,2024-04
NaN,monte patria,accidente,centro,13.0,baja,29,NaN,NaN
2024-07-23,vicuna,robo,norte,18.0,NaN,60,7.0,2024-07
2025-10-18,la serena,hurto,centro,NaN,media,57,10.0,2025-10
2025-03-22,andacollo,robo,norte,19.0,NaN,59,3.0,2025-03
2024-07-22,andacollo,violencia,NaN,4.0,baja,31,7.0,2024-07
2024-05-27,andacollo,fraude,norte,2.0,alta,60,5.0,2024-05
NaN,la serena,hurto,NaN,1.0,alta,66,NaN,NaN
2025-11-05,vicuna,robo,rural,3.0,baja,55,11.0,2025-11
2025-12-29,la serena,violencia,NaN,14.0,NaN,20,12.0,2025-12
2025-01-18,monte patria,robo,norte,2.0,NaN,57,1.0,2025-01
2024-07-09,andacollo,robo,rural,8.0,baja,59,7.0,2024-07
2025-11-04,illapel,fraude,centro,13.0,alta,33,11.0,2025-11
2024-01-02,ovalle,violencia,rural,11.0,alta,39,1.0,2024-01
NaN,monte patria,robo,sur,16.0,baja,69,NaN,NaN
2024-12-29,monte patria,violencia,sur,8.0,NaN,51,12.0,2024-12
2025-05-15,monte patria,accidente,norte,5.0,baja,NaN,5.0,2025-05
NaN,coquimbo,robo,centro,6.0,baja,29,NaN,NaN
2024-04-16,coquimbo,accidente,centro,NaN,alta,36,4.0,2024-04
2025-07-25,la serena,robo,centro,16.0,baja,53,7.0,2025-07
2024-08-10,illapel,hurto,rural,4.0,baja,29,8.0,2024-08
NaN,vicuna,robo,centro,1.0,alta,NaN,NaN,NaN
2024-07-10,monte patria,violencia,norte,9.0,alta,48,7.0,2024-07
2024-10-20,vicuna,robo,sur,12.0,baja,51,10.0,2024-10
2025-09-26,vicuna,violencia,centro,2.0,NaN,52,9.0,2025-09
NaN,vicuna,robo,norte,8.0,baja,47,NaN,NaN
NaN,salamanca,violencia,centro,5.0,NaN,27,NaN,NaN
2024-09-21,illapel,robo,centro,7.0,alta,45,9.0,2024-09
2025-12-02,la serena,robo,centro,1.0,media,51,12.0,2025-12
2025-04-19,coquimbo,robo,norte,17.0,baja,20,4.0,2025-04
2025-08-30,illapel,robo,sur,3.0,baja,50,8.0,2025-08
2025-04-08,vicuna,robo,NaN,16.0,NaN,130,4.0,2025-04
2024-04-06,coquimbo,robo,norte,12.0,NaN,32,4.0,2024-04
2024-11-04,ovalle,robo,norte,8.0,NaN,43,11.0,2024-11
2025-02-10,ovalle,accidente,norte,4.0,baja,64,2.0,2025-02
2025-12-27,ovalle,violencia,centro,10.0,alta,15,12.0,2025-12
2024-04-03,coquimbo,accidente,centro,18.0,NaN,44,4.0,2024-04
NaN,monte patria,violencia,rural,16.0,alta,45,NaN,NaN
2024-11-15,andacollo,hurto,norte,18.0,alta,21,11.0,2024-11
2024-12-08,illapel,accidente,centro,19.0,alta,16,12.0,2024-12
2024-11-27,vicuna,robo,norte,10.0,media,55,11.0,2024-11
2025-01-15,salamanca,robo,centro,12.0,alta,60,1.0,2025-01
2025-07-02,ovalle,robo,centro,16.0,media,51,7.0,2025-07
2025-04-24,vicuna,robo,norte,11.0,baja,51,4.0,2025-04
2024-04-11,salamanca,violencia,centro,NaN,baja,69,4.0,2024-04
NaN,ovalle,NaN,sur,11.0,baja,18,NaN,NaN
2024-04-05,coquimbo,fraude,centro,11.0,NaN,21,4.0,2024-04
NaN,monte patria,robo,NaN,NaN,alta,55,NaN,NaN
2025-10-31,la serena,violencia,norte,13.0,NaN,17,10.0,2025-10
2025-05-28,la serena,hurto,centro,7.0,alta,30,5.0,2025-05
2025-05-02,coquimbo,hurto,centro,16.0,alta,58,5.0,2025-05
2025-05-26,vicuna,NaN,rural,5.0,alta,26,5.0,2025-05
2025-05-11,vicuna,robo,rural,NaN,baja,36,5.0,2025-05
2025-12-28,salamanca,NaN,norte,5.0,alta,66,12.0,2025-12
2025-09-21,illapel,NaN,norte,NaN,media,46,9.0,2025-09
NaN,coquimbo,fraude,norte,9.0,media,55,NaN,NaN
NaN,la serena,fraude,centro,19.0,media,18,NaN,NaN
2024-09-15,vicuna,accidente,rural,19.0,baja,NaN,9.0,2024-09
NaN,coquimbo,violencia,NaN,14.0,media,59,NaN,NaN
2024-12-09,la serena,fraude,centro,NaN,baja,15,12.0,2024-12
2024-08-26,la serena,NaN,rural,2.0,alta,26,8.0,2024-08
2024-06-07,la serena,robo,centro,4.0,baja,46,6.0,2024-06
NaN,ovalle,fraude,norte,5.0,media,49,NaN,NaN
2024-09-21,andacollo,accidente,NaN,NaN,baja,51,9.0,2024-09
NaN,la serena,violencia,norte,NaN,alta,32,NaN,NaN
2025-07-04,ovalle,accidente,norte,9.0,baja,31,7.0,2025-07
NaN,salamanca,robo,norte,10.0,alta,49,NaN,NaN
2024-02-20,ovalle,robo,norte,19.0,media,NaN,2.0,2024-02
2025-01-07,la serena,violencia,sur,16.0,NaN,47,1.0,2025-01
2025-08-07,illapel,accidente,sur,14.0,NaN,65,8.0,2025-08
2025-10-14,salamanca,robo,NaN,5.0,media,33,10.0,2025-10
2025-06-06,vicuna,fraude,norte,12.0,baja,30,6.0,2025-06
2024-04-21,la serena,accidente,norte,18.0,alta,64,4.0,2024-04
2025-06-30,la serena,violencia,rural,16.0,baja,20,6.0,2025-06
2024-03-02,coquimbo,fraude,centro,14.0,NaN,49,3.0,2024-03
2024-03-10,illapel,robo,norte,10.0,NaN,62,3.0,2024-03
2025-03-10,la serena,violencia,centro,14.0,alta,17,3.0,2025-03
2024-08-09,coquimbo,hurto,rural,12.0,alta,NaN,8.0,2024-08
2025-11-08,vicuna,NaN,centro,3.0,baja,44,11.0,2025-11
2024-09-19,andacollo,robo,sur,2.0,media,40,9.0,2024-09
2025-04-14,vicuna,violencia,sur,9.0,media,28,4.0,2025-04
2024-07-17,monte patria,robo,centro,13.0,NaN,62,7.0,2024-07
2024-11-26,illapel,NaN,rural,11.0,alta,58,11.0,2024-11
2025-11-06,vicuna,accidente,norte,8.0,baja,50,11.0,2025-11
NaN,illapel,accidente,norte,2.0,media,61,NaN,NaN
2024-03-13,monte patria,robo,norte,14.0,alta,57,3.0,2024-03
NaN,la serena,hurto,centro,3.0,NaN,NaN,NaN,NaN
2024-01-31,la serena,robo,rural,15.0,baja,33,1.0,2024-01
2025-07-08,illapel,accidente,centro,18.0,baja,63,7.0,2025-07
2025-04-10,la serena,NaN,norte,7.0,baja,57,4.0,2025-04
2025-07-27,coquimbo,robo,centro,13.0,NaN,68,7.0,2025-07
2024-07-05,vicuna,accidente,centro,2.0,alta,26,7.0,2024-07
2024-06-29,vicuna,robo,norte,2.0,baja,52,6.0,2024-06
2024-12-24,illapel,robo,norte,8.0,alta,18,12.0,2024-12
NaN,coquimbo,accidente,sur,7.0,alta,55,NaN,NaN
2024-11-12,ovalle,accidente,centro,8.0,alta,38,11.0,2024-11
2025-06-09,vicuna,robo,centro,4.0,baja,43,6.0,2025-06
2024-02-14,la serena,accidente,NaN,13.0,alta,27,2.0,2024-02
NaN,ovalle,accidente,rural,6.0,media,NaN,NaN,NaN
2024-11-11,illapel,fraude,norte,10.0,baja,55,11.0,2024-11
2025-02-03,monte patria,NaN,norte,5.0,NaN,NaN,2.0,2025-02
2024-11-16,ovalle,fraude,centro,15.0,alta,57,11.0,2024-11
2024-05-27,coquimbo,hurto,NaN,7.0,NaN,66,5.0,2024-05
NaN,salamanca,robo,centro,16.0,NaN,44,NaN,NaN
2025-12-15,coquimbo,hurto,norte,18.0,alta,33,12.0,2025-12
2025-10-11,vicuna,hurto,centro,15.0,baja,38,10.0,2025-10
2024-08-05,andacollo,robo,rural,NaN,baja,18,8.0,2024-08
2024-01-30,andacollo,hurto,sur,11.0,baja,52,1.0,2024-01
2024-04-12,ovalle,NaN,norte,7.0,baja,65,4.0,2024-04
2024-04-29,ovalle,NaN,NaN,16.0,media,35,4.0,2024-04
NaN,salamanca,fraude,rural,17.0,baja,31,NaN,NaN
2025-07-06,andacollo,NaN,NaN,16.0,NaN,37,7.0,2025-07
2024-01-11,monte patria,violencia,rural,3.0,baja,55,1.0,2024-01
2025-09-07,salamanca,robo,NaN,2.0,NaN,43,9.0,2025-09
2024-05-29,ovalle,hurto,NaN,1.0,baja,19,5.0,2024-05
2024-01-17,illapel,accidente,NaN,12.0,media,53,1.0,2024-01
2025-05-11,illapel,robo,centro,2.0,baja,60,5.0,2025-05
2025-05-29,vicuna,NaN,rural,11.0,baja,61,5.0,2025-05
2024-11-21,vicuna,violencia,centro,13.0,alta,25,11.0,2024-11
2025-09-30,la serena,accidente,centro,1.0,baja,66,9.0,2025-09
2025-09-23,la serena,fraude,norte,19.0,baja,17,9.0,2025-09
2024-06-21,ovalle,fraude,centro,9.0,alta,23,6.0,2024-06
2025-05-12,ovalle,robo,norte,19.0,media,50,5.0,2025-05
2025-02-17,monte patria,NaN,norte,4.0,NaN,26,2.0,2025-02
2025-04-23,salamanca,fraude,sur,6.0,NaN,23,4.0,2025-04
2024-07-26,monte patria,hurto,centro,5.0,baja,67,7.0,2024-07
2024-02-04,la serena,NaN,NaN,1.0,media,63,2.0,2024-02
2025-04-01,coquimbo,fraude,rural,15.0,baja,67,4.0,2025-04
2024-10-01,illapel,robo,norte,6.0,baja,37,10.0,2024-10
2025-09-28,ovalle,robo,norte,9.0,alta,59,9.0,2025-09
2025-03-18,monte patria,fraude,norte,5.0,baja,32,3.0,2025-03
NaN,ovalle,NaN,NaN,11.0,media,42,NaN,NaN
2025-08-16,la serena,robo,centro,7.0,baja,45,8.0,2025-08
2025-10-01,vicuna,hurto,centro,13.0,alta,50,10.0,2025-10
2025-01-01,vicuna,fraude,norte,19.0,alta,19,1.0,2025-01
2024-01-25,la serena,robo,sur,11.0,NaN,21,1.0,2024-01
2025-10-22,la serena,robo,centro,2.0,NaN,35,10.0,2025-10
2024-04-24,ovalle,violencia,norte,8.0,alta,48,4.0,2024-04
2025-03-24,coquimbo,accidente,sur,7.0,alta,50,3.0,2025-03
2024-12-27,monte patria,accidente,NaN,NaN,alta,48,12.0,2024-12
2024-01-17,coquimbo,hurto,norte,9.0,baja,43,1.0,2024-01
2025-04-02,la serena,robo,centro,14.0,alta,59,4.0,2025-04
2025-12-13,illapel,accidente,rural,5.0,media,38,12.0,2025-12
2024-06-05,salamanca,fraude,sur,19.0,alta,55,6.0,2024-06
2025-07-24,coquimbo,robo,centro,13.0,media,52,7.0,2025-07
2025-01-13,ovalle,fraude,rural,19.0,NaN,NaN,1.0,2025-01
2024-06-19,illapel,fraude,centro,1.0,alta,NaN,6.0,2024-06
2024-10-05,la serena,violencia,norte,18.0,NaN,17,10.0,2024-10
2025-05-25,coquimbo,robo,NaN,14.0,alta,38,5.0,2025-05
2024-05-24,la serena,NaN,centro,3.0,baja,40,5.0,2024-05
2025-03-10,coquimbo,NaN,rural,16.0,NaN,55,3.0,2025-03
2025-10-16,salamanca,robo,centro,6.0,NaN,50,10.0,2025-10
2025-01-23,monte patria,robo,sur,5.0,baja,52,1.0,2025-01
2025-09-08,monte patria,NaN,norte,5.0,alta,43,9.0,2025-09
NaN,ovalle,violencia,norte,19.0,baja,47,NaN,NaN
2025-11-20,monte patria,accidente,centro,2.0,alta,58,11.0,2025-11
2024-08-09,illapel,hurto,norte,17.0,media,NaN,8.0,2024-08
2024-02-11,illapel,robo,norte,NaN,alta,25,2.0,2024-02
NaN,coquimbo,NaN,centro,4.0,baja,54,NaN,NaN
2025-09-30,coquimbo,accidente,centro,18.0,baja,37,9.0,2025-09
2024-05-16,ovalle,NaN,NaN,11.0,baja,65,5.0,2024-05
2025-03-27,ovalle,hurto,NaN,14.0,alta,41,3.0,2025-03
2024-10-06,ovalle,NaN,norte,15.0,alta,25,10.0,2024-10
2024-12-05,la serena,NaN,sur,4.0,alta,68,12.0,2024-12
2024-04-20,salamanca,NaN,norte,5.0,NaN,NaN,4.0,2024-04
2025-02-25,la serena,robo,norte,15.0,NaN,19,2.0,2025-02
2024-01-09,illapel,violencia,NaN,12.0,NaN,64,1.0,2024-01
2025-07-16,la serena,fraude,centro,9.0,media,37,7.0,2025-07
2025-03-31,vicuna,violencia,norte,17.0,NaN,32,3.0,2025-03
2025-02-13,andacollo,fraude,NaN,16.0,alta,60,2.0,2025-02
2024-11-02,monte patria,accidente,centro,2.0,alta,NaN,11.0,2024-11
2025-12-05,la serena,NaN,centro,6.0,baja,18,12.0,2025-12
2025-08-27,andacollo,NaN,centro,8.0,NaN,21,8.0,2025-08
2025-08-29,ovalle,violencia,NaN,15.0,baja,68,8.0,2025-08
2024-09-20,illapel,robo,rural,NaN,alta,53,9.0,2024-09
2024-01-31,ovalle,hurto,norte,13.0,NaN,50,1.0,2024-01
2025-10-07,illapel,hurto,sur,NaN,alta,19,10.0,2025-10
2025-04-19,andacollo,NaN,sur,13.0,media,39,4.0,2025-04
2025-11-11,la serena,violencia,centro,6.0,NaN,18,11.0,2025-11
2024-05-17,salamanca,robo,sur,15.0,NaN,60,5.0,2024-05
2024-08-31,vicuna,fraude,rural,3.0,alta,52,8.0,2024-08
2025-01-07,la serena,robo,norte,6.0,NaN,69,1.0,2025-01
2024-01-24,coquimbo,robo,norte,6.0,NaN,37,1.0,2024-01
2024-06-06,ovalle,accidente,centro,5.0,baja,35,6.0,2024-06
2025-12-21,monte patria,robo,norte,NaN,NaN,59,12.0,2025-12
2024-01-28,ovalle,robo,centro,9.0,NaN,32,1.0,2024-01
2025-05-12,vicuna,violencia,rural,3.0,NaN,30,5.0,2025-05
2025-03-23,salamanca,fraude,centro,NaN,NaN,41,3.0,2025-03
NaN,ovalle,hurto,norte,10.0,media,54,NaN,NaN
NaN,illapel,accidente,sur,16.0,alta,33,NaN,NaN
2025-03-29,ovalle,robo,norte,10.0,baja,53,3.0,2025-03
2024-05-23,vicuna,robo,sur,15.0,baja,24,5.0,2024-05
2025-07-08,vicuna,accidente,centro,15.0,alta,69,7.0,2025-07
2024-07-01,la serena,accidente,rural,14.0,baja,32,7.0,2024-07
2024-10-31,vicuna,accidente,NaN,NaN,NaN,16,10.0,2024-10
2024-05-04,vicuna,hurto,centro,4.0,baja,68,5.0,2024-05
2025-01-17,la serena,violencia,NaN,11.0,baja,64,1.0,2025-01
2025-06-18,salamanca,NaN,NaN,13.0,baja,45,6.0,2025-06
2024-06-17,monte patria,hurto,centro,8.0,baja,17,6.0,2024-06
NaN,la serena,robo,centro,12.0,baja,35,NaN,NaN
2025-03-10,coquimbo,violencia,rural,6.0,alta,20,3.0,2025-03
NaN,la serena,hurto,NaN,4.0,media,19,NaN,NaN
2025-09-11,ovalle,robo,NaN,4.0,NaN,65,9.0,2025-09
NaN,vicuna,robo,norte,18.0,baja,NaN,NaN,NaN
NaN,illapel,violencia,norte,8.0,media,NaN,NaN,NaN
2025-10-03,vicuna,robo,norte,15.0,media,63,10.0,2025-10
2025-06-09,vicuna,violencia,centro,12.0,NaN,47,6.0,2025-06
2024-12-14,illapel,hurto,norte,12.0,alta,NaN,12.0,2024-12
2024-04-15,ovalle,fraude,centro,10.0,media,48,4.0,2024-04
2024-01-30,illapel,violencia,centro,8.0,alta,43,1.0,2024-01
2024-09-06,la serena,hurto,centro,1.0,media,NaN,9.0,2024-09
2025-11-01,monte patria,robo,NaN,5.0,baja,32,11.0,2025-11
NaN,vicuna,robo,norte,1.0,media,50,NaN,NaN
2024-02-01,la serena,violencia,centro,13.0,baja,24,2.0,2024-02
NaN,la serena,NaN,rural,16.0,NaN,44,NaN,NaN
2025-04-19,illapel,NaN,rural,4.0,baja,5,4.0,2025-04
2024-04-04,la serena,violencia,sur,17.0,NaN,NaN,4.0,2024-04
2025-03-17,vicuna,NaN,NaN,6.0,media,NaN,3.0,2025-03
2025-08-25,la serena,fraude,centro,18.0,alta,21,8.0,2025-08
2024-11-26,illapel,NaN,sur,6.0,baja,18,11.0,2024-11
2025-06-17,illapel,fraude,sur,6.0,baja,NaN,6.0,2025-06
2025-05-10,ovalle,violencia,norte,11.0,alta,65,5.0,2025-05
NaN,la serena,hurto,norte,17.0,alta,62,NaN,NaN
NaN,salamanca,accidente,NaN,15.0,media,NaN,NaN,NaN
2024-10-17,salamanca,accidente,centro,8.0,NaN,18,10.0,2024-10
2024-06-23,la serena,robo,centro,16.0,alta,67,6.0,2024-06
2025-08-07,illapel,accidente,rural,NaN,NaN,36,8.0,2025-08
2025-11-20,la serena,NaN,norte,14.0,media,52,11.0,2025-11
2024-03-16,la serena,violencia,centro,16.0,NaN,56,3.0,2024-03
2024-05-11,vicuna,fraude,centro,NaN,baja,30,5.0,2024-05
2024-01-09,ovalle,accidente,NaN,13.0,NaN,51,1.0,2024-01
2024-09-28,salamanca,hurto,sur,NaN,baja,16,9.0,2024-09
2025-02-12,vicuna,NaN,NaN,17.0,media,27,2.0,2025-02
2024-04-23,ovalle,accidente,sur,17.0,baja,20,4.0,2024-04
NaN,monte patria,hurto,centro,9.0,baja,33,NaN,NaN
2024-01-31,ovalle,NaN,centro,5.0,media,17,1.0,2024-01
2025-01-25,coquimbo,fraude,centro,5.0,baja,49,1.0,2025-01
NaN,ovalle,robo,centro,14.0,baja,35,NaN,NaN
2025-11-20,ovalle,robo,rural,8.0,alta,NaN,11.0,2025-11
2024-09-26,salamanca,fraude,norte,19.0,alta,33,9.0,2024-09
2024-12-19,ovalle,robo,norte,2.0,NaN,15,12.0,2024-12
NaN,vicuna,robo,rural,14.0,NaN,48,NaN,NaN
2024-01-02,ovalle,violencia,NaN,12.0,NaN,52,1.0,2024-01
2025-10-14,salamanca,robo,centro,12.0,baja,43,10.0,2025-10
NaN,la serena,robo,centro,14.0,baja,52,NaN,NaN
2024-05-10,salamanca,hurto,sur,12.0,alta,23,5.0,2024-05
2025-06-04,la serena,robo,norte,19.0,NaN,61,6.0,2025-06
2024-05-06,monte patria,hurto,rural,18.0,baja,41,5.0,2024-05
2024-03-18,monte patria,hurto,norte,5.0,alta,43,3.0,2024-03
2025-06-20,illapel,NaN,rural,17.0,alta,58,6.0,2025-06
NaN,monte patria,hurto,NaN,13.0,media,NaN,NaN,NaN
2025-12-11,ovalle,hurto,centro,1.0,baja,44,12.0,2025-12
2025-06-21,monte patria,robo,centro,11.0,alta,44,6.0,2025-06
2024-02-28,vicuna,robo,norte,17.0,alta,36,2.0,2024-02
2024-08-09,la serena,NaN,norte,13.0,media,NaN,8.0,2024-08
2024-04-24,la serena,NaN,sur,5.0,NaN,15,4.0,2024-04
2025-09-19,salamanca,accidente,rural,13.0,alta,58,9.0,2025-09
NaN,monte patria,violencia,sur,4.0,baja,61,NaN,NaN
NaN,vicuna,robo,norte,12.0,NaN,28,NaN,NaN
2025-09-21,la serena,fraude,sur,8.0,NaN,28,9.0,2025-09
2025-03-08,andacollo,hurto,centro,NaN,baja,NaN,3.0,2025-03
2025-01-17,vicuna,accidente,rural,3.0,alta,64,1.0,2025-01
2025-04-30,salamanca,NaN,norte,13.0,baja,20,4.0,2025-04
2024-02-09,coquimbo,accidente,centro,1.0,baja,50,2.0,2024-02
NaN,la serena,robo,norte,1.0,NaN,42,NaN,NaN
2024-01-13,la serena,fraude,norte,16.0,media,67,1.0,2024-01
NaN,andacollo,violencia,rural,13.0,NaN,36,NaN,NaN
NaN,la serena,NaN,norte,7.0,baja,43,NaN,NaN
2024-01-04,monte patria,robo,rural,12.0,baja,32,1.0,2024-01
2025-10-29,monte patria,NaN,centro,4.0,baja,37,10.0,2025-10
2025-09-26,coquimbo,NaN,sur,15.0,baja,23,9.0,2025-09
NaN,monte patria,robo,centro,NaN,alta,46,NaN,NaN
2024-01-13,illapel,violencia,centro,4.0,baja,42,1.0,2024-01
2025-03-05,la serena,fraude,NaN,11.0,alta,20,3.0,2025-03
2024-04-21,salamanca,accidente,NaN,2.0,baja,60,4.0,2024-04
2024-07-04,coquimbo,fraude,norte,1.0,alta,67,7.0,2024-07
NaN,la serena,NaN,NaN,6.0,NaN,14,NaN,NaN
NaN,salamanca,accidente,sur,15.0,alta,20,NaN,NaN
NaN,coquimbo,robo,rural,8.0,alta,23,NaN,NaN
2025-08-16,ovalle,robo,centro,13.0,alta,27,8.0,2025-08
2025-04-03,la serena,robo,centro,7.0,baja,57,4.0,2025-04
2024-04-02,ovalle,fraude,norte,17.0,alta,63,4.0,2024-04
2024-01-03,salamanca,robo,norte,13.0,NaN,63,1.0,2024-01
2025-11-28,vicuna,violencia,NaN,17.0,alta,54,11.0,2025-11
2025-07-08,la serena,NaN,NaN,19.0,baja,NaN,7.0,2025-07
2025-05-08,la serena,NaN,rural,4.0,baja,41,5.0,2025-05
2025-08-05,coquimbo,fraude,NaN,12.0,alta,31,8.0,2025-08
2024-09-13,la serena,robo,rural,2.0,alta,37,9.0,2024-09
2025-05-24,illapel,robo,NaN,9.0,media,36,5.0,2025-05
2025-06-12,andacollo,accidente,norte,9.0,alta,38,6.0,2025-06
2024-01-23,vicuna,robo,norte,2.0,baja,18,1.0,2024-01
NaN,andacollo,fraude,sur,13.0,baja,36,NaN,NaN
2024-02-21,salamanca,robo,centro,12.0,media,60,2.0,2024-02
2024-07-22,la serena,violencia,rural,7.0,baja,15,7.0,2024-07
NaN,illapel,NaN,centro,NaN,alta,NaN,NaN,NaN
2024-07-21,andacollo,NaN,centro,4.0,alta,26,7.0,2024-07
2024-08-07,coquimbo,robo,norte,1.0,media,57,8.0,2024-08
2025-05-03,salamanca,hurto,rural,6.0,alta,57,5.0,2025-05
2025-01-29,ovalle,robo,centro,17.0,NaN,55,1.0,2025-01
2024-07-20,andacollo,robo,NaN,8.0,baja,19,7.0,2024-07
2025-01-31,salamanca,fraude,sur,15.0,baja,18,1.0,2025-01
2025-04-29,illapel,robo,sur,7.0,baja,34,4.0,2025-04
2024-03-03,coquimbo,robo,NaN,13.0,alta,50,3.0,2024-03
2024-03-30,illapel,robo,sur,17.0,NaN,42,3.0,2024-03
NaN,salamanca,NaN,centro,5.0,media,36,NaN,NaN
2025-06-10,salamanca,robo,rural,NaN,baja,52,6.0,2025-06
2024-06-29,coquimbo,hurto,centro,3.0,alta,19,6.0,2024-06
NaN,ovalle,robo,norte,18.0,alta,62,NaN,NaN
2024-12-31,illapel,violencia,norte,10.0,NaN,60,12.0,2024-12
2025-02-19,vicuna,accidente,norte,16.0,baja,16,2.0,2025-02
2025-09-12,coquimbo,NaN,norte,5.0,baja,45,9.0,2025-09
2024-10-19,coquimbo,robo,NaN,4.0,media,61,10.0,2024-10
2025-02-02,la serena,robo,centro,12.0,NaN,59,2.0,2025-02
2024-03-15,la serena,accidente,norte,4.0,alta,29,3.0,2024-03
NaN,monte patria,robo,norte,1.0,alta,20,NaN,NaN
NaN,la serena,NaN,centro,3.0,NaN,59,NaN,NaN
NaN,salamanca,NaN,norte,11.0,alta,52,NaN,NaN
NaN,ovalle,robo,norte,10.0,baja,62,NaN,NaN
2025-04-04,vicuna,accidente,centro,NaN,baja,67,4.0,2025-04
2024-11-09,salamanca,hurto,centro,16.0,baja,33,11.0,2024-11
2024-05-04,la serena,violencia,rural,17.0,baja,60,5.0,2024-05
2024-07-20,coquimbo,hurto,NaN,1.0,alta,NaN,7.0,2024-07
2024-06-20,la serena,robo,norte,3.0,alta,38,6.0,2024-06
2025-08-06,la serena,hurto,centro,14.0,alta,NaN,8.0,2025-08
2025-05-08,la serena,hurto,centro,10.0,media,NaN,5.0,2025-05
2024-02-20,coquimbo,hurto,NaN,13.0,media,24,2.0,2024-02
NaN,illapel,fraude,norte,0.0,NaN,60,NaN,NaN
2025-06-28,salamanca,accidente,NaN,11.0,baja,20,6.0,2025-06
2024-12-04,vicuna,robo,norte,11.0,media,55,12.0,2024-12
2024-07-20,salamanca,accidente,norte,14.0,baja,36,7.0,2024-07
2024-09-08,coquimbo,robo,rural,18.0,alta,40,9.0,2024-09
2025-01-31,la serena,robo,centro,17.0,media,16,1.0,2025-01
2024-04-06,coquimbo,robo,norte,9.0,media,40,4.0,2024-04
2025-06-11,coquimbo,robo,norte,NaN,alta,42,6.0,2025-06
NaN,vicuna,NaN,centro,2.0,baja,64,NaN,NaN
2025-08-06,ovalle,hurto,NaN,19.0,baja,67,8.0,2025-08
2024-09-13,ovalle,NaN,norte,10.0,baja,31,9.0,2024-09
NaN,andacollo,NaN,centro,17.0,baja,64,NaN,NaN
2025-12-23,monte patria,hurto,rural,NaN,baja,32,12.0,2025-12
NaN,salamanca,accidente,centro,14.0,baja,56,NaN,NaN
NaN,ovalle,robo,rural,12.0,alta,NaN,NaN,NaN
2025-02-06,vicuna,accidente,sur,18.0,media,64,2.0,2025-02
2024-03-06,la serena,fraude,norte,11.0,NaN,56,3.0,2024-03
2024-04-22,monte patria,robo,rural,7.0,alta,NaN,4.0,2024-04
NaN,vicuna,fraude,rural,14.0,alta,NaN,NaN,NaN
2025-10-28,ovalle,violencia,norte,19.0,baja,68,10.0,2025-10
2024-05-27,salamanca,fraude,centro,1.0,baja,NaN,5.0,2024-05
2024-03-27,la serena,accidente,centro,6.0,media,NaN,3.0,2024-03
2024-02-18,salamanca,robo,centro,11.0,alta,41,2.0,2024-02
2024-09-19,ovalle,robo,centro,15.0,NaN,60,9.0,2024-09
2024-06-20,monte patria,accidente,NaN,4.0,alta,65,6.0,2024-06
2025-06-06,vicuna,robo,centro,15.0,alta,31,6.0,2025-06
2025-11-10,la serena,violencia,rural,1.0,media,56,11.0,2025-11
2024-07-03,illapel,NaN,norte,3.0,alta,56,7.0,2024-07
2024-06-22,coquimbo,fraude,norte,12.0,alta,53,6.0,2024-06
2024-03-22,andacollo,NaN,centro,6.0,alta,66,3.0,2024-03
2025-05-07,salamanca,violencia,norte,3.0,NaN,37,5.0,2025-05
2025-09-17,andacollo,violencia,sur,12.0,alta,20,9.0,2025-09
2024-04-09,la serena,NaN,centro,4.0,alta,17,4.0,2024-04
2025-02-03,andacollo,NaN,rural,12.0,NaN,29,2.0,2025-02
2024-04-07,coquimbo,hurto,rural,10.0,baja,19,4.0,2024-04
2024-01-03,vicuna,violencia,centro,12.0,alta,18,1.0,2024-01
2025-01-25,monte patria,robo,centro,5.0,alta,35,1.0,2025-01
2024-11-10,monte patria,robo,NaN,17.0,alta,18,11.0,2024-11
NaN,coquimbo,NaN,norte,5.0,alta,25,NaN,NaN
2025-07-09,andacollo,hurto,centro,3.0,NaN,60,7.0,2025-07
NaN,ovalle,robo,sur,19.0,alta,65,NaN,NaN
2025-12-08,ovalle,violencia,norte,11.0,baja,21,12.0,2025-12
2024-06-26,vicuna,NaN,norte,5.0,alta,49,6.0,2024-06
2025-12-11,la serena,accidente,rural,18.0,baja,32,12.0,2025-12
2024-09-29,la serena,NaN,norte,18.0,alta,18,9.0,2024-09
NaN,salamanca,fraude,norte,2.0,media,40,NaN,NaN
2024-10-27,vicuna,accidente,centro,6.0,alta,63,10.0,2024-10
NaN,la serena,violencia,sur,8.0,alta,51,NaN,NaN
2024-05-02,vicuna,hurto,norte,18.0,alta,40,5.0,2024-05
NaN,monte patria,NaN,rural,11.0,alta,30,NaN,NaN
2025-03-12,illapel,accidente,NaN,17.0,media,30,3.0,2025-03
2024-02-25,la serena,violencia,centro,3.0,alta,NaN,2.0,2024-02
NaN,la serena,robo,centro,14.0,baja,67,NaN,NaN
2024-06-16,la serena,NaN,centro,2.0,baja,19,6.0,2024-06
2025-08-11,ovalle,violencia,norte,7.0,baja,22,8.0,2025-08
2025-06-24,coquimbo,hurto,centro,15.0,alta,31,6.0,2025-06
2025-04-30,ovalle,robo,norte,17.0,alta,15,4.0,2025-04
NaN,la serena,fraude,NaN,13.0,NaN,47,NaN,NaN
2025-05-28,andacollo,violencia,rural,4.0,NaN,25,5.0,2025-05
2025-09-26,coquimbo,accidente,centro,11.0,alta,58,9.0,2025-09
2024-04-16,andacollo,fraude,rural,13.0,NaN,35,4.0,2024-04
2024-04-04,coquimbo,hurto,norte,10.0,NaN,51,4.0,2024-04
2025-09-16,andacollo,robo,centro,500.0,alta,67,9.0,2025-09
2024-01-17,vicuna,robo,centro,5.0,NaN,28,1.0,2024-01
2025-10-18,andacollo,robo,centro,1.0,media,67,10.0,2025-10
2024-04-09,la serena,accidente,NaN,13.0,baja,63,4.0,2024-04
NaN,la serena,accidente,norte,10.0,NaN,34,NaN,NaN
2024-01-30,coquimbo,fraude,norte,NaN,NaN,62,1.0,2024-01
NaN,coquimbo,NaN,NaN,19.0,NaN,NaN,NaN,NaN
2025-04-20,illapel,robo,centro,12.0,alta,54,4.0,2025-04
2024-10-25,monte patria,robo,sur,13.0,baja,NaN,10.0,2024-10
2025-11-19,monte patria,violencia,centro,15.0,NaN,26,11.0,2025-11
2024-04-08,vicuna,hurto,norte,17.0,baja,NaN,4.0,2024-04
2024-08-06,vicuna,NaN,norte,19.0,media,48,8.0,2024-08
2025-08-03,andacollo,accidente,NaN,3.0,alta,52,8.0,2025-08
2024-06-11,vicuna,accidente,sur,10.0,baja,25,6.0,2024-06
2025-07-03,monte patria,robo,norte,5.0,alta,50,7.0,2025-07
2024-04-23,la serena,hurto,norte,5.0,media,68,4.0,2024-04
2024-01-19,vicuna,robo,rural,6.0,alta,52,1.0,2024-01
2024-07-21,la serena,hurto,centro,11.0,alta,15,7.0,2024-07
2024-09-09,andacollo,robo,rural,NaN,baja,18,9.0,2024-09
2024-11-02,coquimbo,accidente,NaN,10.0,NaN,30,11.0,2024-11
2025-03-14,ovalle,fraude,rural,NaN,NaN,29,3.0,2025-03
2024-04-23,vicuna,NaN,NaN,5.0,baja,42,4.0,2024-04
2024-07-15,ovalle,fraude,norte,14.0,NaN,66,7.0,2024-07
2024-12-20,la serena,robo,centro,16.0,NaN,21,12.0,2024-12
2024-02-12,coquimbo,accidente,centro,14.0,baja,41,2.0,2024-02
2024-05-03,vicuna,NaN,centro,14.0,alta,5,5.0,2024-05
2024-09-08,ovalle,violencia,rural,13.0,alta,31,9.0,2024-09
2025-12-11,illapel,violencia,centro,6.0,NaN,22,12.0,2025-12
NaN,ovalle,robo,sur,15.0,baja,25,NaN,NaN
2024-06-27,vicuna,fraude,norte,17.0,baja,66,6.0,2024-06
NaN,ovalle,accidente,norte,19.0,alta,NaN,NaN,NaN
2024-03-25,monte patria,fraude,rural,9.0,NaN,33,3.0,2024-03
2025-09-29,salamanca,robo,norte,-3.0,alta,42,9.0,2025-09
2025-02-12,salamanca,accidente,centro,16.0,alta,32,2.0,2025-02
2025-09-06,ovalle,fraude,sur,1.0,NaN,51,9.0,2025-09
2024-02-27,ovalle,robo,norte,13.0,media,57,2.0,2024-02
2024-04-16,ovalle,NaN,centro,5.0,NaN,62,4.0,2024-04
2024-11-30,ovalle,robo,centro,10.0,NaN,43,11.0,2024-11
2025-11-04,monte patria,fraude,sur,12.0,NaN,30,11.0,2025-11
NaN,la serena,fraude,sur,9.0,alta,53,NaN,NaN
NaN,coquimbo,robo,rural,6.0,baja,46,NaN,NaN
2025-04-04,coquimbo,robo,centro,NaN,alta,NaN,4.0,2025-04
2025-03-18,coquimbo,robo,NaN,NaN,alta,39,3.0,2025-03
2024-07-04,coquimbo,robo,centro,6.0,media,68,7.0,2024-07
2024-02-25,la serena,hurto,sur,9.0,baja,44,2.0,2024-02
NaN,vicuna,violencia,NaN,11.0,NaN,53,NaN,NaN
2024-07-04,la serena,fraude,norte,19.0,media,31,7.0,2024-07
2024-03-04,la serena,robo,norte,18.0,media,30,3.0,2024-03
2025-06-21,salamanca,robo,rural,13.0,alta,42,6.0,2025-06
2025-09-28,vicuna,robo,centro,16.0,baja,49,9.0,2025-09
2025-11-26,salamanca,NaN,norte,7.0,alta,35,11.0,2025-11
2025-04-24,la serena,NaN,norte,5.0,NaN,47,4.0,2025-04
2024-12-13,la serena,NaN,centro,13.0,alta,51,12.0,2024-12
2025-09-17,illapel,NaN,NaN,18.0,NaN,19,9.0,2025-09
NaN,vicuna,hurto,NaN,5.0,alta,47,NaN,NaN
2024-06-12,monte patria,hurto,sur,3.0,baja,39,6.0,2024-06
2025-01-07,monte patria,accidente,rural,8.0,alta,31,1.0,2025-01
2025-07-01,coquimbo,robo,centro,8.0,alta,27,7.0,2025-07
2024-02-29,coquimbo,accidente,rural,2.0,alta,52,2.0,2024-02
2025-04-03,coquimbo,robo,sur,7.0,alta,67,4.0,2025-04
2025-10-11,coquimbo,hurto,norte,14.0,NaN,43,10.0,2025-10
2025-05-31,ovalle,accidente,rural,6.0,alta,52,5.0,2025-05
2024-11-23,andacollo,violencia,sur,9.0,alta,55,11.0,2024-11
2024-09-18,salamanca,robo,sur,NaN,baja,NaN,9.0,2024-09
2024-08-22,salamanca,NaN,sur,11.0,alta,48,8.0,2024-08
2025-03-29,salamanca,NaN,norte,11.0,baja,35,3.0,2025-03
2025-05-05,vicuna,hurto,centro,12.0,alta,40,5.0,2025-05
2024-04-12,ovalle,robo,centro,NaN,NaN,23,4.0,2024-04
2025-10-10,illapel,accidente,sur,14.0,baja,27,10.0,2025-10
2025-05-28,la serena,fraude,centro,14.0,NaN,36,5.0,2025-05
2024-12-21,salamanca,hurto,centro,9.0,baja,69,12.0,2024-12
2024-12-26,monte patria,fraude,NaN,7.0,media,28,12.0,2024-12
2024-04-07,la serena,violencia,sur,17.0,media,62,4.0,2024-04
2024-04-21,illapel,accidente,norte,3.0,alta,23,4.0,2024-04
2024-05-15,andacollo,robo,rural,18.0,alta,51,5.0,2024-05
NaN,la serena,NaN,NaN,14.0,alta,25,NaN,NaN
2025-08-29,coquimbo,robo,norte,17.0,NaN,29,8.0,2025-08
2024-09-29,vicuna,fraude,NaN,2.0,baja,19,9.0,2024-09
2024-06-15,la serena,robo,norte,5.0,alta,30,6.0,2024-06
NaN,vicuna,robo,sur,-3.0,NaN,53,NaN,NaN
2025-11-26,ovalle,accidente,rural,16.0,baja,22,11.0,2025-11
NaN,coquimbo,NaN,sur,11.0,baja,41,NaN,NaN
2025-09-17,monte patria,accidente,NaN,2.0,baja,28,9.0,2025-09
2024-11-10,salamanca,hurto,centro,2.0,NaN,60,11.0,2024-11
2025-10-14,salamanca,accidente,rural,2.0,alta,30,10.0,2025-10
NaN,la serena,robo,rural,11.0,media,52,NaN,NaN
2024-07-22,ovalle,robo,centro,18.0,baja,43,7.0,2024-07
2024-09-25,salamanca,accidente,norte,16.0,baja,60,9.0,2024-09
2024-11-16,ovalle,accidente,sur,4.0,alta,56,11.0,2024-11
2024-10-09,andacollo,hurto,norte,12.0,alta,49,10.0,2024-10
NaN,vicuna,accidente,NaN,2.0,baja,36,NaN,NaN
2025-06-09,la serena,hurto,NaN,13.0,NaN,NaN,6.0,2025-06
2025-08-20,la serena,hurto,centro,14.0,NaN,54,8.0,2025-08
2025-08-29,la serena,robo,NaN,16.0,NaN,19,8.0,2025-08
2024-09-22,coquimbo,accidente,centro,1.0,NaN,NaN,9.0,2024-09
2025-11-16,illapel,accidente,norte,1.0,alta,69,11.0,2025-11
2024-02-21,coquimbo,fraude,norte,17.0,baja,34,2.0,2024-02
2024-05-29,coquimbo,accidente,NaN,17.0,alta,38,5.0,2024-05
2024-03-05,andacollo,violencia,centro,3.0,media,22,3.0,2024-03
2025-08-18,salamanca,hurto,NaN,8.0,baja,35,8.0,2025-08
NaN,salamanca,hurto,norte,12.0,alta,35,NaN,NaN
2025-09-15,vicuna,robo,norte,7.0,NaN,65,9.0,2025-09
2025-05-30,ovalle,fraude,centro,4.0,alta,45,5.0,2025-05
2024-07-25,salamanca,NaN,norte,19.0,NaN,69,7.0,2024-07
2025-07-12,illapel,violencia,centro,17.0,baja,39,7.0,2025-07
2024-05-20,andacollo,violencia,sur,7.0,baja,52,5.0,2024-05
2024-11-18,andacollo,robo,centro,5.0,media,41,11.0,2024-11
NaN,ovalle,accidente,rural,6.0,media,NaN,NaN,NaN
2025-11-13,coquimbo,robo,sur,1.0,media,30,11.0,2025-11
2025-10-02,vicuna,hurto,norte,11.0,alta,26,10.0,2025-10
2025-05-16,coquimbo,hurto,centro,8.0,baja,22,5.0,2025-05
NaN,coquimbo,hurto,norte,3.0,alta,35,NaN,NaN
2024-02-23,monte patria,robo,centro,13.0,NaN,57,2.0,2024-02
2024-09-14,vicuna,robo,NaN,13.0,media,22,9.0,2024-09
2024-03-16,andacollo,robo,rural,15.0,NaN,28,3.0,2024-03
2025-02-12,vicuna,robo,norte,3.0,NaN,43,2.0,2025-02
2025-02-26,coquimbo,violencia,centro,NaN,media,NaN,2.0,2025-02
NaN,coquimbo,accidente,NaN,3.0,baja,51,NaN,NaN
2024-05-22,la serena,robo,NaN,6.0,alta,NaN,5.0,2024-05
2025-03-24,vicuna,robo,norte,8.0,baja,61,3.0,2025-03
2024-07-27,coquimbo,robo,norte,15.0,baja,46,7.0,2024-07
2025-08-10,vicuna,robo,NaN,4.0,media,NaN,8.0,2025-08
2024-03-16,la serena,hurto,centro,9.0,media,38,3.0,2024-03
2024-03-29,vicuna,accidente,NaN,10.0,baja,16,3.0,2024-03
2024-12-01,monte patria,robo,norte,4.0,baja,39,12.0,2024-12
2025-12-26,la serena,accidente,NaN,NaN,baja,47,12.0,2025-12
2025-09-21,coquimbo,fraude,NaN,NaN,baja,32,9.0,2025-09
2024-05-20,coquimbo,fraude,sur,13.0,alta,47,5.0,2024-05
2025-08-29,vicuna,robo,norte,NaN,NaN,66,8.0,2025-08
2024-12-18,monte patria,violencia,centro,4.0,baja,47,12.0,2024-12
NaN,vicuna,NaN,centro,18.0,media,56,NaN,NaN
NaN,ovalle,violencia,centro,12.0,NaN,34,NaN,NaN
2025-02-15,monte patria,robo,centro,12.0,media,50,2.0,2025-02
2025-05-28,coquimbo,violencia,centro,11.0,baja,14,5.0,2025-05
2025-12-16,coquimbo,fraude,sur,12.0,baja,17,12.0,2025-12
2024-01-22,monte patria,violencia,centro,3.0,NaN,27,1.0,2024-01
NaN,la serena,NaN,norte,0.0,baja,56,NaN,NaN
2024-11-26,la serena,violencia,norte,1.0,baja,19,11.0,2024-11
2025-10-24,andacollo,robo,centro,2.0,baja,41,10.0,2025-10
2025-11-20,salamanca,robo,rural,9.0,alta,38,11.0,2025-11
2025-03-25,ovalle,accidente,centro,2.0,alta,15,3.0,2025-03
2025-05-01,coquimbo,robo,centro,4.0,baja,14,5.0,2025-05
2024-11-27,la serena,robo,rural,11.0,alta,30,11.0,2024-11
2025-04-11,coquimbo,NaN,rural,15.0,baja,57,4.0,2025-04
2024-07-17,la serena,fraude,rural,3.0,NaN,16,7.0,2024-07
2024-07-24,coquimbo,robo,sur,5.0,baja,19,7.0,2024-07
2025-01-21,coquimbo,accidente,norte,13.0,NaN,62,1.0,2025-01
2024-05-26,la serena,accidente,norte,15.0,baja,64,5.0,2024-05
2024-10-13,ovalle,accidente,NaN,17.0,baja,27,10.0,2024-10
2024-02-10,monte patria,robo,NaN,15.0,alta,57,2.0,2024-02
2025-09-03,la serena,accidente,centro,2.0,media,51,9.0,2025-09
2025-07-21,salamanca,hurto,NaN,3.0,media,63,7.0,2025-07
2024-01-28,monte patria,hurto,sur,NaN,baja,68,1.0,2024-01
2025-06-07,andacollo,fraude,norte,15.0,NaN,55,6.0,2025-06
2025-04-16,monte patria,robo,NaN,5.0,NaN,44,4.0,2025-04
2024-01-19,illapel,robo,norte,9.0,NaN,24,1.0,2024-01
2024-09-01,ovalle,accidente,NaN,15.0,alta,34,9.0,2024-09
2025-09-28,andacollo,robo,rural,15.0,NaN,64,9.0,2025-09
2025-04-17,coquimbo,robo,norte,NaN,alta,47,4.0,2025-04
NaN,illapel,robo,NaN,7.0,alta,48,NaN,NaN
2025-07-11,andacollo,NaN,norte,11.0,media,19,7.0,2025-07
2024-01-14,andacollo,hurto,rural,8.0,baja,24,1.0,2024-01
2025-11-09,salamanca,robo,norte,4.0,baja,29,11.0,2025-11
2024-11-25,andacollo,hurto,sur,1.0,media,19,11.0,2024-11
2025-06-08,andacollo,violencia,rural,4.0,alta,54,6.0,2025-06
2024-08-02,la serena,NaN,rural,5.0,baja,56,8.0,2024-08
2024-10-23,coquimbo,violencia,norte,4.0,alta,61,10.0,2024-10
2024-09-16,ovalle,accidente,NaN,7.0,NaN,35,9.0,2024-09
NaN,monte patria,hurto,NaN,19.0,baja,40,NaN,NaN
2024-08-10,monte patria,violencia,norte,3.0,alta,16,8.0,2024-08
NaN,coquimbo,robo,rural,18.0,NaN,50,NaN,NaN
NaN,ovalle,accidente,sur,11.0,NaN,60,NaN,NaN
NaN,andacollo,hurto,rural,15.0,media,47,NaN,NaN
2025-02-25,vicuna,hurto,norte,8.0,alta,49,2.0,2025-02
2024-07-07,monte patria,accidente,norte,8.0,NaN,38,7.0,2024-07
NaN,la serena,robo,rural,5.0,baja,43,NaN,NaN
NaN,coquimbo,NaN,norte,14.0,baja,45,NaN,NaN
2025-02-26,monte patria,fraude,norte,1.0,media,49,2.0,2025-02
2024-06-02,la serena,NaN,norte,14.0,baja,38,6.0,2024-06
2024-03-07,coquimbo,robo,centro,1.0,alta,33,3.0,2024-03
2025-06-12,andacollo,violencia,norte,10.0,baja,28,6.0,2025-06
2025-12-28,vicuna,robo,norte,3.0,baja,61,12.0,2025-12
2024-06-16,monte patria,robo,norte,18.0,alta,48,6.0,2024-06
2025-01-10,monte patria,accidente,norte,2.0,NaN,NaN,1.0,2025-01
NaN,la serena,fraude,rural,6.0,NaN,21,NaN,NaN
2025-01-12,illapel,robo,norte,4.0,baja,53,1.0,2025-01
NaN,ovalle,accidente,NaN,10.0,alta,25,NaN,NaN
2025-01-15,ovalle,fraude,centro,2.0,media,23,1.0,2025-01
NaN,ovalle,robo,NaN,11.0,NaN,58,NaN,NaN
2024-01-25,coquimbo,NaN,norte,7.0,baja,NaN,1.0,2024-01
2024-11-17,salamanca,NaN,norte,7.0,NaN,64,11.0,2024-11
2024-12-09,illapel,robo,centro,11.0,baja,38,12.0,2024-12
NaN,la serena,NaN,rural,4.0,baja,NaN,NaN,NaN
2024-09-25,coquimbo,fraude,norte,3.0,baja,59,9.0,2024-09
2025-02-19,vicuna,robo,rural,6.0,alta,53,2.0,2025-02
2024-08-19,ovalle,NaN,centro,9.0,media,33,8.0,2024-08
NaN,la serena,NaN,centro,13.0,alta,30,NaN,NaN
NaN,illapel,robo,norte,17.0,alta,48,NaN,NaN
2025-09-03,monte patria,NaN,centro,10.0,baja,19,9.0,2025-09
2024-06-24,monte patria,violencia,norte,14.0,media,NaN,6.0,2024-06
2025-02-27,salamanca,NaN,rural,17.0,alta,66,2.0,2025-02
2024-08-27,coquimbo,NaN,norte,15.0,baja,59,8.0,2024-08
2025-08-31,salamanca,NaN,norte,1.0,baja,62,8.0,2025-08
NaN,coquimbo,violencia,sur,16.0,NaN,68,NaN,NaN
2024-01-20,la serena,accidente,centro,2.0,alta,44,1.0,2024-01
2024-08-03,coquimbo,NaN,sur,15.0,alta,67,8.0,2024-08
NaN,ovalle,fraude,NaN,5.0,baja,NaN,NaN,NaN
2025-12-07,vicuna,fraude,rural,12.0,baja,66,12.0,2025-12
2025-09-28,vicuna,fraude,norte,17.0,alta,31,9.0,2025-09
NaN,coquimbo,violencia,norte,6.0,alta,43,NaN,NaN
2025-05-31,coquimbo,violencia,sur,10.0,NaN,43,5.0,2025-05
NaN,la serena,fraude,rural,3.0,alta,30,NaN,NaN
NaN,coquimbo,robo,sur,8.0,media,54,NaN,NaN
2025-02-13,la serena,robo,centro,10.0,NaN,21,2.0,2025-02
2025-08-13,salamanca,violencia,norte,8.0,alta,34,8.0,2025-08
NaN,la serena,accidente,norte,5.0,alta,50,NaN,NaN
2025-07-08,andacollo,accidente,rural,8.0,baja,35,7.0,2025-07
2025-06-04,la serena,accidente,norte,6.0,alta,49,6.0,2025-06
2024-12-17,vicuna,fraude,norte,9.0,baja,20,12.0,2024-12
2024-05-08,vicuna,robo,NaN,NaN,baja,61,5.0,2024-05
2024-07-02,coquimbo,fraude,centro,11.0,alta,46,7.0,2024-07
2025-04-01,andacollo,NaN,centro,NaN,alta,64,4.0,2025-04
2024-03-04,andacollo,NaN,NaN,18.0,media,52,3.0,2024-03
2025-09-08,vicuna,NaN,norte,12.0,NaN,61,9.0,2025-09
2025-11-02,monte patria,accidente,norte,5.0,alta,37,11.0,2025-11
2025-08-26,coquimbo,accidente,centro,18.0,NaN,67,8.0,2025-08
NaN,la serena,robo,centro,9.0,media,36,NaN,NaN
2025-09-21,la serena,robo,sur,4.0,media,NaN,9.0,2025-09
NaN,la serena,accidente,norte,NaN,NaN,40,NaN,NaN
2025-08-14,andacollo,violencia,centro,4.0,alta,68,8.0,2025-08
NaN,la serena,hurto,NaN,5.0,NaN,65,NaN,NaN
NaN,coquimbo,fraude,centro,18.0,baja,52,NaN,NaN
2024-02-19,la serena,fraude,sur,NaN,NaN,63,2.0,2024-02
2024-01-12,monte patria,hurto,rural,17.0,alta,14,1.0,2024-01
NaN,illapel,violencia,NaN,18.0,NaN,59,NaN,NaN
2024-07-08,ovalle,fraude,norte,12.0,NaN,56,7.0,2024-07
2024-06-30,coquimbo,robo,centro,NaN,alta,30,6.0,2024-06
NaN,andacollo,NaN,centro,5.0,alta,21,NaN,NaN
2024-09-02,la serena,violencia,norte,15.0,media,25,9.0,2024-09
NaN,la serena,hurto,rural,18.0,baja,33,NaN,NaN
2024-11-18,la serena,hurto,sur,3.0,baja,15,11.0,2024-11
2024-09-20,vicuna,violencia,norte,17.0,alta,15,9.0,2024-09
2025-05-27,coquimbo,accidente,centro,1.0,alta,15,5.0,2025-05
2024-07-02,monte patria,robo,NaN,10.0,alta,29,7.0,2024-07
2025-09-13,salamanca,fraude,centro,12.0,NaN,41,9.0,2025-09
2024-03-20,coquimbo,violencia,centro,18.0,baja,16,3.0,2024-03
2024-08-18,vicuna,fraude,centro,4.0,baja,32,8.0,2024-08
2025-02-22,andacollo,fraude,NaN,3.0,alta,NaN,2.0,2025-02
NaN,monte patria,fraude,centro,16.0,baja,66,NaN,NaN
2025-10-20,la serena,fraude,sur,2.0,alta,38,10.0,2025-10
2025-12-17,coquimbo,robo,rural,19.0,alta,62,12.0,2025-12
2024-09-21,la serena,hurto,centro,6.0,baja,35,9.0,2024-09
2024-02-02,coquimbo,fraude,norte,14.0,alta,57,2.0,2024-02
2025-04-23,monte patria,violencia,centro,6.0,baja,32,4.0,2025-04
2025-09-24,vicuna,hurto,centro,16.0,alta,22,9.0,2025-09
2024-06-05,coquimbo,NaN,sur,18.0,baja,38,6.0,2024-06
NaN,monte patria,NaN,centro,16.0,baja,69,NaN,NaN
2024-09-30,la serena,hurto,sur,18.0,alta,20,9.0,2024-09
2024-05-22,salamanca,NaN,NaN,8.0,baja,38,5.0,2024-05
NaN,illapel,hurto,sur,18.0,baja,41,NaN,NaN
2024-08-30,vicuna,accidente,sur,19.0,media,55,8.0,2024-08
2025-10-19,illapel,robo,centro,7.0,baja,60,10.0,2025-10
2024-04-10,illapel,NaN,sur,17.0,media,27,4.0,2024-04
2025-02-10,vicuna,robo,sur,NaN,baja,32,2.0,2025-02
2024-10-07,andacollo,accidente,norte,6.0,baja,64,10.0,2024-10
2024-02-04,coquimbo,robo,centro,16.0,alta,20,2.0,2024-02
NaN,andacollo,hurto,rural,5.0,baja,27,NaN,NaN
2024-09-30,andacollo,hurto,centro,6.0,baja,15,9.0,2024-09
2025-01-03,vicuna,robo,centro,7.0,baja,66,1.0,2025-01
2024-02-24,la serena,NaN,NaN,15.0,NaN,24,2.0,2024-02
2025-02-03,salamanca,violencia,centro,7.0,NaN,59,2.0,2025-02
2025-09-24,vicuna,robo,rural,15.0,media,59,9.0,2025-09
2024-09-24,salamanca,robo,centro,4.0,media,47,9.0,2024-09
2024-12-15,vicuna,NaN,norte,19.0,NaN,52,12.0,2024-12
2024-08-02,andacollo,robo,NaN,3.0,alta,25,8.0,2024-08
2024-05-05,la serena,hurto,rural,13.0,alta,64,5.0,2024-05
2024-07-06,vicuna,robo,norte,NaN,NaN,52,7.0,2024-07
NaN,ovalle,hurto,centro,4.0,media,26,NaN,NaN
NaN,coquimbo,NaN,NaN,3.0,alta,28,NaN,NaN
2024-06-14,la serena,robo,norte,4.0,alta,67,6.0,2024-06
2024-04-08,coquimbo,NaN,norte,15.0,NaN,40,4.0,2024-04
2025-07-03,ovalle,robo,centro,15.0,baja,52,7.0,2025-07
2024-05-28,ovalle,accidente,sur,2.0,baja,NaN,5.0,2024-05
NaN,coquimbo,violencia,norte,3.0,baja,59,NaN,NaN
2024-02-06,la serena,violencia,NaN,2.0,baja,41,2.0,2024-02
2025-09-02,vicuna,robo,centro,18.0,alta,34,9.0,2025-09
2024-11-17,andacollo,NaN,centro,16.0,media,65,11.0,2024-11
2025-09-19,la serena,robo,norte,8.0,baja,14,9.0,2025-09
2024-12-08,salamanca,NaN,centro,11.0,baja,55,12.0,2024-12
NaN,coquimbo,robo,NaN,6.0,NaN,33,NaN,NaN
2025-04-06,salamanca,fraude,NaN,18.0,media,45,4.0,2025-04
2025-07-14,vicuna,violencia,norte,9.0,media,69,7.0,2025-07
2024-05-21,andacollo,robo,centro,NaN,alta,60,5.0,2024-05
2024-06-30,salamanca,robo,centro,10.0,baja,54,6.0,2024-06
2024-06-05,salamanca,robo,centro,5.0,media,36,6.0,2024-06
2024-08-11,la serena,violencia,norte,10.0,media,16,8.0,2024-08
NaN,vicuna,accidente,norte,5.0,NaN,61,NaN,NaN
2025-05-17,andacollo,robo,norte,13.0,alta,19,5.0,2025-05
2024-04-26,andacollo,NaN,centro,NaN,alta,60,4.0,2024-04
2025-11-27,illapel,NaN,rural,3.0,baja,NaN,11.0,2025-11
NaN,salamanca,accidente,sur,8.0,NaN,58,NaN,NaN
2024-08-16,salamanca,hurto,centro,2.0,alta,NaN,8.0,2024-08
2024-09-11,salamanca,violencia,norte,14.0,alta,33,9.0,2024-09
NaN,la serena,accidente,rural,8.0,media,14,NaN,NaN
NaN,andacollo,hurto,sur,8.0,baja,66,NaN,NaN
2024-07-10,andacollo,robo,NaN,13.0,baja,46,7.0,2024-07
2025-12-07,vicuna,violencia,norte,19.0,alta,50,12.0,2025-12
2025-08-15,coquimbo,fraude,rural,8.0,alta,25,8.0,2025-08
2024-08-07,salamanca,robo,NaN,14.0,NaN,38,8.0,2024-08
2025-12-18,andacollo,accidente,norte,17.0,media,42,12.0,2025-12
2024-04-09,vicuna,violencia,rural,17.0,baja,53,4.0,2024-04
2025-03-31,la serena,robo,sur,16.0,alta,16,3.0,2025-03
2025-01-31,monte patria,fraude,rural,12.0,NaN,36,1.0,2025-01
2025-03-13,illapel,violencia,norte,12.0,baja,44,3.0,2025-03
NaN,la serena,robo,centro,15.0,NaN,NaN,NaN,NaN
2024-11-09,monte patria,violencia,norte,15.0,baja,NaN,11.0,2024-11
NaN,illapel,fraude,centro,17.0,alta,59,NaN,NaN
2024-07-05,la serena,accidente,sur,14.0,baja,57,7.0,2024-07
2024-10-12,salamanca,NaN,sur,4.0,baja,43,10.0,2024-10
2025-10-04,la serena,hurto,NaN,19.0,baja,32,10.0,2025-10
2024-01-31,andacollo,robo,rural,10.0,baja,30,1.0,2024-01
2024-03-13,salamanca,fraude,norte,11.0,baja,NaN,3.0,2024-03
2024-12-02,vicuna,robo,norte,8.0,baja,59,12.0,2024-12
2024-11-02,la serena,robo,norte,6.0,baja,20,11.0,2024-11
NaN,monte patria,robo,rural,1.0,NaN,53,NaN,NaN
2025-04-17,la serena,robo,norte,3.0,NaN,20,4.0,2025-04
2024-01-24,andacollo,NaN,NaN,12.0,NaN,63,1.0,2024-01
NaN,salamanca,NaN,centro,NaN,baja,NaN,NaN,NaN
2025-09-06,salamanca,violencia,NaN,19.0,alta,40,9.0,2025-09
2025-06-05,vicuna,hurto,centro,19.0,alta,19,6.0,2025-06
2025-09-03,coquimbo,robo,rural,18.0,media,41,9.0,2025-09
2024-06-10,la serena,violencia,centro,12.0,baja,20,6.0,2024-06
2024-09-06,salamanca,violencia,centro,17.0,NaN,36,9.0,2024-09
2025-01-04,coquimbo,NaN,norte,12.0,alta,44,1.0,2025-01
2024-09-25,andacollo,robo,rural,14.0,alta,29,9.0,2024-09
2025-10-03,monte patria,accidente,centro,500.0,baja,51,10.0,2025-10
2024-04-10,ovalle,violencia,centro,NaN,NaN,58,4.0,2024-04
2024-06-17,monte patria,hurto,norte,NaN,alta,38,6.0,2024-06
2025-05-15,salamanca,fraude,norte,17.0,baja,31,5.0,2025-05
2024-04-16,coquimbo,robo,norte,0.0,NaN,26,4.0,2024-04
2025-12-07,monte patria,accidente,norte,16.0,alta,31,12.0,2025-12
NaN,coquimbo,robo,centro,5.0,media,NaN,NaN,NaN
NaN,monte patria,robo,norte,2.0,alta,49,NaN,NaN
2024-02-15,illapel,hurto,norte,NaN,NaN,56,2.0,2024-02
2025-09-18,monte patria,NaN,centro,7.0,media,30,9.0,2025-09
2025-03-29,salamanca,accidente,norte,18.0,media,35,3.0,2025-03
NaN,coquimbo,accidente,rural,4.0,alta,25,NaN,NaN
2024-06-16,salamanca,accidente,centro,19.0,alta,66,6.0,2024-06
2025-06-21,coquimbo,violencia,NaN,16.0,alta,14,6.0,2025-06
2025-07-16,coquimbo,robo,centro,1.0,alta,36,7.0,2025-07
2024-04-27,vicuna,NaN,centro,NaN,alta,NaN,4.0,2024-04
2024-06-14,monte patria,robo,NaN,11.0,media,17,6.0,2024-06
2024-03-08,salamanca,hurto,sur,12.0,NaN,NaN,3.0,2024-03
2024-12-10,vicuna,violencia,rural,1.0,NaN,41,12.0,2024-12
2025-05-21,la serena,NaN,norte,3.0,baja,56,5.0,2025-05
2025-05-02,ovalle,accidente,centro,13.0,NaN,17,5.0,2025-05
2025-12-18,monte patria,robo,centro,16.0,baja,NaN,12.0,2025-12
2024-03-22,coquimbo,robo,centro,7.0,baja,20,3.0,2024-03
2025-11-30,salamanca,robo,sur,7.0,media,15,11.0,2025-11
2025-02-14,la serena,fraude,sur,1.0,alta,29,2.0,2025-02
2025-08-29,salamanca,fraude,centro,2.0,baja,59,8.0,2025-08
2024-01-25,coquimbo,fraude,NaN,3.0,alta,26,1.0,2024-01
2025-06-26,illapel,violencia,rural,2.0,NaN,42,6.0,2025-06
2025-09-29,la serena,robo,norte,5.0,baja,28,9.0,2025-09
2025-09-29,coquimbo,robo,norte,5.0,baja,16,9.0,2025-09
2025-04-24,vicuna,accidente,centro,13.0,alta,64,4.0,2025-04
2025-05-20,la serena,NaN,rural,NaN,NaN,NaN,5.0,2025-05
2024-04-02,andacollo,hurto,centro,10.0,media,14,4.0,2024-04
2024-10-19,monte patria,violencia,centro,18.0,alta,60,10.0,2024-10
NaN,coquimbo,robo,centro,7.0,alta,16,NaN,NaN
2025-03-26,illapel,violencia,sur,19.0,baja,61,3.0,2025-03
2025-09-28,la serena,accidente,NaN,9.0,baja,66,9.0,2025-09
2025-02-24,monte patria,violencia,sur,9.0,media,40,2.0,2025-02
2024-12-15,salamanca,NaN,norte,14.0,alta,19,12.0,2024-12
2025-07-01,la serena,robo,norte,1.0,NaN,47,7.0,2025-07
2025-01-11,coquimbo,robo,centro,14.0,NaN,NaN,1.0,2025-01
2025-06-18,coquimbo,violencia,NaN,19.0,baja,38,6.0,2025-06
NaN,vicuna,robo,norte,15.0,baja,NaN,NaN,NaN
2024-06-21,coquimbo,fraude,rural,13.0,baja,69,6.0,2024-06
NaN,la serena,robo,norte,18.0,NaN,NaN,NaN,NaN
2024-10-31,monte patria,robo,centro,10.0,NaN,36,10.0,2024-10
2024-09-28,la serena,NaN,centro,16.0,baja,48,9.0,2024-09
NaN,ovalle,accidente,NaN,16.0,media,62,NaN,NaN
2024-11-01,monte patria,fraude,centro,11.0,NaN,30,11.0,2024-11
2024-09-17,la serena,fraude,norte,NaN,alta,63,9.0,2024-09
2024-10-26,coquimbo,accidente,sur,13.0,NaN,32,10.0,2024-10
2024-06-18,andacollo,fraude,NaN,9.0,baja,53,6.0,2024-06
2025-04-28,vicuna,accidente,centro,5.0,alta,56,4.0,2025-04
2024-04-03,monte patria,fraude,centro,9.0,alta,51,4.0,2024-04
2024-09-06,ovalle,violencia,centro,3.0,NaN,26,9.0,2024-09
NaN,la serena,violencia,NaN,12.0,baja,NaN,NaN,NaN
2025-11-16,la serena,hurto,sur,8.0,alta,38,11.0,2025-11
2024-09-20,ovalle,hurto,centro,17.0,baja,46,9.0,2024-09
2025-01-23,ovalle,violencia,rural,13.0,baja,55,1.0,2025-01
2025-04-04,la serena,NaN,rural,9.0,NaN,44,4.0,2025-04
2024-01-06,la serena,violencia,norte,16.0,baja,17,1.0,2024-01
2025-12-04,salamanca,robo,norte,10.0,NaN,35,12.0,2025-12
2024-02-28,la serena,NaN,sur,14.0,NaN,69,2.0,2024-02
2024-12-04,coquimbo,robo,NaN,16.0,NaN,53,12.0,2024-12
2024-01-16,la serena,robo,centro,7.0,alta,27,1.0,2024-01
2024-01-02,salamanca,robo,sur,12.0,baja,62,1.0,2024-01
2024-05-15,vicuna,accidente,centro,9.0,alta,22,5.0,2024-05
2024-11-26,illapel,accidente,centro,2.0,alta,56,11.0,2024-11
2025-05-10,coquimbo,violencia,centro,16.0,baja,48,5.0,2025-05
2024-12-20,salamanca,fraude,centro,NaN,media,24,12.0,2024-12
2025-01-08,la serena,robo,sur,10.0,baja,67,1.0,2025-01
2024-01-29,coquimbo,hurto,centro,13.0,baja,43,1.0,2024-01
NaN,coquimbo,robo,sur,11.0,media,49,NaN,NaN
2025-06-18,salamanca,hurto,NaN,15.0,alta,14,6.0,2025-06
2025-09-18,vicuna,fraude,centro,4.0,alta,15,9.0,2025-09
2024-08-30,la serena,accidente,centro,NaN,alta,NaN,8.0,2024-08
2024-10-30,monte patria,NaN,norte,7.0,alta,25,10.0,2024-10
2024-02-09,la serena,robo,centro,18.0,alta,64,2.0,2024-02
2024-12-03,coquimbo,fraude,centro,11.0,baja,54,12.0,2024-12
2025-02-02,la serena,fraude,centro,7.0,baja,59,2.0,2025-02
2024-07-28,salamanca,fraude,centro,15.0,baja,21,7.0,2024-07
NaN,coquimbo,accidente,norte,4.0,media,47,NaN,NaN
2024-09-01,coquimbo,accidente,rural,3.0,baja,30,9.0,2024-09
2024-10-08,coquimbo,accidente,rural,9.0,baja,63,10.0,2024-10
2025-04-24,illapel,robo,NaN,NaN,baja,22,4.0,2025-04
2025-05-08,la serena,robo,centro,NaN,baja,56,5.0,2025-05
NaN,la serena,accidente,centro,10.0,NaN,65,NaN,NaN
2024-08-08,vicuna,NaN,NaN,17.0,NaN,62,8.0,2024-08
2024-09-07,la serena,fraude,norte,8.0,media,54,9.0,2024-09
2025-03-17,ovalle,fraude,NaN,11.0,baja,18,3.0,2025-03
2024-11-18,ovalle,violencia,norte,11.0,alta,22,11.0,2024-11
NaN,monte patria,NaN,sur,8.0,media,19,NaN,NaN
2025-05-07,salamanca,robo,norte,7.0,baja,NaN,5.0,2025-05
2025-06-14,monte patria,hurto,rural,10.0,alta,61,6.0,2025-06
NaN,ovalle,violencia,rural,13.0,alta,15,NaN,NaN
2025-09-16,salamanca,fraude,centro,NaN,alta,69,9.0,2025-09
2024-01-10,salamanca,robo,norte,14.0,alta,46,1.0,2024-01
2024-08-20,monte patria,fraude,centro,NaN,media,22,8.0,2024-08
2025-05-07,salamanca,robo,centro,6.0,alta,68,5.0,2025-05
2024-05-01,illapel,accidente,rural,11.0,alta,24,5.0,2024-05
2024-09-21,la serena,hurto,centro,7.0,baja,53,9.0,2024-09
2024-12-17,la serena,violencia,rural,11.0,media,34,12.0,2024-12
2025-10-09,ovalle,NaN,rural,17.0,alta,35,10.0,2025-10
2024-10-04,la serena,robo,sur,NaN,baja,68,10.0,2024-10
2024-10-26,coquimbo,fraude,centro,10.0,alta,36,10.0,2024-10
2025-08-11,ovalle,fraude,sur,13.0,baja,41,8.0,2025-08
2024-12-30,vicuna,accidente,rural,13.0,alta,29,12.0,2024-12
2025-11-19,vicuna,robo,norte,15.0,media,57,11.0,2025-11
2025-03-20,la serena,accidente,norte,10.0,media,32,3.0,2025-03
NaN,illapel,robo,NaN,17.0,media,53,NaN,NaN
2025-12-25,illapel,hurto,centro,15.0,NaN,22,12.0,2025-12
2024-12-19,andacollo,robo,norte,10.0,alta,18,12.0,2024-12
2024-08-31,coquimbo,NaN,norte,15.0,media,40,8.0,2024-08
2024-11-25,la serena,robo,NaN,NaN,alta,30,11.0,2024-11
NaN,andacollo,NaN,rural,16.0,alta,33,NaN,NaN
2025-11-04,ovalle,accidente,rural,2.0,alta,52,11.0,2025-11
2024-10-10,ovalle,robo,norte,8.0,NaN,NaN,10.0,2024-10
NaN,vicuna,robo,sur,0.0,baja,48,NaN,NaN
2024-04-22,la serena,hurto,norte,NaN,baja,NaN,4.0,2024-04
NaN,andacollo,NaN,centro,6.0,media,34,NaN,NaN
2025-03-02,monte patria,fraude,centro,5.0,media,59,3.0,2025-03
2024-11-07,coquimbo,fraude,norte,19.0,alta,36,11.0,2024-11
2024-12-25,coquimbo,violencia,rural,5.0,NaN,NaN,12.0,2024-12
2024-10-02,coquimbo,robo,norte,15.0,NaN,15,10.0,2024-10
2025-04-02,illapel,violencia,norte,9.0,NaN,63,4.0,2025-04
NaN,salamanca,fraude,norte,18.0,alta,63,NaN,NaN
2024-02-24,ovalle,hurto,norte,19.0,baja,60,2.0,2024-02
2025-06-22,monte patria,violencia,centro,13.0,alta,56,6.0,2025-06
NaN,coquimbo,robo,sur,11.0,media,60,NaN,NaN
2025-02-10,monte patria,fraude,NaN,8.0,alta,61,2.0,2025-02
2024-11-07,monte patria,violencia,NaN,10.0,alta,28,11.0,2024-11
NaN,vicuna,fraude,norte,13.0,alta,14,NaN,NaN
NaN,illapel,NaN,sur,13.0,baja,26,NaN,NaN
2025-10-23,ovalle,fraude,rural,15.0,baja,40,10.0,2025-10
2024-04-09,ovalle,hurto,centro,13.0,baja,47,4.0,2024-04
2024-05-07,andacollo,robo,norte,12.0,baja,52,5.0,2024-05
NaN,monte patria,NaN,centro,NaN,alta,NaN,NaN,NaN
2024-02-03,monte patria,violencia,centro,14.0,media,59,2.0,2024-02
2024-06-13,andacollo,robo,centro,12.0,baja,32,6.0,2024-06
2025-04-19,illapel,violencia,sur,6.0,NaN,38,4.0,2025-04
NaN,vicuna,NaN,NaN,14.0,baja,45,NaN,NaN
2025-02-05,ovalle,fraude,sur,7.0,NaN,41,2.0,2025-02
2024-02-03,vicuna,NaN,sur,1.0,baja,21,2.0,2024-02
NaN,coquimbo,violencia,centro,19.0,NaN,67,NaN,NaN
2025-08-25,illapel,hurto,sur,11.0,media,57,8.0,2025-08
NaN,vicuna,robo,norte,1.0,alta,50,NaN,NaN
2025-06-09,vicuna,fraude,centro,14.0,baja,57,6.0,2025-06
2024-02-13,ovalle,accidente,centro,16.0,media,60,2.0,2024-02
2024-11-12,coquimbo,accidente,centro,10.0,media,59,11.0,2024-11
2024-02-08,monte patria,NaN,NaN,12.0,baja,53,2.0,2024-02
2024-03-11,monte patria,hurto,centro,11.0,baja,37,3.0,2024-03
2024-06-08,ovalle,hurto,centro,18.0,alta,65,6.0,2024-06
2025-12-25,monte patria,NaN,NaN,11.0,alta,34,12.0,2025-12
2025-02-23,coquimbo,NaN,sur,-3.0,NaN,41,2.0,2025-02
NaN,vicuna,accidente,norte,12.0,alta,37,NaN,NaN
2024-06-07,coquimbo,robo,sur,3.0,alta,50,6.0,2024-06
2024-09-04,la serena,hurto,norte,13.0,alta,37,9.0,2024-09
2024-11-16,vicuna,hurto,sur,NaN,alta,39,11.0,2024-11
2024-03-30,coquimbo,accidente,norte,18.0,baja,65,3.0,2024-03
2024-04-08,monte patria,hurto,rural,500.0,NaN,34,4.0,2024-04
2024-11-24,coquimbo,NaN,norte,14.0,media,25,11.0,2024-11
2025-12-30,andacollo,fraude,centro,14.0,NaN,53,12.0,2025-12
2025-10-31,coquimbo,accidente,NaN,18.0,media,66,10.0,2025-10
2024-08-13,la serena,fraude,norte,7.0,alta,24,8.0,2024-08
2025-05-07,la serena,hurto,centro,10.0,alta,22,5.0,2025-05
2025-01-14,la serena,fraude,NaN,17.0,alta,40,1.0,2025-01
2024-08-19,la serena,violencia,rural,NaN,NaN,43,8.0,2024-08
NaN,la serena,violencia,NaN,10.0,alta,47,NaN,NaN
2025-04-08,illapel,NaN,norte,16.0,baja,35,4.0,2025-04
NaN,coquimbo,violencia,centro,9.0,alta,41,NaN,NaN
2025-12-26,andacollo,hurto,centro,13.0,media,37,12.0,2025-12
NaN,salamanca,fraude,centro,19.0,baja,23,NaN,NaN
NaN,la serena,robo,rural,18.0,media,17,NaN,NaN
2024-06-15,coquimbo,robo,centro,4.0,alta,40,6.0,2024-06
2025-07-24,vicuna,hurto,centro,10.0,media,22,7.0,2025-07
2025-11-07,la serena,robo,norte,17.0,NaN,25,11.0,2025-11
2025-08-06,vicuna,robo,norte,5.0,NaN,19,8.0,2025-08
2025-11-26,andacollo,NaN,norte,9.0,baja,42,11.0,2025-11
2025-10-22,coquimbo,violencia,norte,19.0,NaN,14,10.0,2025-10
2024-02-26,monte patria,robo,norte,7.0,baja,50,2.0,2024-02
2025-06-26,coquimbo,violencia,norte,17.0,alta,28,6.0,2025-06
2025-03-10,coquimbo,violencia,norte,NaN,NaN,41,3.0,2025-03
NaN,salamanca,robo,sur,9.0,NaN,40,NaN,NaN
2024-07-09,andacollo,fraude,rural,3.0,baja,50,7.0,2024-07
2025-06-25,monte patria,fraude,sur,4.0,baja,17,6.0,2025-06
2024-09-18,coquimbo,NaN,NaN,7.0,alta,47,9.0,2024-09
2024-05-11,andacollo,hurto,sur,6.0,media,32,5.0,2024-05
2025-09-26,ovalle,robo,norte,16.0,media,21,9.0,2025-09
2025-10-08,ovalle,fraude,norte,18.0,baja,51,10.0,2025-10
2024-06-25,ovalle,robo,norte,4.0,baja,NaN,6.0,2024-06
2025-04-29,la serena,accidente,norte,8.0,alta,36,4.0,2025-04
2025-11-14,la serena,violencia,norte,10.0,baja,NaN,11.0,2025-11
2024-04-24,andacollo,fraude,centro,15.0,media,59,4.0,2024-04
2025-06-05,monte patria,robo,norte,2.0,alta,29,6.0,2025-06
2025-07-15,vicuna,NaN,sur,12.0,NaN,33,7.0,2025-07
2025-03-02,la serena,violencia,centro,11.0,NaN,28,3.0,2025-03
2025-10-23,vicuna,fraude,centro,10.0,media,16,10.0,2025-10
2024-09-10,vicuna,robo,rural,10.0,alta,69,9.0,2024-09
2025-04-09,ovalle,violencia,sur,3.0,baja,20,4.0,2025-04
2024-08-22,la serena,fraude,NaN,12.0,alta,66,8.0,2024-08
2025-12-10,coquimbo,fraude,centro,18.0,baja,43,12.0,2025-12
2024-10-09,illapel,robo,centro,13.0,alta,60,10.0,2024-10
2025-08-15,andacollo,robo,norte,0.0,baja,64,8.0,2025-08
2024-12-06,coquimbo,robo,rural,10.0,NaN,15,12.0,2024-12
2024-05-20,andacollo,fraude,centro,9.0,alta,18,5.0,2024-05
NaN,vicuna,hurto,centro,11.0,alta,21,NaN,NaN
2025-07-04,monte patria,hurto,rural,14.0,baja,64,7.0,2025-07
2024-02-09,vicuna,NaN,norte,13.0,alta,39,2.0,2024-02
2025-08-07,ovalle,violencia,norte,11.0,baja,26,8.0,2025-08
2024-09-03,vicuna,NaN,centro,10.0,alta,21,9.0,2024-09
NaN,andacollo,violencia,centro,500.0,alta,58,NaN,NaN
2025-02-04,salamanca,robo,sur,19.0,baja,59,2.0,2025-02
2024-03-21,illapel,violencia,centro,5.0,alta,64,3.0,2024-03
2024-12-26,salamanca,fraude,centro,9.0,NaN,49,12.0,2024-12
NaN,vicuna,robo,centro,NaN,baja,50,NaN,NaN
2025-06-20,vicuna,fraude,norte,5.0,alta,50,6.0,2025-06
NaN,la serena,robo,norte,10.0,media,36,NaN,NaN
2025-12-18,vicuna,robo,centro,1.0,alta,64,12.0,2025-12
2024-02-14,coquimbo,NaN,rural,2.0,media,14,2.0,2024-02
2025-04-14,monte patria,robo,rural,5.0,NaN,25,4.0,2025-04
2024-08-28,monte patria,NaN,norte,19.0,media,17,8.0,2024-08
2025-03-02,la serena,robo,norte,11.0,baja,23,3.0,2025-03
2024-12-15,illapel,robo,norte,4.0,media,43,12.0,2024-12
2024-08-28,ovalle,robo,norte,7.0,baja,36,8.0,2024-08
NaN,andacollo,accidente,NaN,5.0,alta,NaN,NaN,NaN
NaN,illapel,robo,norte,7.0,NaN,NaN,NaN,NaN
2024-05-10,illapel,hurto,centro,NaN,NaN,34,5.0,2024-05
2024-04-15,ovalle,violencia,sur,10.0,alta,18,4.0,2024-04
2024-08-21,coquimbo,violencia,sur,8.0,NaN,NaN,8.0,2024-08
NaN,andacollo,robo,sur,NaN,NaN,34,NaN,NaN
2024-07-26,la serena,robo,centro,11.0,alta,26,7.0,2024-07
2024-08-03,coquimbo,violencia,centro,6.0,baja,34,8.0,2024-08
2024-06-17,coquimbo,robo,centro,13.0,NaN,49,6.0,2024-06
2025-03-08,illapel,hurto,norte,12.0,alta,46,3.0,2025-03
2025-12-30,vicuna,accidente,centro,9.0,alta,21,12.0,2025-12
2025-09-12,ovalle,NaN,NaN,12.0,baja,33,9.0,2025-09
2025-11-22,vicuna,robo,rural,2.0,media,53,11.0,2025-11
2024-12-19,coquimbo,fraude,norte,6.0,baja,28,12.0,2024-12
2025-01-18,ovalle,hurto,centro,6.0,NaN,30,1.0,2025-01
2025-08-02,ovalle,robo,centro,NaN,NaN,43,8.0,2025-08
NaN,andacollo,accidente,norte,3.0,media,NaN,NaN,NaN
NaN,la serena,accidente,norte,13.0,alta,62,NaN,NaN
2024-02-28,coquimbo,accidente,norte,6.0,NaN,50,2.0,2024-02
2024-06-20,monte patria,violencia,norte,11.0,NaN,32,6.0,2024-06
NaN,vicuna,NaN,NaN,NaN,alta,62,NaN,NaN
2024-06-08,andacollo,hurto,rural,4.0,baja,68,6.0,2024-06
2025-08-04,monte patria,fraude,sur,9.0,baja,17,8.0,2025-08
2025-04-21,andacollo,hurto,rural,16.0,alta,67,4.0,2025-04
NaN,vicuna,robo,sur,NaN,NaN,40,NaN,NaN
2025-08-25,vicuna,NaN,centro,12.0,alta,29,8.0,2025-08
NaN,monte patria,violencia,centro,13.0,media,68,NaN,NaN
2025-09-20,salamanca,robo,centro,14.0,NaN,60,9.0,2025-09
2024-03-30,ovalle,accidente,centro,15.0,media,16,3.0,2024-03
2024-11-13,vicuna,NaN,norte,18.0,media,41,11.0,2024-11
NaN,coquimbo,accidente,centro,14.0,media,36,NaN,NaN
2024-09-02,coquimbo,hurto,centro,17.0,media,30,9.0,2024-09
2025-12-26,la serena,violencia,norte,4.0,baja,44,12.0,2025-12
2025-01-30,andacollo,robo,sur,11.0,alta,18,1.0,2025-01
2024-12-12,vicuna,hurto,centro,2.0,NaN,44,12.0,2024-12
2024-03-11,coquimbo,fraude,centro,14.0,baja,30,3.0,2024-03
2024-11-13,salamanca,robo,norte,4.0,alta,36,11.0,2024-11
2024-02-18,monte patria,NaN,centro,18.0,alta,26,2.0,2024-02
2024-10-07,la serena,hurto,centro,19.0,baja,35,10.0,2024-10
2024-07-18,monte patria,robo,norte,11.0,media,57,7.0,2024-07
2025-03-25,coquimbo,NaN,rural,2.0,baja,30,3.0,2025-03
2024-03-05,monte patria,violencia,sur,8.0,NaN,42,3.0,2024-03
2024-09-11,la serena,accidente,rural,3.0,baja,25,9.0,2024-09
2024-07-22,coquimbo,accidente,sur,7.0,alta,130,7.0,2024-07
2024-05-11,vicuna,fraude,centro,18.0,NaN,14,5.0,2024-05
2024-01-18,coquimbo,violencia,sur,9.0,alta,17,1.0,2024-01
2024-09-20,illapel,robo,rural,2.0,alta,31,9.0,2024-09
2025-11-08,la serena,hurto,norte,18.0,baja,42,11.0,2025-11
2024-09-26,coquimbo,robo,norte,3.0,alta,47,9.0,2024-09
2025-04-12,monte patria,hurto,sur,12.0,alta,63,4.0,2025-04
NaN,la serena,NaN,norte,13.0,baja,38,NaN,NaN
2024-08-09,vicuna,robo,norte,7.0,NaN,16,8.0,2024-08
2025-01-09,vicuna,accidente,centro,6.0,baja,20,1.0,2025-01
2024-10-19,monte patria,robo,rural,4.0,NaN,19,10.0,2024-10
NaN,la serena,robo,norte,18.0,NaN,28,NaN,NaN
2024-09-13,coquimbo,robo,centro,10.0,baja,51,9.0,2024-09
2025-09-08,illapel,hurto,norte,3.0,baja,41,9.0,2025-09
2024-09-11,salamanca,robo,centro,19.0,alta,61,9.0,2024-09
2025-12-01,la serena,fraude,rural,2.0,baja,14,12.0,2025-12
2024-09-16,coquimbo,violencia,sur,11.0,baja,55,9.0,2024-09
2025-12-09,coquimbo,robo,sur,9.0,baja,14,12.0,2025-12
2024-10-14,vicuna,NaN,NaN,12.0,NaN,59,10.0,2024-10
2024-05-13,ovalle,violencia,centro,1.0,NaN,48,5.0,2024-05
2024-07-26,ovalle,accidente,norte,9.0,alta,46,7.0,2024-07
2025-12-18,andacollo,NaN,rural,2.0,NaN,61,12.0,2025-12
2025-02-06,la serena,fraude,norte,17.0,NaN,58,2.0,2025-02
2025-03-20,coquimbo,NaN,centro,5.0,media,64,3.0,2025-03
2024-01-08,coquimbo,fraude,rural,14.0,baja,25,1.0,2024-01
NaN,ovalle,accidente,centro,16.0,baja,50,NaN,NaN
NaN,vicuna,fraude,NaN,17.0,baja,22,NaN,NaN
2024-06-17,coquimbo,robo,centro,NaN,baja,21,6.0,2024-06
2024-10-18,illapel,robo,centro,19.0,baja,31,10.0,2024-10
NaN,salamanca,robo,centro,18.0,media,51,NaN,NaN
2025-03-16,la serena,robo,centro,3.0,NaN,61,3.0,2025-03
2025-01-25,coquimbo,fraude,centro,19.0,alta,33,1.0,2025-01
2025-09-22,ovalle,robo,norte,5.0,alta,47,9.0,2025-09
NaN,vicuna,NaN,centro,1.0,alta,61,NaN,NaN
NaN,monte patria,hurto,centro,14.0,baja,69,NaN,NaN
2025-08-18,vicuna,fraude,norte,8.0,media,NaN,8.0,2025-08
2025-11-08,coquimbo,violencia,NaN,12.0,baja,57,11.0,2025-11
2024-03-27,coquimbo,fraude,norte,9.0,alta,26,3.0,2024-03
2024-02-03,coquimbo,hurto,centro,3.0,media,66,2.0,2024-02
NaN,andacollo,accidente,centro,1.0,NaN,51,NaN,NaN
2024-01-11,ovalle,NaN,norte,7.0,baja,65,1.0,2024-01
2024-06-01,vicuna,hurto,centro,15.0,alta,43,6.0,2024-06
2025-02-15,andacollo,NaN,centro,17.0,media,53,2.0,2025-02
2025-08-12,la serena,accidente,norte,7.0,alta,18,8.0,2025-08
2025-08-03,la serena,hurto,NaN,4.0,NaN,49,8.0,2025-08
2024-11-23,coquimbo,NaN,norte,11.0,media,23,11.0,2024-11
2024-09-19,la serena,violencia,norte,19.0,alta,59,9.0,2024-09
2025-09-26,vicuna,hurto,centro,15.0,NaN,NaN,9.0,2025-09
NaN,la serena,violencia,centro,NaN,baja,61,NaN,NaN
2024-06-05,coquimbo,fraude,centro,8.0,NaN,33,6.0,2024-06
2024-12-07,coquimbo,fraude,norte,19.0,baja,57,12.0,2024-12
2025-05-21,la serena,fraude,centro,3.0,baja,NaN,5.0,2025-05
NaN,coquimbo,accidente,centro,4.0,baja,59,NaN,NaN
2025-02-09,la serena,robo,centro,14.0,baja,21,2.0,2025-02
2025-03-18,salamanca,NaN,NaN,6.0,baja,53,3.0,2025-03
2024-02-09,vicuna,fraude,norte,2.0,media,68,2.0,2024-02
2024-07-20,coquimbo,NaN,sur,16.0,alta,48,7.0,2024-07
NaN,salamanca,violencia,rural,15.0,alta,63,NaN,NaN
NaN,coquimbo,robo,sur,11.0,baja,37,NaN,NaN
NaN,andacollo,fraude,sur,1.0,baja,69,NaN,NaN
2025-07-21,vicuna,hurto,centro,5.0,alta,31,7.0,2025-07
NaN,monte patria,accidente,sur,8.0,baja,60,NaN,NaN
NaN,andacollo,NaN,norte,1.0,alta,62,NaN,NaN
2025-01-02,la serena,hurto,centro,8.0,alta,68,1.0,2025-01
NaN,monte patria,accidente,sur,8.0,alta,30,NaN,NaN
2024-09-20,coquimbo,robo,centro,NaN,baja,NaN,9.0,2024-09
NaN,salamanca,robo,sur,15.0,NaN,17,NaN,NaN
NaN,la serena,violencia,norte,9.0,NaN,45,NaN,NaN
2025-10-02,coquimbo,NaN,centro,7.0,alta,40,10.0,2025-10
2024-02-02,salamanca,hurto,norte,2.0,media,57,2.0,2024-02
2025-06-02,andacollo,robo,centro,16.0,media,18,6.0,2025-06
2024-08-07,andacollo,accidente,centro,17.0,alta,NaN,8.0,2024-08
NaN,vicuna,hurto,centro,3.0,baja,31,NaN,NaN
2025-05-04,coquimbo,hurto,centro,1.0,alta,16,5.0,2025-05
2025-10-19,la serena,robo,NaN,13.0,baja,36,10.0,2025-10
2025-06-08,la serena,NaN,norte,NaN,baja,66,6.0,2025-06
2024-02-28,salamanca,fraude,centro,13.0,baja,52,2.0,2024-02
2025-04-15,coquimbo,robo,centro,5.0,NaN,45,4.0,2025-04
NaN,monte patria,NaN,norte,4.0,alta,57,NaN,NaN
2024-10-05,ovalle,fraude,centro,12.0,NaN,46,10.0,2024-10
2024-09-01,ovalle,NaN,centro,5.0,baja,46,9.0,2024-09
2024-09-04,coquimbo,NaN,centro,11.0,baja,NaN,9.0,2024-09
2024-01-30,salamanca,robo,centro,2.0,alta,16,1.0,2024-01
2024-01-01,illapel,NaN,norte,19.0,baja,38,1.0,2024-01
2025-11-07,coquimbo,NaN,rural,13.0,baja,64,11.0,2025-11
2025-08-16,vicuna,accidente,centro,NaN,media,26,8.0,2025-08
2025-08-22,illapel,robo,norte,7.0,alta,67,8.0,2025-08
2024-09-25,vicuna,fraude,NaN,16.0,alta,58,9.0,2024-09
2025-11-22,vicuna,fraude,sur,17.0,baja,NaN,11.0,2025-11
NaN,illapel,accidente,sur,18.0,alta,38,NaN,NaN
2024-02-14,vicuna,hurto,centro,16.0,baja,63,2.0,2024-02
2025-03-23,andacollo,NaN,rural,3.0,baja,48,3.0,2025-03
2025-04-29,ovalle,violencia,NaN,16.0,alta,62,4.0,2025-04
2025-04-20,coquimbo,accidente,NaN,4.0,baja,40,4.0,2025-04
2024-10-04,ovalle,robo,norte,1.0,baja,18,10.0,2024-10
2025-05-29,illapel,robo,centro,5.0,media,34,5.0,2025-05
2025-01-16,salamanca,hurto,centro,19.0,baja,64,1.0,2025-01
2025-02-02,coquimbo,accidente,centro,3.0,alta,36,2.0,2025-02
2024-01-31,la serena,robo,NaN,11.0,alta,NaN,1.0,2024-01
2024-12-24,ovalle,NaN,norte,9.0,alta,31,12.0,2024-12
2024-04-13,la serena,robo,centro,11.0,alta,31,4.0,2024-04
2025-03-03,monte patria,accidente,sur,18.0,NaN,23,3.0,2025-03
2025-05-30,la serena,hurto,centro,2.0,media,49,5.0,2025-05
2025-09-03,vicuna,robo,rural,16.0,alta,33,9.0,2025-09
NaN,monte patria,NaN,norte,7.0,alta,62,NaN,NaN
2025-04-11,la serena,robo,rural,18.0,baja,37,4.0,2025-04
2024-04-08,coquimbo,robo,centro,11.0,NaN,36,4.0,2024-04
2025-07-01,coquimbo,NaN,centro,14.0,alta,40,7.0,2025-07
2025-07-11,coquimbo,accidente,norte,17.0,baja,52,7.0,2025-07
2025-10-14,salamanca,hurto,NaN,13.0,baja,43,10.0,2025-10
2024-10-04,coquimbo,NaN,norte,17.0,alta,53,10.0,2024-10
2024-06-14,coquimbo,hurto,centro,10.0,baja,50,6.0,2024-06
2024-07-07,coquimbo,robo,centro,8.0,NaN,45,7.0,2024-07
2024-01-05,coquimbo,NaN,sur,NaN,baja,58,1.0,2024-01
2024-01-01,andacollo,NaN,norte,7.0,alta,29,1.0,2024-01
2025-03-29,andacollo,robo,centro,12.0,alta,53,3.0,2025-03
2025-09-02,la serena,robo,norte,10.0,baja,41,9.0,2025-09
2025-03-11,illapel,NaN,norte,19.0,media,25,3.0,2025-03
2025-09-02,coquimbo,hurto,centro,NaN,NaN,17,9.0,2025-09
2024-07-04,illapel,robo,centro,17.0,baja,38,7.0,2024-07
2024-06-18,coquimbo,hurto,NaN,14.0,baja,NaN,6.0,2024-06
2025-01-05,monte patria,hurto,centro,4.0,baja,20,1.0,2025-01
2024-01-04,coquimbo,hurto,centro,5.0,media,29,1.0,2024-01
2024-04-23,monte patria,robo,NaN,11.0,alta,22,4.0,2024-04
2024-07-18,la serena,hurto,norte,8.0,alta,23,7.0,2024-07
2024-07-25,la serena,violencia,norte,2.0,NaN,31,7.0,2024-07
2024-02-22,vicuna,violencia,NaN,5.0,alta,52,2.0,2024-02
NaN,vicuna,accidente,NaN,8.0,alta,27,NaN,NaN
2024-10-10,la serena,hurto,NaN,11.0,alta,42,10.0,2024-10
2024-06-28,vicuna,hurto,centro,12.0,alta,30,6.0,2024-06
2025-07-29,vicuna,NaN,rural,19.0,baja,66,7.0,2025-07
NaN,la serena,accidente,norte,5.0,alta,38,NaN,NaN
NaN,la serena,hurto,centro,18.0,NaN,30,NaN,NaN
2025-12-31,monte patria,accidente,centro,18.0,baja,30,12.0,2025-12
2025-01-03,ovalle,NaN,norte,-3.0,alta,61,1.0,2025-01
2024-03-10,la serena,NaN,norte,2.0,baja,61,3.0,2024-03
NaN,monte patria,violencia,centro,15.0,baja,36,NaN,NaN
2025-01-12,la serena,robo,centro,14.0,NaN,29,1.0,2025-01
2025-04-18,la serena,fraude,rural,5.0,NaN,40,4.0,2025-04
2025-07-06,vicuna,robo,rural,6.0,baja,37,7.0,2025-07
NaN,coquimbo,robo,sur,17.0,NaN,14,NaN,NaN
2024-03-20,salamanca,fraude,centro,18.0,alta,18,3.0,2024-03
2024-10-05,coquimbo,NaN,norte,NaN,baja,59,10.0,2024-10
2025-07-30,salamanca,hurto,NaN,13.0,baja,NaN,7.0,2025-07
NaN,coquimbo,NaN,sur,7.0,baja,20,NaN,NaN
2024-11-22,coquimbo,NaN,rural,12.0,alta,17,11.0,2024-11
2024-06-01,andacollo,fraude,norte,6.0,baja,NaN,6.0,2024-06
2024-11-04,la serena,robo,norte,8.0,alta,40,11.0,2024-11
2025-12-16,ovalle,accidente,sur,8.0,alta,34,12.0,2025-12
2024-04-10,ovalle,robo,NaN,7.0,alta,39,4.0,2024-04
2024-12-29,salamanca,fraude,norte,17.0,media,52,12.0,2024-12
2025-01-18,coquimbo,fraude,norte,19.0,alta,62,1.0,2025-01
NaN,salamanca,violencia,centro,14.0,baja,45,NaN,NaN
2025-09-03,monte patria,violencia,rural,10.0,NaN,66,9.0,2025-09
2025-05-21,ovalle,robo,rural,2.0,baja,18,5.0,2025-05
2024-10-05,coquimbo,hurto,sur,NaN,alta,57,10.0,2024-10
2025-10-10,la serena,accidente,NaN,5.0,NaN,61,10.0,2025-10
NaN,andacollo,robo,norte,13.0,baja,58,NaN,NaN
2024-04-03,ovalle,robo,norte,15.0,alta,68,4.0,2024-04
2025-07-07,salamanca,accidente,norte,4.0,media,24,7.0,2025-07
2025-11-03,coquimbo,hurto,norte,1.0,baja,31,11.0,2025-11
2025-03-30,la serena,fraude,rural,6.0,alta,52,3.0,2025-03
2024-02-13,illapel,violencia,norte,4.0,baja,NaN,2.0,2024-02
2024-12-11,la serena,robo,norte,1.0,alta,66,12.0,2024-12
NaN,coquimbo,NaN,norte,7.0,baja,54,NaN,NaN
NaN,vicuna,violencia,norte,5.0,baja,35,NaN,NaN
2024-03-08,monte patria,accidente,norte,10.0,baja,16,3.0,2024-03
2025-06-07,ovalle,robo,norte,1.0,baja,49,6.0,2025-06
2024-05-17,monte patria,robo,centro,15.0,alta,NaN,5.0,2024-05
2025-09-29,la serena,NaN,norte,1.0,baja,34,9.0,2025-09
2025-07-23,andacollo,violencia,centro,18.0,alta,24,7.0,2025-07
2025-07-10,vicuna,violencia,centro,12.0,NaN,16,7.0,2025-07
NaN,andacollo,hurto,norte,3.0,alta,17,NaN,NaN
2025-10-16,ovalle,accidente,sur,7.0,media,20,10.0,2025-10
2025-10-04,salamanca,accidente,norte,14.0,baja,20,10.0,2025-10
2024-08-22,la serena,robo,norte,14.0,alta,33,8.0,2024-08
2024-04-28,la serena,robo,norte,14.0,alta,16,4.0,2024-04
2025-04-27,coquimbo,accidente,sur,9.0,alta,45,4.0,2025-04
2024-08-04,ovalle,robo,norte,9.0,media,27,8.0,2024-08
2024-06-26,illapel,violencia,NaN,12.0,baja,17,6.0,2024-06
2025-08-16,andacollo,robo,sur,11.0,baja,48,8.0,2025-08
2025-02-07,coquimbo,fraude,norte,1.0,baja,56,2.0,2025-02
2025-04-21,ovalle,fraude,norte,19.0,alta,18,4.0,2025-04
2024-01-10,vicuna,robo,centro,4.0,baja,16,1.0,2024-01
2025-04-11,la serena,NaN,norte,5.0,NaN,55,4.0,2025-04
2024-04-01,ovalle,fraude,NaN,1.0,NaN,31,4.0,2024-04
NaN,monte patria,violencia,norte,4.0,baja,62,NaN,NaN
2025-09-30,vicuna,NaN,norte,12.0,NaN,31,9.0,2025-09
2025-07-21,salamanca,hurto,norte,18.0,NaN,52,7.0,2025-07
2024-01-29,monte patria,violencia,centro,6.0,baja,51,1.0,2024-01
2025-09-14,la serena,NaN,norte,13.0,baja,24,9.0,2025-09
2024-10-25,monte patria,robo,NaN,14.0,NaN,23,10.0,2024-10
2025-06-14,ovalle,hurto,rural,4.0,alta,45,6.0,2025-06
2024-08-13,coquimbo,robo,norte,18.0,alta,69,8.0,2024-08
2024-12-08,vicuna,hurto,rural,10.0,baja,66,12.0,2024-12
2025-08-07,vicuna,robo,sur,15.0,baja,57,8.0,2025-08
2024-07-31,salamanca,accidente,norte,8.0,baja,5,7.0,2024-07
2025-08-19,monte patria,hurto,norte,NaN,NaN,NaN,8.0,2025-08
2025-07-06,andacollo,robo,centro,18.0,alta,68,7.0,2025-07
2025-04-18,andacollo,violencia,norte,15.0,NaN,31,4.0,2025-04
NaN,coquimbo,fraude,norte,NaN,baja,19,NaN,NaN
2024-03-20,illapel,NaN,rural,8.0,NaN,NaN,3.0,2024-03
2024-11-19,ovalle,hurto,rural,1.0,alta,56,11.0,2024-11
2024-03-06,salamanca,fraude,norte,3.0,media,47,3.0,2024-03
2025-10-04,vicuna,robo,NaN,14.0,NaN,NaN,10.0,2025-10
NaN,illapel,robo,rural,6.0,baja,40,NaN,NaN
2024-08-18,illapel,accidente,norte,13.0,media,5,8.0,2024-08
2025-01-21,coquimbo,robo,rural,11.0,alta,42,1.0,2025-01
2025-05-09,andacollo,fraude,rural,13.0,baja,58,5.0,2025-05
2025-10-13,la serena,NaN,norte,5.0,media,14,10.0,2025-10
2024-01-04,coquimbo,violencia,centro,2.0,alta,NaN,1.0,2024-01
2025-09-15,vicuna,robo,norte,18.0,baja,33,9.0,2025-09
2024-10-09,la serena,robo,centro,6.0,NaN,25,10.0,2024-10
2025-05-24,la serena,fraude,centro,2.0,alta,56,5.0,2025-05
2024-07-28,illapel,NaN,sur,13.0,NaN,60,7.0,2024-07
2025-07-24,illapel,NaN,centro,13.0,NaN,19,7.0,2025-07
2024-09-12,la serena,hurto,sur,15.0,baja,56,9.0,2024-09
2024-02-04,monte patria,robo,rural,16.0,alta,25,2.0,2024-02
NaN,ovalle,robo,norte,10.0,alta,43,NaN,NaN
2024-03-29,illapel,hurto,centro,11.0,baja,31,3.0,2024-03
NaN,salamanca,hurto,NaN,13.0,media,35,NaN,NaN
2024-10-22,la serena,hurto,rural,3.0,alta,66,10.0,2024-10
NaN,ovalle,fraude,sur,7.0,NaN,64,NaN,NaN
2024-10-22,vicuna,hurto,norte,19.0,media,45,10.0,2024-10
NaN,coquimbo,NaN,NaN,4.0,baja,40,NaN,NaN
NaN,coquimbo,NaN,sur,16.0,baja,63,NaN,NaN
2025-02-22,ovalle,violencia,norte,10.0,baja,41,2.0,2025-02
2025-11-21,salamanca,fraude,norte,12.0,alta,67,11.0,2025-11
2024-11-20,vicuna,violencia,rural,NaN,alta,15,11.0,2024-11
2024-08-20,salamanca,violencia,NaN,NaN,alta,39,8.0,2024-08
2024-03-04,andacollo,fraude,centro,18.0,alta,48,3.0,2024-03
2024-07-30,ovalle,NaN,NaN,11.0,media,18,7.0,2024-07
2024-05-27,illapel,robo,norte,5.0,NaN,19,5.0,2024-05
NaN,coquimbo,violencia,norte,17.0,alta,17,NaN,NaN
2025-06-28,illapel,accidente,sur,5.0,alta,66,6.0,2025-06
2024-04-03,vicuna,fraude,NaN,9.0,alta,29,4.0,2024-04
2024-12-24,illapel,accidente,sur,14.0,alta,26,12.0,2024-12
2025-02-12,coquimbo,NaN,norte,13.0,alta,34,2.0,2025-02
2025-08-25,coquimbo,robo,norte,5.0,alta,NaN,8.0,2025-08
2025-11-11,vicuna,violencia,norte,17.0,media,46,11.0,2025-11
2024-02-21,coquimbo,hurto,NaN,14.0,alta,31,2.0,2024-02
NaN,monte patria,robo,centro,10.0,media,48,NaN,NaN
2024-08-17,ovalle,robo,centro,11.0,alta,31,8.0,2024-08
2024-12-17,vicuna,violencia,NaN,9.0,NaN,34,12.0,2024-12
2024-10-14,ovalle,violencia,norte,10.0,NaN,20,10.0,2024-10
2024-02-03,vicuna,fraude,sur,NaN,alta,31,2.0,2024-02
2025-04-11,monte patria,accidente,norte,10.0,alta,51,4.0,2025-04
NaN,monte patria,fraude,sur,16.0,baja,52,NaN,NaN
2024-08-24,la serena,NaN,rural,9.0,alta,19,8.0,2024-08
2025-08-30,ovalle,robo,norte,7.0,media,61,8.0,2025-08
2024-09-10,ovalle,NaN,centro,3.0,NaN,65,9.0,2024-09
2024-06-09,andacollo,NaN,norte,13.0,baja,68,6.0,2024-06
2024-09-01,andacollo,fraude,norte,11.0,NaN,65,9.0,2024-09
2024-05-24,illapel,fraude,centro,13.0,alta,42,5.0,2024-05
NaN,coquimbo,violencia,sur,7.0,alta,64,NaN,NaN
2024-10-31,la serena,robo,NaN,12.0,media,48,10.0,2024-10
2025-05-17,la serena,NaN,sur,19.0,alta,66,5.0,2025-05
2024-07-20,vicuna,NaN,norte,12.0,baja,29,7.0,2024-07
2025-05-30,andacollo,NaN,NaN,3.0,alta,64,5.0,2025-05
2025-10-29,coquimbo,robo,rural,19.0,alta,44,10.0,2025-10
2024-07-15,la serena,NaN,norte,16.0,media,34,7.0,2024-07
2025-04-24,ovalle,fraude,centro,1.0,NaN,65,4.0,2025-04
2025-07-11,monte patria,accidente,sur,18.0,media,65,7.0,2025-07
NaN,la serena,fraude,norte,2.0,NaN,47,NaN,NaN
2024-02-10,la serena,accidente,rural,12.0,NaN,20,2.0,2024-02
NaN,la serena,NaN,rural,11.0,media,48,NaN,NaN
2024-12-01,monte patria,hurto,sur,5.0,baja,54,12.0,2024-12
2024-08-26,vicuna,NaN,norte,15.0,baja,43,8.0,2024-08
2025-07-24,la serena,NaN,NaN,4.0,alta,14,7.0,2025-07
NaN,illapel,robo,norte,6.0,media,53,NaN,NaN
NaN,andacollo,fraude,centro,16.0,baja,25,NaN,NaN
2024-03-31,monte patria,accidente,centro,16.0,baja,44,3.0,2024-03
2025-03-07,illapel,hurto,centro,4.0,baja,66,3.0,2025-03
2024-06-03,monte patria,accidente,NaN,2.0,NaN,23,6.0,2024-06
2025-06-17,vicuna,robo,rural,3.0,baja,37,6.0,2025-06
2024-06-23,la serena,violencia,norte,18.0,baja,68,6.0,2024-06
NaN,la serena,robo,norte,1.0,NaN,40,NaN,NaN
NaN,coquimbo,accidente,centro,12.0,baja,NaN,NaN,NaN
2025-11-06,illapel,robo,sur,10.0,NaN,60,11.0,2025-11
2025-04-01,vicuna,violencia,NaN,8.0,NaN,45,4.0,2025-04
2024-09-30,andacollo,robo,norte,15.0,alta,36,9.0,2024-09
2025-08-12,monte patria,accidente,NaN,3.0,baja,NaN,8.0,2025-08
2025-08-16,la serena,robo,NaN,10.0,NaN,68,8.0,2025-08
2024-01-22,ovalle,violencia,centro,19.0,baja,25,1.0,2024-01
2024-06-16,andacollo,accidente,rural,14.0,media,39,6.0,2024-06
2025-02-24,la serena,violencia,centro,11.0,baja,40,2.0,2025-02
NaN,ovalle,hurto,rural,19.0,media,51,NaN,NaN
2024-03-25,salamanca,robo,centro,14.0,alta,30,3.0,2024-03
2024-01-28,illapel,accidente,norte,7.0,alta,69,1.0,2024-01
NaN,la serena,hurto,norte,17.0,media,NaN,NaN,NaN
2024-03-02,monte patria,accidente,norte,14.0,NaN,21,3.0,2024-03
2024-03-19,illapel,NaN,centro,2.0,baja,39,3.0,2024-03
2025-10-22,ovalle,violencia,norte,0.0,baja,44,10.0,2025-10
2025-09-28,la serena,hurto,centro,8.0,media,62,9.0,2025-09
2024-07-13,andacollo,fraude,rural,6.0,alta,25,7.0,2024-07
2025-08-01,monte patria,hurto,rural,17.0,NaN,63,8.0,2025-08
2025-01-14,coquimbo,hurto,sur,5.0,NaN,31,1.0,2025-01
2025-03-18,illapel,violencia,sur,NaN,NaN,34,3.0,2025-03
2024-01-14,la serena,hurto,sur,5.0,baja,130,1.0,2024-01
2024-08-31,salamanca,accidente,centro,7.0,alta,NaN,8.0,2024-08
2024-01-03,ovalle,fraude,sur,16.0,baja,17,1.0,2024-01
2024-07-17,ovalle,fraude,NaN,5.0,NaN,38,7.0,2024-07
NaN,andacollo,robo,sur,13.0,NaN,46,NaN,NaN
2024-06-15,vicuna,robo,sur,1.0,alta,46,6.0,2024-06
NaN,illapel,NaN,centro,16.0,alta,68,NaN,NaN
2025-02-08,andacollo,NaN,sur,10.0,baja,14,2.0,2025-02
2025-12-26,vicuna,hurto,centro,8.0,media,33,12.0,2025-12
2025-01-22,salamanca,NaN,centro,2.0,NaN,64,1.0,2025-01
2024-03-07,la serena,violencia,rural,6.0,media,25,3.0,2024-03
2024-04-19,salamanca,robo,centro,19.0,alta,16,4.0,2024-04
2024-07-12,ovalle,NaN,norte,16.0,media,43,7.0,2024-07
2025-03-13,ovalle,violencia,centro,NaN,baja,35,3.0,2025-03
2025-12-27,coquimbo,hurto,centro,1.0,alta,23,12.0,2025-12
NaN,vicuna,NaN,centro,13.0,baja,49,NaN,NaN
NaN,la serena,hurto,norte,3.0,baja,30,NaN,NaN
NaN,monte patria,robo,norte,19.0,alta,15,NaN,NaN
2024-05-29,andacollo,NaN,sur,19.0,baja,31,5.0,2024-05
2024-02-22,illapel,robo,sur,18.0,alta,63,2.0,2024-02
2024-02-08,ovalle,fraude,sur,NaN,baja,30,2.0,2024-02
2024-04-24,vicuna,accidente,norte,15.0,NaN,35,4.0,2024-04
2024-06-25,salamanca,hurto,norte,2.0,baja,49,6.0,2024-06
NaN,ovalle,robo,norte,13.0,NaN,35,NaN,NaN
NaN,coquimbo,robo,NaN,7.0,baja,57,NaN,NaN
NaN,monte patria,NaN,centro,10.0,baja,18,NaN,NaN
2024-01-26,monte patria,violencia,sur,6.0,NaN,68,1.0,2024-01
2024-07-02,vicuna,NaN,rural,4.0,NaN,38,7.0,2024-07
2024-02-08,illapel,robo,norte,13.0,alta,33,2.0,2024-02
2025-03-06,la serena,accidente,NaN,3.0,baja,NaN,3.0,2025-03
2024-12-29,la serena,robo,centro,1.0,baja,15,12.0,2024-12
2025-04-16,andacollo,accidente,norte,10.0,media,33,4.0,2025-04
NaN,coquimbo,robo,norte,17.0,alta,44,NaN,NaN
2025-03-17,vicuna,fraude,centro,11.0,baja,21,3.0,2025-03
2025-07-12,salamanca,violencia,centro,15.0,alta,33,7.0,2025-07
NaN,andacollo,violencia,rural,6.0,NaN,42,NaN,NaN
2024-12-14,vicuna,NaN,sur,10.0,alta,55,12.0,2024-12
2024-06-01,andacollo,robo,centro,10.0,media,63,6.0,2024-06
2024-07-18,ovalle,robo,NaN,15.0,media,NaN,7.0,2024-07
2025-11-25,la serena,violencia,norte,13.0,baja,59,11.0,2025-11
2025-08-04,monte patria,robo,NaN,16.0,baja,37,8.0,2025-08
2025-08-22,la serena,accidente,centro,500.0,alta,54,8.0,2025-08
2025-04-27,ovalle,hurto,norte,13.0,baja,NaN,4.0,2025-04
2024-11-24,la serena,robo,centro,3.0,NaN,65,11.0,2024-11
2025-03-15,la serena,robo,centro,6.0,alta,57,3.0,2025-03
2024-09-25,la serena,fraude,centro,1.0,alta,57,9.0,2024-09
NaN,ovalle,NaN,NaN,9.0,baja,31,NaN,NaN
2024-05-18,ovalle,robo,NaN,10.0,baja,NaN,5.0,2024-05
2025-10-21,coquimbo,violencia,NaN,1.0,media,NaN,10.0,2025-10
NaN,ovalle,robo,norte,19.0,media,68,NaN,NaN
NaN,illapel,fraude,centro,19.0,alta,33,NaN,NaN
2024-03-26,coquimbo,NaN,sur,5.0,baja,57,3.0,2024-03
2025-04-30,salamanca,fraude,sur,14.0,NaN,53,4.0,2025-04
2025-05-19,monte patria,robo,centro,14.0,alta,24,5.0,2025-05
2025-11-11,monte patria,fraude,norte,6.0,media,31,11.0,2025-11
2024-02-06,la serena,violencia,centro,16.0,alta,NaN,2.0,2024-02
2025-05-12,vicuna,robo,NaN,6.0,alta,16,5.0,2025-05
2024-04-13,coquimbo,robo,centro,NaN,alta,46,4.0,2024-04
NaN,la serena,robo,centro,NaN,NaN,19,NaN,NaN
2025-09-21,la serena,accidente,sur,1.0,NaN,26,9.0,2025-09
2025-04-25,ovalle,hurto,centro,12.0,baja,15,4.0,2025-04
2025-07-21,illapel,violencia,NaN,12.0,media,25,7.0,2025-07
2024-06-21,ovalle,violencia,centro,16.0,baja,39,6.0,2024-06
2024-11-24,andacollo,robo,centro,10.0,alta,31,11.0,2024-11
2025-11-04,andacollo,accidente,NaN,3.0,alta,66,11.0,2025-11
2024-07-21,coquimbo,robo,sur,7.0,alta,NaN,7.0,2024-07
NaN,la serena,robo,centro,17.0,NaN,59,NaN,NaN
NaN,la serena,violencia,norte,18.0,baja,23,NaN,NaN
2025-10-27,coquimbo,fraude,sur,3.0,media,25,10.0,2025-10
2024-09-04,illapel,robo,NaN,4.0,alta,59,9.0,2024-09
2025-01-31,illapel,NaN,NaN,7.0,alta,57,1.0,2025-01
2024-10-19,salamanca,robo,rural,16.0,baja,27,10.0,2024-10
2025-10-04,la serena,NaN,rural,14.0,baja,37,10.0,2025-10
2025-08-01,salamanca,NaN,norte,18.0,baja,58,8.0,2025-08
2024-08-31,vicuna,violencia,centro,19.0,alta,30,8.0,2024-08
2025-07-14,coquimbo,NaN,rural,2.0,alta,14,7.0,2025-07
2025-06-30,ovalle,accidente,rural,19.0,baja,34,6.0,2025-06
2025-10-07,vicuna,hurto,centro,3.0,NaN,47,10.0,2025-10
NaN,la serena,robo,centro,8.0,media,68,NaN,NaN
2024-04-06,monte patria,violencia,rural,NaN,baja,NaN,4.0,2024-04
2025-09-28,la serena,hurto,sur,7.0,alta,59,9.0,2025-09
NaN,coquimbo,hurto,norte,8.0,baja,46,NaN,NaN
2024-05-15,andacollo,fraude,NaN,10.0,media,57,5.0,2024-05
2024-08-05,coquimbo,fraude,sur,8.0,baja,56,8.0,2024-08
2025-11-23,monte patria,robo,norte,7.0,alta,46,11.0,2025-11
2024-04-19,vicuna,hurto,NaN,10.0,alta,19,4.0,2024-04
2025-08-27,la serena,robo,rural,18.0,alta,31,8.0,2025-08
2024-05-31,vicuna,accidente,rural,4.0,NaN,NaN,5.0,2024-05
2025-12-17,vicuna,robo,rural,12.0,NaN,27,12.0,2025-12
NaN,la serena,robo,norte,2.0,baja,37,NaN,NaN
2025-03-11,andacollo,NaN,norte,13.0,media,NaN,3.0,2025-03
2024-05-03,la serena,robo,norte,16.0,baja,NaN,5.0,2024-05
2024-07-07,andacollo,fraude,centro,13.0,baja,28,7.0,2024-07
2024-08-27,coquimbo,violencia,sur,11.0,NaN,21,8.0,2024-08
2025-04-18,vicuna,accidente,NaN,16.0,media,35,4.0,2025-04
2025-04-22,ovalle,fraude,centro,NaN,baja,64,4.0,2025-04
NaN,vicuna,NaN,centro,18.0,alta,NaN,NaN,NaN
2024-11-06,vicuna,hurto,norte,10.0,baja,52,11.0,2024-11
2025-05-26,la serena,accidente,norte,13.0,alta,19,5.0,2025-05
2025-06-12,salamanca,accidente,norte,8.0,baja,NaN,6.0,2025-06
2025-08-02,illapel,fraude,NaN,5.0,alta,41,8.0,2025-08
2024-02-16,la serena,violencia,norte,17.0,NaN,58,2.0,2024-02
NaN,coquimbo,robo,sur,8.0,media,55,NaN,NaN
NaN,ovalle,accidente,norte,3.0,baja,27,NaN,NaN
2025-11-12,salamanca,hurto,centro,NaN,media,44,11.0,2025-11
2024-04-04,coquimbo,NaN,centro,4.0,NaN,23,4.0,2024-04
2024-05-11,ovalle,fraude,norte,17.0,alta,30,5.0,2024-05
2024-07-11,coquimbo,robo,norte,1.0,alta,68,7.0,2024-07
2024-10-26,vicuna,NaN,sur,NaN,NaN,41,10.0,2024-10
NaN,andacollo,robo,NaN,NaN,NaN,52,NaN,NaN
2024-10-07,monte patria,hurto,sur,12.0,baja,NaN,10.0,2024-10
2025-10-27,coquimbo,NaN,rural,14.0,media,45,10.0,2025-10
2024-01-10,coquimbo,robo,sur,NaN,baja,57,1.0,2024-01
2024-08-29,vicuna,robo,norte,16.0,NaN,22,8.0,2024-08
2025-03-22,salamanca,robo,norte,15.0,alta,36,3.0,2025-03
2025-06-08,salamanca,robo,centro,7.0,baja,63,6.0,2025-06
2025-02-19,vicuna,robo,centro,2.0,media,31,2.0,2025-02
2024-02-19,la serena,fraude,norte,9.0,alta,66,2.0,2024-02
2024-05-11,monte patria,violencia,norte,10.0,media,15,5.0,2024-05
2025-12-20,ovalle,NaN,norte,18.0,baja,55,12.0,2025-12
2024-09-21,coquimbo,NaN,rural,14.0,baja,20,9.0,2024-09
NaN,vicuna,NaN,sur,8.0,alta,20,NaN,NaN
2024-06-15,illapel,accidente,norte,19.0,alta,63,6.0,2024-06
2024-02-27,monte patria,fraude,rural,1.0,baja,54,2.0,2024-02
NaN,coquimbo,robo,centro,NaN,baja,21,NaN,NaN
2025-04-20,ovalle,fraude,centro,13.0,baja,38,4.0,2025-04
2024-02-14,vicuna,NaN,rural,19.0,media,51,2.0,2024-02
2025-06-02,ovalle,NaN,norte,18.0,alta,NaN,6.0,2025-06
2025-10-02,coquimbo,NaN,sur,12.0,alta,60,10.0,2025-10
2025-08-27,coquimbo,fraude,sur,5.0,alta,NaN,8.0,2025-08
2024-09-13,monte patria,violencia,norte,2.0,baja,20,9.0,2024-09
2024-01-27,monte patria,robo,NaN,18.0,alta,22,1.0,2024-01
2024-09-15,la serena,robo,norte,14.0,NaN,18,9.0,2024-09
2025-08-16,coquimbo,violencia,centro,5.0,NaN,NaN,8.0,2025-08
2024-05-14,coquimbo,NaN,rural,2.0,baja,31,5.0,2024-05
NaN,monte patria,hurto,norte,16.0,baja,67,NaN,NaN
NaN,monte patria,robo,norte,3.0,alta,68,NaN,NaN
2025-08-01,illapel,robo,norte,3.0,baja,34,8.0,2025-08
NaN,coquimbo,robo,sur,4.0,alta,27,NaN,NaN
2024-10-16,coquimbo,robo,sur,8.0,baja,NaN,10.0,2024-10
2024-04-24,monte patria,robo,centro,4.0,alta,23,4.0,2024-04
NaN,la serena,hurto,norte,5.0,baja,53,NaN,NaN
2025-03-17,salamanca,NaN,norte,12.0,baja,31,3.0,2025-03
2024-09-26,illapel,robo,centro,15.0,alta,54,9.0,2024-09
NaN,illapel,fraude,rural,4.0,baja,58,NaN,NaN
NaN,ovalle,hurto,centro,1.0,baja,26,NaN,NaN
2024-10-28,illapel,accidente,centro,2.0,alta,28,10.0,2024-10
2025-11-20,la serena,robo,rural,9.0,baja,NaN,11.0,2025-11
NaN,monte patria,NaN,rural,7.0,alta,23,NaN,NaN
2024-06-24,la serena,accidente,centro,9.0,NaN,58,6.0,2024-06
2025-03-26,andacollo,accidente,centro,19.0,baja,20,3.0,2025-03
2024-09-29,andacollo,accidente,sur,4.0,NaN,48,9.0,2024-09
2024-12-19,la serena,accidente,rural,10.0,alta,35,12.0,2024-12
2025-11-26,vicuna,accidente,norte,19.0,NaN,50,11.0,2025-11
2025-02-06,salamanca,robo,NaN,18.0,media,NaN,2.0,2025-02
2025-02-03,coquimbo,fraude,centro,11.0,alta,35,2.0,2025-02
2025-05-30,illapel,robo,sur,19.0,alta,48,5.0,2025-05
2024-11-17,monte patria,robo,norte,11.0,NaN,65,11.0,2024-11
2024-03-01,monte patria,robo,centro,8.0,baja,64,3.0,2024-03
2024-08-15,salamanca,robo,centro,14.0,NaN,30,8.0,2024-08
2025-08-02,salamanca,hurto,centro,2.0,alta,34,8.0,2025-08
2024-06-20,la serena,NaN,sur,18.0,alta,62,6.0,2024-06
2025-05-20,coquimbo,NaN,NaN,NaN,baja,22,5.0,2025-05
2024-10-11,coquimbo,hurto,rural,10.0,baja,40,10.0,2024-10
2024-09-09,ovalle,violencia,centro,14.0,baja,48,9.0,2024-09
2024-12-22,vicuna,NaN,rural,4.0,media,21,12.0,2024-12
2024-07-03,la serena,accidente,centro,NaN,baja,42,7.0,2024-07
2025-11-02,monte patria,NaN,rural,1.0,NaN,54,11.0,2025-11
2025-05-29,coquimbo,violencia,NaN,1.0,baja,61,5.0,2025-05
2024-03-19,vicuna,violencia,centro,5.0,baja,51,3.0,2024-03
NaN,coquimbo,fraude,rural,15.0,alta,62,NaN,NaN
NaN,ovalle,hurto,norte,6.0,NaN,49,NaN,NaN
NaN,andacollo,hurto,sur,3.0,alta,18,NaN,NaN
2024-05-25,ovalle,hurto,norte,5.0,baja,49,5.0,2024-05
2025-01-27,la serena,NaN,norte,3.0,baja,19,1.0,2025-01
NaN,monte patria,accidente,centro,7.0,NaN,68,NaN,NaN
2024-02-11,la serena,robo,centro,5.0,NaN,39,2.0,2024-02
NaN,ovalle,violencia,centro,11.0,alta,61,NaN,NaN
2025-03-01,coquimbo,accidente,rural,14.0,alta,19,3.0,2025-03
2025-11-17,la serena,accidente,centro,10.0,alta,20,11.0,2025-11
2024-12-21,ovalle,violencia,norte,NaN,NaN,51,12.0,2024-12
2024-06-25,vicuna,accidente,rural,NaN,alta,20,6.0,2024-06
NaN,vicuna,robo,rural,1.0,baja,41,NaN,NaN
2025-05-26,coquimbo,robo,rural,15.0,alta,43,5.0,2025-05
2025-12-15,vicuna,robo,norte,6.0,alta,34,12.0,2025-12
2025-11-07,coquimbo,accidente,rural,10.0,NaN,31,11.0,2025-11
2025-05-07,la serena,accidente,norte,12.0,alta,NaN,5.0,2025-05
2025-07-21,coquimbo,NaN,centro,6.0,alta,15,7.0,2025-07
2025-02-20,ovalle,accidente,norte,6.0,baja,37,2.0,2025-02
2024-03-21,illapel,robo,norte,4.0,media,30,3.0,2024-03
NaN,ovalle,robo,rural,3.0,baja,40,NaN,NaN
2025-07-05,coquimbo,robo,norte,11.0,alta,53,7.0,2025-07
NaN,salamanca,accidente,norte,13.0,alta,NaN,NaN,NaN
2024-03-19,la serena,accidente,NaN,1.0,media,NaN,3.0,2024-03
2024-06-02,coquimbo,fraude,norte,6.0,baja,29,6.0,2024-06
NaN,la serena,accidente,rural,7.0,baja,41,NaN,NaN
2025-07-19,la serena,fraude,centro,2.0,media,45,7.0,2025-07
2024-05-06,coquimbo,fraude,NaN,18.0,alta,46,5.0,2024-05
2024-11-27,andacollo,fraude,sur,5.0,media,55,11.0,2024-11
2025-03-06,la serena,NaN,centro,12.0,alta,31,3.0,2025-03
2024-01-22,ovalle,robo,centro,3.0,alta,53,1.0,2024-01
2024-08-20,andacollo,violencia,norte,1.0,alta,39,8.0,2024-08
2025-06-04,ovalle,robo,rural,8.0,baja,52,6.0,2025-06
NaN,monte patria,robo,centro,NaN,baja,NaN,NaN,NaN
NaN,monte patria,fraude,centro,18.0,baja,29,NaN,NaN
NaN,salamanca,fraude,rural,2.0,media,57,NaN,NaN
2025-10-16,monte patria,accidente,centro,9.0,baja,21,10.0,2025-10
2025-07-02,vicuna,NaN,NaN,8.0,alta,39,7.0,2025-07
2024-10-23,ovalle,violencia,centro,4.0,alta,17,10.0,2024-10
2025-05-09,la serena,robo,centro,3.0,NaN,20,5.0,2025-05
2025-03-18,coquimbo,hurto,rural,NaN,alta,35,3.0,2025-03
2024-07-23,ovalle,fraude,sur,9.0,baja,16,7.0,2024-07
2024-01-16,salamanca,robo,norte,14.0,NaN,26,1.0,2024-01
2025-08-10,la serena,NaN,rural,9.0,alta,NaN,8.0,2025-08
2024-10-20,monte patria,accidente,rural,16.0,baja,28,10.0,2024-10
2025-09-07,coquimbo,violencia,sur,15.0,alta,NaN,9.0,2025-09
2025-03-18,vicuna,violencia,centro,11.0,baja,NaN,3.0,2025-03
2024-09-28,ovalle,robo,centro,14.0,baja,51,9.0,2024-09
2024-05-25,ovalle,robo,rural,15.0,alta,62,5.0,2024-05
2025-11-16,ovalle,accidente,centro,5.0,baja,23,11.0,2025-11
2024-11-20,andacollo,robo,sur,4.0,baja,34,11.0,2024-11
2024-01-26,coquimbo,robo,NaN,2.0,baja,32,1.0,2024-01
2024-11-25,vicuna,NaN,norte,17.0,baja,21,11.0,2024-11
2024-11-18,la serena,NaN,sur,3.0,baja,41,11.0,2024-11
2025-08-20,monte patria,violencia,centro,18.0,alta,33,8.0,2025-08
2025-02-24,ovalle,violencia,sur,19.0,media,58,2.0,2025-02
2024-05-29,vicuna,violencia,centro,18.0,NaN,63,5.0,2024-05
2024-02-28,monte patria,hurto,NaN,12.0,alta,NaN,2.0,2024-02
2025-04-29,coquimbo,violencia,centro,4.0,baja,52,4.0,2025-04
2024-11-02,monte patria,violencia,NaN,5.0,NaN,NaN,11.0,2024-11
2025-05-13,illapel,hurto,centro,1.0,baja,64,5.0,2025-05
NaN,illapel,robo,centro,17.0,baja,54,NaN,NaN
2024-12-20,la serena,NaN,centro,17.0,alta,20,12.0,2024-12
2024-07-18,la serena,fraude,rural,12.0,media,51,7.0,2024-07
2024-11-11,coquimbo,robo,centro,18.0,alta,58,11.0,2024-11
2025-12-24,coquimbo,hurto,NaN,NaN,alta,17,12.0,2025-12
2025-08-06,salamanca,fraude,norte,19.0,baja,39,8.0,2025-08
2024-02-05,ovalle,fraude,centro,NaN,NaN,21,2.0,2024-02
2024-02-25,coquimbo,robo,norte,NaN,NaN,NaN,2.0,2024-02
2024-02-01,la serena,hurto,sur,NaN,media,31,2.0,2024-02
2025-10-02,la serena,accidente,norte,19.0,alta,59,10.0,2025-10
2025-07-30,monte patria,robo,centro,3.0,alta,50,7.0,2025-07
2025-01-27,ovalle,violencia,centro,7.0,baja,67,1.0,2025-01
2025-09-01,coquimbo,violencia,norte,10.0,media,31,9.0,2025-09
2024-10-06,salamanca,fraude,NaN,5.0,NaN,20,10.0,2024-10
2024-07-17,vicuna,fraude,centro,9.0,baja,58,7.0,2024-07
2025-01-12,monte patria,robo,norte,NaN,NaN,29,1.0,2025-01
2024-09-16,vicuna,accidente,centro,9.0,NaN,56,9.0,2024-09
NaN,vicuna,hurto,centro,11.0,NaN,58,NaN,NaN
NaN,andacollo,violencia,NaN,19.0,NaN,24,NaN,NaN
2025-12-12,monte patria,NaN,centro,5.0,alta,23,12.0,2025-12
2024-09-16,la serena,accidente,NaN,13.0,baja,32,9.0,2024-09
2025-12-08,illapel,fraude,rural,14.0,alta,68,12.0,2025-12
2024-04-14,coquimbo,robo,NaN,5.0,alta,48,4.0,2024-04
2025-07-27,vicuna,accidente,norte,12.0,media,23,7.0,2025-07
2025-08-19,vicuna,NaN,sur,15.0,baja,19,8.0,2025-08
2025-05-23,coquimbo,violencia,sur,NaN,alta,38,5.0,2025-05
2025-06-05,salamanca,robo,NaN,11.0,NaN,24,6.0,2025-06
2025-11-01,vicuna,NaN,norte,10.0,alta,41,11.0,2025-11
NaN,ovalle,NaN,norte,5.0,baja,30,NaN,NaN
NaN,monte patria,robo,sur,11.0,alta,20,NaN,NaN
2024-10-28,ovalle,NaN,centro,18.0,media,66,10.0,2024-10
2025-11-01,monte patria,NaN,centro,11.0,alta,47,11.0,2025-11
2024-10-30,monte patria,accidente,centro,2.0,media,37,10.0,2024-10
2024-09-28,la serena,robo,rural,5.0,alta,22,9.0,2024-09
2024-03-05,illapel,fraude,NaN,NaN,alta,33,3.0,2024-03
2025-03-27,la serena,NaN,centro,8.0,NaN,42,3.0,2025-03
NaN,la serena,NaN,sur,19.0,NaN,55,NaN,NaN
2025-02-21,ovalle,violencia,sur,18.0,alta,NaN,2.0,2025-02
2025-10-25,vicuna,fraude,centro,13.0,NaN,50,10.0,2025-10
2024-10-28,monte patria,fraude,sur,17.0,alta,53,10.0,2024-10
2025-01-06,vicuna,hurto,centro,3.0,NaN,55,1.0,2025-01
2024-04-21,ovalle,accidente,norte,NaN,alta,51,4.0,2024-04
2025-07-17,monte patria,NaN,norte,13.0,media,64,7.0,2025-07
2025-03-14,vicuna,accidente,norte,9.0,baja,NaN,3.0,2025-03
NaN,coquimbo,violencia,centro,3.0,alta,57,NaN,NaN
2025-08-08,illapel,robo,centro,1.0,baja,67,8.0,2025-08
2025-07-01,coquimbo,robo,centro,16.0,NaN,48,7.0,2025-07
2025-07-18,coquimbo,hurto,norte,2.0,NaN,58,7.0,2025-07
NaN,vicuna,hurto,centro,NaN,alta,31,NaN,NaN
NaN,vicuna,violencia,centro,19.0,alta,14,NaN,NaN
2024-11-10,la serena,NaN,rural,4.0,baja,NaN,11.0,2024-11
2025-10-09,andacollo,fraude,norte,8.0,alta,39,10.0,2025-10
2025-01-20,la serena,accidente,norte,NaN,media,51,1.0,2025-01
NaN,monte patria,accidente,centro,5.0,alta,64,NaN,NaN
2025-01-03,coquimbo,fraude,centro,6.0,NaN,NaN,1.0,2025-01
2024-08-08,coquimbo,robo,norte,7.0,media,37,8.0,2024-08
2025-02-14,monte patria,robo,sur,7.0,alta,34,2.0,2025-02
2025-04-01,salamanca,robo,rural,11.0,NaN,41,4.0,2025-04
2025-05-25,ovalle,fraude,centro,14.0,baja,38,5.0,2025-05
2024-08-11,andacollo,accidente,rural,17.0,baja,50,8.0,2024-08
NaN,coquimbo,robo,rural,17.0,media,42,NaN,NaN
2025-02-28,coquimbo,robo,sur,8.0,baja,36,2.0,2025-02
2025-11-15,coquimbo,fraude,centro,9.0,media,53,11.0,2025-11
2025-10-21,la serena,hurto,norte,8.0,baja,66,10.0,2025-10
2025-08-04,coquimbo,accidente,norte,12.0,alta,21,8.0,2025-08
NaN,monte patria,violencia,norte,18.0,baja,36,NaN,NaN
2024-08-14,la serena,violencia,centro,6.0,alta,63,8.0,2024-08
2025-01-22,la serena,accidente,norte,11.0,media,18,1.0,2025-01
NaN,monte patria,hurto,centro,2.0,NaN,40,NaN,NaN
NaN,la serena,NaN,norte,17.0,alta,48,NaN,NaN
2024-09-23,ovalle,NaN,sur,9.0,NaN,33,9.0,2024-09
2025-08-14,salamanca,NaN,norte,15.0,baja,51,8.0,2025-08
2024-05-04,salamanca,robo,NaN,3.0,baja,NaN,5.0,2024-05
2024-02-19,la serena,robo,centro,4.0,alta,47,2.0,2024-02
2024-07-19,vicuna,hurto,rural,14.0,alta,26,7.0,2024-07
2024-02-04,la serena,NaN,norte,NaN,media,41,2.0,2024-02
2024-09-01,vicuna,accidente,sur,7.0,NaN,20,9.0,2024-09
2024-10-02,monte patria,accidente,norte,16.0,baja,27,10.0,2024-10
2025-03-04,ovalle,violencia,centro,10.0,media,15,3.0,2025-03
2024-11-07,illapel,NaN,rural,10.0,alta,42,11.0,2024-11
NaN,ovalle,violencia,sur,NaN,alta,68,NaN,NaN
2025-07-08,ovalle,fraude,NaN,7.0,media,27,7.0,2025-07
NaN,vicuna,NaN,sur,17.0,media,64,NaN,NaN
NaN,la serena,NaN,norte,13.0,baja,24,NaN,NaN
2025-05-16,vicuna,robo,norte,16.0,baja,48,5.0,2025-05
2025-09-05,vicuna,robo,norte,18.0,baja,20,9.0,2025-09
2024-10-17,ovalle,NaN,centro,2.0,media,33,10.0,2024-10
2025-07-27,ovalle,NaN,centro,4.0,baja,NaN,7.0,2025-07
NaN,andacollo,robo,centro,12.0,alta,55,NaN,NaN
2024-08-08,illapel,NaN,rural,3.0,alta,44,8.0,2024-08
2025-03-20,ovalle,violencia,rural,NaN,baja,15,3.0,2025-03
2025-01-06,la serena,NaN,norte,1.0,baja,23,1.0,2025-01
2024-11-16,illapel,hurto,centro,16.0,baja,38,11.0,2024-11
2024-11-15,vicuna,accidente,centro,12.0,alta,26,11.0,2024-11
NaN,illapel,NaN,centro,500.0,alta,67,NaN,NaN
NaN,la serena,robo,NaN,5.0,baja,28,NaN,NaN
2024-11-26,salamanca,accidente,norte,2.0,baja,NaN,11.0,2024-11
2024-01-18,ovalle,hurto,NaN,7.0,baja,32,1.0,2024-01
2025-08-06,ovalle,NaN,centro,5.0,alta,53,8.0,2025-08
2025-01-03,coquimbo,NaN,norte,10.0,baja,51,1.0,2025-01
2024-08-09,andacollo,NaN,centro,4.0,alta,19,8.0,2024-08
2024-02-28,la serena,accidente,centro,8.0,baja,68,2.0,2024-02
2025-02-06,ovalle,fraude,norte,8.0,alta,49,2.0,2025-02
2024-05-14,monte patria,robo,norte,3.0,media,68,5.0,2024-05
2025-01-05,coquimbo,hurto,sur,10.0,media,39,1.0,2025-01
2025-04-01,la serena,fraude,centro,14.0,NaN,48,4.0,2025-04
2024-04-28,coquimbo,hurto,norte,5.0,media,42,4.0,2024-04
2025-01-08,la serena,robo,centro,13.0,alta,19,1.0,2025-01
2024-07-20,ovalle,robo,norte,17.0,baja,58,7.0,2024-07
2025-04-07,la serena,accidente,centro,9.0,NaN,54,4.0,2025-04
2024-01-12,coquimbo,NaN,NaN,NaN,baja,46,1.0,2024-01
2024-02-28,salamanca,accidente,centro,18.0,baja,33,2.0,2024-02
2025-10-16,coquimbo,fraude,norte,18.0,baja,46,10.0,2025-10
2025-12-27,andacollo,robo,centro,16.0,baja,34,12.0,2025-12
NaN,illapel,violencia,norte,18.0,media,21,NaN,NaN
2025-09-06,coquimbo,fraude,centro,16.0,alta,51,9.0,2025-09
2025-01-15,illapel,robo,rural,2.0,baja,33,1.0,2025-01
NaN,monte patria,hurto,centro,6.0,NaN,41,NaN,NaN
NaN,monte patria,robo,centro,1.0,baja,38,NaN,NaN
2025-11-06,salamanca,hurto,centro,2.0,media,20,11.0,2025-11
2025-01-28,vicuna,violencia,norte,19.0,NaN,48,1.0,2025-01
2024-02-08,ovalle,robo,centro,13.0,baja,30,2.0,2024-02
2025-12-11,coquimbo,hurto,centro,12.0,media,67,12.0,2025-12
2024-04-28,la serena,violencia,norte,3.0,media,23,4.0,2024-04
2024-10-23,coquimbo,robo,centro,NaN,baja,32,10.0,2024-10
2025-01-08,vicuna,robo,centro,4.0,baja,48,1.0,2025-01
2025-11-05,salamanca,NaN,sur,11.0,alta,46,11.0,2025-11
2025-05-07,coquimbo,fraude,sur,5.0,baja,24,5.0,2025-05
2025-01-04,salamanca,NaN,norte,12.0,baja,NaN,1.0,2025-01
2024-09-07,la serena,accidente,centro,19.0,NaN,15,9.0,2024-09
2024-07-01,vicuna,robo,centro,11.0,NaN,69,7.0,2024-07
2024-05-28,andacollo,accidente,norte,18.0,alta,69,5.0,2024-05
NaN,illapel,fraude,centro,7.0,NaN,31,NaN,NaN
2024-10-25,monte patria,accidente,sur,15.0,media,26,10.0,2024-10
2024-03-27,ovalle,accidente,centro,4.0,alta,NaN,3.0,2024-03
2025-05-21,coquimbo,robo,centro,15.0,baja,62,5.0,2025-05
2025-01-15,vicuna,NaN,sur,6.0,NaN,50,1.0,2025-01
2024-10-08,la serena,violencia,centro,4.0,alta,15,10.0,2024-10
NaN,vicuna,hurto,NaN,NaN,media,51,NaN,NaN
2025-08-03,illapel,violencia,rural,18.0,media,23,8.0,2025-08
2025-12-01,vicuna,accidente,sur,NaN,baja,52,12.0,2025-12
2024-10-30,vicuna,NaN,norte,16.0,alta,24,10.0,2024-10
2024-12-01,la serena,robo,norte,8.0,NaN,41,12.0,2024-12
NaN,vicuna,hurto,centro,2.0,alta,45,NaN,NaN
2024-03-03,monte patria,robo,sur,14.0,baja,26,3.0,2024-03
2025-08-19,monte patria,robo,centro,10.0,baja,23,8.0,2025-08
2024-09-29,andacollo,fraude,centro,NaN,media,24,9.0,2024-09
2024-06-17,la serena,hurto,NaN,19.0,NaN,59,6.0,2024-06
2025-04-14,salamanca,hurto,norte,7.0,NaN,22,4.0,2025-04
2025-12-21,monte patria,accidente,sur,7.0,baja,27,12.0,2025-12
2025-08-11,illapel,robo,NaN,5.0,media,45,8.0,2025-08
2024-02-04,ovalle,NaN,NaN,4.0,NaN,60,2.0,2024-02
NaN,monte patria,NaN,rural,16.0,alta,24,NaN,NaN
2025-08-17,coquimbo,accidente,centro,NaN,NaN,62,8.0,2025-08
2025-08-17,salamanca,robo,rural,NaN,baja,30,8.0,2025-08
2025-01-25,la serena,hurto,sur,7.0,NaN,43,1.0,2025-01
2025-03-10,coquimbo,robo,NaN,17.0,alta,30,3.0,2025-03
2024-09-01,monte patria,robo,centro,16.0,alta,35,9.0,2024-09
2024-06-10,illapel,violencia,centro,5.0,baja,17,6.0,2024-06
2025-11-23,andacollo,fraude,norte,7.0,baja,19,11.0,2025-11
2024-01-25,ovalle,robo,norte,8.0,baja,66,1.0,2024-01
NaN,illapel,accidente,norte,9.0,baja,50,NaN,NaN
2025-02-15,andacollo,robo,centro,6.0,alta,16,2.0,2025-02
NaN,andacollo,robo,norte,7.0,NaN,47,NaN,NaN
2025-04-08,ovalle,robo,sur,15.0,baja,39,4.0,2025-04
2024-12-11,ovalle,fraude,centro,3.0,baja,36,12.0,2024-12
2025-06-25,monte patria,robo,NaN,2.0,baja,NaN,6.0,2025-06
2025-07-17,illapel,hurto,sur,1.0,alta,56,7.0,2025-07
2025-06-19,illapel,robo,norte,10.0,alta,33,6.0,2025-06
2024-01-21,coquimbo,hurto,rural,17.0,NaN,46,1.0,2024-01
2024-12-19,vicuna,robo,sur,12.0,baja,30,12.0,2024-12
2025-12-06,coquimbo,NaN,sur,2.0,NaN,58,12.0,2025-12
2024-01-18,illapel,hurto,rural,7.0,baja,26,1.0,2024-01
2024-02-10,andacollo,fraude,norte,3.0,alta,28,2.0,2024-02
2025-12-02,la serena,hurto,centro,10.0,baja,55,12.0,2025-12
2024-07-07,vicuna,fraude,NaN,17.0,NaN,NaN,7.0,2024-07
2025-08-31,coquimbo,robo,centro,15.0,media,57,8.0,2025-08
2024-04-03,la serena,NaN,centro,1.0,media,23,4.0,2024-04
NaN,coquimbo,robo,norte,18.0,media,19,NaN,NaN
NaN,monte patria,NaN,sur,6.0,alta,NaN,NaN,NaN
2025-05-22,monte patria,robo,rural,17.0,alta,48,5.0,2025-05
2025-12-09,salamanca,hurto,centro,11.0,alta,47,12.0,2025-12
2025-08-30,monte patria,fraude,rural,17.0,baja,17,8.0,2025-08
2024-07-24,coquimbo,accidente,norte,9.0,alta,17,7.0,2024-07
2025-01-22,la serena,violencia,norte,NaN,NaN,18,1.0,2025-01
2025-05-21,la serena,NaN,rural,3.0,media,55,5.0,2025-05
NaN,illapel,violencia,centro,1.0,alta,39,NaN,NaN
2024-08-25,coquimbo,hurto,norte,18.0,alta,34,8.0,2024-08
2025-08-24,la serena,accidente,NaN,6.0,alta,66,8.0,2025-08
2024-01-05,ovalle,fraude,rural,3.0,media,66,1.0,2024-01
NaN,ovalle,robo,norte,NaN,baja,44,NaN,NaN
2024-08-24,vicuna,NaN,norte,3.0,alta,65,8.0,2024-08
2025-05-11,coquimbo,NaN,sur,17.0,alta,30,5.0,2025-05
2024-11-04,andacollo,violencia,norte,13.0,alta,28,11.0,2024-11
NaN,monte patria,violencia,rural,5.0,baja,41,NaN,NaN
2024-07-12,illapel,violencia,norte,18.0,media,44,7.0,2024-07
2025-01-02,ovalle,accidente,norte,16.0,baja,45,1.0,2025-01
2025-07-29,coquimbo,robo,centro,2.0,baja,43,7.0,2025-07
2025-07-16,ovalle,robo,centro,19.0,media,22,7.0,2025-07
2024-01-19,monte patria,hurto,NaN,14.0,alta,NaN,1.0,2024-01
2024-02-16,coquimbo,NaN,rural,10.0,alta,60,2.0,2024-02
2025-04-07,coquimbo,robo,norte,3.0,baja,39,4.0,2025-04
2024-01-22,coquimbo,robo,rural,6.0,alta,62,1.0,2024-01
2025-08-02,la serena,violencia,norte,4.0,media,66,8.0,2025-08
NaN,la serena,accidente,norte,4.0,baja,41,NaN,NaN
NaN,ovalle,hurto,sur,8.0,baja,21,NaN,NaN
2025-07-23,coquimbo,accidente,centro,NaN,media,29,7.0,2025-07
2024-12-08,vicuna,violencia,norte,19.0,baja,22,12.0,2024-12
2025-05-20,coquimbo,violencia,sur,16.0,baja,34,5.0,2025-05
NaN,la serena,accidente,norte,18.0,media,56,NaN,NaN
2025-05-07,coquimbo,robo,NaN,3.0,NaN,31,5.0,2025-05
2024-02-03,ovalle,violencia,centro,17.0,alta,18,2.0,2024-02
2024-09-14,la serena,hurto,rural,17.0,NaN,53,9.0,2024-09
2024-10-10,monte patria,NaN,sur,3.0,alta,52,10.0,2024-10
2024-04-26,ovalle,robo,rural,5.0,NaN,45,4.0,2024-04
2024-10-25,coquimbo,hurto,centro,2.0,baja,49,10.0,2024-10
2024-07-25,la serena,hurto,norte,17.0,baja,22,7.0,2024-07
2024-09-29,la serena,violencia,sur,16.0,baja,64,9.0,2024-09
2025-06-15,salamanca,accidente,sur,9.0,alta,60,6.0,2025-06
2025-03-22,coquimbo,fraude,sur,16.0,baja,37,3.0,2025-03
2025-09-29,vicuna,violencia,rural,14.0,NaN,54,9.0,2025-09
2024-02-22,andacollo,fraude,norte,NaN,NaN,68,2.0,2024-02
2025-12-13,coquimbo,robo,norte,15.0,alta,58,12.0,2025-12
2024-05-28,coquimbo,accidente,rural,13.0,baja,50,5.0,2024-05
2024-03-13,la serena,robo,norte,17.0,alta,47,3.0,2024-03
2024-04-22,ovalle,hurto,centro,5.0,NaN,36,4.0,2024-04
2025-08-04,monte patria,violencia,NaN,15.0,baja,56,8.0,2025-08
2025-01-10,coquimbo,robo,centro,15.0,NaN,58,1.0,2025-01
NaN,vicuna,robo,rural,2.0,baja,44,NaN,NaN
2024-09-10,la serena,fraude,centro,4.0,media,60,9.0,2024-09
2025-06-15,coquimbo,violencia,sur,12.0,NaN,47,6.0,2025-06
2025-02-08,ovalle,fraude,centro,17.0,alta,25,2.0,2025-02
2025-06-19,vicuna,fraude,centro,5.0,alta,45,6.0,2025-06
2024-04-12,coquimbo,NaN,norte,9.0,baja,58,4.0,2024-04
2025-05-13,coquimbo,fraude,sur,10.0,baja,40,5.0,2025-05
2025-09-12,coquimbo,fraude,sur,18.0,alta,69,9.0,2025-09
2025-05-29,coquimbo,violencia,centro,12.0,alta,39,5.0,2025-05
2025-04-17,ovalle,robo,rural,5.0,baja,63,4.0,2025-04
2024-01-23,la serena,NaN,norte,14.0,NaN,67,1.0,2024-01
2025-10-27,monte patria,robo,sur,17.0,NaN,14,10.0,2025-10
2024-11-11,salamanca,accidente,centro,16.0,alta,56,11.0,2024-11
NaN,andacollo,accidente,rural,15.0,baja,66,NaN,NaN
2025-06-09,vicuna,robo,norte,2.0,NaN,48,6.0,2025-06
2025-05-10,coquimbo,violencia,sur,18.0,alta,NaN,5.0,2025-05
2025-07-22,salamanca,accidente,norte,19.0,media,24,7.0,2025-07
2025-08-14,ovalle,fraude,centro,NaN,NaN,45,8.0,2025-08
2024-03-01,la serena,violencia,sur,8.0,alta,43,3.0,2024-03
2025-12-17,vicuna,robo,rural,NaN,alta,26,12.0,2025-12
2025-12-11,coquimbo,hurto,rural,11.0,alta,50,12.0,2025-12
NaN,la serena,robo,norte,18.0,alta,32,NaN,NaN
2025-01-20,salamanca,robo,centro,2.0,baja,55,1.0,2025-01
NaN,vicuna,accidente,rural,NaN,NaN,18,NaN,NaN
2024-04-22,andacollo,robo,sur,9.0,alta,42,4.0,2024-04
2025-03-19,monte patria,fraude,norte,10.0,baja,NaN,3.0,2025-03
NaN,coquimbo,robo,centro,15.0,baja,22,NaN,NaN
2025-12-10,coquimbo,NaN,centro,12.0,baja,23,12.0,2025-12
2024-03-08,illapel,robo,norte,2.0,alta,15,3.0,2024-03
2024-01-22,andacollo,accidente,centro,14.0,NaN,58,1.0,2024-01
2025-11-14,coquimbo,NaN,rural,NaN,media,NaN,11.0,2025-11
2024-10-10,la serena,robo,rural,9.0,baja,37,10.0,2024-10
NaN,coquimbo,NaN,centro,5.0,baja,21,NaN,NaN
2025-04-21,andacollo,fraude,norte,2.0,alta,45,4.0,2025-04
2025-10-20,coquimbo,NaN,NaN,16.0,baja,59,10.0,2025-10
2025-04-16,vicuna,robo,centro,2.0,NaN,NaN,4.0,2025-04
2024-04-06,la serena,accidente,centro,8.0,baja,23,4.0,2024-04
2025-09-12,ovalle,NaN,centro,15.0,NaN,31,9.0,2025-09
2025-08-17,monte patria,accidente,norte,13.0,NaN,66,8.0,2025-08
2024-05-14,coquimbo,robo,centro,15.0,alta,16,5.0,2024-05
2024-09-04,monte patria,robo,centro,NaN,media,43,9.0,2024-09
2025-06-03,vicuna,hurto,centro,19.0,alta,18,6.0,2025-06
2024-02-17,vicuna,hurto,centro,NaN,NaN,37,2.0,2024-02
2025-07-01,la serena,robo,NaN,19.0,media,31,7.0,2025-07
2024-08-11,coquimbo,hurto,rural,7.0,media,19,8.0,2024-08
2024-02-22,monte patria,violencia,norte,4.0,NaN,28,2.0,2024-02
2024-12-28,la serena,fraude,NaN,4.0,alta,66,12.0,2024-12
2024-12-06,la serena,accidente,centro,9.0,baja,41,12.0,2024-12
2024-06-20,illapel,NaN,centro,7.0,alta,50,6.0,2024-06
2024-12-28,ovalle,robo,sur,17.0,alta,29,12.0,2024-12
2024-08-05,la serena,violencia,norte,1.0,alta,18,8.0,2024-08
2025-02-03,andacollo,violencia,sur,4.0,alta,130,2.0,2025-02
NaN,la serena,NaN,centro,8.0,media,65,NaN,NaN
2024-07-19,coquimbo,NaN,centro,NaN,baja,40,7.0,2024-07
2024-08-08,salamanca,NaN,centro,14.0,NaN,15,8.0,2024-08
2024-08-15,vicuna,robo,norte,17.0,baja,53,8.0,2024-08
2025-07-11,ovalle,accidente,norte,8.0,media,43,7.0,2025-07
2024-01-17,la serena,fraude,sur,17.0,media,65,1.0,2024-01
2024-01-20,la serena,robo,norte,NaN,alta,61,1.0,2024-01
NaN,andacollo,fraude,norte,2.0,baja,130,NaN,NaN
2024-04-12,vicuna,fraude,norte,16.0,baja,34,4.0,2024-04
2025-05-25,andacollo,fraude,norte,4.0,alta,28,5.0,2025-05
2024-06-11,ovalle,robo,centro,14.0,media,69,6.0,2024-06
2025-07-02,illapel,robo,rural,13.0,baja,58,7.0,2025-07
2024-10-23,la serena,NaN,centro,16.0,alta,46,10.0,2024-10
2025-04-20,salamanca,NaN,norte,11.0,alta,23,4.0,2025-04
2025-08-02,la serena,NaN,rural,NaN,alta,56,8.0,2025-08
2024-06-27,vicuna,robo,centro,3.0,media,15,6.0,2024-06
2025-07-18,coquimbo,robo,sur,15.0,NaN,27,7.0,2025-07
2025-07-23,salamanca,robo,centro,NaN,baja,52,7.0,2025-07
NaN,coquimbo,hurto,rural,3.0,media,29,NaN,NaN
NaN,salamanca,fraude,centro,13.0,media,20,NaN,NaN
NaN,ovalle,hurto,centro,4.0,media,14,NaN,NaN
2024-12-24,la serena,hurto,centro,11.0,NaN,NaN,12.0,2024-12
NaN,coquimbo,NaN,NaN,NaN,alta,41,NaN,NaN
NaN,coquimbo,NaN,NaN,NaN,alta,27,NaN,NaN
NaN,la serena,violencia,centro,12.0,alta,56,NaN,NaN
2025-09-19,monte patria,violencia,centro,8.0,NaN,48,9.0,2025-09
2025-07-24,andacollo,violencia,centro,2.0,alta,NaN,7.0,2025-07
NaN,la serena,hurto,rural,13.0,NaN,49,NaN,NaN
2024-12-02,monte patria,robo,centro,2.0,baja,69,12.0,2024-12
NaN,coquimbo,fraude,centro,8.0,NaN,18,NaN,NaN
NaN,la serena,fraude,sur,5.0,alta,50,NaN,NaN
2024-04-26,coquimbo,violencia,sur,4.0,alta,42,4.0,2024-04
2024-12-24,la serena,robo,NaN,16.0,alta,25,12.0,2024-12
2024-08-07,monte patria,accidente,centro,3.0,media,38,8.0,2024-08
2024-08-12,coquimbo,fraude,centro,19.0,baja,57,8.0,2024-08
2025-04-25,la serena,accidente,NaN,18.0,NaN,46,4.0,2025-04
NaN,salamanca,robo,NaN,18.0,baja,17,NaN,NaN
2024-04-30,la serena,robo,rural,500.0,alta,52,4.0,2024-04
2024-02-01,ovalle,accidente,NaN,NaN,alta,69,2.0,2024-02
NaN,la serena,robo,norte,13.0,alta,61,NaN,NaN
NaN,illapel,fraude,centro,NaN,NaN,21,NaN,NaN
2024-12-09,ovalle,robo,rural,5.0,alta,66,12.0,2024-12
2024-03-08,monte patria,robo,norte,7.0,alta,22,3.0,2024-03
NaN,coquimbo,robo,norte,15.0,alta,68,NaN,NaN
2025-12-19,monte patria,fraude,norte,8.0,baja,14,12.0,2025-12
2025-09-17,vicuna,NaN,sur,11.0,baja,59,9.0,2025-09
2025-02-02,ovalle,accidente,norte,NaN,alta,48,2.0,2025-02
2024-07-03,salamanca,hurto,norte,16.0,baja,64,7.0,2024-07
2025-04-24,monte patria,hurto,sur,11.0,NaN,24,4.0,2025-04
2024-04-06,vicuna,robo,norte,5.0,baja,68,4.0,2024-04
2024-09-20,illapel,NaN,rural,10.0,NaN,57,9.0,2024-09
2024-07-21,monte patria,fraude,sur,11.0,alta,50,7.0,2024-07
2025-12-03,la serena,robo,rural,NaN,alta,14,12.0,2025-12
2024-04-29,monte patria,fraude,NaN,9.0,alta,63,4.0,2024-04
2025-03-31,vicuna,NaN,norte,14.0,baja,54,3.0,2025-03
NaN,andacollo,hurto,centro,1.0,NaN,59,NaN,NaN
NaN,la serena,violencia,norte,2.0,alta,23,NaN,NaN
2025-01-20,illapel,hurto,centro,7.0,alta,64,1.0,2025-01
2024-09-15,coquimbo,NaN,centro,12.0,alta,54,9.0,2024-09
NaN,la serena,NaN,rural,17.0,media,45,NaN,NaN
2024-05-12,salamanca,robo,centro,7.0,alta,59,5.0,2024-05
NaN,monte patria,NaN,NaN,10.0,alta,26,NaN,NaN
NaN,coquimbo,robo,centro,9.0,alta,53,NaN,NaN
NaN,salamanca,accidente,NaN,7.0,alta,43,NaN,NaN
2025-04-21,vicuna,fraude,norte,6.0,alta,42,4.0,2025-04
2025-01-25,illapel,fraude,rural,14.0,NaN,15,1.0,2025-01
2024-12-23,ovalle,robo,centro,NaN,NaN,29,12.0,2024-12
2025-03-25,la serena,hurto,norte,18.0,baja,NaN,3.0,2025-03
2025-01-17,la serena,NaN,NaN,10.0,alta,54,1.0,2025-01
2025-09-30,la serena,fraude,norte,1.0,alta,NaN,9.0,2025-09
2024-01-21,vicuna,robo,sur,6.0,alta,41,1.0,2024-01
2024-08-02,illapel,accidente,centro,16.0,baja,14,8.0,2024-08
NaN,ovalle,NaN,norte,9.0,alta,63,NaN,NaN
2024-01-14,monte patria,robo,NaN,14.0,NaN,47,1.0,2024-01
NaN,andacollo,fraude,norte,5.0,alta,66,NaN,NaN
2024-02-17,ovalle,NaN,centro,NaN,media,21,2.0,2024-02
NaN,illapel,robo,norte,17.0,NaN,20,NaN,NaN
2025-01-12,andacollo,robo,rural,NaN,alta,64,1.0,2025-01
2024-03-25,illapel,accidente,rural,17.0,media,18,3.0,2024-03
2025-07-26,la serena,NaN,rural,NaN,media,54,7.0,2025-07
2024-06-13,monte patria,fraude,centro,10.0,baja,60,6.0,2024-06
2025-01-21,andacollo,fraude,NaN,4.0,media,21,1.0,2025-01
2024-07-23,salamanca,NaN,NaN,8.0,alta,64,7.0,2024-07
2024-10-05,coquimbo,violencia,norte,8.0,alta,23,10.0,2024-10
2024-10-23,coquimbo,NaN,NaN,16.0,media,57,10.0,2024-10
2025-03-23,andacollo,hurto,sur,8.0,alta,15,3.0,2025-03
2025-01-05,salamanca,accidente,centro,19.0,NaN,69,1.0,2025-01
2024-01-24,ovalle,fraude,centro,17.0,alta,14,1.0,2024-01
2025-11-13,la serena,robo,norte,19.0,alta,14,11.0,2025-11
2024-10-11,illapel,accidente,rural,8.0,NaN,26,10.0,2024-10
2024-09-30,vicuna,fraude,rural,14.0,media,23,9.0,2024-09
2024-10-04,salamanca,fraude,centro,19.0,media,39,10.0,2024-10
NaN,la serena,NaN,norte,7.0,NaN,66,NaN,NaN
2025-11-05,coquimbo,accidente,NaN,1.0,alta,NaN,11.0,2025-11
2024-03-06,andacollo,accidente,sur,18.0,NaN,NaN,3.0,2024-03
2025-11-14,illapel,violencia,norte,8.0,NaN,NaN,11.0,2025-11
2024-09-02,la serena,robo,sur,7.0,baja,56,9.0,2024-09
NaN,la serena,robo,centro,16.0,media,42,NaN,NaN
2024-12-12,monte patria,NaN,sur,12.0,media,17,12.0,2024-12
2024-04-02,la serena,hurto,sur,NaN,NaN,27,4.0,2024-04
2024-01-06,vicuna,robo,centro,NaN,baja,NaN,1.0,2024-01
2025-07-01,vicuna,fraude,norte,NaN,media,43,7.0,2025-07
2025-03-10,monte patria,violencia,rural,19.0,alta,30,3.0,2025-03
2024-09-18,ovalle,NaN,centro,NaN,baja,31,9.0,2024-09
2025-09-27,coquimbo,NaN,centro,17.0,NaN,44,9.0,2025-09
NaN,ovalle,robo,rural,11.0,baja,28,NaN,NaN
NaN,la serena,accidente,rural,10.0,media,55,NaN,NaN
NaN,illapel,accidente,sur,14.0,alta,52,NaN,NaN
2024-02-29,la serena,hurto,rural,15.0,baja,56,2.0,2024-02
2024-09-22,la serena,robo,rural,18.0,baja,24,9.0,2024-09
2025-12-27,la serena,hurto,sur,16.0,alta,43,12.0,2025-12
2024-06-29,la serena,accidente,rural,13.0,alta,62,6.0,2024-06
2024-03-27,andacollo,fraude,norte,11.0,NaN,57,3.0,2024-03
2025-02-24,vicuna,NaN,centro,9.0,alta,NaN,2.0,2025-02
2024-08-11,la serena,accidente,norte,12.0,alta,39,8.0,2024-08
NaN,vicuna,violencia,norte,2.0,baja,26,NaN,NaN
2024-08-25,illapel,fraude,centro,5.0,media,63,8.0,2024-08
2024-09-18,monte patria,robo,centro,2.0,alta,19,9.0,2024-09
2024-11-17,salamanca,NaN,sur,19.0,media,60,11.0,2024-11
2024-01-19,ovalle,violencia,norte,16.0,baja,5,1.0,2024-01
2025-02-08,monte patria,robo,centro,2.0,media,NaN,2.0,2025-02
2025-12-21,ovalle,robo,NaN,3.0,NaN,46,12.0,2025-12
2024-12-18,ovalle,fraude,rural,8.0,alta,25,12.0,2024-12
2024-08-15,ovalle,hurto,norte,12.0,NaN,NaN,8.0,2024-08
NaN,la serena,robo,NaN,19.0,media,NaN,NaN,NaN
2025-08-17,la serena,robo,centro,10.0,alta,48,8.0,2025-08
NaN,la serena,hurto,NaN,4.0,baja,42,NaN,NaN
2025-12-05,monte patria,fraude,centro,9.0,NaN,18,12.0,2025-12
NaN,ovalle,robo,norte,NaN,alta,16,NaN,NaN
2025-02-01,la serena,violencia,norte,19.0,alta,29,2.0,2025-02
2025-10-11,ovalle,robo,centro,12.0,NaN,38,10.0,2025-10
NaN,monte patria,NaN,centro,10.0,NaN,32,NaN,NaN
NaN,la serena,fraude,NaN,6.0,baja,51,NaN,NaN
NaN,vicuna,violencia,norte,7.0,baja,46,NaN,NaN
2024-04-17,vicuna,robo,NaN,7.0,media,41,4.0,2024-04
NaN,vicuna,robo,norte,8.0,alta,23,NaN,NaN
2025-06-27,ovalle,accidente,norte,18.0,alta,61,6.0,2025-06
2024-05-27,la serena,violencia,norte,15.0,baja,28,5.0,2024-05
2025-11-01,vicuna,NaN,NaN,7.0,baja,60,11.0,2025-11
2025-05-17,la serena,robo,rural,12.0,media,35,5.0,2025-05
2024-01-05,la serena,fraude,centro,14.0,baja,NaN,1.0,2024-01
NaN,ovalle,hurto,NaN,11.0,NaN,49,NaN,NaN
2024-02-15,illapel,accidente,centro,19.0,NaN,49,2.0,2024-02
2024-06-25,andacollo,NaN,rural,1.0,NaN,43,6.0,2024-06
NaN,vicuna,robo,rural,2.0,alta,50,NaN,NaN
NaN,illapel,robo,centro,14.0,baja,66,NaN,NaN
2024-03-07,coquimbo,robo,rural,6.0,baja,18,3.0,2024-03
2024-06-28,andacollo,NaN,centro,11.0,baja,50,6.0,2024-06
2025-07-18,monte patria,violencia,centro,10.0,alta,20,7.0,2025-07
2025-06-07,vicuna,robo,norte,13.0,baja,51,6.0,2025-06
NaN,andacollo,violencia,norte,12.0,NaN,36,NaN,NaN
2024-12-23,salamanca,robo,centro,18.0,baja,53,12.0,2024-12
2024-11-21,la serena,fraude,norte,500.0,alta,44,11.0,2024-11
NaN,andacollo,NaN,rural,11.0,NaN,NaN,NaN,NaN
2025-10-11,coquimbo,robo,centro,12.0,NaN,39,10.0,2025-10
2025-01-12,salamanca,robo,norte,16.0,baja,38,1.0,2025-01
NaN,coquimbo,violencia,rural,13.0,NaN,18,NaN,NaN
2025-12-11,vicuna,violencia,NaN,2.0,baja,19,12.0,2025-12
2025-12-15,andacollo,hurto,norte,16.0,baja,37,12.0,2025-12
2024-10-11,coquimbo,fraude,sur,8.0,alta,60,10.0,2024-10
2025-08-04,andacollo,robo,rural,13.0,NaN,NaN,8.0,2025-08
2025-12-28,coquimbo,accidente,centro,4.0,baja,27,12.0,2025-12
2025-09-27,ovalle,robo,centro,NaN,media,39,9.0,2025-09
2024-08-19,ovalle,accidente,rural,5.0,alta,38,8.0,2024-08
2025-04-20,andacollo,NaN,centro,14.0,media,24,4.0,2025-04
2025-12-25,coquimbo,accidente,rural,5.0,baja,46,12.0,2025-12
2025-01-18,ovalle,accidente,centro,19.0,baja,26,1.0,2025-01
2025-09-26,vicuna,robo,NaN,16.0,NaN,43,9.0,2025-09
2025-12-26,la serena,robo,sur,13.0,baja,68,12.0,2025-12
2024-12-12,coquimbo,accidente,norte,3.0,NaN,56,12.0,2024-12
2025-07-08,illapel,robo,sur,10.0,media,36,7.0,2025-07
2024-02-19,monte patria,hurto,NaN,11.0,media,63,2.0,2024-02
2025-06-13,monte patria,accidente,sur,15.0,alta,40,6.0,2025-06
2025-11-30,illapel,NaN,norte,13.0,NaN,58,11.0,2025-11
2024-08-23,ovalle,hurto,rural,6.0,media,61,8.0,2024-08
2024-07-19,coquimbo,hurto,NaN,18.0,baja,51,7.0,2024-07
2024-04-11,andacollo,robo,rural,15.0,alta,37,4.0,2024-04
NaN,salamanca,violencia,centro,5.0,media,69,NaN,NaN
2024-04-03,coquimbo,robo,rural,15.0,NaN,54,4.0,2024-04
2025-01-07,salamanca,violencia,centro,18.0,baja,43,1.0,2025-01
2024-04-09,la serena,NaN,norte,12.0,alta,21,4.0,2024-04
NaN,monte patria,hurto,centro,7.0,baja,52,NaN,NaN
2024-04-27,illapel,hurto,sur,5.0,alta,36,4.0,2024-04
2024-04-16,monte patria,NaN,rural,18.0,baja,41,4.0,2024-04
2025-09-15,la serena,NaN,NaN,NaN,baja,28,9.0,2025-09
NaN,coquimbo,robo,norte,7.0,alta,35,NaN,NaN
NaN,illapel,robo,sur,14.0,alta,56,NaN,NaN
2025-01-17,la serena,violencia,norte,19.0,NaN,49,1.0,2025-01
NaN,salamanca,hurto,sur,14.0,media,16,NaN,NaN
2024-07-09,ovalle,hurto,norte,18.0,baja,56,7.0,2024-07
NaN,la serena,fraude,NaN,10.0,baja,67,NaN,NaN
2024-11-29,salamanca,robo,sur,7.0,NaN,45,11.0,2024-11
2025-04-17,coquimbo,hurto,centro,14.0,baja,43,4.0,2025-04
2024-08-04,coquimbo,violencia,rural,6.0,alta,58,8.0,2024-08
NaN,la serena,hurto,centro,5.0,alta,NaN,NaN,NaN
NaN,la serena,robo,sur,19.0,media,NaN,NaN,NaN
2025-04-16,la serena,NaN,rural,9.0,baja,18,4.0,2025-04
NaN,ovalle,robo,NaN,14.0,alta,53,NaN,NaN
2025-04-28,ovalle,robo,sur,10.0,baja,30,4.0,2025-04
2024-12-02,salamanca,NaN,centro,2.0,baja,34,12.0,2024-12
2024-07-15,monte patria,fraude,centro,18.0,baja,32,7.0,2024-07
2024-01-09,coquimbo,accidente,centro,8.0,media,28,1.0,2024-01
2025-03-28,illapel,NaN,sur,19.0,alta,48,3.0,2025-03
2024-12-09,la serena,NaN,centro,15.0,baja,29,12.0,2024-12
NaN,la serena,NaN,NaN,6.0,media,49,NaN,NaN
2025-10-17,monte patria,robo,NaN,8.0,baja,52,10.0,2025-10
2025-07-21,coquimbo,hurto,norte,9.0,NaN,NaN,7.0,2025-07
2025-10-12,la serena,violencia,sur,19.0,media,61,10.0,2025-10
2024-12-01,la serena,accidente,norte,4.0,alta,NaN,12.0,2024-12
2024-09-19,la serena,violencia,norte,16.0,baja,17,9.0,2024-09
NaN,la serena,accidente,norte,15.0,media,19,NaN,NaN
2024-11-26,monte patria,fraude,norte,13.0,media,23,11.0,2024-11
2025-11-16,illapel,fraude,NaN,3.0,baja,36,11.0,2025-11
2025-02-20,monte patria,fraude,rural,14.0,baja,28,2.0,2025-02
2024-10-23,illapel,robo,centro,7.0,baja,65,10.0,2024-10
2024-02-03,la serena,robo,centro,4.0,alta,52,2.0,2024-02
2025-11-11,la serena,fraude,centro,17.0,baja,57,11.0,2025-11
2025-07-24,coquimbo,NaN,NaN,8.0,media,63,7.0,2025-07
2025-10-14,coquimbo,hurto,norte,NaN,alta,35,10.0,2025-10
2024-10-19,illapel,fraude,norte,9.0,alta,31,10.0,2024-10
NaN,vicuna,violencia,centro,19.0,baja,64,NaN,NaN
2024-10-08,la serena,accidente,centro,18.0,alta,47,10.0,2024-10
2025-06-22,monte patria,violencia,norte,13.0,baja,51,6.0,2025-06
NaN,la serena,robo,rural,NaN,baja,62,NaN,NaN
2025-11-28,la serena,NaN,centro,11.0,alta,55,11.0,2025-11
2024-05-10,illapel,hurto,centro,NaN,alta,NaN,5.0,2024-05
2025-06-11,ovalle,fraude,NaN,7.0,NaN,30,6.0,2025-06
NaN,vicuna,robo,sur,12.0,media,36,NaN,NaN
2024-08-14,monte patria,robo,norte,15.0,alta,32,8.0,2024-08
2024-09-03,la serena,violencia,sur,19.0,baja,43,9.0,2024-09
2024-08-09,coquimbo,hurto,NaN,13.0,alta,35,8.0,2024-08
2024-07-05,andacollo,robo,rural,9.0,alta,47,7.0,2024-07
2024-09-06,andacollo,NaN,centro,15.0,NaN,59,9.0,2024-09
NaN,ovalle,NaN,centro,8.0,media,NaN,NaN,NaN
2025-07-29,monte patria,accidente,sur,NaN,media,63,7.0,2025-07
2024-02-29,vicuna,NaN,norte,6.0,baja,61,2.0,2024-02
2024-07-03,vicuna,fraude,rural,15.0,baja,32,7.0,2024-07
NaN,ovalle,hurto,sur,19.0,baja,37,NaN,NaN
2025-12-13,ovalle,NaN,centro,5.0,NaN,53,12.0,2025-12
2024-10-20,la serena,hurto,rural,NaN,NaN,31,10.0,2024-10
2024-04-11,coquimbo,robo,NaN,NaN,NaN,21,4.0,2024-04
NaN,la serena,accidente,centro,13.0,NaN,20,NaN,NaN
NaN,monte patria,NaN,centro,NaN,media,37,NaN,NaN
2025-11-02,illapel,accidente,norte,14.0,NaN,55,11.0,2025-11
2024-05-24,andacollo,robo,sur,15.0,alta,NaN,5.0,2024-05
2024-11-14,la serena,violencia,sur,11.0,alta,17,11.0,2024-11
2025-02-09,ovalle,violencia,rural,5.0,alta,37,2.0,2025-02
2024-10-29,ovalle,robo,centro,NaN,media,37,10.0,2024-10
2024-03-05,vicuna,fraude,norte,17.0,alta,29,3.0,2024-03
2024-03-11,la serena,accidente,NaN,19.0,alta,61,3.0,2024-03
2025-08-28,illapel,accidente,rural,12.0,NaN,38,8.0,2025-08
2025-07-30,illapel,robo,norte,11.0,NaN,43,7.0,2025-07
2024-09-21,vicuna,NaN,sur,19.0,alta,65,9.0,2024-09
2024-07-17,coquimbo,robo,rural,10.0,baja,69,7.0,2024-07
NaN,coquimbo,NaN,NaN,5.0,media,31,NaN,NaN
2025-08-28,monte patria,fraude,sur,18.0,alta,57,8.0,2025-08
2025-10-30,salamanca,accidente,rural,16.0,NaN,18,10.0,2025-10
2024-01-09,andacollo,violencia,NaN,1.0,NaN,69,1.0,2024-01
2024-03-21,coquimbo,robo,norte,17.0,media,32,3.0,2024-03
2024-05-12,ovalle,NaN,rural,11.0,NaN,23,5.0,2024-05
NaN,monte patria,NaN,rural,2.0,alta,NaN,NaN,NaN
2025-10-29,ovalle,NaN,norte,1.0,NaN,66,10.0,2025-10
2025-06-08,la serena,accidente,NaN,3.0,alta,19,6.0,2025-06
2025-06-08,ovalle,NaN,sur,12.0,baja,40,6.0,2025-06
2025-11-26,vicuna,robo,NaN,3.0,alta,14,11.0,2025-11
2025-09-17,la serena,accidente,norte,16.0,baja,58,9.0,2025-09
NaN,ovalle,violencia,rural,18.0,baja,32,NaN,NaN
NaN,ovalle,accidente,centro,19.0,alta,24,NaN,NaN
2025-06-25,coquimbo,violencia,norte,4.0,media,19,6.0,2025-06
2024-09-10,coquimbo,robo,centro,13.0,alta,36,9.0,2024-09
2025-10-03,illapel,hurto,centro,10.0,media,33,10.0,2025-10
2024-01-19,la serena,NaN,NaN,18.0,alta,63,1.0,2024-01
2024-03-04,vicuna,accidente,NaN,6.0,media,67,3.0,2024-03
2024-09-10,vicuna,accidente,centro,19.0,NaN,19,9.0,2024-09
2025-09-29,monte patria,robo,centro,8.0,alta,18,9.0,2025-09
2025-05-16,salamanca,fraude,centro,1.0,alta,17,5.0,2025-05
2024-09-30,ovalle,NaN,norte,1.0,alta,36,9.0,2024-09
2024-06-16,andacollo,accidente,norte,10.0,alta,66,6.0,2024-06
2025-09-12,vicuna,robo,centro,17.0,alta,44,9.0,2025-09
2024-11-07,andacollo,hurto,norte,18.0,baja,20,11.0,2024-11
NaN,monte patria,violencia,centro,NaN,media,24,NaN,NaN
2024-01-29,andacollo,robo,norte,7.0,media,56,1.0,2024-01
NaN,la serena,violencia,norte,3.0,baja,16,NaN,NaN
2024-03-21,andacollo,fraude,centro,15.0,media,46,3.0,2024-03
NaN,monte patria,fraude,centro,15.0,alta,34,NaN,NaN
2024-08-09,la serena,fraude,sur,2.0,media,55,8.0,2024-08
2024-11-09,salamanca,robo,norte,15.0,baja,34,11.0,2024-11
2025-05-17,salamanca,violencia,sur,2.0,media,54,5.0,2025-05
2025-02-16,coquimbo,fraude,norte,14.0,baja,41,2.0,2025-02
2025-08-22,illapel,robo,rural,10.0,alta,57,8.0,2025-08
2025-02-09,andacollo,robo,NaN,17.0,NaN,44,2.0,2025-02
NaN,vicuna,NaN,norte,14.0,NaN,59,NaN,NaN
NaN,la serena,fraude,centro,NaN,alta,58,NaN,NaN
2024-06-13,vicuna,fraude,sur,19.0,alta,38,6.0,2024-06
NaN,ovalle,NaN,norte,13.0,baja,24,NaN,NaN
2024-11-19,ovalle,hurto,NaN,13.0,NaN,42,11.0,2024-11
2025-01-31,salamanca,robo,centro,NaN,baja,52,1.0,2025-01
2024-04-08,monte patria,accidente,norte,1.0,NaN,32,4.0,2024-04
2024-12-19,andacollo,violencia,norte,8.0,baja,15,12.0,2024-12
2025-05-23,ovalle,hurto,norte,NaN,alta,50,5.0,2025-05
NaN,coquimbo,violencia,norte,12.0,NaN,42,NaN,NaN
2024-02-20,monte patria,accidente,sur,11.0,alta,19,2.0,2024-02
2024-11-04,coquimbo,hurto,norte,10.0,baja,NaN,11.0,2024-11
2025-08-30,monte patria,robo,centro,19.0,baja,57,8.0,2025-08
2024-08-02,illapel,hurto,norte,19.0,baja,57,8.0,2024-08
2025-03-27,salamanca,fraude,NaN,14.0,alta,67,3.0,2025-03
2024-06-25,la serena,NaN,norte,19.0,alta,45,6.0,2024-06
2025-08-07,vicuna,violencia,norte,1.0,NaN,60,8.0,2025-08
2025-05-01,monte patria,fraude,norte,19.0,alta,23,5.0,2025-05
2025-08-25,ovalle,NaN,rural,18.0,NaN,NaN,8.0,2025-08
2024-05-29,ovalle,accidente,norte,11.0,media,43,5.0,2024-05
2024-10-26,salamanca,robo,centro,18.0,alta,58,10.0,2024-10
NaN,la serena,NaN,norte,3.0,media,63,NaN,NaN
2025-02-10,la serena,NaN,centro,NaN,alta,17,2.0,2025-02
2025-12-23,vicuna,NaN,norte,16.0,alta,62,12.0,2025-12
2024-09-21,vicuna,fraude,norte,1.0,baja,63,9.0,2024-09
2025-04-29,andacollo,violencia,norte,10.0,NaN,26,4.0,2025-04
NaN,coquimbo,robo,NaN,NaN,alta,27,NaN,NaN
2025-01-08,vicuna,hurto,sur,5.0,baja,25,1.0,2025-01
2024-06-21,ovalle,robo,sur,6.0,alta,49,6.0,2024-06
NaN,illapel,hurto,rural,13.0,alta,38,NaN,NaN
NaN,coquimbo,hurto,rural,1.0,NaN,69,NaN,NaN
NaN,illapel,NaN,norte,3.0,NaN,55,NaN,NaN
2025-03-04,salamanca,fraude,rural,NaN,NaN,52,3.0,2025-03
2024-12-03,coquimbo,robo,NaN,NaN,baja,14,12.0,2024-12
NaN,illapel,robo,sur,16.0,alta,38,NaN,NaN
NaN,coquimbo,robo,norte,2.0,NaN,38,NaN,NaN
2024-08-05,monte patria,robo,norte,19.0,NaN,52,8.0,2024-08
NaN,monte patria,NaN,centro,8.0,baja,17,NaN,NaN
2024-08-27,vicuna,NaN,centro,NaN,baja,19,8.0,2024-08
2024-10-29,monte patria,accidente,centro,13.0,alta,43,10.0,2024-10
2024-05-26,ovalle,robo,rural,13.0,NaN,49,5.0,2024-05
2025-02-12,la serena,robo,norte,17.0,alta,26,2.0,2025-02
2025-08-27,andacollo,hurto,NaN,2.0,alta,59,8.0,2025-08
2024-06-23,vicuna,NaN,NaN,1.0,NaN,21,6.0,2024-06
2024-08-18,la serena,robo,NaN,4.0,NaN,47,8.0,2024-08
2025-05-14,illapel,fraude,centro,10.0,NaN,23,5.0,2025-05
2024-03-17,monte patria,NaN,NaN,12.0,media,51,3.0,2024-03
2025-06-21,la serena,hurto,norte,17.0,baja,36,6.0,2025-06
2024-04-21,la serena,hurto,norte,16.0,alta,17,4.0,2024-04
2025-05-31,salamanca,accidente,norte,2.0,alta,55,5.0,2025-05
2024-07-23,coquimbo,NaN,centro,6.0,alta,15,7.0,2024-07
NaN,vicuna,NaN,sur,1.0,baja,41,NaN,NaN
2024-10-02,coquimbo,fraude,NaN,19.0,NaN,29,10.0,2024-10
2024-08-09,la serena,NaN,sur,NaN,alta,30,8.0,2024-08
2024-11-19,coquimbo,NaN,NaN,NaN,media,38,11.0,2024-11
2024-02-16,andacollo,fraude,centro,NaN,alta,NaN,2.0,2024-02
2024-11-17,illapel,accidente,centro,15.0,baja,53,11.0,2024-11
2025-09-08,coquimbo,NaN,norte,6.0,alta,32,9.0,2025-09
2024-04-28,salamanca,robo,sur,5.0,baja,24,4.0,2024-04
2024-05-30,ovalle,violencia,centro,6.0,alta,63,5.0,2024-05
2025-12-23,monte patria,robo,centro,15.0,baja,43,12.0,2025-12
2024-03-02,ovalle,robo,norte,8.0,NaN,55,3.0,2024-03
2025-04-26,monte patria,accidente,sur,11.0,NaN,NaN,4.0,2025-04
2024-11-11,ovalle,accidente,centro,14.0,alta,47,11.0,2024-11
NaN,salamanca,fraude,norte,4.0,alta,30,NaN,NaN
2024-04-12,la serena,fraude,norte,6.0,alta,NaN,4.0,2024-04
2024-02-25,andacollo,hurto,NaN,16.0,alta,39,2.0,2024-02
NaN,la serena,hurto,norte,9.0,NaN,28,NaN,NaN
2025-10-06,ovalle,accidente,norte,7.0,NaN,29,10.0,2025-10
2025-04-14,vicuna,robo,norte,18.0,baja,16,4.0,2025-04
2024-05-07,illapel,hurto,centro,10.0,NaN,40,5.0,2024-05
2025-06-21,ovalle,violencia,sur,3.0,baja,56,6.0,2025-06
2024-06-11,la serena,robo,sur,5.0,baja,39,6.0,2024-06
NaN,monte patria,robo,norte,12.0,NaN,63,NaN,NaN
2024-08-28,la serena,fraude,NaN,1.0,media,55,8.0,2024-08
2025-02-07,coquimbo,accidente,norte,13.0,media,46,2.0,2025-02
2025-05-07,coquimbo,fraude,norte,18.0,baja,48,5.0,2025-05
2025-08-17,monte patria,NaN,norte,10.0,alta,41,8.0,2025-08
NaN,vicuna,violencia,centro,19.0,alta,52,NaN,NaN
NaN,coquimbo,robo,centro,13.0,NaN,22,NaN,NaN
2024-06-07,illapel,robo,centro,10.0,media,130,6.0,2024-06
NaN,salamanca,NaN,centro,2.0,baja,28,NaN,NaN
2024-06-14,monte patria,robo,norte,NaN,alta,34,6.0,2024-06
2025-10-20,salamanca,hurto,norte,12.0,NaN,63,10.0,2025-10
2025-11-27,coquimbo,robo,norte,3.0,NaN,20,11.0,2025-11
2024-12-01,la serena,fraude,NaN,2.0,alta,64,12.0,2024-12
2025-05-30,coquimbo,violencia,norte,13.0,media,40,5.0,2025-05
2024-08-14,andacollo,hurto,NaN,3.0,baja,41,8.0,2024-08
NaN,coquimbo,accidente,norte,5.0,baja,51,NaN,NaN
2025-06-14,monte patria,NaN,norte,7.0,media,18,6.0,2025-06
2024-02-23,salamanca,fraude,NaN,17.0,media,20,2.0,2024-02
2024-06-22,coquimbo,fraude,sur,13.0,NaN,69,6.0,2024-06
NaN,coquimbo,accidente,rural,NaN,alta,65,NaN,NaN
2025-01-03,andacollo,fraude,NaN,2.0,baja,23,1.0,2025-01
NaN,illapel,accidente,NaN,10.0,media,14,NaN,NaN
2025-05-22,illapel,robo,NaN,6.0,alta,44,5.0,2025-05
2024-09-02,monte patria,fraude,sur,13.0,baja,30,9.0,2024-09
2024-09-01,monte patria,hurto,sur,8.0,alta,62,9.0,2024-09
NaN,ovalle,accidente,norte,16.0,alta,27,NaN,NaN
2025-09-22,vicuna,violencia,centro,17.0,alta,NaN,9.0,2025-09
2024-12-21,monte patria,hurto,centro,6.0,alta,30,12.0,2024-12
2025-07-17,vicuna,fraude,centro,15.0,media,45,7.0,2025-07
2025-12-31,illapel,violencia,norte,500.0,alta,56,12.0,2025-12
NaN,coquimbo,hurto,sur,8.0,alta,39,NaN,NaN
NaN,la serena,accidente,rural,14.0,alta,33,NaN,NaN
2024-04-04,coquimbo,robo,rural,19.0,baja,31,4.0,2024-04
2025-05-22,la serena,violencia,norte,4.0,media,42,5.0,2025-05
2025-04-01,vicuna,accidente,centro,15.0,baja,31,4.0,2025-04
2024-07-05,salamanca,robo,rural,19.0,baja,19,7.0,2024-07
2024-02-05,andacollo,NaN,norte,4.0,baja,17,2.0,2024-02
NaN,la serena,violencia,NaN,17.0,media,48,NaN,NaN
2024-10-06,la serena,hurto,sur,13.0,baja,29,10.0,2024-10
2024-12-26,ovalle,robo,NaN,2.0,alta,14,12.0,2024-12
2025-09-01,illapel,violencia,rural,18.0,media,67,9.0,2025-09
2025-04-07,coquimbo,NaN,norte,13.0,baja,40,4.0,2025-04
2025-06-03,ovalle,NaN,norte,18.0,baja,17,6.0,2025-06
2025-10-13,la serena,violencia,norte,12.0,NaN,29,10.0,2025-10
2025-10-06,coquimbo,robo,NaN,4.0,baja,57,10.0,2025-10
2024-09-15,illapel,hurto,centro,15.0,baja,56,9.0,2024-09
2025-07-03,coquimbo,fraude,centro,1.0,alta,NaN,7.0,2025-07
2025-04-11,coquimbo,violencia,centro,18.0,alta,14,4.0,2025-04
2025-10-31,la serena,violencia,sur,10.0,baja,35,10.0,2025-10
NaN,la serena,accidente,rural,5.0,media,20,NaN,NaN
2024-11-03,vicuna,violencia,norte,14.0,alta,25,11.0,2024-11
NaN,salamanca,NaN,centro,3.0,media,46,NaN,NaN
NaN,andacollo,fraude,centro,12.0,NaN,43,NaN,NaN
2025-12-12,monte patria,hurto,NaN,6.0,baja,30,12.0,2025-12
NaN,la serena,robo,NaN,11.0,alta,44,NaN,NaN
2024-03-17,coquimbo,fraude,norte,18.0,media,31,3.0,2024-03
2025-10-24,ovalle,robo,norte,18.0,alta,68,10.0,2025-10
2025-05-02,la serena,hurto,centro,16.0,baja,56,5.0,2025-05
2024-02-23,la serena,NaN,rural,15.0,baja,50,2.0,2024-02
2024-06-14,andacollo,NaN,centro,10.0,media,60,6.0,2024-06
2025-06-19,coquimbo,violencia,centro,19.0,NaN,54,6.0,2025-06
2025-12-26,illapel,hurto,norte,7.0,baja,35,12.0,2025-12
2025-03-16,ovalle,NaN,norte,NaN,NaN,47,3.0,2025-03
NaN,andacollo,hurto,norte,5.0,baja,47,NaN,NaN
2024-01-04,vicuna,violencia,centro,6.0,baja,22,1.0,2024-01
2024-02-25,vicuna,accidente,norte,18.0,baja,NaN,2.0,2024-02
2024-08-23,vicuna,robo,centro,11.0,alta,42,8.0,2024-08
2025-10-01,la serena,robo,norte,19.0,NaN,22,10.0,2025-10
NaN,ovalle,accidente,centro,14.0,alta,61,NaN,NaN
2025-06-28,la serena,NaN,centro,19.0,NaN,22,6.0,2025-06
2024-03-19,coquimbo,accidente,centro,NaN,alta,NaN,3.0,2024-03
2024-11-17,ovalle,fraude,centro,14.0,media,NaN,11.0,2024-11
2025-05-12,salamanca,fraude,sur,7.0,baja,15,5.0,2025-05
2025-03-10,ovalle,fraude,NaN,8.0,NaN,59,3.0,2025-03
2024-03-12,coquimbo,robo,norte,10.0,media,29,3.0,2024-03
2024-09-06,andacollo,robo,centro,6.0,baja,26,9.0,2024-09
NaN,vicuna,hurto,norte,2.0,baja,59,NaN,NaN
2025-02-22,andacollo,accidente,NaN,18.0,alta,44,2.0,2025-02
2025-07-27,vicuna,NaN,rural,3.0,alta,NaN,7.0,2025-07
2025-12-19,vicuna,violencia,centro,NaN,baja,NaN,12.0,2025-12
NaN,illapel,hurto,sur,15.0,alta,67,NaN,NaN
2025-09-18,andacollo,accidente,NaN,9.0,baja,46,9.0,2025-09
2025-09-26,andacollo,robo,centro,14.0,NaN,49,9.0,2025-09
2025-03-17,la serena,robo,rural,6.0,baja,42,3.0,2025-03
2024-09-19,illapel,hurto,rural,4.0,baja,53,9.0,2024-09
2025-10-10,coquimbo,fraude,norte,4.0,media,61,10.0,2025-10
2024-09-20,illapel,robo,NaN,18.0,alta,21,9.0,2024-09
2025-11-04,monte patria,hurto,norte,NaN,media,17,11.0,2025-11
NaN,monte patria,accidente,norte,4.0,alta,16,NaN,NaN
2024-05-10,andacollo,robo,NaN,15.0,alta,16,5.0,2024-05
2025-07-15,vicuna,violencia,NaN,5.0,NaN,27,7.0,2025-07
2024-07-17,andacollo,accidente,centro,19.0,alta,30,7.0,2024-07
NaN,la serena,hurto,centro,14.0,baja,35,NaN,NaN
2024-05-06,coquimbo,hurto,sur,18.0,alta,14,5.0,2024-05
2024-03-04,andacollo,accidente,centro,13.0,baja,55,3.0,2024-03
2025-12-17,coquimbo,accidente,norte,NaN,alta,53,12.0,2025-12
2024-08-13,andacollo,violencia,sur,NaN,NaN,46,8.0,2024-08
2024-02-24,la serena,NaN,norte,NaN,alta,53,2.0,2024-02
2025-06-20,salamanca,hurto,sur,15.0,NaN,37,6.0,2025-06
2025-10-26,coquimbo,NaN,norte,NaN,alta,62,10.0,2025-10
2025-11-23,monte patria,NaN,NaN,1.0,alta,16,11.0,2025-11
2025-04-11,coquimbo,violencia,centro,16.0,alta,58,4.0,2025-04
NaN,andacollo,accidente,norte,10.0,baja,55,NaN,NaN
2025-06-25,coquimbo,fraude,norte,15.0,baja,58,6.0,2025-06
2025-03-13,la serena,NaN,norte,19.0,NaN,24,3.0,2025-03
2024-07-17,monte patria,fraude,sur,17.0,media,15,7.0,2024-07
2025-05-02,la serena,fraude,centro,5.0,alta,40,5.0,2025-05
2024-07-27,la serena,NaN,sur,14.0,alta,57,7.0,2024-07
2025-12-05,ovalle,violencia,norte,12.0,NaN,24,12.0,2025-12
NaN,monte patria,violencia,centro,19.0,media,65,NaN,NaN
2025-12-26,vicuna,fraude,rural,1.0,baja,65,12.0,2025-12
2025-04-30,coquimbo,hurto,NaN,14.0,alta,52,4.0,2025-04
2025-12-12,ovalle,violencia,norte,NaN,alta,52,12.0,2025-12
2025-04-13,monte patria,robo,sur,14.0,baja,45,4.0,2025-04
2025-07-15,la serena,robo,norte,1.0,NaN,29,7.0,2025-07
2024-12-05,salamanca,NaN,norte,6.0,alta,66,12.0,2024-12
NaN,monte patria,accidente,norte,NaN,baja,28,NaN,NaN
2024-07-28,andacollo,NaN,rural,11.0,baja,19,7.0,2024-07
NaN,la serena,fraude,rural,14.0,baja,38,NaN,NaN
2025-05-05,salamanca,robo,norte,6.0,alta,33,5.0,2025-05
2024-07-24,la serena,hurto,centro,7.0,NaN,28,7.0,2024-07
2025-08-03,salamanca,hurto,NaN,10.0,alta,51,8.0,2025-08
NaN,coquimbo,accidente,centro,16.0,alta,53,NaN,NaN
2024-10-30,coquimbo,accidente,centro,14.0,baja,21,10.0,2024-10
2024-10-27,la serena,fraude,sur,10.0,NaN,17,10.0,2024-10
NaN,salamanca,hurto,NaN,14.0,alta,50,NaN,NaN
2025-11-03,salamanca,robo,centro,1.0,NaN,19,11.0,2025-11
NaN,salamanca,violencia,sur,10.0,baja,51,NaN,NaN
2025-08-19,illapel,violencia,sur,14.0,baja,61,8.0,2025-08
2025-10-25,coquimbo,fraude,rural,10.0,baja,31,10.0,2025-10
NaN,monte patria,hurto,norte,6.0,media,NaN,NaN,NaN
2025-08-23,coquimbo,robo,centro,18.0,media,130,8.0,2025-08
2024-08-06,andacollo,NaN,rural,9.0,NaN,NaN,8.0,2024-08
2024-10-19,la serena,violencia,centro,11.0,NaN,37,10.0,2024-10
2024-11-07,coquimbo,violencia,centro,10.0,alta,NaN,11.0,2024-11
NaN,la serena,fraude,norte,NaN,media,63,NaN,NaN
2024-11-30,coquimbo,hurto,sur,15.0,baja,23,11.0,2024-11
2024-03-20,coquimbo,fraude,sur,9.0,NaN,22,3.0,2024-03
2025-10-13,ovalle,fraude,norte,1.0,baja,49,10.0,2025-10
NaN,ovalle,violencia,rural,4.0,media,62,NaN,NaN
2025-11-20,ovalle,hurto,sur,16.0,baja,45,11.0,2025-11
2024-05-05,la serena,NaN,centro,11.0,NaN,48,5.0,2024-05
2025-05-02,vicuna,hurto,sur,16.0,media,61,5.0,2025-05
2024-01-25,coquimbo,NaN,norte,17.0,alta,25,1.0,2024-01
2024-12-29,la serena,robo,sur,NaN,media,50,12.0,2024-12
2024-07-12,la serena,hurto,centro,16.0,baja,14,7.0,2024-07
NaN,salamanca,NaN,NaN,1.0,baja,61,NaN,NaN
2025-01-24,vicuna,NaN,centro,4.0,baja,43,1.0,2025-01
NaN,salamanca,hurto,centro,13.0,NaN,NaN,NaN,NaN
NaN,andacollo,accidente,norte,1.0,alta,NaN,NaN,NaN
2024-12-27,andacollo,fraude,norte,1.0,baja,49,12.0,2024-12
2024-12-30,vicuna,accidente,centro,18.0,baja,59,12.0,2024-12
NaN,salamanca,robo,norte,18.0,baja,28,NaN,NaN
2025-08-07,andacollo,violencia,centro,10.0,baja,38,8.0,2025-08
2024-06-03,salamanca,accidente,centro,4.0,NaN,45,6.0,2024-06
2024-05-01,monte patria,robo,sur,9.0,baja,20,5.0,2024-05
NaN,andacollo,hurto,sur,18.0,NaN,40,NaN,NaN
2025-06-29,la serena,hurto,centro,2.0,alta,20,6.0,2025-06
2025-07-25,vicuna,robo,centro,13.0,media,53,7.0,2025-07
2025-07-05,coquimbo,robo,centro,12.0,alta,48,7.0,2025-07
2025-09-03,la serena,accidente,sur,10.0,NaN,34,9.0,2025-09
2025-09-15,la serena,robo,NaN,3.0,alta,41,9.0,2025-09
2024-10-27,vicuna,hurto,norte,NaN,media,45,10.0,2024-10
2025-08-26,la serena,hurto,centro,2.0,alta,19,8.0,2025-08
2025-05-13,vicuna,robo,centro,4.0,media,26,5.0,2025-05
NaN,coquimbo,violencia,norte,7.0,baja,33,NaN,NaN
2025-01-04,ovalle,hurto,NaN,13.0,alta,44,1.0,2025-01
NaN,illapel,robo,centro,8.0,alta,62,NaN,NaN
2024-02-10,la serena,fraude,centro,12.0,NaN,60,2.0,2024-02
2025-11-17,la serena,NaN,NaN,17.0,baja,NaN,11.0,2025-11
NaN,illapel,NaN,norte,3.0,NaN,NaN,NaN,NaN
2025-07-04,vicuna,violencia,norte,NaN,alta,37,7.0,2025-07
2024-12-18,vicuna,robo,norte,6.0,alta,62,12.0,2024-12
2025-02-04,monte patria,robo,rural,NaN,alta,52,2.0,2025-02
2024-02-18,la serena,accidente,centro,9.0,alta,NaN,2.0,2024-02
2025-05-27,monte patria,fraude,norte,10.0,NaN,32,5.0,2025-05
NaN,vicuna,hurto,rural,7.0,alta,67,NaN,NaN
2024-08-05,ovalle,robo,centro,3.0,alta,NaN,8.0,2024-08
2024-08-09,vicuna,robo,rural,14.0,NaN,NaN,8.0,2024-08
2024-02-07,monte patria,violencia,sur,6.0,baja,22,2.0,2024-02
2024-02-26,la serena,NaN,sur,5.0,NaN,66,2.0,2024-02
2024-07-31,salamanca,fraude,centro,7.0,media,52,7.0,2024-07
2024-03-24,andacollo,robo,centro,18.0,baja,19,3.0,2024-03
2024-06-06,illapel,robo,centro,8.0,baja,41,6.0,2024-06
2025-09-30,vicuna,violencia,rural,3.0,media,NaN,9.0,2025-09
2025-12-11,illapel,fraude,centro,5.0,baja,68,12.0,2025-12
2025-03-25,monte patria,violencia,sur,12.0,baja,19,3.0,2025-03
2025-07-29,salamanca,accidente,norte,17.0,baja,17,7.0,2025-07
2025-12-09,monte patria,NaN,norte,4.0,alta,47,12.0,2025-12
2024-06-15,andacollo,accidente,sur,6.0,NaN,40,6.0,2024-06
2025-07-25,la serena,hurto,norte,7.0,media,68,7.0,2025-07
2024-06-26,la serena,robo,NaN,12.0,alta,64,6.0,2024-06
2024-01-01,vicuna,violencia,centro,NaN,alta,31,1.0,2024-01
2025-05-30,monte patria,violencia,norte,12.0,baja,61,5.0,2025-05
2025-02-20,andacollo,violencia,rural,12.0,baja,NaN,2.0,2025-02
NaN,coquimbo,fraude,sur,17.0,alta,66,NaN,NaN
NaN,coquimbo,fraude,sur,7.0,baja,64,NaN,NaN
2024-08-21,andacollo,hurto,centro,2.0,media,26,8.0,2024-08
2025-09-11,salamanca,violencia,rural,12.0,alta,45,9.0,2025-09
NaN,ovalle,fraude,norte,9.0,media,51,NaN,NaN
2025-09-25,andacollo,robo,centro,NaN,alta,47,9.0,2025-09
2024-09-07,illapel,accidente,centro,NaN,NaN,61,9.0,2024-09
2024-01-14,monte patria,hurto,norte,11.0,media,62,1.0,2024-01
2025-10-19,la serena,robo,centro,16.0,alta,37,10.0,2025-10
2025-01-20,illapel,violencia,centro,7.0,alta,18,1.0,2025-01
NaN,illapel,robo,norte,18.0,media,68,NaN,NaN
2024-04-19,ovalle,violencia,norte,1.0,media,42,4.0,2024-04
2025-02-05,monte patria,NaN,norte,17.0,alta,56,2.0,2025-02
NaN,la serena,robo,centro,14.0,media,50,NaN,NaN
2025-12-08,la serena,robo,norte,14.0,baja,54,12.0,2025-12
2025-01-14,salamanca,robo,norte,11.0,baja,45,1.0,2025-01
2024-02-23,vicuna,robo,NaN,16.0,baja,28,2.0,2024-02
2025-10-01,vicuna,accidente,norte,6.0,alta,27,10.0,2025-10
2024-01-12,ovalle,robo,rural,13.0,media,55,1.0,2024-01
NaN,monte patria,accidente,sur,13.0,alta,44,NaN,NaN
2025-06-21,monte patria,violencia,rural,9.0,media,42,6.0,2025-06
2025-05-04,la serena,hurto,NaN,10.0,baja,67,5.0,2025-05
NaN,ovalle,accidente,NaN,12.0,NaN,36,NaN,NaN
2025-08-29,ovalle,NaN,centro,17.0,NaN,68,8.0,2025-08
NaN,la serena,robo,centro,10.0,alta,26,NaN,NaN
2025-10-20,vicuna,robo,sur,8.0,NaN,46,10.0,2025-10
2024-05-06,monte patria,NaN,NaN,15.0,baja,47,5.0,2024-05
NaN,monte patria,accidente,norte,13.0,NaN,57,NaN,NaN
2025-11-27,vicuna,NaN,NaN,13.0,baja,50,11.0,2025-11
2024-02-20,illapel,accidente,sur,6.0,media,NaN,2.0,2024-02
2025-04-02,coquimbo,robo,norte,11.0,media,47,4.0,2025-04
2025-10-24,vicuna,fraude,rural,NaN,baja,32,10.0,2025-10
2024-08-23,andacollo,accidente,NaN,7.0,alta,47,8.0,2024-08
2024-08-31,ovalle,NaN,rural,10.0,baja,41,8.0,2024-08
2024-11-17,coquimbo,violencia,norte,9.0,baja,38,11.0,2024-11
2024-12-12,vicuna,NaN,norte,6.0,NaN,15,12.0,2024-12
2024-02-22,ovalle,fraude,rural,2.0,media,46,2.0,2024-02
2025-06-27,coquimbo,robo,norte,16.0,NaN,29,6.0,2025-06
2025-10-31,salamanca,hurto,centro,11.0,baja,21,10.0,2025-10
2025-10-19,la serena,hurto,norte,1.0,baja,67,10.0,2025-10
NaN,illapel,fraude,sur,16.0,media,NaN,NaN,NaN
2024-05-02,coquimbo,accidente,NaN,17.0,alta,48,5.0,2024-05
2024-11-24,ovalle,accidente,norte,4.0,alta,51,11.0,2024-11
2025-12-08,la serena,NaN,norte,3.0,baja,15,12.0,2025-12
NaN,salamanca,fraude,centro,6.0,NaN,46,NaN,NaN
2025-06-12,ovalle,violencia,centro,16.0,media,24,6.0,2025-06
2024-05-04,illapel,violencia,sur,5.0,media,27,5.0,2024-05
2025-08-28,monte patria,violencia,NaN,6.0,baja,NaN,8.0,2025-08
2024-05-07,ovalle,violencia,centro,18.0,NaN,30,5.0,2024-05
2025-04-03,coquimbo,robo,rural,12.0,media,27,4.0,2025-04
2024-10-20,illapel,fraude,NaN,NaN,baja,NaN,10.0,2024-10
2024-05-13,monte patria,NaN,centro,10.0,media,44,5.0,2024-05
2025-04-24,coquimbo,robo,centro,1.0,NaN,63,4.0,2025-04
2024-05-25,vicuna,fraude,NaN,2.0,NaN,58,5.0,2024-05
2024-12-02,la serena,hurto,rural,7.0,alta,61,12.0,2024-12
2025-08-17,coquimbo,robo,norte,19.0,alta,29,8.0,2025-08
NaN,la serena,robo,sur,NaN,NaN,21,NaN,NaN
2024-07-13,salamanca,fraude,norte,12.0,alta,45,7.0,2024-07
2025-10-03,monte patria,violencia,centro,NaN,alta,18,10.0,2025-10
2025-04-13,vicuna,violencia,NaN,2.0,NaN,45,4.0,2025-04
2024-05-19,ovalle,hurto,centro,19.0,NaN,67,5.0,2024-05
2025-04-12,monte patria,violencia,NaN,19.0,NaN,64,4.0,2025-04
NaN,la serena,fraude,NaN,11.0,baja,15,NaN,NaN
2024-11-15,ovalle,robo,sur,11.0,baja,42,11.0,2024-11
2025-02-16,la serena,robo,rural,6.0,alta,20,2.0,2025-02
2024-08-19,illapel,robo,centro,NaN,media,49,8.0,2024-08
2024-05-14,vicuna,accidente,norte,15.0,NaN,45,5.0,2024-05
2025-10-22,monte patria,NaN,centro,10.0,baja,21,10.0,2025-10
NaN,andacollo,hurto,norte,5.0,alta,40,NaN,NaN
2025-04-13,la serena,NaN,norte,18.0,alta,14,4.0,2025-04
NaN,ovalle,violencia,centro,19.0,baja,52,NaN,NaN
2025-03-31,andacollo,violencia,sur,13.0,alta,58,3.0,2025-03
2024-04-16,la serena,violencia,NaN,5.0,baja,41,4.0,2024-04
2024-07-24,vicuna,robo,norte,5.0,NaN,25,7.0,2024-07
2024-02-01,la serena,fraude,centro,10.0,baja,41,2.0,2024-02
2025-02-07,andacollo,robo,rural,6.0,alta,39,2.0,2025-02
NaN,monte patria,hurto,centro,5.0,alta,17,NaN,NaN
2025-01-20,ovalle,violencia,sur,12.0,NaN,21,1.0,2025-01
NaN,la serena,violencia,norte,6.0,baja,64,NaN,NaN
2025-12-18,andacollo,NaN,norte,7.0,alta,27,12.0,2025-12
2024-06-26,la serena,accidente,norte,8.0,media,NaN,6.0,2024-06
2025-09-07,salamanca,violencia,rural,2.0,media,27,9.0,2025-09
2024-11-21,monte patria,robo,NaN,3.0,NaN,67,11.0,2024-11
NaN,coquimbo,robo,NaN,11.0,alta,62,NaN,NaN
2025-05-24,ovalle,NaN,rural,14.0,alta,NaN,5.0,2025-05
2024-07-02,vicuna,robo,NaN,2.0,alta,17,7.0,2024-07
2024-07-17,coquimbo,hurto,centro,1.0,alta,63,7.0,2024-07
2025-06-25,ovalle,violencia,centro,8.0,media,15,6.0,2025-06
2024-12-11,coquimbo,robo,norte,16.0,alta,52,12.0,2024-12
NaN,la serena,robo,sur,11.0,alta,65,NaN,NaN
2024-12-04,vicuna,NaN,rural,16.0,media,42,12.0,2024-12
2025-02-01,la serena,accidente,norte,19.0,baja,67,2.0,2025-02
2025-07-23,salamanca,robo,centro,11.0,NaN,68,7.0,2025-07
2024-06-23,ovalle,robo,norte,18.0,NaN,38,6.0,2024-06
2024-10-29,la serena,accidente,centro,17.0,baja,23,10.0,2024-10
2025-07-13,monte patria,robo,norte,16.0,baja,54,7.0,2025-07
2024-09-27,ovalle,accidente,norte,1.0,media,32,9.0,2024-09
2024-02-23,vicuna,robo,rural,14.0,baja,NaN,2.0,2024-02
2025-05-11,la serena,NaN,sur,NaN,alta,NaN,5.0,2025-05
2025-04-18,vicuna,hurto,NaN,1.0,baja,27,4.0,2025-04
2025-05-22,la serena,NaN,centro,7.0,baja,47,5.0,2025-05
2025-11-28,vicuna,hurto,sur,13.0,alta,69,11.0,2025-11
2024-05-10,vicuna,NaN,rural,2.0,baja,18,5.0,2024-05
2025-03-10,vicuna,robo,NaN,4.0,media,59,3.0,2025-03
2024-03-21,la serena,accidente,sur,10.0,baja,67,3.0,2024-03
2024-09-05,la serena,violencia,centro,1.0,alta,48,9.0,2024-09
2024-01-09,coquimbo,NaN,NaN,19.0,baja,NaN,1.0,2024-01
2025-04-05,illapel,fraude,norte,8.0,alta,NaN,4.0,2025-04
2025-03-10,vicuna,robo,NaN,NaN,baja,22,3.0,2025-03
2025-01-23,andacollo,hurto,centro,5.0,alta,23,1.0,2025-01
2025-09-22,coquimbo,NaN,sur,NaN,media,59,9.0,2025-09
2025-08-24,illapel,NaN,sur,4.0,alta,57,8.0,2025-08
2025-05-20,la serena,robo,centro,16.0,alta,28,5.0,2025-05
2024-01-16,ovalle,NaN,centro,0.0,baja,29,1.0,2024-01
2024-08-29,salamanca,robo,centro,13.0,baja,61,8.0,2024-08
NaN,la serena,violencia,sur,NaN,baja,47,NaN,NaN
2025-12-13,coquimbo,robo,norte,12.0,baja,38,12.0,2025-12
2024-09-23,illapel,accidente,sur,10.0,media,63,9.0,2024-09
NaN,vicuna,NaN,norte,NaN,alta,17,NaN,NaN
2025-05-27,coquimbo,NaN,norte,11.0,NaN,48,5.0,2025-05
2024-02-19,la serena,fraude,centro,3.0,alta,66,2.0,2024-02
2024-03-06,monte patria,fraude,sur,7.0,baja,NaN,3.0,2024-03
2025-02-24,coquimbo,violencia,norte,NaN,NaN,22,2.0,2025-02
2024-06-26,la serena,accidente,norte,4.0,baja,19,6.0,2024-06
2024-03-26,andacollo,hurto,sur,14.0,baja,24,3.0,2024-03
2024-07-23,salamanca,robo,centro,17.0,alta,62,7.0,2024-07
2024-11-19,coquimbo,robo,NaN,1.0,alta,67,11.0,2024-11
2024-05-03,la serena,violencia,norte,11.0,alta,54,5.0,2024-05
NaN,andacollo,accidente,NaN,19.0,alta,69,NaN,NaN
NaN,ovalle,robo,centro,6.0,baja,56,NaN,NaN
2024-09-07,illapel,accidente,norte,18.0,baja,33,9.0,2024-09
2024-05-15,monte patria,violencia,rural,NaN,media,38,5.0,2024-05
2024-03-10,vicuna,NaN,sur,18.0,alta,69,3.0,2024-03
NaN,coquimbo,robo,NaN,12.0,alta,40,NaN,NaN
2024-10-18,salamanca,NaN,norte,7.0,media,61,10.0,2024-10
2025-04-23,la serena,fraude,NaN,17.0,alta,47,4.0,2025-04
2024-03-22,coquimbo,violencia,centro,7.0,baja,NaN,3.0,2024-03
2025-06-26,la serena,violencia,norte,6.0,alta,65,6.0,2025-06
2025-07-13,la serena,robo,norte,9.0,alta,66,7.0,2025-07
2024-04-04,coquimbo,robo,rural,19.0,NaN,NaN,4.0,2024-04
2024-04-15,la serena,hurto,norte,13.0,baja,59,4.0,2024-04
2025-05-23,vicuna,NaN,centro,19.0,baja,20,5.0,2025-05
2024-03-08,vicuna,accidente,centro,5.0,NaN,37,3.0,2024-03
2025-09-08,coquimbo,violencia,centro,14.0,NaN,28,9.0,2025-09
2025-09-16,vicuna,robo,centro,NaN,baja,34,9.0,2025-09
2024-11-20,vicuna,accidente,norte,NaN,baja,NaN,11.0,2024-11
2025-06-23,coquimbo,robo,sur,7.0,baja,65,6.0,2025-06
2025-11-08,monte patria,robo,NaN,12.0,baja,42,11.0,2025-11
2024-04-25,la serena,fraude,centro,4.0,NaN,26,4.0,2024-04
NaN,salamanca,NaN,sur,13.0,baja,48,NaN,NaN
NaN,la serena,robo,sur,5.0,alta,32,NaN,NaN
2025-03-01,ovalle,robo,NaN,6.0,baja,NaN,3.0,2025-03
NaN,vicuna,NaN,norte,12.0,baja,16,NaN,NaN
2024-03-05,ovalle,robo,rural,12.0,alta,NaN,3.0,2024-03
2025-06-14,la serena,robo,rural,7.0,alta,18,6.0,2025-06
NaN,vicuna,fraude,rural,10.0,media,54,NaN,NaN
2025-09-16,andacollo,robo,centro,10.0,NaN,24,9.0,2025-09
2024-04-03,la serena,hurto,rural,15.0,NaN,36,4.0,2024-04
2025-11-20,ovalle,robo,rural,12.0,NaN,NaN,11.0,2025-11
2024-05-12,andacollo,robo,norte,4.0,NaN,58,5.0,2024-05
2025-01-04,vicuna,robo,centro,-3.0,NaN,21,1.0,2025-01
2025-05-23,la serena,hurto,NaN,8.0,baja,24,5.0,2025-05
NaN,coquimbo,violencia,norte,NaN,baja,62,NaN,NaN
NaN,la serena,robo,norte,16.0,alta,33,NaN,NaN
NaN,coquimbo,accidente,sur,15.0,alta,25,NaN,NaN
2024-09-01,vicuna,robo,centro,12.0,baja,68,9.0,2024-09
2025-12-28,ovalle,robo,NaN,NaN,media,51,12.0,2025-12
2024-09-13,coquimbo,robo,sur,15.0,alta,56,9.0,2024-09
NaN,la serena,fraude,rural,11.0,alta,21,NaN,NaN
2025-02-06,la serena,robo,centro,18.0,baja,50,2.0,2025-02
NaN,monte patria,fraude,norte,19.0,media,26,NaN,NaN
2025-07-04,coquimbo,hurto,norte,8.0,alta,57,7.0,2025-07
2024-05-08,illapel,accidente,centro,15.0,alta,53,5.0,2024-05
2025-02-03,ovalle,accidente,centro,8.0,alta,50,2.0,2025-02
2025-02-21,salamanca,violencia,norte,13.0,alta,50,2.0,2025-02
2024-05-13,la serena,fraude,sur,NaN,NaN,38,5.0,2024-05
2024-10-03,coquimbo,NaN,norte,13.0,media,25,10.0,2024-10
2025-05-05,la serena,violencia,sur,12.0,alta,67,5.0,2025-05
NaN,illapel,robo,centro,11.0,alta,56,NaN,NaN
2024-07-27,ovalle,accidente,sur,NaN,baja,51,7.0,2024-07
2024-01-09,coquimbo,NaN,NaN,1.0,alta,33,1.0,2024-01
NaN,coquimbo,fraude,rural,16.0,baja,66,NaN,NaN
2025-09-25,la serena,hurto,NaN,NaN,NaN,68,9.0,2025-09
2025-08-23,monte patria,violencia,rural,15.0,media,28,8.0,2025-08
2025-03-26,illapel,fraude,centro,12.0,alta,24,3.0,2025-03
2024-08-01,ovalle,fraude,centro,4.0,baja,37,8.0,2024-08
2025-05-14,vicuna,NaN,rural,6.0,alta,22,5.0,2025-05
2025-06-24,vicuna,accidente,sur,17.0,alta,36,6.0,2025-06
2025-12-01,illapel,hurto,rural,2.0,media,23,12.0,2025-12
2025-08-18,monte patria,NaN,sur,9.0,media,NaN,8.0,2025-08
2025-05-06,illapel,accidente,NaN,2.0,NaN,25,5.0,2025-05
2024-05-10,monte patria,hurto,centro,13.0,baja,44,5.0,2024-05
2024-07-24,salamanca,fraude,centro,6.0,baja,33,7.0,2024-07
NaN,vicuna,fraude,centro,16.0,NaN,50,NaN,NaN
2024-05-24,coquimbo,hurto,centro,3.0,alta,67,5.0,2024-05
2024-01-26,coquimbo,accidente,norte,4.0,media,58,1.0,2024-01
2024-05-18,coquimbo,NaN,norte,4.0,alta,27,5.0,2024-05
2025-01-08,vicuna,hurto,sur,10.0,media,69,1.0,2025-01
2025-11-28,illapel,fraude,NaN,NaN,alta,62,11.0,2025-11
2024-09-14,salamanca,accidente,norte,10.0,alta,57,9.0,2024-09
2025-01-19,vicuna,violencia,rural,5.0,NaN,NaN,1.0,2025-01
2025-11-05,monte patria,accidente,centro,18.0,NaN,60,11.0,2025-11
2024-05-03,vicuna,NaN,sur,8.0,alta,39,5.0,2024-05
2025-12-15,vicuna,NaN,centro,17.0,media,35,12.0,2025-12
2025-04-19,vicuna,robo,centro,10.0,alta,57,4.0,2025-04
2024-05-23,la serena,robo,norte,NaN,alta,27,5.0,2024-05
2025-11-17,salamanca,fraude,NaN,3.0,alta,18,11.0,2025-11
2025-04-15,la serena,fraude,NaN,9.0,alta,28,4.0,2025-04
2024-08-03,coquimbo,robo,norte,7.0,alta,31,8.0,2024-08
2025-07-12,la serena,NaN,rural,5.0,NaN,34,7.0,2025-07
NaN,la serena,fraude,NaN,4.0,media,61,NaN,NaN
NaN,illapel,accidente,centro,16.0,media,67,NaN,NaN
2025-05-16,monte patria,NaN,rural,15.0,NaN,45,5.0,2025-05
2025-12-28,illapel,hurto,rural,5.0,media,59,12.0,2025-12
2024-09-01,andacollo,accidente,sur,7.0,baja,38,9.0,2024-09
2024-12-20,la serena,accidente,centro,17.0,baja,20,12.0,2024-12
2025-05-02,andacollo,robo,NaN,13.0,NaN,60,5.0,2025-05
NaN,monte patria,hurto,centro,18.0,media,43,NaN,NaN
NaN,monte patria,NaN,centro,14.0,media,59,NaN,NaN
2024-04-27,la serena,robo,sur,10.0,NaN,67,4.0,2024-04
2024-08-06,coquimbo,violencia,norte,19.0,baja,61,8.0,2024-08
2025-07-06,la serena,robo,sur,8.0,NaN,22,7.0,2025-07
2025-11-24,monte patria,NaN,norte,11.0,baja,40,11.0,2025-11
2024-12-03,coquimbo,hurto,centro,19.0,alta,21,12.0,2024-12
2024-07-18,illapel,hurto,NaN,2.0,alta,41,7.0,2024-07
2024-04-05,ovalle,accidente,norte,1.0,NaN,60,4.0,2024-04
2025-06-24,vicuna,fraude,sur,4.0,NaN,57,6.0,2025-06
NaN,coquimbo,fraude,norte,7.0,alta,23,NaN,NaN
2024-04-23,andacollo,hurto,NaN,NaN,alta,15,4.0,2024-04
2024-12-02,andacollo,accidente,norte,6.0,NaN,60,12.0,2024-12
NaN,la serena,accidente,norte,8.0,baja,19,NaN,NaN
2024-10-11,ovalle,hurto,sur,9.0,baja,46,10.0,2024-10
2024-07-29,coquimbo,accidente,norte,18.0,alta,23,7.0,2024-07
2024-02-20,andacollo,NaN,norte,16.0,baja,43,2.0,2024-02
2025-04-18,vicuna,robo,centro,14.0,alta,53,4.0,2025-04
2025-09-04,ovalle,robo,NaN,-3.0,baja,50,9.0,2025-09
2025-07-12,vicuna,violencia,centro,5.0,alta,24,7.0,2025-07
2024-02-10,la serena,robo,norte,17.0,baja,40,2.0,2024-02
2025-12-31,la serena,robo,sur,1.0,alta,37,12.0,2025-12
NaN,vicuna,NaN,rural,14.0,alta,29,NaN,NaN
2025-01-07,vicuna,hurto,norte,6.0,baja,36,1.0,2025-01
2024-12-20,vicuna,robo,rural,18.0,media,54,12.0,2024-12
2024-11-23,vicuna,NaN,norte,18.0,alta,43,11.0,2024-11
2024-04-09,ovalle,fraude,NaN,NaN,alta,45,4.0,2024-04
2025-05-18,salamanca,robo,NaN,19.0,alta,29,5.0,2025-05
2024-04-30,monte patria,NaN,norte,7.0,baja,46,4.0,2024-04
2025-05-07,coquimbo,NaN,centro,18.0,baja,32,5.0,2025-05
2024-03-25,salamanca,robo,NaN,4.0,baja,50,3.0,2024-03
NaN,monte patria,robo,rural,16.0,alta,64,NaN,NaN
2025-07-12,vicuna,hurto,norte,19.0,NaN,19,7.0,2025-07
2024-07-27,la serena,accidente,centro,10.0,alta,34,7.0,2024-07
2025-02-21,la serena,NaN,centro,3.0,NaN,17,2.0,2025-02
2024-03-06,ovalle,robo,sur,11.0,NaN,51,3.0,2024-03
2025-04-17,illapel,robo,norte,9.0,NaN,43,4.0,2025-04
NaN,la serena,robo,NaN,3.0,alta,60,NaN,NaN
NaN,monte patria,robo,sur,5.0,NaN,46,NaN,NaN
2025-05-09,la serena,robo,norte,17.0,alta,64,5.0,2025-05
2025-02-22,vicuna,accidente,norte,13.0,baja,50,2.0,2025-02
2024-09-22,illapel,violencia,sur,10.0,baja,23,9.0,2024-09
2024-09-11,la serena,accidente,rural,13.0,alta,62,9.0,2024-09
2024-11-03,monte patria,robo,centro,7.0,baja,56,11.0,2024-11
2025-06-10,la serena,robo,norte,7.0,NaN,66,6.0,2025-06
2024-07-30,monte patria,NaN,norte,8.0,NaN,47,7.0,2024-07
2025-04-08,monte patria,hurto,centro,19.0,media,43,4.0,2025-04
2025-12-20,vicuna,hurto,NaN,17.0,media,14,12.0,2025-12
2024-07-29,la serena,accidente,rural,5.0,media,61,7.0,2024-07
2025-07-05,salamanca,robo,NaN,15.0,media,69,7.0,2025-07
2024-02-29,la serena,NaN,NaN,NaN,alta,40,2.0,2024-02
2024-10-25,vicuna,NaN,NaN,16.0,baja,69,10.0,2024-10
NaN,monte patria,robo,NaN,1.0,media,19,NaN,NaN
NaN,salamanca,robo,sur,1.0,alta,NaN,NaN,NaN
NaN,salamanca,accidente,norte,2.0,baja,65,NaN,NaN
2024-10-22,ovalle,robo,centro,14.0,alta,NaN,10.0,2024-10
2024-12-04,salamanca,NaN,rural,5.0,baja,18,12.0,2024-12
2024-04-14,illapel,robo,centro,1.0,baja,28,4.0,2024-04
2025-01-16,coquimbo,NaN,NaN,2.0,media,51,1.0,2025-01
NaN,ovalle,hurto,centro,17.0,baja,19,NaN,NaN
2025-03-26,salamanca,robo,centro,9.0,media,34,3.0,2025-03
2024-05-25,la serena,accidente,centro,1.0,NaN,69,5.0,2024-05
2024-03-30,illapel,hurto,centro,15.0,alta,14,3.0,2024-03
2024-04-06,la serena,hurto,NaN,6.0,baja,51,4.0,2024-04
2024-04-10,coquimbo,robo,centro,8.0,NaN,44,4.0,2024-04
2025-08-06,la serena,NaN,norte,13.0,media,55,8.0,2025-08
2024-06-03,la serena,fraude,NaN,12.0,alta,22,6.0,2024-06
2025-06-20,vicuna,robo,centro,12.0,baja,14,6.0,2025-06
2024-01-17,coquimbo,accidente,rural,9.0,alta,33,1.0,2024-01
NaN,coquimbo,accidente,norte,10.0,alta,53,NaN,NaN
2025-02-03,coquimbo,violencia,centro,12.0,media,63,2.0,2025-02
2025-04-16,coquimbo,NaN,centro,19.0,NaN,29,4.0,2025-04
2024-07-22,illapel,fraude,sur,10.0,alta,NaN,7.0,2024-07
NaN,vicuna,NaN,rural,NaN,alta,15,NaN,NaN
2024-07-13,la serena,NaN,norte,11.0,alta,45,7.0,2024-07
2024-06-27,coquimbo,accidente,centro,10.0,NaN,27,6.0,2024-06
2025-12-14,la serena,robo,norte,1.0,NaN,15,12.0,2025-12
2024-05-21,monte patria,violencia,centro,2.0,alta,67,5.0,2024-05
2024-10-17,vicuna,NaN,rural,6.0,NaN,66,10.0,2024-10
2025-05-16,vicuna,hurto,rural,17.0,alta,47,5.0,2025-05
2025-09-01,ovalle,violencia,norte,14.0,NaN,21,9.0,2025-09
NaN,la serena,hurto,NaN,14.0,baja,26,NaN,NaN
2025-09-21,vicuna,hurto,centro,10.0,alta,49,9.0,2025-09
2024-12-11,salamanca,violencia,centro,7.0,baja,54,12.0,2024-12
2024-09-16,la serena,fraude,rural,1.0,baja,58,9.0,2024-09
2025-01-06,monte patria,robo,norte,3.0,media,18,1.0,2025-01
2025-09-21,monte patria,robo,centro,17.0,alta,59,9.0,2025-09
2025-02-15,ovalle,robo,norte,3.0,NaN,60,2.0,2025-02
2025-11-24,illapel,robo,sur,11.0,NaN,39,11.0,2025-11
NaN,andacollo,hurto,centro,3.0,alta,40,NaN,NaN
2025-08-08,salamanca,NaN,NaN,15.0,baja,NaN,8.0,2025-08
2025-07-29,coquimbo,accidente,norte,12.0,NaN,15,7.0,2025-07
2024-10-30,coquimbo,violencia,norte,17.0,alta,NaN,10.0,2024-10
2024-06-19,ovalle,accidente,sur,19.0,NaN,49,6.0,2024-06
NaN,illapel,NaN,rural,NaN,media,33,NaN,NaN
2024-07-19,coquimbo,hurto,NaN,4.0,NaN,36,7.0,2024-07
2025-01-21,vicuna,fraude,norte,4.0,NaN,60,1.0,2025-01
2024-09-19,illapel,accidente,rural,7.0,baja,22,9.0,2024-09
2025-11-27,andacollo,accidente,norte,7.0,alta,34,11.0,2025-11
2024-08-11,salamanca,fraude,rural,16.0,baja,49,8.0,2024-08
2025-03-07,coquimbo,hurto,norte,13.0,NaN,14,3.0,2025-03
2025-09-19,monte patria,NaN,centro,13.0,baja,24,9.0,2025-09
2025-01-28,la serena,hurto,norte,17.0,baja,55,1.0,2025-01
2024-01-28,vicuna,robo,sur,1.0,media,NaN,1.0,2024-01
2025-03-23,salamanca,robo,NaN,19.0,alta,38,3.0,2025-03
2024-10-01,salamanca,NaN,rural,NaN,alta,17,10.0,2024-10
NaN,monte patria,NaN,centro,13.0,alta,69,NaN,NaN
2025-07-06,la serena,robo,norte,14.0,alta,14,7.0,2025-07
2024-12-11,andacollo,NaN,centro,1.0,media,23,12.0,2024-12
2024-05-23,illapel,violencia,norte,18.0,baja,57,5.0,2024-05
2024-02-11,salamanca,fraude,rural,7.0,NaN,69,2.0,2024-02
2024-11-15,coquimbo,robo,centro,17.0,alta,60,11.0,2024-11
NaN,la serena,hurto,NaN,17.0,alta,20,NaN,NaN
2024-03-12,vicuna,fraude,sur,2.0,baja,65,3.0,2024-03
2024-05-10,vicuna,hurto,norte,NaN,alta,18,5.0,2024-05
2025-04-07,coquimbo,accidente,norte,5.0,baja,55,4.0,2025-04
2024-05-15,andacollo,robo,NaN,1.0,baja,58,5.0,2024-05
2025-01-27,coquimbo,fraude,rural,2.0,NaN,44,1.0,2025-01
2024-03-16,ovalle,robo,sur,-3.0,baja,59,3.0,2024-03
2025-11-28,illapel,fraude,rural,18.0,NaN,67,11.0,2025-11
NaN,coquimbo,accidente,norte,2.0,alta,67,NaN,NaN
2024-12-26,coquimbo,NaN,centro,18.0,alta,19,12.0,2024-12
2024-03-17,coquimbo,NaN,norte,11.0,NaN,NaN,3.0,2024-03
2024-11-18,salamanca,accidente,norte,NaN,alta,14,11.0,2024-11
2024-12-20,andacollo,robo,NaN,17.0,baja,46,12.0,2024-12
NaN,coquimbo,fraude,NaN,18.0,NaN,22,NaN,NaN
2024-09-27,vicuna,hurto,NaN,NaN,baja,53,9.0,2024-09
2025-03-05,la serena,violencia,NaN,NaN,NaN,29,3.0,2025-03
2024-05-27,vicuna,NaN,sur,9.0,baja,37,5.0,2024-05
2025-07-26,coquimbo,NaN,sur,2.0,baja,42,7.0,2025-07
2025-02-22,ovalle,accidente,rural,13.0,NaN,34,2.0,2025-02
NaN,la serena,hurto,NaN,16.0,NaN,14,NaN,NaN
NaN,vicuna,accidente,centro,4.0,baja,25,NaN,NaN
2025-02-11,andacollo,hurto,norte,10.0,media,28,2.0,2025-02
NaN,andacollo,NaN,norte,NaN,NaN,65,NaN,NaN
NaN,la serena,robo,norte,2.0,NaN,51,NaN,NaN
NaN,ovalle,NaN,rural,5.0,baja,NaN,NaN,NaN
2025-04-20,la serena,violencia,centro,5.0,baja,36,4.0,2025-04
2024-01-11,la serena,robo,sur,7.0,alta,35,1.0,2024-01
2024-05-16,la serena,NaN,rural,NaN,alta,42,5.0,2024-05
2025-09-08,andacollo,hurto,sur,17.0,media,46,9.0,2025-09
2025-08-15,illapel,accidente,sur,15.0,alta,15,8.0,2025-08
2025-01-08,monte patria,fraude,rural,14.0,NaN,46,1.0,2025-01
2024-08-30,vicuna,violencia,centro,4.0,media,68,8.0,2024-08
2025-01-31,coquimbo,hurto,norte,17.0,baja,24,1.0,2025-01
2025-01-03,coquimbo,robo,norte,4.0,NaN,51,1.0,2025-01
2024-05-09,la serena,accidente,centro,7.0,alta,62,5.0,2024-05
NaN,illapel,violencia,sur,9.0,media,33,NaN,NaN
NaN,coquimbo,NaN,sur,5.0,baja,17,NaN,NaN
NaN,salamanca,violencia,centro,10.0,NaN,48,NaN,NaN
2024-02-06,la serena,fraude,NaN,17.0,NaN,22,2.0,2024-02
NaN,monte patria,hurto,norte,11.0,media,NaN,NaN,NaN
2024-05-03,coquimbo,hurto,centro,6.0,alta,54,5.0,2024-05
2025-12-20,salamanca,fraude,norte,19.0,alta,56,12.0,2025-12
2024-03-05,monte patria,fraude,centro,11.0,media,NaN,3.0,2024-03
NaN,ovalle,hurto,centro,19.0,alta,57,NaN,NaN
2024-10-13,andacollo,NaN,rural,2.0,baja,20,10.0,2024-10
2025-06-07,ovalle,accidente,sur,8.0,baja,66,6.0,2025-06
NaN,coquimbo,robo,norte,13.0,baja,20,NaN,NaN
2025-11-12,salamanca,fraude,norte,NaN,NaN,34,11.0,2025-11
2025-03-05,coquimbo,NaN,norte,7.0,NaN,50,3.0,2025-03
2024-10-11,la serena,hurto,sur,14.0,NaN,37,10.0,2024-10
NaN,monte patria,hurto,rural,18.0,baja,15,NaN,NaN
NaN,salamanca,NaN,norte,18.0,alta,62,NaN,NaN
2024-07-29,ovalle,violencia,centro,NaN,NaN,66,7.0,2024-07
2024-10-18,monte patria,hurto,norte,3.0,alta,63,10.0,2024-10
2025-03-09,monte patria,NaN,sur,19.0,baja,17,3.0,2025-03
NaN,ovalle,violencia,centro,18.0,baja,69,NaN,NaN
2025-02-26,salamanca,NaN,sur,10.0,media,NaN,2.0,2025-02
2025-10-24,andacollo,fraude,norte,12.0,NaN,18,10.0,2025-10
NaN,la serena,NaN,NaN,1.0,NaN,62,NaN,NaN
2024-12-10,monte patria,violencia,norte,2.0,alta,50,12.0,2024-12
2024-08-28,salamanca,accidente,NaN,14.0,baja,50,8.0,2024-08
2025-04-29,la serena,robo,norte,9.0,baja,19,4.0,2025-04
NaN,la serena,NaN,NaN,7.0,baja,17,NaN,NaN
2025-10-05,coquimbo,violencia,sur,5.0,media,5,10.0,2025-10
2025-08-12,andacollo,robo,centro,16.0,baja,24,8.0,2025-08
NaN,ovalle,accidente,rural,9.0,baja,69,NaN,NaN
NaN,la serena,hurto,norte,6.0,media,16,NaN,NaN
2025-11-07,vicuna,robo,norte,12.0,alta,68,11.0,2025-11
2025-09-14,coquimbo,fraude,NaN,15.0,baja,58,9.0,2025-09
2024-01-25,ovalle,accidente,sur,8.0,baja,33,1.0,2024-01
2025-04-13,ovalle,NaN,rural,7.0,baja,63,4.0,2025-04
2025-05-06,coquimbo,violencia,norte,11.0,alta,21,5.0,2025-05
2025-02-08,coquimbo,accidente,norte,13.0,alta,63,2.0,2025-02
2025-08-28,la serena,robo,norte,8.0,baja,15,8.0,2025-08
NaN,monte patria,accidente,norte,5.0,media,40,NaN,NaN
2025-02-11,ovalle,NaN,norte,3.0,baja,45,2.0,2025-02
NaN,la serena,robo,NaN,9.0,baja,63,NaN,NaN
2024-09-09,vicuna,accidente,rural,3.0,alta,29,9.0,2024-09
NaN,la serena,accidente,sur,NaN,alta,37,NaN,NaN
2024-03-18,ovalle,NaN,rural,5.0,media,69,3.0,2024-03
2025-05-06,coquimbo,NaN,NaN,16.0,baja,18,5.0,2025-05
2024-12-17,coquimbo,violencia,NaN,7.0,alta,NaN,12.0,2024-12
2024-07-19,vicuna,hurto,NaN,4.0,alta,55,7.0,2024-07
2025-04-04,monte patria,robo,sur,9.0,baja,31,4.0,2025-04
2024-04-03,coquimbo,NaN,centro,9.0,baja,53,4.0,2024-04
2025-03-03,illapel,robo,centro,15.0,baja,50,3.0,2025-03
NaN,la serena,robo,norte,NaN,media,21,NaN,NaN
2024-11-12,vicuna,violencia,centro,NaN,alta,NaN,11.0,2024-11
2025-11-05,la serena,robo,sur,10.0,alta,62,11.0,2025-11
2024-05-24,andacollo,NaN,NaN,NaN,baja,39,5.0,2024-05
2024-09-09,coquimbo,robo,norte,17.0,baja,NaN,9.0,2024-09
2024-05-09,ovalle,violencia,centro,13.0,baja,26,5.0,2024-05
2025-12-09,monte patria,violencia,norte,4.0,alta,36,12.0,2025-12
2024-07-13,illapel,NaN,norte,5.0,alta,44,7.0,2024-07
2025-09-28,vicuna,violencia,centro,6.0,NaN,NaN,9.0,2025-09
2025-11-22,vicuna,fraude,norte,5.0,NaN,50,11.0,2025-11
2024-06-10,la serena,hurto,rural,13.0,alta,33,6.0,2024-06
2024-06-23,vicuna,violencia,rural,2.0,alta,15,6.0,2024-06
NaN,ovalle,robo,centro,13.0,baja,28,NaN,NaN
NaN,vicuna,NaN,centro,14.0,NaN,24,NaN,NaN
2025-06-04,salamanca,fraude,rural,3.0,media,56,6.0,2025-06
2024-10-16,vicuna,hurto,norte,14.0,baja,57,10.0,2024-10
2024-02-13,la serena,robo,sur,15.0,alta,61,2.0,2024-02
2024-08-18,coquimbo,robo,centro,4.0,baja,69,8.0,2024-08
2025-11-20,monte patria,NaN,norte,14.0,NaN,61,11.0,2025-11
2025-02-18,ovalle,fraude,norte,4.0,alta,NaN,2.0,2025-02
2024-05-16,salamanca,NaN,centro,NaN,NaN,44,5.0,2024-05
2025-05-15,coquimbo,robo,sur,11.0,baja,41,5.0,2025-05
2025-11-12,andacollo,fraude,rural,14.0,baja,15,11.0,2025-11
2024-02-14,coquimbo,robo,centro,NaN,baja,62,2.0,2024-02
2024-01-31,andacollo,hurto,NaN,14.0,media,41,1.0,2024-01
2025-06-09,illapel,NaN,rural,8.0,media,37,6.0,2025-06
2025-01-17,vicuna,robo,rural,1.0,baja,47,1.0,2025-01
2024-06-26,coquimbo,NaN,norte,10.0,alta,66,6.0,2024-06
2025-12-13,ovalle,NaN,norte,19.0,baja,39,12.0,2025-12
2025-11-10,salamanca,fraude,centro,12.0,baja,NaN,11.0,2025-11
2024-09-02,andacollo,robo,centro,13.0,alta,27,9.0,2024-09
2024-06-24,coquimbo,violencia,norte,14.0,alta,21,6.0,2024-06
2025-11-06,salamanca,fraude,NaN,5.0,NaN,53,11.0,2025-11
2025-08-28,monte patria,violencia,centro,2.0,alta,56,8.0,2025-08
2025-12-20,monte patria,NaN,rural,7.0,baja,NaN,12.0,2025-12
2025-05-31,coquimbo,robo,norte,5.0,media,57,5.0,2025-05
2025-08-06,andacollo,violencia,norte,13.0,NaN,14,8.0,2025-08
2025-01-07,monte patria,accidente,centro,6.0,NaN,36,1.0,2025-01
2025-03-14,la serena,hurto,centro,5.0,baja,31,3.0,2025-03
2025-12-04,ovalle,accidente,rural,4.0,media,48,12.0,2025-12
NaN,coquimbo,NaN,NaN,7.0,media,20,NaN,NaN
2024-08-20,ovalle,NaN,norte,13.0,baja,16,8.0,2024-08
2025-09-10,coquimbo,robo,rural,10.0,media,43,9.0,2025-09
2025-06-19,la serena,robo,rural,9.0,alta,26,6.0,2025-06
2024-08-12,illapel,hurto,norte,15.0,media,26,8.0,2024-08
2025-09-09,ovalle,NaN,norte,5.0,NaN,67,9.0,2025-09
2024-05-21,salamanca,violencia,centro,4.0,alta,NaN,5.0,2024-05
2025-03-23,la serena,fraude,norte,NaN,alta,35,3.0,2025-03
2024-12-07,coquimbo,accidente,norte,14.0,alta,51,12.0,2024-12
2025-01-14,vicuna,robo,rural,5.0,baja,25,1.0,2025-01
2024-12-03,la serena,accidente,centro,NaN,alta,17,12.0,2024-12
2025-07-11,salamanca,hurto,centro,19.0,baja,48,7.0,2025-07
NaN,coquimbo,violencia,norte,9.0,NaN,63,NaN,NaN
NaN,ovalle,hurto,NaN,1.0,NaN,19,NaN,NaN
2025-01-22,salamanca,robo,NaN,16.0,alta,52,1.0,2025-01
NaN,coquimbo,violencia,norte,NaN,baja,NaN,NaN,NaN
2025-09-05,ovalle,fraude,sur,14.0,alta,34,9.0,2025-09
2025-04-01,illapel,NaN,sur,NaN,NaN,47,4.0,2025-04
NaN,monte patria,fraude,norte,10.0,NaN,69,NaN,NaN
2024-07-09,coquimbo,robo,NaN,7.0,alta,NaN,7.0,2024-07
NaN,ovalle,NaN,NaN,19.0,alta,66,NaN,NaN
2025-02-06,salamanca,NaN,centro,12.0,baja,66,2.0,2025-02
2024-11-22,la serena,fraude,norte,1.0,baja,36,11.0,2024-11
NaN,andacollo,accidente,centro,18.0,baja,59,NaN,NaN
2024-01-04,la serena,accidente,NaN,3.0,baja,36,1.0,2024-01
2025-06-27,monte patria,hurto,centro,9.0,alta,46,6.0,2025-06
2025-04-29,vicuna,accidente,rural,12.0,baja,64,4.0,2025-04
2025-11-18,la serena,NaN,NaN,NaN,baja,32,11.0,2025-11
2025-12-18,andacollo,violencia,norte,NaN,alta,67,12.0,2025-12
2024-01-18,la serena,accidente,NaN,13.0,NaN,NaN,1.0,2024-01
2024-01-26,vicuna,robo,rural,9.0,NaN,58,1.0,2024-01
2025-04-06,monte patria,robo,norte,8.0,baja,56,4.0,2025-04
NaN,illapel,robo,NaN,17.0,baja,35,NaN,NaN
2024-09-12,coquimbo,NaN,sur,1.0,baja,19,9.0,2024-09
2025-10-01,ovalle,robo,NaN,4.0,baja,36,10.0,2025-10
2025-04-26,monte patria,robo,rural,19.0,alta,62,4.0,2025-04
2025-08-04,andacollo,NaN,rural,7.0,alta,52,8.0,2025-08
NaN,salamanca,violencia,centro,9.0,baja,19,NaN,NaN
2025-07-13,coquimbo,NaN,NaN,11.0,media,40,7.0,2025-07
2024-10-30,la serena,fraude,sur,13.0,baja,38,10.0,2024-10
2025-01-11,andacollo,accidente,sur,NaN,baja,NaN,1.0,2025-01
2025-03-05,vicuna,fraude,centro,7.0,alta,28,3.0,2025-03
2024-03-09,coquimbo,accidente,rural,NaN,NaN,26,3.0,2024-03
NaN,monte patria,hurto,sur,3.0,baja,21,NaN,NaN
2024-02-16,monte patria,fraude,norte,7.0,baja,20,2.0,2024-02
2025-01-27,salamanca,NaN,rural,4.0,media,18,1.0,2025-01
2025-11-01,vicuna,fraude,NaN,2.0,alta,63,11.0,2025-11
2024-11-27,illapel,violencia,norte,1.0,alta,43,11.0,2024-11
NaN,la serena,hurto,norte,7.0,baja,21,NaN,NaN
2024-03-21,andacollo,robo,rural,15.0,baja,44,3.0,2024-03
2025-07-29,illapel,NaN,norte,14.0,NaN,31,7.0,2025-07
2024-11-19,la serena,violencia,sur,5.0,alta,21,11.0,2024-11
2024-10-08,monte patria,accidente,NaN,9.0,NaN,42,10.0,2024-10
2024-10-25,coquimbo,robo,norte,9.0,alta,47,10.0,2024-10
NaN,vicuna,accidente,norte,6.0,alta,29,NaN,NaN
2024-11-19,andacollo,hurto,norte,5.0,baja,68,11.0,2024-11
2024-10-20,la serena,accidente,centro,500.0,alta,16,10.0,2024-10
2024-03-19,salamanca,fraude,rural,6.0,NaN,31,3.0,2024-03
2024-04-25,coquimbo,robo,centro,8.0,alta,65,4.0,2024-04
2024-11-10,la serena,violencia,sur,NaN,alta,23,11.0,2024-11
2025-01-03,coquimbo,hurto,sur,6.0,baja,NaN,1.0,2025-01
2024-07-26,monte patria,NaN,norte,15.0,baja,38,7.0,2024-07
2024-02-16,vicuna,accidente,NaN,19.0,baja,65,2.0,2024-02
2024-06-19,la serena,robo,centro,16.0,alta,27,6.0,2024-06
NaN,monte patria,robo,sur,2.0,baja,49,NaN,NaN
NaN,coquimbo,violencia,norte,NaN,baja,27,NaN,NaN
2024-02-04,la serena,violencia,norte,1.0,baja,21,2.0,2024-02
2025-02-18,monte patria,violencia,sur,18.0,NaN,36,2.0,2025-02
2024-08-06,monte patria,violencia,norte,2.0,alta,29,8.0,2024-08
2024-10-01,andacollo,NaN,sur,6.0,baja,46,10.0,2024-10
2025-04-08,andacollo,violencia,sur,3.0,baja,50,4.0,2025-04
2025-12-30,coquimbo,NaN,NaN,12.0,baja,NaN,12.0,2025-12
2024-09-12,salamanca,robo,norte,2.0,media,51,9.0,2024-09
2025-02-24,salamanca,accidente,NaN,18.0,NaN,16,2.0,2025-02
2024-02-26,coquimbo,accidente,NaN,5.0,alta,37,2.0,2024-02
2024-11-04,ovalle,robo,centro,NaN,alta,29,11.0,2024-11
2025-08-19,andacollo,robo,centro,10.0,NaN,63,8.0,2025-08
2024-01-21,salamanca,NaN,centro,500.0,baja,39,1.0,2024-01
2024-01-05,illapel,NaN,sur,16.0,alta,64,1.0,2024-01
2024-08-21,salamanca,fraude,norte,5.0,media,18,8.0,2024-08
2025-03-13,la serena,fraude,NaN,18.0,baja,16,3.0,2025-03
2024-07-03,monte patria,NaN,norte,NaN,alta,46,7.0,2024-07
2025-09-08,la serena,accidente,sur,12.0,baja,68,9.0,2025-09
2024-07-06,monte patria,accidente,rural,7.0,alta,23,7.0,2024-07
2024-02-10,monte patria,accidente,centro,NaN,alta,55,2.0,2024-02
2024-11-24,coquimbo,accidente,NaN,6.0,alta,19,11.0,2024-11
2024-02-19,vicuna,robo,centro,11.0,NaN,21,2.0,2024-02
2025-11-01,salamanca,fraude,centro,2.0,media,45,11.0,2025-11
NaN,ovalle,fraude,centro,9.0,NaN,36,NaN,NaN
2024-07-19,coquimbo,fraude,centro,15.0,alta,25,7.0,2024-07
2025-03-01,vicuna,NaN,centro,9.0,alta,14,3.0,2025-03
2025-07-31,vicuna,violencia,NaN,NaN,baja,60,7.0,2025-07
2024-01-22,coquimbo,fraude,rural,11.0,baja,44,1.0,2024-01
2025-09-16,coquimbo,hurto,centro,0.0,NaN,62,9.0,2025-09
2024-06-11,ovalle,fraude,NaN,16.0,baja,60,6.0,2024-06
2025-10-13,illapel,robo,centro,NaN,baja,34,10.0,2025-10
2025-06-18,coquimbo,fraude,rural,1.0,alta,NaN,6.0,2025-06
2025-01-21,andacollo,violencia,rural,4.0,NaN,66,1.0,2025-01
2024-04-30,la serena,violencia,norte,14.0,alta,24,4.0,2024-04
NaN,illapel,violencia,centro,12.0,NaN,29,NaN,NaN
2024-09-27,monte patria,robo,NaN,4.0,alta,68,9.0,2024-09
2025-11-04,la serena,NaN,rural,11.0,alta,44,11.0,2025-11
2024-01-22,ovalle,NaN,norte,15.0,baja,34,1.0,2024-01
2025-09-26,coquimbo,NaN,norte,16.0,NaN,34,9.0,2025-09
2024-11-07,coquimbo,violencia,rural,13.0,alta,38,11.0,2024-11
2025-12-04,andacollo,fraude,NaN,7.0,media,49,12.0,2025-12
2025-08-21,la serena,robo,centro,NaN,baja,NaN,8.0,2025-08
NaN,coquimbo,hurto,centro,5.0,NaN,20,NaN,NaN
2024-11-20,monte patria,accidente,sur,6.0,alta,32,11.0,2024-11
2024-03-28,andacollo,robo,norte,16.0,alta,41,3.0,2024-03
2025-07-08,la serena,accidente,NaN,15.0,NaN,33,7.0,2025-07
2025-05-05,coquimbo,NaN,norte,3.0,baja,68,5.0,2025-05
2025-01-14,vicuna,accidente,NaN,11.0,baja,39,1.0,2025-01
2025-05-06,ovalle,robo,centro,16.0,NaN,17,5.0,2025-05
2025-04-27,coquimbo,violencia,centro,8.0,baja,43,4.0,2025-04
2024-12-09,coquimbo,fraude,norte,2.0,alta,42,12.0,2024-12
2025-05-22,illapel,accidente,norte,19.0,alta,43,5.0,2025-05
2024-10-13,la serena,robo,NaN,10.0,baja,15,10.0,2024-10
NaN,ovalle,violencia,centro,11.0,baja,52,NaN,NaN
NaN,illapel,accidente,sur,4.0,baja,NaN,NaN,NaN
2024-07-11,vicuna,violencia,norte,4.0,alta,29,7.0,2024-07
NaN,andacollo,NaN,sur,1.0,NaN,69,NaN,NaN
2025-08-03,andacollo,robo,norte,18.0,alta,21,8.0,2025-08
2024-04-29,la serena,violencia,rural,15.0,media,24,4.0,2024-04
2024-01-28,monte patria,accidente,sur,8.0,baja,36,1.0,2024-01
2025-05-08,salamanca,NaN,norte,6.0,alta,57,5.0,2025-05
2025-12-16,ovalle,NaN,sur,13.0,NaN,19,12.0,2025-12
2024-08-04,la serena,hurto,rural,2.0,NaN,21,8.0,2024-08
2024-08-19,monte patria,robo,norte,14.0,baja,41,8.0,2024-08
2025-10-26,ovalle,robo,norte,4.0,alta,56,10.0,2025-10
2025-08-22,coquimbo,hurto,rural,16.0,baja,22,8.0,2025-08
2025-01-31,monte patria,robo,norte,6.0,media,50,1.0,2025-01
2025-09-18,la serena,fraude,norte,15.0,NaN,46,9.0,2025-09
NaN,monte patria,accidente,rural,18.0,media,65,NaN,NaN
2025-09-01,coquimbo,violencia,NaN,10.0,alta,50,9.0,2025-09
2025-01-26,la serena,robo,sur,16.0,alta,34,1.0,2025-01
2024-05-31,coquimbo,NaN,norte,4.0,media,39,5.0,2024-05
2025-08-30,illapel,accidente,centro,10.0,media,18,8.0,2025-08
2024-08-01,vicuna,robo,norte,3.0,NaN,57,8.0,2024-08
2024-02-18,coquimbo,accidente,rural,17.0,baja,60,2.0,2024-02
2025-12-24,andacollo,robo,norte,5.0,alta,19,12.0,2025-12
2025-04-16,coquimbo,robo,sur,18.0,alta,50,4.0,2025-04
2025-05-05,andacollo,hurto,norte,18.0,baja,40,5.0,2025-05
2025-08-12,salamanca,hurto,rural,14.0,media,25,8.0,2025-08
2025-09-28,vicuna,robo,centro,12.0,alta,48,9.0,2025-09
2024-05-29,coquimbo,hurto,rural,2.0,baja,60,5.0,2024-05
2025-03-28,vicuna,hurto,rural,10.0,alta,23,3.0,2025-03
2025-11-16,illapel,fraude,centro,1.0,NaN,33,11.0,2025-11
2025-05-02,coquimbo,NaN,sur,6.0,baja,61,5.0,2025-05
2024-02-13,la serena,accidente,centro,18.0,alta,69,2.0,2024-02
2025-05-07,monte patria,NaN,centro,11.0,alta,24,5.0,2025-05
NaN,andacollo,robo,NaN,16.0,baja,15,NaN,NaN
2025-11-19,vicuna,hurto,centro,1.0,baja,33,11.0,2025-11
2024-06-29,vicuna,fraude,NaN,13.0,media,52,6.0,2024-06
2025-03-02,coquimbo,NaN,NaN,17.0,alta,36,3.0,2025-03
2025-02-17,vicuna,fraude,NaN,12.0,NaN,14,2.0,2025-02
NaN,ovalle,accidente,norte,8.0,baja,NaN,NaN,NaN
2025-10-11,illapel,violencia,centro,19.0,baja,51,10.0,2025-10
2025-05-27,coquimbo,robo,norte,2.0,baja,44,5.0,2025-05
2024-09-09,la serena,fraude,rural,10.0,media,19,9.0,2024-09
2025-08-12,andacollo,hurto,norte,11.0,baja,47,8.0,2025-08
2024-07-26,coquimbo,robo,centro,19.0,baja,17,7.0,2024-07
2025-01-12,la serena,robo,norte,4.0,media,25,1.0,2025-01
2025-08-07,la serena,accidente,NaN,3.0,media,68,8.0,2025-08
2025-08-22,ovalle,violencia,centro,1.0,media,66,8.0,2025-08
NaN,salamanca,robo,centro,1.0,alta,16,NaN,NaN
2025-03-25,vicuna,robo,centro,5.0,NaN,35,3.0,2025-03
2024-02-20,vicuna,fraude,NaN,6.0,NaN,65,2.0,2024-02
2025-03-18,coquimbo,NaN,rural,3.0,baja,52,3.0,2025-03
2025-01-02,la serena,accidente,rural,NaN,alta,65,1.0,2025-01
2025-10-10,la serena,accidente,norte,NaN,alta,NaN,10.0,2025-10
NaN,coquimbo,NaN,centro,16.0,NaN,51,NaN,NaN
2025-08-03,la serena,robo,rural,19.0,alta,16,8.0,2025-08
2025-12-10,coquimbo,robo,sur,13.0,baja,45,12.0,2025-12
2025-12-16,salamanca,robo,sur,NaN,baja,20,12.0,2025-12
NaN,andacollo,robo,sur,2.0,baja,25,NaN,NaN
2024-09-30,coquimbo,robo,norte,14.0,alta,66,9.0,2024-09
2025-12-10,ovalle,NaN,centro,5.0,alta,16,12.0,2025-12
NaN,ovalle,violencia,centro,18.0,media,52,NaN,NaN
NaN,la serena,hurto,norte,12.0,alta,NaN,NaN,NaN
2024-01-02,la serena,hurto,norte,8.0,NaN,NaN,1.0,2024-01
2025-06-13,illapel,robo,norte,13.0,media,65,6.0,2025-06
2025-03-11,vicuna,accidente,rural,7.0,media,37,3.0,2025-03
2025-05-23,monte patria,accidente,rural,2.0,alta,40,5.0,2025-05
2024-12-08,monte patria,fraude,norte,15.0,media,17,12.0,2024-12
2025-04-28,la serena,hurto,norte,17.0,baja,63,4.0,2025-04
2025-11-16,ovalle,violencia,norte,1.0,alta,15,11.0,2025-11
2024-06-14,ovalle,accidente,centro,6.0,baja,39,6.0,2024-06
NaN,coquimbo,hurto,norte,14.0,baja,41,NaN,NaN
2025-05-30,ovalle,fraude,centro,7.0,baja,35,5.0,2025-05
2024-06-10,la serena,fraude,centro,9.0,baja,14,6.0,2024-06
2025-05-22,la serena,violencia,norte,3.0,NaN,68,5.0,2025-05
2025-06-22,monte patria,accidente,centro,5.0,media,26,6.0,2025-06
2024-01-16,vicuna,robo,NaN,17.0,alta,21,1.0,2024-01
2024-01-10,ovalle,fraude,centro,-3.0,baja,42,1.0,2024-01
2025-07-27,salamanca,robo,sur,8.0,alta,65,7.0,2025-07
2024-12-12,la serena,robo,NaN,NaN,media,42,12.0,2024-12
2025-02-28,vicuna,accidente,NaN,1.0,alta,59,2.0,2025-02
NaN,la serena,robo,sur,19.0,baja,59,NaN,NaN
NaN,monte patria,robo,centro,9.0,baja,30,NaN,NaN
2025-10-24,la serena,NaN,rural,6.0,alta,24,10.0,2025-10
2024-12-03,vicuna,violencia,rural,17.0,NaN,23,12.0,2024-12
NaN,monte patria,robo,rural,2.0,alta,25,NaN,NaN
2024-05-24,la serena,NaN,centro,10.0,alta,26,5.0,2024-05
2024-01-10,illapel,hurto,centro,14.0,media,53,1.0,2024-01
NaN,salamanca,fraude,NaN,6.0,alta,130,NaN,NaN
2025-05-14,salamanca,accidente,norte,11.0,baja,28,5.0,2025-05
2025-05-30,ovalle,NaN,rural,5.0,baja,40,5.0,2025-05
2024-11-08,salamanca,accidente,rural,19.0,alta,34,11.0,2024-11
2024-07-15,monte patria,robo,rural,NaN,media,20,7.0,2024-07
2024-06-09,la serena,robo,norte,13.0,baja,35,6.0,2024-06
NaN,coquimbo,accidente,sur,8.0,baja,34,NaN,NaN
2024-11-10,andacollo,accidente,NaN,8.0,NaN,54,11.0,2024-11
2024-03-06,la serena,robo,norte,3.0,baja,NaN,3.0,2024-03
2024-12-13,la serena,violencia,centro,8.0,media,25,12.0,2024-12
2024-04-12,vicuna,hurto,norte,14.0,NaN,NaN,4.0,2024-04
2024-01-30,illapel,robo,norte,10.0,NaN,31,1.0,2024-01
2025-12-27,illapel,robo,centro,16.0,baja,64,12.0,2025-12
2024-11-08,monte patria,accidente,rural,8.0,NaN,32,11.0,2024-11
2024-12-18,monte patria,accidente,centro,5.0,baja,15,12.0,2024-12
2024-10-17,illapel,violencia,centro,18.0,baja,NaN,10.0,2024-10
NaN,andacollo,NaN,centro,11.0,alta,32,NaN,NaN
2024-02-07,la serena,accidente,rural,8.0,NaN,58,2.0,2024-02
2025-11-19,la serena,robo,sur,NaN,NaN,69,11.0,2025-11
2024-04-20,illapel,hurto,sur,9.0,media,55,4.0,2024-04
2024-01-13,ovalle,fraude,sur,15.0,baja,22,1.0,2024-01
NaN,la serena,robo,rural,14.0,media,68,NaN,NaN
2024-03-23,ovalle,robo,centro,5.0,alta,65,3.0,2024-03
2025-12-03,monte patria,fraude,centro,11.0,alta,20,12.0,2025-12
2025-12-12,vicuna,hurto,rural,19.0,NaN,24,12.0,2025-12
2024-09-02,ovalle,robo,NaN,9.0,alta,67,9.0,2024-09
2025-07-12,monte patria,robo,NaN,12.0,alta,51,7.0,2025-07
2024-09-14,ovalle,violencia,centro,3.0,NaN,55,9.0,2024-09
2024-03-16,illapel,robo,centro,4.0,media,42,3.0,2024-03
2024-07-10,coquimbo,NaN,centro,14.0,NaN,35,7.0,2024-07
2024-04-30,la serena,accidente,centro,7.0,baja,44,4.0,2024-04
2024-01-19,coquimbo,robo,sur,16.0,NaN,34,1.0,2024-01
2024-06-11,ovalle,hurto,norte,19.0,alta,54,6.0,2024-06
2025-07-03,salamanca,robo,NaN,18.0,media,31,7.0,2025-07
NaN,andacollo,hurto,rural,12.0,alta,30,NaN,NaN
2024-08-11,vicuna,robo,norte,13.0,baja,52,8.0,2024-08
2024-10-09,coquimbo,violencia,NaN,15.0,alta,NaN,10.0,2024-10
2025-01-21,illapel,fraude,sur,17.0,alta,NaN,1.0,2025-01
NaN,monte patria,robo,norte,1.0,baja,42,NaN,NaN
2025-08-09,vicuna,fraude,sur,2.0,baja,47,8.0,2025-08
NaN,monte patria,robo,NaN,9.0,baja,49,NaN,NaN
2025-07-04,la serena,fraude,NaN,17.0,baja,15,7.0,2025-07
2025-05-07,la serena,robo,sur,12.0,baja,64,5.0,2025-05
2025-03-06,ovalle,hurto,centro,12.0,baja,50,3.0,2025-03
2024-09-26,salamanca,hurto,norte,9.0,baja,61,9.0,2024-09
2024-10-21,andacollo,violencia,NaN,NaN,baja,29,10.0,2024-10
2024-01-19,monte patria,hurto,sur,7.0,baja,24,1.0,2024-01
2025-04-08,la serena,NaN,NaN,17.0,NaN,49,4.0,2025-04
2025-04-15,ovalle,accidente,rural,6.0,baja,54,4.0,2025-04
2025-05-14,coquimbo,robo,centro,12.0,NaN,32,5.0,2025-05
2024-08-03,monte patria,fraude,NaN,6.0,alta,26,8.0,2024-08
2025-10-05,la serena,NaN,rural,11.0,baja,57,10.0,2025-10
2025-12-02,monte patria,fraude,norte,13.0,NaN,67,12.0,2025-12
NaN,monte patria,hurto,norte,12.0,alta,54,NaN,NaN
2024-03-25,coquimbo,robo,norte,7.0,baja,NaN,3.0,2024-03
2024-12-15,coquimbo,NaN,NaN,19.0,baja,51,12.0,2024-12
2025-04-15,coquimbo,fraude,rural,17.0,alta,18,4.0,2025-04
2025-06-13,salamanca,violencia,centro,11.0,media,41,6.0,2025-06
2025-04-16,ovalle,NaN,centro,17.0,alta,58,4.0,2025-04
2025-04-23,la serena,NaN,centro,19.0,NaN,52,4.0,2025-04
2025-03-16,la serena,robo,norte,8.0,media,47,3.0,2025-03
2024-10-12,ovalle,hurto,rural,11.0,alta,65,10.0,2024-10
2024-11-09,illapel,accidente,centro,3.0,baja,NaN,11.0,2024-11
2024-04-30,ovalle,accidente,norte,19.0,alta,39,4.0,2024-04
2025-01-29,la serena,robo,centro,2.0,media,34,1.0,2025-01
2024-11-06,monte patria,NaN,centro,15.0,NaN,48,11.0,2024-11
NaN,ovalle,hurto,sur,14.0,media,21,NaN,NaN
NaN,ovalle,robo,rural,12.0,media,NaN,NaN,NaN
2024-02-16,andacollo,violencia,sur,13.0,baja,42,2.0,2024-02
2025-05-07,andacollo,violencia,centro,4.0,media,62,5.0,2025-05
2025-10-10,vicuna,fraude,norte,15.0,baja,61,10.0,2025-10
2025-09-26,coquimbo,violencia,NaN,15.0,baja,47,9.0,2025-09
2024-07-27,andacollo,accidente,centro,8.0,baja,42,7.0,2024-07
2024-12-30,vicuna,fraude,centro,6.0,NaN,58,12.0,2024-12
2025-01-30,illapel,violencia,NaN,4.0,baja,69,1.0,2025-01
2025-03-03,coquimbo,NaN,sur,19.0,alta,24,3.0,2025-03
NaN,illapel,accidente,norte,7.0,baja,21,NaN,NaN
2025-04-08,vicuna,violencia,centro,19.0,alta,5,4.0,2025-04
2025-04-18,la serena,accidente,norte,17.0,NaN,47,4.0,2025-04
2024-03-19,salamanca,NaN,rural,3.0,baja,NaN,3.0,2024-03
2025-06-30,ovalle,accidente,centro,NaN,NaN,45,6.0,2025-06
2024-12-17,la serena,accidente,centro,12.0,alta,28,12.0,2024-12
2024-05-29,coquimbo,violencia,NaN,5.0,baja,50,5.0,2024-05
2025-01-06,illapel,robo,norte,16.0,baja,50,1.0,2025-01
2024-11-19,andacollo,NaN,centro,8.0,alta,66,11.0,2024-11
2025-01-19,coquimbo,hurto,rural,12.0,media,48,1.0,2025-01
2025-07-30,vicuna,robo,centro,9.0,baja,NaN,7.0,2025-07
NaN,salamanca,fraude,sur,7.0,alta,61,NaN,NaN
2025-09-15,ovalle,robo,centro,NaN,NaN,26,9.0,2025-09
2024-04-09,monte patria,violencia,norte,2.0,baja,22,4.0,2024-04
NaN,la serena,accidente,norte,3.0,baja,64,NaN,NaN
2025-12-16,ovalle,NaN,norte,7.0,alta,59,12.0,2025-12
2024-09-12,la serena,accidente,centro,18.0,media,44,9.0,2024-09
2024-09-24,la serena,accidente,norte,16.0,baja,25,9.0,2024-09
2025-10-20,vicuna,robo,norte,16.0,alta,NaN,10.0,2025-10
2024-10-29,ovalle,robo,rural,1.0,NaN,23,10.0,2024-10
2025-02-22,illapel,NaN,centro,500.0,baja,15,2.0,2025-02
2024-05-03,monte patria,accidente,centro,7.0,alta,35,5.0,2024-05
2024-05-04,monte patria,NaN,NaN,12.0,alta,32,5.0,2024-05
NaN,la serena,robo,centro,1.0,baja,NaN,NaN,NaN
2025-08-29,illapel,hurto,centro,3.0,alta,56,8.0,2025-08
2024-10-03,monte patria,robo,centro,NaN,alta,19,10.0,2024-10
2025-10-10,coquimbo,violencia,centro,17.0,baja,44,10.0,2025-10
2025-01-17,la serena,accidente,centro,3.0,baja,58,1.0,2025-01
2025-08-16,vicuna,robo,rural,5.0,NaN,18,8.0,2025-08
2025-03-10,coquimbo,accidente,centro,15.0,NaN,36,3.0,2025-03
2025-03-12,andacollo,NaN,rural,2.0,NaN,59,3.0,2025-03
2025-11-14,salamanca,NaN,NaN,1.0,baja,NaN,11.0,2025-11
2024-04-22,andacollo,robo,rural,16.0,NaN,33,4.0,2024-04
2025-08-16,andacollo,robo,norte,14.0,NaN,46,8.0,2025-08
2024-05-08,monte patria,violencia,norte,16.0,NaN,50,5.0,2024-05
2025-10-13,coquimbo,NaN,rural,13.0,baja,57,10.0,2025-10
2025-09-05,la serena,robo,NaN,13.0,alta,62,9.0,2025-09
2024-04-10,vicuna,fraude,norte,NaN,alta,NaN,4.0,2024-04
2025-01-15,la serena,hurto,norte,8.0,baja,37,1.0,2025-01
NaN,andacollo,accidente,NaN,7.0,baja,58,NaN,NaN
2024-03-27,illapel,NaN,rural,NaN,alta,21,3.0,2024-03
2024-09-25,monte patria,violencia,rural,10.0,alta,24,9.0,2024-09
2025-06-25,coquimbo,NaN,rural,6.0,baja,33,6.0,2025-06
2025-01-01,la serena,hurto,sur,4.0,alta,65,1.0,2025-01
2025-10-31,ovalle,NaN,NaN,NaN,alta,52,10.0,2025-10
2025-11-30,la serena,accidente,norte,5.0,media,40,11.0,2025-11
2025-10-30,salamanca,robo,norte,17.0,NaN,31,10.0,2025-10
2025-05-12,salamanca,hurto,norte,19.0,NaN,66,5.0,2025-05
2025-01-31,la serena,accidente,centro,18.0,alta,60,1.0,2025-01
2025-02-12,la serena,robo,norte,18.0,NaN,46,2.0,2025-02
2024-05-06,illapel,accidente,norte,15.0,alta,34,5.0,2024-05
NaN,salamanca,violencia,norte,16.0,NaN,66,NaN,NaN
NaN,illapel,accidente,centro,5.0,NaN,44,NaN,NaN
2025-08-27,la serena,violencia,rural,11.0,baja,55,8.0,2025-08
NaN,la serena,accidente,NaN,17.0,media,67,NaN,NaN
2024-05-19,monte patria,accidente,norte,6.0,baja,32,5.0,2024-05
2024-10-05,monte patria,violencia,centro,13.0,media,62,10.0,2024-10
NaN,la serena,robo,norte,2.0,alta,130,NaN,NaN
2025-08-30,vicuna,violencia,rural,5.0,alta,NaN,8.0,2025-08
NaN,illapel,NaN,rural,5.0,media,30,NaN,NaN
2025-02-04,monte patria,fraude,NaN,2.0,media,55,2.0,2025-02
2024-05-31,coquimbo,fraude,centro,19.0,baja,43,5.0,2024-05
2024-10-26,andacollo,fraude,sur,12.0,NaN,43,10.0,2024-10
2025-12-27,coquimbo,NaN,centro,4.0,media,63,12.0,2025-12
2025-02-20,coquimbo,NaN,centro,3.0,baja,69,2.0,2025-02
2024-08-29,salamanca,violencia,norte,14.0,alta,68,8.0,2024-08
2024-09-05,coquimbo,violencia,centro,NaN,NaN,64,9.0,2024-09
NaN,la serena,hurto,norte,0.0,NaN,66,NaN,NaN
2025-01-21,la serena,hurto,centro,2.0,baja,52,1.0,2025-01
2024-11-22,salamanca,fraude,rural,17.0,NaN,60,11.0,2024-11
2024-06-25,coquimbo,violencia,norte,15.0,NaN,17,6.0,2024-06
2024-10-02,monte patria,NaN,NaN,2.0,baja,67,10.0,2024-10
2024-07-17,salamanca,violencia,rural,15.0,alta,53,7.0,2024-07
2024-05-02,coquimbo,NaN,sur,NaN,media,17,5.0,2024-05
NaN,monte patria,hurto,rural,14.0,media,52,NaN,NaN
2025-10-19,coquimbo,accidente,sur,14.0,media,31,10.0,2025-10
2024-03-19,vicuna,NaN,rural,13.0,alta,NaN,3.0,2024-03
2025-12-07,monte patria,hurto,norte,13.0,baja,56,12.0,2025-12
2025-10-13,vicuna,accidente,norte,13.0,alta,NaN,10.0,2025-10
2024-01-12,vicuna,NaN,centro,1.0,alta,23,1.0,2024-01
2024-04-29,la serena,accidente,norte,NaN,NaN,38,4.0,2024-04
2024-04-14,coquimbo,NaN,NaN,18.0,baja,51,4.0,2024-04
2024-08-31,vicuna,robo,NaN,9.0,alta,NaN,8.0,2024-08
2024-10-27,vicuna,robo,sur,8.0,baja,NaN,10.0,2024-10
NaN,monte patria,accidente,norte,7.0,baja,37,NaN,NaN
2024-07-07,ovalle,NaN,centro,4.0,alta,20,7.0,2024-07
2025-10-05,andacollo,hurto,rural,19.0,NaN,18,10.0,2025-10
2025-07-06,illapel,hurto,norte,17.0,NaN,NaN,7.0,2025-07
NaN,vicuna,NaN,centro,16.0,baja,32,NaN,NaN
2024-02-23,vicuna,NaN,centro,15.0,NaN,NaN,2.0,2024-02
2025-09-26,salamanca,robo,centro,NaN,baja,47,9.0,2025-09
NaN,illapel,fraude,centro,5.0,NaN,54,NaN,NaN
NaN,la serena,robo,norte,14.0,alta,51,NaN,NaN
2024-11-29,vicuna,accidente,NaN,NaN,media,31,11.0,2024-11
2024-06-28,coquimbo,accidente,norte,NaN,baja,45,6.0,2024-06
2025-03-06,coquimbo,NaN,centro,2.0,NaN,37,3.0,2025-03
NaN,coquimbo,hurto,NaN,1.0,media,47,NaN,NaN
2024-02-14,la serena,robo,norte,7.0,alta,65,2.0,2024-02
2025-05-25,monte patria,accidente,centro,9.0,alta,59,5.0,2025-05
2024-09-27,illapel,violencia,rural,4.0,alta,20,9.0,2024-09
NaN,andacollo,fraude,NaN,1.0,NaN,21,NaN,NaN
2025-08-16,illapel,robo,centro,NaN,baja,59,8.0,2025-08
2025-02-09,illapel,hurto,sur,19.0,media,18,2.0,2025-02
2024-11-08,la serena,fraude,sur,16.0,alta,68,11.0,2024-11
2025-09-11,andacollo,fraude,sur,19.0,alta,56,9.0,2025-09
2024-02-19,ovalle,violencia,sur,1.0,baja,20,2.0,2024-02
NaN,illapel,robo,norte,1.0,NaN,29,NaN,NaN
NaN,la serena,accidente,centro,14.0,baja,27,NaN,NaN
NaN,coquimbo,violencia,centro,13.0,alta,37,NaN,NaN
2024-06-04,coquimbo,NaN,sur,2.0,alta,31,6.0,2024-06
2024-10-27,monte patria,hurto,sur,-3.0,baja,36,10.0,2024-10
2024-03-11,salamanca,hurto,NaN,4.0,NaN,49,3.0,2024-03
2025-02-05,illapel,NaN,sur,19.0,alta,19,2.0,2025-02
2025-10-04,la serena,robo,sur,6.0,baja,62,10.0,2025-10
2024-09-06,salamanca,robo,NaN,1.0,alta,32,9.0,2024-09
NaN,la serena,accidente,sur,16.0,alta,NaN,NaN,NaN
2025-06-10,ovalle,hurto,norte,18.0,baja,29,6.0,2025-06
2024-02-17,monte patria,violencia,centro,17.0,baja,26,2.0,2024-02
2025-11-21,la serena,fraude,centro,15.0,baja,67,11.0,2025-11
NaN,monte patria,hurto,rural,1.0,NaN,57,NaN,NaN
2024-05-31,vicuna,hurto,rural,18.0,media,55,5.0,2024-05
2025-01-17,la serena,accidente,centro,1.0,NaN,29,1.0,2025-01
2025-07-23,monte patria,accidente,norte,6.0,media,31,7.0,2025-07
2025-12-07,ovalle,robo,NaN,8.0,alta,67,12.0,2025-12
2025-12-04,coquimbo,violencia,centro,7.0,baja,57,12.0,2025-12
NaN,la serena,NaN,norte,9.0,baja,40,NaN,NaN
NaN,vicuna,NaN,centro,12.0,alta,65,NaN,NaN
2024-10-27,la serena,violencia,centro,7.0,baja,42,10.0,2024-10
2025-01-24,ovalle,fraude,rural,NaN,alta,66,1.0,2025-01
2025-01-09,la serena,hurto,norte,15.0,alta,60,1.0,2025-01
NaN,vicuna,fraude,norte,NaN,alta,29,NaN,NaN
2025-03-03,vicuna,fraude,centro,10.0,NaN,38,3.0,2025-03
2024-05-23,salamanca,NaN,norte,9.0,baja,64,5.0,2024-05
2025-08-07,ovalle,accidente,rural,14.0,alta,16,8.0,2025-08
2024-06-20,salamanca,hurto,norte,2.0,baja,59,6.0,2024-06
2025-06-24,andacollo,NaN,centro,12.0,NaN,NaN,6.0,2025-06
2024-06-21,la serena,fraude,sur,14.0,baja,63,6.0,2024-06
2025-02-14,monte patria,robo,sur,19.0,alta,63,2.0,2025-02
2025-04-21,coquimbo,violencia,rural,7.0,alta,16,4.0,2025-04
2024-01-03,ovalle,NaN,centro,3.0,alta,39,1.0,2024-01
2025-07-12,illapel,robo,norte,15.0,baja,62,7.0,2025-07
2025-06-17,monte patria,violencia,sur,12.0,baja,17,6.0,2025-06
2025-10-10,ovalle,NaN,centro,11.0,baja,29,10.0,2025-10
2025-07-02,andacollo,fraude,rural,17.0,alta,54,7.0,2025-07
2024-04-01,illapel,NaN,NaN,14.0,media,61,4.0,2024-04
2024-02-22,la serena,NaN,sur,2.0,alta,57,2.0,2024-02
2024-12-28,la serena,robo,NaN,2.0,baja,24,12.0,2024-12
2025-02-04,la serena,NaN,NaN,15.0,NaN,NaN,2.0,2025-02
2024-05-16,salamanca,robo,centro,17.0,NaN,68,5.0,2024-05
2025-10-12,vicuna,fraude,centro,4.0,NaN,NaN,10.0,2025-10
2024-05-12,monte patria,violencia,norte,10.0,baja,34,5.0,2024-05
2024-06-14,salamanca,NaN,NaN,NaN,baja,14,6.0,2024-06
2024-08-05,salamanca,NaN,NaN,11.0,NaN,51,8.0,2024-08
NaN,vicuna,robo,sur,7.0,media,17,NaN,NaN
2025-11-14,la serena,violencia,centro,NaN,alta,22,11.0,2025-11
NaN,coquimbo,NaN,centro,1.0,baja,61,NaN,NaN
NaN,monte patria,robo,centro,2.0,baja,42,NaN,NaN
2024-06-10,monte patria,NaN,norte,8.0,alta,38,6.0,2024-06
NaN,coquimbo,robo,norte,5.0,NaN,24,NaN,NaN
2024-04-23,andacollo,robo,norte,10.0,alta,66,4.0,2024-04
2024-03-01,vicuna,robo,norte,11.0,alta,51,3.0,2024-03
2024-04-27,monte patria,NaN,centro,17.0,baja,64,4.0,2024-04
2025-05-25,ovalle,accidente,centro,14.0,baja,18,5.0,2025-05
2025-08-24,illapel,robo,norte,9.0,alta,33,8.0,2025-08
2025-04-14,vicuna,fraude,rural,3.0,baja,32,4.0,2025-04
2025-11-18,vicuna,accidente,centro,3.0,NaN,46,11.0,2025-11
2024-10-07,illapel,accidente,sur,14.0,media,17,10.0,2024-10
2025-01-14,salamanca,robo,centro,NaN,alta,21,1.0,2025-01
2024-09-27,la serena,violencia,centro,13.0,baja,39,9.0,2024-09
2025-02-06,monte patria,fraude,norte,10.0,baja,25,2.0,2025-02
NaN,illapel,violencia,NaN,9.0,baja,50,NaN,NaN
2025-10-08,coquimbo,hurto,norte,11.0,baja,15,10.0,2025-10
2025-03-04,salamanca,fraude,sur,NaN,alta,25,3.0,2025-03
2025-04-24,vicuna,robo,sur,8.0,baja,61,4.0,2025-04
2025-07-07,coquimbo,robo,NaN,1.0,NaN,51,7.0,2025-07
2025-10-17,monte patria,robo,norte,10.0,alta,17,10.0,2025-10
2024-07-05,ovalle,hurto,NaN,15.0,alta,NaN,7.0,2024-07
NaN,la serena,fraude,centro,7.0,NaN,52,NaN,NaN
2025-03-21,la serena,violencia,NaN,1.0,baja,58,3.0,2025-03
2025-06-13,vicuna,NaN,NaN,7.0,NaN,62,6.0,2025-06
2025-11-07,monte patria,robo,centro,14.0,media,31,11.0,2025-11
2024-10-16,salamanca,robo,norte,7.0,baja,38,10.0,2024-10
2025-05-27,coquimbo,robo,centro,8.0,baja,34,5.0,2025-05
2024-08-05,la serena,robo,norte,8.0,alta,14,8.0,2024-08
2024-11-29,illapel,NaN,sur,18.0,baja,42,11.0,2024-11
2025-08-25,vicuna,violencia,centro,1.0,alta,56,8.0,2025-08
NaN,illapel,robo,centro,13.0,NaN,39,NaN,NaN
2025-03-16,monte patria,NaN,norte,4.0,NaN,36,3.0,2025-03
2024-02-22,andacollo,robo,centro,11.0,baja,18,2.0,2024-02
2024-12-15,salamanca,robo,sur,12.0,baja,65,12.0,2024-12
2025-07-10,la serena,robo,sur,13.0,alta,15,7.0,2025-07
2024-11-09,coquimbo,robo,centro,4.0,baja,25,11.0,2024-11
2025-02-21,coquimbo,accidente,sur,12.0,alta,27,2.0,2025-02
2024-02-17,salamanca,fraude,sur,NaN,alta,50,2.0,2024-02
NaN,coquimbo,hurto,rural,6.0,alta,18,NaN,NaN
2024-06-12,la serena,NaN,sur,10.0,baja,40,6.0,2024-06
2024-12-08,la serena,NaN,centro,NaN,baja,30,12.0,2024-12
NaN,coquimbo,robo,rural,18.0,NaN,67,NaN,NaN
NaN,monte patria,violencia,rural,18.0,baja,69,NaN,NaN
2025-04-27,salamanca,fraude,sur,12.0,baja,44,4.0,2025-04
2025-04-28,la serena,accidente,norte,8.0,alta,28,4.0,2025-04
2025-04-18,illapel,accidente,rural,15.0,alta,29,4.0,2025-04
NaN,coquimbo,fraude,NaN,7.0,baja,NaN,NaN,NaN
2024-07-11,la serena,violencia,NaN,11.0,media,NaN,7.0,2024-07
NaN,monte patria,hurto,sur,13.0,media,22,NaN,NaN
NaN,coquimbo,violencia,sur,6.0,media,15,NaN,NaN
NaN,monte patria,fraude,rural,11.0,alta,39,NaN,NaN
2024-04-23,ovalle,violencia,rural,8.0,alta,50,4.0,2024-04
2024-02-01,la serena,violencia,NaN,13.0,NaN,21,2.0,2024-02
2025-09-21,illapel,violencia,rural,7.0,media,40,9.0,2025-09
2025-12-06,salamanca,hurto,norte,NaN,alta,20,12.0,2025-12
2025-12-16,coquimbo,accidente,NaN,12.0,alta,47,12.0,2025-12
2025-05-20,coquimbo,NaN,centro,3.0,media,32,5.0,2025-05
NaN,andacollo,accidente,norte,8.0,NaN,51,NaN,NaN
2025-08-23,salamanca,hurto,centro,15.0,alta,57,8.0,2025-08
2024-05-26,coquimbo,NaN,sur,14.0,alta,18,5.0,2024-05
2025-10-09,la serena,robo,centro,14.0,alta,27,10.0,2025-10
NaN,vicuna,accidente,sur,2.0,baja,20,NaN,NaN
2025-11-01,vicuna,hurto,rural,3.0,NaN,66,11.0,2025-11
2025-01-02,monte patria,violencia,rural,16.0,baja,31,1.0,2025-01
NaN,la serena,robo,norte,4.0,baja,33,NaN,NaN
2024-07-17,coquimbo,fraude,norte,19.0,baja,63,7.0,2024-07
NaN,vicuna,robo,rural,6.0,baja,26,NaN,NaN
2025-11-28,coquimbo,violencia,NaN,12.0,baja,49,11.0,2025-11
2025-06-28,coquimbo,hurto,norte,1.0,baja,49,6.0,2025-06
NaN,la serena,hurto,sur,17.0,NaN,31,NaN,NaN
2024-03-24,ovalle,accidente,rural,11.0,NaN,32,3.0,2024-03
NaN,illapel,accidente,norte,19.0,alta,18,NaN,NaN
NaN,coquimbo,violencia,norte,NaN,alta,59,NaN,NaN
2025-11-17,monte patria,accidente,norte,7.0,alta,54,11.0,2025-11
2025-09-25,monte patria,robo,sur,11.0,baja,46,9.0,2025-09
2024-04-08,monte patria,robo,norte,18.0,baja,NaN,4.0,2024-04
2024-08-15,coquimbo,NaN,norte,5.0,NaN,68,8.0,2024-08
2024-11-19,monte patria,robo,NaN,14.0,alta,16,11.0,2024-11
2025-08-24,la serena,robo,NaN,1.0,media,NaN,8.0,2025-08
2025-11-13,ovalle,hurto,norte,9.0,alta,17,11.0,2025-11
NaN,la serena,robo,norte,2.0,baja,64,NaN,NaN
2024-06-21,andacollo,fraude,NaN,2.0,baja,19,6.0,2024-06
NaN,monte patria,NaN,rural,4.0,media,15,NaN,NaN
NaN,monte patria,accidente,centro,8.0,baja,34,NaN,NaN
NaN,la serena,accidente,norte,5.0,media,48,NaN,NaN
NaN,andacollo,robo,rural,17.0,baja,43,NaN,NaN
2025-09-19,monte patria,robo,centro,8.0,alta,56,9.0,2025-09
2025-07-28,ovalle,robo,rural,NaN,alta,35,7.0,2025-07
2025-04-10,coquimbo,robo,centro,15.0,NaN,38,4.0,2025-04
2025-02-09,vicuna,NaN,norte,11.0,NaN,15,2.0,2025-02
2025-11-14,vicuna,robo,sur,6.0,alta,20,11.0,2025-11
2024-04-21,andacollo,NaN,norte,10.0,alta,48,4.0,2024-04
NaN,andacollo,NaN,norte,2.0,baja,21,NaN,NaN
2025-05-01,coquimbo,robo,centro,7.0,baja,16,5.0,2025-05
2025-12-22,vicuna,robo,norte,19.0,media,NaN,12.0,2025-12
NaN,la serena,accidente,norte,17.0,baja,51,NaN,NaN
2024-12-05,la serena,hurto,centro,11.0,baja,40,12.0,2024-12
2025-03-09,la serena,robo,rural,17.0,media,62,3.0,2025-03
2025-04-13,illapel,accidente,norte,NaN,alta,NaN,4.0,2025-04
2024-08-11,vicuna,robo,centro,2.0,NaN,41,8.0,2024-08
NaN,coquimbo,robo,norte,11.0,NaN,56,NaN,NaN
NaN,illapel,violencia,rural,2.0,baja,37,NaN,NaN
2024-06-09,andacollo,NaN,norte,16.0,baja,36,6.0,2024-06
2024-02-04,monte patria,robo,sur,17.0,alta,44,2.0,2024-02
2025-04-16,ovalle,hurto,norte,18.0,baja,NaN,4.0,2025-04
NaN,vicuna,violencia,rural,3.0,alta,21,NaN,NaN
NaN,andacollo,hurto,rural,NaN,NaN,34,NaN,NaN
2025-09-30,coquimbo,robo,norte,11.0,baja,22,9.0,2025-09
NaN,salamanca,NaN,norte,8.0,media,34,NaN,NaN
NaN,salamanca,violencia,NaN,4.0,baja,38,NaN,NaN
NaN,monte patria,accidente,sur,8.0,baja,61,NaN,NaN
2025-04-18,ovalle,accidente,centro,15.0,baja,36,4.0,2025-04
2025-03-29,ovalle,accidente,centro,NaN,baja,40,3.0,2025-03
2025-12-20,ovalle,hurto,norte,2.0,NaN,55,12.0,2025-12
2025-01-01,vicuna,NaN,centro,1.0,baja,22,1.0,2025-01
2024-12-03,coquimbo,robo,sur,6.0,baja,63,12.0,2024-12
2024-01-12,ovalle,violencia,norte,3.0,alta,56,1.0,2024-01
NaN,andacollo,fraude,norte,17.0,alta,60,NaN,NaN
2025-07-13,andacollo,NaN,rural,5.0,baja,NaN,7.0,2025-07
2024-12-20,vicuna,accidente,NaN,9.0,baja,16,12.0,2024-12
2025-07-05,la serena,robo,centro,1.0,media,18,7.0,2025-07
2024-09-27,monte patria,NaN,norte,9.0,baja,52,9.0,2024-09
2024-07-26,la serena,hurto,rural,9.0,media,19,7.0,2024-07
2025-04-15,la serena,hurto,centro,5.0,baja,68,4.0,2025-04
2024-01-02,coquimbo,robo,centro,NaN,baja,31,1.0,2024-01
2025-12-01,la serena,robo,NaN,17.0,media,29,12.0,2025-12
2025-07-23,andacollo,robo,norte,12.0,baja,130,7.0,2025-07
2024-05-11,vicuna,violencia,norte,NaN,alta,43,5.0,2024-05
2025-03-21,coquimbo,NaN,NaN,17.0,NaN,47,3.0,2025-03
2025-11-09,salamanca,violencia,norte,2.0,alta,29,11.0,2025-11
2024-02-18,vicuna,accidente,centro,NaN,alta,49,2.0,2024-02
2024-11-02,coquimbo,violencia,centro,4.0,media,37,11.0,2024-11
NaN,la serena,hurto,NaN,6.0,media,53,NaN,NaN
2024-09-05,ovalle,robo,rural,12.0,alta,37,9.0,2024-09
2024-08-28,coquimbo,robo,norte,NaN,NaN,36,8.0,2024-08
2024-01-30,ovalle,robo,norte,1.0,baja,44,1.0,2024-01
2025-03-24,ovalle,NaN,centro,6.0,media,26,3.0,2025-03
2025-09-14,coquimbo,NaN,NaN,14.0,NaN,48,9.0,2025-09
NaN,salamanca,hurto,NaN,6.0,baja,41,NaN,NaN
2024-09-04,la serena,fraude,centro,10.0,baja,28,9.0,2024-09
NaN,la serena,hurto,sur,5.0,alta,47,NaN,NaN
2024-03-18,monte patria,violencia,NaN,2.0,baja,64,3.0,2024-03
2024-02-08,la serena,fraude,NaN,500.0,NaN,16,2.0,2024-02
2024-06-15,illapel,hurto,centro,4.0,NaN,51,6.0,2024-06
NaN,salamanca,accidente,centro,11.0,baja,40,NaN,NaN
2024-02-01,vicuna,NaN,centro,2.0,media,53,2.0,2024-02
NaN,illapel,violencia,norte,14.0,media,39,NaN,NaN
2024-01-18,la serena,robo,centro,NaN,media,57,1.0,2024-01
NaN,la serena,hurto,norte,19.0,alta,64,NaN,NaN
2024-02-10,ovalle,robo,sur,NaN,NaN,19,2.0,2024-02
2024-11-30,salamanca,accidente,centro,10.0,alta,56,11.0,2024-11
NaN,ovalle,hurto,rural,NaN,alta,33,NaN,NaN
NaN,monte patria,robo,rural,5.0,alta,31,NaN,NaN
2024-04-17,la serena,NaN,centro,16.0,alta,66,4.0,2024-04
2024-08-03,monte patria,accidente,rural,5.0,alta,20,8.0,2024-08
2024-10-08,coquimbo,fraude,centro,0.0,media,44,10.0,2024-10
2025-03-01,ovalle,robo,centro,16.0,media,25,3.0,2025-03
2024-01-25,salamanca,violencia,centro,4.0,alta,47,1.0,2024-01
2024-02-20,salamanca,NaN,rural,10.0,baja,NaN,2.0,2024-02
2024-06-03,salamanca,fraude,norte,12.0,media,32,6.0,2024-06
NaN,vicuna,NaN,norte,4.0,alta,68,NaN,NaN
2025-12-16,vicuna,robo,centro,NaN,baja,43,12.0,2025-12
2024-06-15,andacollo,NaN,norte,7.0,alta,34,6.0,2024-06
2024-07-21,coquimbo,accidente,centro,8.0,NaN,52,7.0,2024-07
2024-11-19,la serena,fraude,sur,500.0,baja,60,11.0,2024-11
2024-12-14,coquimbo,hurto,sur,3.0,baja,31,12.0,2024-12
2025-04-03,la serena,NaN,centro,5.0,alta,14,4.0,2025-04
2025-03-05,vicuna,fraude,centro,7.0,alta,28,3.0,2025-03
2025-02-02,coquimbo,accidente,centro,3.0,alta,36,2.0,2025-02
NaN,illapel,fraude,rural,6.0,baja,27,NaN,NaN
2025-10-10,coquimbo,violencia,centro,17.0,baja,NaN,10.0,2025-10
2025-09-07,monte patria,hurto,norte,3.0,alta,53,9.0,2025-09
2025-03-07,vicuna,robo,centro,7.0,NaN,14,3.0,2025-03
2024-04-27,monte patria,robo,NaN,13.0,alta,NaN,4.0,2024-04
2024-03-20,coquimbo,NaN,rural,19.0,alta,57,3.0,2024-03
2025-09-04,ovalle,NaN,centro,2.0,NaN,69,9.0,2025-09
NaN,andacollo,accidente,NaN,4.0,baja,NaN,NaN,NaN
2024-11-28,coquimbo,robo,sur,7.0,alta,19,11.0,2024-11
2024-03-14,monte patria,robo,rural,19.0,media,43,3.0,2024-03
2024-12-24,salamanca,violencia,NaN,6.0,media,39,12.0,2024-12
2024-12-07,andacollo,accidente,sur,3.0,NaN,69,12.0,2024-12
2025-02-01,la serena,fraude,norte,8.0,baja,16,2.0,2025-02
2025-09-26,vicuna,robo,NaN,NaN,NaN,43,9.0,2025-09
2024-01-13,coquimbo,NaN,norte,17.0,NaN,14,1.0,2024-01
2024-08-08,monte patria,robo,norte,19.0,baja,NaN,8.0,2024-08
2024-12-09,la serena,violencia,centro,13.0,alta,32,12.0,2024-12
2025-10-28,monte patria,NaN,centro,-3.0,baja,17,10.0,2025-10
2025-11-01,illapel,robo,sur,15.0,baja,62,11.0,2025-11
NaN,vicuna,robo,sur,1.0,NaN,22,NaN,NaN
NaN,la serena,accidente,NaN,10.0,alta,64,NaN,NaN
2025-03-31,vicuna,violencia,norte,17.0,NaN,32,3.0,2025-03
2025-03-23,la serena,fraude,norte,12.0,alta,60,3.0,2025-03
2025-10-19,la serena,robo,NaN,13.0,baja,36,10.0,2025-10
NaN,coquimbo,violencia,norte,9.0,NaN,63,NaN,NaN
2024-03-21,ovalle,NaN,centro,2.0,baja,38,3.0,2024-03
2024-11-11,vicuna,violencia,centro,16.0,baja,35,11.0,2024-11
2024-05-21,andacollo,robo,centro,NaN,alta,60,5.0,2024-05
2024-10-01,la serena,violencia,centro,8.0,alta,47,10.0,2024-10
NaN,coquimbo,robo,norte,17.0,baja,18,NaN,NaN
2025-12-20,ovalle,violencia,norte,3.0,baja,42,12.0,2025-12
2025-09-26,coquimbo,NaN,norte,16.0,NaN,34,9.0,2025-09
2025-07-03,la serena,fraude,NaN,16.0,media,53,7.0,2025-07
2024-07-07,vicuna,fraude,NaN,17.0,NaN,27,7.0,2024-07
2025-02-02,illapel,fraude,NaN,7.0,alta,20,2.0,2025-02
NaN,monte patria,robo,norte,NaN,alta,20,NaN,NaN
NaN,la serena,robo,norte,15.0,media,30,NaN,NaN
2025-08-17,monte patria,accidente,norte,NaN,NaN,66,8.0,2025-08
2025-09-28,vicuna,fraude,norte,NaN,alta,31,9.0,2025-09
2024-03-11,monte patria,hurto,centro,11.0,baja,37,3.0,2024-03
2024-04-11,vicuna,hurto,norte,10.0,media,44,4.0,2024-04
2025-05-10,coquimbo,violencia,sur,18.0,alta,NaN,5.0,2025-05
2024-10-27,la serena,fraude,sur,10.0,NaN,17,10.0,2024-10
2024-08-12,la serena,accidente,NaN,9.0,NaN,23,8.0,2024-08
NaN,la serena,robo,norte,9.0,media,55,NaN,NaN
2025-11-19,coquimbo,NaN,rural,17.0,baja,NaN,11.0,2025-11
2024-03-01,monte patria,NaN,rural,14.0,NaN,63,3.0,2024-03
NaN,coquimbo,violencia,norte,3.0,baja,59,NaN,NaN
NaN,coquimbo,robo,centro,9.0,media,21,NaN,NaN
2024-05-09,la serena,accidente,centro,7.0,alta,62,5.0,2024-05
NaN,vicuna,accidente,sur,3.0,baja,68,NaN,NaN
2024-03-16,monte patria,robo,norte,NaN,baja,33,3.0,2024-03
2024-12-03,ovalle,hurto,sur,8.0,NaN,64,12.0,2024-12
2025-03-11,la serena,NaN,rural,18.0,media,NaN,3.0,2025-03
2024-06-16,ovalle,hurto,sur,4.0,alta,42,6.0,2024-06
2024-10-15,monte patria,accidente,centro,13.0,alta,45,10.0,2024-10
2025-09-07,coquimbo,fraude,NaN,11.0,media,38,9.0,2025-09
NaN,illapel,robo,NaN,8.0,baja,NaN,NaN,NaN
NaN,andacollo,accidente,centro,19.0,NaN,51,NaN,NaN
NaN,la serena,violencia,sur,15.0,media,47,NaN,NaN
2024-10-25,coquimbo,hurto,norte,15.0,media,22,10.0,2024-10
2025-08-18,salamanca,robo,norte,1.0,NaN,46,8.0,2025-08
2025-04-06,coquimbo,hurto,norte,13.0,NaN,43,4.0,2025-04
NaN,andacollo,hurto,norte,14.0,baja,30,NaN,NaN
2024-04-17,la serena,hurto,centro,17.0,NaN,63,4.0,2024-04
NaN,vicuna,robo,centro,8.0,media,58,NaN,NaN
2024-02-02,ovalle,robo,norte,7.0,media,48,2.0,2024-02
2025-02-16,la serena,violencia,centro,14.0,media,18,2.0,2025-02
2025-04-19,andacollo,NaN,sur,16.0,baja,24,4.0,2025-04
2025-10-16,coquimbo,robo,sur,16.0,NaN,36,10.0,2025-10
2024-04-07,andacollo,hurto,centro,9.0,baja,47,4.0,2024-04
2024-08-07,andacollo,accidente,centro,17.0,alta,NaN,8.0,2024-08
2025-12-07,illapel,NaN,sur,6.0,media,42,12.0,2025-12
2025-01-27,coquimbo,fraude,rural,2.0,NaN,44,1.0,2025-01
2024-10-07,monte patria,hurto,sur,12.0,baja,36,10.0,2024-10
2025-11-06,la serena,hurto,sur,NaN,alta,43,11.0,2025-11
2024-11-04,ovalle,robo,centro,5.0,alta,29,11.0,2024-11
2024-02-16,coquimbo,accidente,sur,7.0,NaN,30,2.0,2024-02
2025-05-06,monte patria,violencia,NaN,1.0,media,42,5.0,2025-05
2024-10-21,andacollo,violencia,NaN,7.0,baja,29,10.0,2024-10
2024-03-17,la serena,NaN,centro,NaN,baja,27,3.0,2024-03
2025-10-06,monte patria,hurto,norte,1.0,media,56,10.0,2025-10
NaN,la serena,robo,norte,9.0,media,33,NaN,NaN
2025-12-01,illapel,hurto,rural,2.0,media,23,12.0,2025-12
2025-05-01,ovalle,accidente,rural,7.0,alta,25,5.0,2025-05
2025-08-05,salamanca,NaN,rural,9.0,NaN,38,8.0,2025-08
2025-06-09,monte patria,NaN,norte,19.0,media,NaN,6.0,2025-06
NaN,la serena,fraude,centro,8.0,baja,58,NaN,NaN
2025-02-26,salamanca,robo,centro,12.0,baja,63,2.0,2025-02
2024-09-11,salamanca,violencia,norte,14.0,alta,33,9.0,2024-09
NaN,salamanca,robo,sur,9.0,NaN,40,NaN,NaN
NaN,la serena,violencia,norte,4.0,alta,46,NaN,NaN
2025-10-10,monte patria,robo,norte,2.0,baja,60,10.0,2025-10
NaN,salamanca,accidente,NaN,15.0,media,29,NaN,NaN
2025-09-21,coquimbo,fraude,NaN,NaN,baja,32,9.0,2025-09
NaN,la serena,NaN,NaN,10.0,alta,16,NaN,NaN
2024-05-21,la serena,accidente,sur,8.0,media,NaN,5.0,2024-05
2025-01-20,monte patria,violencia,centro,17.0,media,63,1.0,2025-01
2024-01-09,la serena,violencia,centro,5.0,NaN,NaN,1.0,2024-01
2025-08-24,andacollo,robo,centro,4.0,alta,NaN,8.0,2025-08
2024-11-28,vicuna,violencia,centro,11.0,alta,61,11.0,2024-11
2025-10-31,ovalle,robo,rural,6.0,NaN,53,10.0,2025-10
2025-03-09,vicuna,accidente,norte,16.0,alta,41,3.0,2025-03
2024-02-11,ovalle,robo,rural,8.0,NaN,5,2.0,2024-02
NaN,ovalle,robo,centro,13.0,baja,28,NaN,NaN
2024-11-02,coquimbo,violencia,centro,4.0,media,37,11.0,2024-11
2024-07-03,la serena,accidente,centro,5.0,baja,42,7.0,2024-07
NaN,la serena,violencia,NaN,12.0,baja,55,NaN,NaN
2025-03-27,la serena,robo,centro,7.0,NaN,49,3.0,2025-03
2025-02-01,la serena,NaN,NaN,9.0,media,21,2.0,2025-02
2025-02-19,ovalle,robo,sur,8.0,alta,68,2.0,2025-02
2025-02-19,vicuna,robo,centro,2.0,media,31,2.0,2025-02
NaN,coquimbo,accidente,NaN,13.0,baja,51,NaN,NaN
NaN,monte patria,robo,rural,1.0,NaN,53,NaN,NaN
2024-09-23,ovalle,NaN,sur,9.0,NaN,33,9.0,2024-09
NaN,coquimbo,robo,sur,8.0,media,55,NaN,NaN
2025-01-25,ovalle,robo,NaN,3.0,alta,43,1.0,2025-01
2024-11-08,monte patria,NaN,norte,17.0,baja,25,11.0,2024-11
NaN,salamanca,violencia,sur,5.0,baja,22,NaN,NaN
2024-05-09,monte patria,accidente,norte,19.0,alta,68,5.0,2024-05
2024-02-20,andacollo,NaN,norte,16.0,baja,43,2.0,2024-02
NaN,coquimbo,robo,centro,16.0,media,46,NaN,NaN
NaN,vicuna,violencia,rural,8.0,media,NaN,NaN,NaN
NaN,coquimbo,robo,norte,10.0,NaN,59,NaN,NaN
2025-09-19,salamanca,hurto,centro,7.0,media,44,9.0,2025-09
2025-01-24,salamanca,violencia,norte,5.0,NaN,25,1.0,2025-01
2025-04-01,la serena,violencia,sur,NaN,baja,32,4.0,2025-04
2024-09-08,ovalle,accidente,rural,1.0,NaN,55,9.0,2024-09
2025-02-27,illapel,robo,centro,NaN,media,22,2.0,2025-02
NaN,coquimbo,NaN,NaN,18.0,alta,27,NaN,NaN
NaN,monte patria,fraude,rural,15.0,media,37,NaN,NaN
NaN,vicuna,fraude,rural,15.0,media,14,NaN,NaN
NaN,vicuna,NaN,norte,9.0,alta,17,NaN,NaN
NaN,vicuna,robo,norte,15.0,baja,25,NaN,NaN
2024-05-15,andacollo,robo,rural,18.0,alta,51,5.0,2024-05
2024-09-28,salamanca,hurto,sur,NaN,baja,16,9.0,2024-09
2025-07-03,monte patria,robo,norte,12.0,NaN,46,7.0,2025-07
2025-06-06,vicuna,robo,centro,15.0,alta,31,6.0,2025-06
2024-09-23,monte patria,fraude,centro,NaN,NaN,47,9.0,2024-09
NaN,salamanca,accidente,NaN,4.0,alta,55,NaN,NaN
NaN,illapel,robo,centro,14.0,NaN,16,NaN,NaN
2024-11-10,coquimbo,fraude,sur,19.0,NaN,22,11.0,2024-11
2024-06-26,illapel,violencia,NaN,12.0,baja,17,6.0,2024-06
2024-12-19,andacollo,robo,norte,10.0,alta,18,12.0,2024-12
NaN,monte patria,fraude,centro,17.0,media,28,NaN,NaN
NaN,andacollo,NaN,norte,11.0,alta,NaN,NaN,NaN
2025-07-26,illapel,fraude,NaN,6.0,alta,14,7.0,2025-07
2024-02-29,coquimbo,NaN,norte,4.0,baja,20,2.0,2024-02
2025-02-20,andacollo,NaN,norte,8.0,alta,24,2.0,2025-02
2024-07-11,la serena,robo,norte,NaN,alta,54,7.0,2024-07
2024-04-01,vicuna,hurto,centro,10.0,media,43,4.0,2024-04
2024-10-03,coquimbo,NaN,norte,13.0,media,25,10.0,2024-10
NaN,vicuna,fraude,rural,2.0,baja,58,NaN,NaN
2024-06-04,coquimbo,NaN,sur,2.0,alta,31,6.0,2024-06
2025-10-27,coquimbo,robo,NaN,NaN,baja,53,10.0,2025-10
2024-12-03,illapel,violencia,centro,11.0,alta,18,12.0,2024-12
2025-04-17,vicuna,robo,rural,15.0,alta,42,4.0,2025-04
2024-01-21,monte patria,NaN,rural,8.0,NaN,19,1.0,2024-01
2025-04-13,ovalle,NaN,rural,7.0,baja,63,4.0,2025-04
NaN,vicuna,robo,sur,0.0,baja,48,NaN,NaN
2024-01-31,coquimbo,violencia,norte,16.0,alta,29,1.0,2024-01
NaN,la serena,NaN,norte,7.0,baja,43,NaN,NaN
2025-04-30,salamanca,NaN,norte,13.0,baja,20,4.0,2025-04
2025-03-14,la serena,fraude,centro,7.0,NaN,52,3.0,2025-03
2024-07-07,salamanca,NaN,sur,10.0,NaN,NaN,7.0,2024-07
2025-08-25,vicuna,NaN,centro,12.0,alta,29,8.0,2025-08
2025-12-01,vicuna,accidente,sur,NaN,baja,52,12.0,2025-12
2024-07-01,illapel,fraude,centro,3.0,baja,65,7.0,2024-07
NaN,monte patria,robo,centro,2.0,baja,42,NaN,NaN
2025-11-18,coquimbo,violencia,centro,15.0,baja,43,11.0,2025-11
2025-06-09,illapel,robo,norte,8.0,baja,54,6.0,2025-06
2025-06-29,la serena,robo,sur,2.0,alta,32,6.0,2025-06
2025-09-17,illapel,NaN,NaN,18.0,NaN,19,9.0,2025-09
2024-08-22,salamanca,NaN,centro,13.0,baja,46,8.0,2024-08
2024-09-30,ovalle,NaN,norte,1.0,alta,36,9.0,2024-09
2024-02-02,salamanca,violencia,sur,15.0,alta,NaN,2.0,2024-02
2025-02-11,ovalle,fraude,norte,6.0,media,35,2.0,2025-02
2024-09-10,ovalle,robo,centro,NaN,NaN,33,9.0,2024-09
2025-03-24,coquimbo,accidente,sur,7.0,alta,50,3.0,2025-03
2024-05-22,ovalle,accidente,centro,2.0,baja,NaN,5.0,2024-05
2024-03-06,la serena,fraude,norte,11.0,NaN,56,3.0,2024-03
2025-01-23,illapel,robo,rural,2.0,NaN,37,1.0,2025-01
NaN,la serena,NaN,sur,16.0,baja,38,NaN,NaN
2024-04-06,vicuna,robo,norte,5.0,alta,69,4.0,2024-04
2024-08-18,la serena,robo,centro,18.0,alta,65,8.0,2024-08
NaN,monte patria,violencia,NaN,1.0,NaN,31,NaN,NaN
2024-03-27,andacollo,NaN,norte,13.0,media,57,3.0,2024-03
2024-06-25,ovalle,hurto,NaN,3.0,baja,NaN,6.0,2024-06
NaN,ovalle,hurto,norte,16.0,NaN,51,NaN,NaN
2025-09-13,la serena,NaN,rural,15.0,alta,21,9.0,2025-09
2024-09-26,la serena,robo,NaN,10.0,baja,47,9.0,2024-09
2024-08-05,illapel,accidente,norte,4.0,alta,41,8.0,2024-08
2024-05-10,andacollo,robo,NaN,15.0,alta,16,5.0,2024-05
NaN,andacollo,robo,centro,12.0,alta,55,NaN,NaN
2024-02-21,ovalle,NaN,norte,17.0,NaN,33,2.0,2024-02
2025-03-31,la serena,violencia,norte,7.0,baja,50,3.0,2025-03
NaN,coquimbo,violencia,centro,5.0,baja,NaN,NaN,NaN
2024-01-01,la serena,fraude,centro,17.0,baja,NaN,1.0,2024-01
NaN,la serena,robo,sur,17.0,media,55,NaN,NaN
NaN,coquimbo,NaN,rural,17.0,alta,63,NaN,NaN
2025-09-14,coquimbo,NaN,rural,NaN,alta,43,9.0,2025-09
2024-08-09,vicuna,robo,norte,7.0,NaN,16,8.0,2024-08
2024-02-17,salamanca,NaN,norte,12.0,NaN,60,2.0,2024-02
2025-05-19,coquimbo,NaN,NaN,NaN,media,51,5.0,2025-05
2025-10-15,la serena,robo,norte,1.0,baja,44,10.0,2025-10
2024-12-13,illapel,robo,sur,3.0,media,25,12.0,2024-12
2025-05-21,andacollo,fraude,centro,2.0,baja,51,5.0,2025-05
NaN,salamanca,violencia,norte,15.0,alta,46,NaN,NaN
NaN,illapel,fraude,norte,13.0,NaN,20,NaN,NaN
2025-09-14,andacollo,fraude,norte,9.0,baja,41,9.0,2025-09
2025-08-11,vicuna,robo,norte,16.0,baja,64,8.0,2025-08
2024-05-13,la serena,robo,norte,6.0,NaN,50,5.0,2024-05
2024-07-19,coquimbo,hurto,NaN,18.0,baja,51,7.0,2024-07
2024-10-18,andacollo,accidente,sur,6.0,NaN,41,10.0,2024-10
2024-02-08,monte patria,violencia,rural,8.0,baja,51,2.0,2024-02
2025-09-06,ovalle,fraude,sur,1.0,NaN,51,9.0,2025-09
2025-04-28,ovalle,robo,norte,18.0,baja,53,4.0,2025-04
2024-09-18,la serena,fraude,rural,11.0,baja,41,9.0,2024-09
2024-11-23,coquimbo,robo,centro,15.0,media,68,11.0,2024-11
NaN,la serena,robo,centro,19.0,media,27,NaN,NaN
2024-02-23,la serena,fraude,norte,7.0,NaN,59,2.0,2024-02
2025-01-17,ovalle,NaN,sur,11.0,NaN,15,1.0,2025-01
2024-12-12,vicuna,NaN,norte,6.0,NaN,15,12.0,2024-12
2025-09-14,salamanca,robo,norte,13.0,baja,43,9.0,2025-09
NaN,ovalle,robo,norte,6.0,NaN,40,NaN,NaN
NaN,coquimbo,hurto,rural,6.0,NaN,45,NaN,NaN
2025-07-26,la serena,robo,norte,NaN,NaN,50,7.0,2025-07
NaN,andacollo,NaN,norte,1.0,alta,62,NaN,NaN
2024-11-09,monte patria,violencia,norte,15.0,baja,NaN,11.0,2024-11
2025-04-01,ovalle,accidente,rural,8.0,baja,35,4.0,2025-04
NaN,andacollo,violencia,rural,9.0,baja,33,NaN,NaN
NaN,la serena,robo,centro,16.0,media,42,NaN,NaN
2025-08-05,ovalle,accidente,centro,17.0,alta,NaN,8.0,2025-08
NaN,illapel,robo,centro,3.0,baja,67,NaN,NaN
2025-11-28,coquimbo,robo,sur,2.0,baja,41,11.0,2025-11
2025-01-30,monte patria,NaN,sur,17.0,baja,53,1.0,2025-01
2024-06-03,salamanca,accidente,centro,4.0,NaN,45,6.0,2024-06
