id_seguridad,fecha,comuna,tipo_delito,sector,cantidad_casos,gravedad,edad_involucrado,codigo_temp_x,observacion_manual,id_old
1.0,2024/08/06,LA SERENA,Hurto,,8.0,Baja,28.0,,dato ingresado manualmente,602009
2.0,2024-04-11,Serena,,centro,13.0,baja,44.0,,revisar,121240
3.0,2025/10/25,la serena,Fraude,Norte,17.0,Baja,23.0,TMP-002,ok,611462
4.0,2024/03/27,Coquimbo ,Hurto,,3.0,Alta,65.0,,dato ingresado manualmente,659687
5.0,,illapel,HURTO,centro,7.0,BAJA,59.0,ERROR,,755854
6.0,sin fecha,Montepatria,Robo,centro,13.0,baja,60.0,TMP-002,,201331
7.0,2024-12-31,Montepatria,Fraude,Sur,11.0,Baja,57.0,,sin validar,87258
8.0,2024/11/28,VICUÑA,Robo,centro,18.0,,48.0,TMP-002,,569073
9.0,2025-09-07,Ovalle,Hurto,  ,7.0,Media,30.0,ERROR,,554305
10.0,05/05/2025,coquimbo,Accidente,centro,2.0,,62.0,,ok,740126
11.0,sin fecha,Monte Patria,Robo,Norte,12.0,Media,60.0,TMP-002,,825611
12.0,,Ovalle,Violencia,centro,,Baja,"61,0",ERROR,revisar,158884
13.0,Nov-17-2025,VICUÑA,,Norte,9.0,ALTA,20.0,,sin validar,431062
14.0,26/10/2025,Montepatria,Robo,CENTRO,4.0,Baja,46.0,TMP-001,revisar,453424
15.0,2025/04/04,LA SERENA,Hurto,,6.0,Alta,23.0,TMP-002,ok,430835
16.0,,LA SERENA,Robo,centro,10.0,ALTA,41.0,TMP-001,ok,595864
17.0,Apr-25-2025,Vicuña,Accidente,,3.0,,45.0,TMP-002,revisar,48568
18.0,15/12/2025,La Serena,,Centro,2.0,Alta,37.0,TMP-002,,424929
19.0,2024/04/28,la serena,Violencia,Sur,2.0,Alta,18.0,,,587700
20.0,2025-10-19,COQUIMBO,Fraude,centro,2.0,Media,59.0,TMP-001,,895016
21.0,Apr-15-2024,VICUÑA,Robo,Rural,16.0,Alta,15.0,,,66458
22.0,07/11/2025,andacollo,robo,NORTE,5.0,Alta,18.0,,sin validar,66140
23.0,2025-05-22,Illapel,Violencia,Rural,10.0,,49.0,ERROR,,426180
24.0,2024-08-06,VICUÑA,Robo,centro,11.0,Baja,42.0,,revisar,443581
25.0,2025-11-03,Coquimbo ,Robo,,7.0,,54.0,,dato ingresado manualmente,551117
26.0,20/08/2024,Ovalle,Hurto,Centro,1.0,Alta,57.0,ERROR,sin validar,665292
27.0,Apr-11-2024,Coquimbo ,Robo,Centro,19.0,alta,67.0,,ok,540019
28.0,2025-07-04,VICUÑA,Fraude,Rural,11.0,,24.0,ERROR,,735827
29.0,2024-02-04,VICUÑA,Violencia,Rural,1.0,Media,62.0,TMP-002,sin validar,307099
30.0,2024/08/25,Coquimbo ,Violencia,Sur,"19,0",Media,20.0,,,543594
31.0,sin fecha,SALAMANCA,Robo,Centro,7.0,baja,25.0,,revisar,802099
32.0,2025-04-28,ovalle,robo,Centro,7.0,baja,52.0,TMP-001,,250436
33.0,Jan-02-2024,LA SERENA,robo,Rural,"13,0",Alta,69.0,,sin validar,307270
34.0,sin fecha,Monte Patria,Robo,Sur,"11,0",Media,17.0,,dato ingresado manualmente,902174
35.0,2024/11/10,Coquimbo ,Fraude,Sur,19.0,,22.0,TMP-002,revisar,664109
36.0,,VICUÑA,Hurto,Centro,18.0,ALTA,41.0,,ok,855471
37.0,2024/05/23,SALAMANCA,Hurto,Rural,16.0,baja,14.0,,ok,413766
38.0,2024/10/01,Illapel,Hurto,Centro,14.0,Baja,52.0,,ok,618656
39.0,2025/01/21,illapel,Robo,Rural,1.0,,18.0,TMP-001,sin validar,532420
40.0,2024/02/27,Andacollo,,Norte,8.0,,61.0,ERROR,,191718
41.0,Feb-09-2025,Serena,Robo,Sur,18.0,Media,30.0,,revisar,86421
42.0,2025/01/30,Ovalle,Accidente,NORTE,4.0,baja,46.0,ERROR,revisar,157335
43.0,14/09/2024,andacollo,Hurto,  ,9.0,baja,49.0,,revisar,761914
44.0,Aug-01-2024,Vicuña,Fraude,Centro,3.0,,25.0,,,519165
45.0,Jan-30-2024,la serena,Hurto,centro,11.0,baja,22.0,,revisar,440431
46.0,2025/04/01,Montepatria,Violencia,Sur,18.0,Baja,67.0,,dato ingresado manualmente,36653
47.0,Feb-07-2024,COQUIMBO,,Rural,4.0,ALTA,38.0,,revisar,171789
48.0,2024/12/22,illapel,,Norte,4.0,Alta,21.0,,,614855
,,Montepatria,Accidente,rural,18.0,Baja,65.0,TMP-002,ok,797001
50.0,2024/02/15,Illapel,Robo,centro,6.0,ALTA,46.0,TMP-001,,184939
51.0,2024/11/03,OVALLE,Hurto,Centro,11.0,Alta,34.0,,dato ingresado manualmente,903885
52.0,sin fecha,LaSerena,,,12.0,,66.0,TMP-002,,842349
53.0,03/10/2025,OVALLE,Violencia,centro,12.0,baja,20.0,TMP-002,revisar,399815
54.0,Sep-03-2025,LaSerena,robo,Rural,4.0,baja,50.0,,revisar,37196
,,VICUÑA,Robo,Centro,,Baja,32.0,TMP-001,,160476
56.0,01/05/2025,VICUÑA,Hurto,Norte,8.0,,61.0,TMP-001,ok,396464
57.0,2024-08-31,SALAMANCA,,NORTE,6.0,Baja,130.0,,,529089
58.0,Jan-02-2024,illapel,Hurto,NORTE,"19,0",,,,sin validar,292912
59.0,2024-09-15,La Serena,Accidente,Sur,17.0,Media,65.0,,dato ingresado manualmente,306487
60.0,Dec-22-2025,OVALLE,Robo,Norte,5.0,Baja,14.0,,ok,586458
,Dec-03-2025,La Serena,Violencia,Norte,13.0,ALTA,25.0,TMP-002,sin validar,325484
62.0,12/12/2024,coquimbo,Accidente,,13.0,baja,24.0,TMP-002,ok,786745
63.0,02/02/2024,Monte Patria,Hurto,Norte,6.0,,59.0,ERROR,revisar,438129
64.0,2025-03-22,SALAMANCA,Hurto,,11.0,Baja,69.0,TMP-002,dato ingresado manualmente,137730
65.0,2024/03/18,La Serena,Robo,,10.0,,40.0,ERROR,,141388
66.0,Apr-27-2025,Montepatria,Accidente,Rural,8.0,Alta,17.0,TMP-001,sin validar,740884
67.0,Sep-07-2025,LaSerena,Robo,,8.0,,41.0,,ok,697991
68.0,09/01/2024,Coquimbo ,Accidente,centro,7.0,baja,45.0,ERROR,revisar,283866
69.0,2024/08/20,illapel,robo,,13.0,baja,48.0,TMP-001,,525577
70.0,06/01/2024,Ovalle,Hurto,NORTE,1.0,Media,26.0,TMP-001,sin validar,546469
71.0,,monte patria,Violencia,,3.0,Baja,51.0,,sin validar,276351
72.0,18/07/2025,OVALLE,Accidente,centro,3.0,baja,14.0,TMP-002,sin validar,647033
73.0,sin fecha,Ovalle,,,3.0,ALTA,54.0,TMP-002,revisar,9348
74.0,2025/05/06,Illapel,Hurto,Norte,1.0,baja,24.0,,ok,300557
75.0,,Illapel,Robo,Norte,18.0,,21.0,ERROR,dato ingresado manualmente,102348
76.0,2024-08-11,COQUIMBO,Accidente,Sur,12.0,Media,27.0,,,373360
77.0,2024-08-19,SALAMANCA,Robo,NORTE,,,35.0,TMP-001,dato ingresado manualmente,483307
78.0,sin fecha,monte patria,accidente,centro,10.0,Baja,57.0,,ok,150620
79.0,2025-07-03,Salamanca,Fraude,,4.0,Baja,36.0,,revisar,479240
80.0,Apr-27-2024,Monte Patria,Robo,,13.0,ALTA,48.0,ERROR,,691090
81.0,Oct-02-2024,COQUIMBO,Violencia,centro,8.0,Alta,28.0,,sin validar,44571
82.0,2025/07/18,coquimbo,Hurto,Rural,18.0,,32.0,ERROR,,657513
83.0,2024-11-01,Vicuña,,,5.0,ALTA,"25,0",,revisar,412162
84.0,Oct-20-2025,Monte Patria,,centro,19.0,,57.0,TMP-001,sin validar,479894
85.0,,VICUÑA,Accidente,NORTE,10.0,Alta,32.0,TMP-002,sin validar,109891
86.0,22/06/2025,monte patria,Accidente,NORTE,1.0,ALTA,33.0,ERROR,,437777
87.0,19/07/2024,OVALLE,Hurto,Sur,19.0,Baja,16.0,ERROR,dato ingresado manualmente,836873
88.0,2025/03/22,Montepatria,,NORTE,12.0,ALTA,67.0,TMP-002,,487370
89.0,2024/11/24,COQUIMBO,robo,centro,"7,0",Baja,43.0,ERROR,revisar,972611
90.0,2025/10/30,Illapel,Hurto,,15.0, Alta ,27.0,TMP-001,,81241
91.0,,ovalle,robo,Sur,"1,0",Baja,130.0,,,617609
92.0,2025/09/04,Ovalle,nan,Centro,2.0,,69.0,ERROR,sin validar,117615
93.0,Jan-21-2025,Illapel,Hurto,NORTE,4.0,ALTA,33.0,,,347832
94.0,Jul-27-2025,ovalle,Accidente,Norte,14.0,Baja,25.0,TMP-001,,323542
95.0,2025-07-12,monte patria,,Sur,5.0,baja,54.0,,dato ingresado manualmente,950303
96.0,2024-11-15,La Serena,Fraude,CENTRO,3.0,,19.0,ERROR,revisar,898346
97.0,18/01/2025,illapel,robo,NORTE,19.0,baja,48.0,TMP-002,,380136
98.0,,coquimbo,,centro,3.0,Baja,61.0,ERROR,revisar,686398
99.0,2024-08-30,Andacollo,Hurto,Norte,2.0,Media,22.0,TMP-001,ok,853175
100.0,2024-05-11,Vicuña,,centro,9.0,,17.0,TMP-001,revisar,165770
101.0,sin fecha,Montepatria,Hurto,Sur,13.0,,56.0,ERROR,revisar,491381
102.0,04/02/2024,LA SERENA,,,17.0,,69.0,,,475352
103.0,29/06/2025,Andacollo, Violencia ,Sur,10.0,baja,36.0,,sin validar,938283
104.0,,Illapel,Hurto,centro,14.0,ALTA,46.0,ERROR,dato ingresado manualmente,672774
105.0,,Ovalle,robo,centro,12.0,,58.0,ERROR,sin validar,381029
106.0,2024-11-21,SALAMANCA,Hurto,Rural,5.0,,57.0,,,436342
107.0,18/08/2025,illapel,,NORTE,11.0,Media,57.0,,,700919
108.0,2024-02-22,Salamanca,Hurto,NORTE,16.0,baja,51.0,TMP-002,ok,198354
109.0,,andacollo,Hurto,centro,17.0,baja,19.0,ERROR,sin validar,998057
110.0,08/08/2024,Monte Patria,Violencia,centro,3.0,,53.0,TMP-002,,556128
111.0,2024/05/27,Montepatria,Violencia,,16.0,BAJA,27.0,,sin validar,302570
112.0,2024/07/19,ovalle,Fraude,,1.0,Baja,17.0,TMP-002,,359309
113.0,2024-11-21,VICUÑA,robo,Centro,9.0,Alta,,,ok,463777
114.0,2024/04/10,LA SERENA,Violencia,Sur,18.0,Media,28.0,,ok,609435
115.0,18/04/2024,Coquimbo,Robo,NORTE,19.0,Alta,68.0,ERROR,ok,219209
116.0,20/02/2025,Salamanca,Hurto,Norte,14.0,Baja,21.0,TMP-001,sin validar,263438
117.0,sin fecha,OVALLE,Hurto,,17.0,baja,60.0,TMP-001,sin validar,425216
118.0,2025/04/07,Andacollo,,centro,1.0,,52.0,,revisar,287887
,2025-09-24,Illapel,robo,Rural,10.0,ALTA,,ERROR,,191628
120.0,2024-01-14,monte patria,Robo,Centro,1.0,baja,26.0,TMP-001,revisar,967156
121.0,Feb-16-2025,monte patria,Violencia,Centro,"5,0",Media,45.0,TMP-001,revisar,688338
122.0,Jan-19-2024,SALAMANCA,Accidente,NORTE,1.0,,34.0,ERROR,dato ingresado manualmente,327245
123.0,2024/03/09,coquimbo,robo,Rural,4.0,Baja,24.0,,dato ingresado manualmente,305731
124.0,2024/11/24,Coquimbo ,Robo,Centro,"6,0",Baja,37.0,,,902284
125.0,Mar-24-2024,COQUIMBO,,,"16,0",baja,65.0,,,670678
126.0,2024-09-15,SALAMANCA,,Rural,"-3,0",Media,39.0,TMP-002,ok,247036
127.0,sin fecha,LaSerena,Hurto,Rural,10.0,Media,61.0,TMP-001,dato ingresado manualmente,373412
128.0,22/12/2024,SALAMANCA,Fraude,centro,4.0,,14.0,TMP-001,sin validar,261177
129.0,Aug-16-2025,LaSerena,,Centro,"2,0",Media,61.0,TMP-002,dato ingresado manualmente,960299
130.0,2024/03/22,Coquimbo,,Sur,9.0,baja,21.0,TMP-001,ok,992207
131.0,,vicuna,robo,centro,6.0,baja,69.0,TMP-002,dato ingresado manualmente,459311
132.0,Mar-06-2024,Vicuña,,Rural,3.0,baja,,ERROR,sin validar,882516
133.0,2025/07/07,coquimbo,Robo,Centro,"18,0",Media,46.0,TMP-002,dato ingresado manualmente,151272
134.0,17/04/2024,La Serena,Hurto,centro,17.0,,63.0,TMP-002,revisar,248096
135.0,, Illapel ,Violencia,,16.0,baja,27.0,,,837434
136.0,2024-02-10,Illapel,Robo,Centro,,ALTA,37.0,,,226262
137.0,2024/06/06,la serena,robo,,2.0,Baja,43.0,,ok,554290
138.0,Jan-31-2024,VICUÑA,robo,Centro,8.0,Media,59.0,ERROR,,891973
139.0,Jul-28-2024,vicuna,Violencia,Centro,7.0,Alta,59.0,,,344939
140.0,28/11/2025,illapel,Violencia,,9.0,Baja,60.0,,,58530
141.0,2024-02-10,Coquimbo ,Fraude,Centro,19.0,baja,31.0,,sin validar,800195
142.0,2025-12-28,Coquimbo,,Rural,1.0,baja,14.0,TMP-001,ok,126460
143.0,13/06/2024,illapel,Hurto,Sur,3.0,ALTA,59.0,TMP-001,,381030
144.0,2024/10/27,SALAMANCA,,Sur,"9,0",,15.0,TMP-002,sin validar,331961
145.0,2024/01/24,LaSerena,Hurto,Rural,7.0,baja,58.0,ERROR,revisar,862652
146.0,23/09/2025,Andacollo,Accidente,Rural,19.0,baja,46.0,,sin validar,336422
147.0,26/06/2024,Ovalle,,Norte,15.0,ALTA,31.0,TMP-001,revisar,783106
148.0,2024-11-14,LaSerena,Fraude,Centro,9.0,Baja,53.0,,dato ingresado manualmente,667480
149.0,2024-06-29,andacollo,robo,NORTE,19.0,Baja,52.0,TMP-001,dato ingresado manualmente,133869
150.0,sin fecha,andacollo,Violencia,,12.0,Baja,49.0,ERROR,revisar,655097
151.0,Jan-02-2025,Serena,Robo,centro,16.0,,53.0,TMP-002,dato ingresado manualmente,819477
152.0,sin fecha,illapel,Fraude,Rural,16.0,,44.0,,,623036
153.0,Jun-03-2024,vicuna,Hurto,Rural,8.0,Baja,"61,0",TMP-001,,35034
154.0,Jul-28-2024,Monte Patria,Accidente,SUR,6.0,,33.0,TMP-002,,214873
155.0,Oct-14-2025,Ovalle,Robo,,11.0,Alta,32.0,ERROR,revisar,933913
156.0,2024/11/02,vicuna,Hurto,Sur,12.0,baja,40.0,TMP-001,,357544
157.0,Sep-18-2025,Montepatria,robo,Rural,6.0,Media,63.0,ERROR,,511537
158.0,, Vicuña ,Hurto,,"8,0",,"69,0",,dato ingresado manualmente,567755
159.0,2024/08/24,Ovalle,Hurto,NORTE,5.0,Alta,54.0,TMP-001,dato ingresado manualmente,97462
160.0,2025-01-21,Monte Patria,Violencia,NORTE,4.0,ALTA,41.0,ERROR,revisar,901040
161.0,Nov-22-2025,Illapel,robo,Sur,,Baja,48.0,TMP-002,sin validar,132309
162.0,2025-12-10,Ovalle,Fraude,CENTRO,10.0,ALTA,24.0,ERROR,,897730
163.0,02/06/2024,Coquimbo ,robo,Norte,5.0,,64.0,ERROR,revisar,238666
164.0,,Montepatria,robo,NORTE,14.0,Media,37.0,ERROR,,972060
165.0,sin fecha,Coquimbo ,Accidente,Rural,8.0,ALTA,"25,0",ERROR,,542709
166.0,2025-06-29,andacollo,Violencia,,,Baja,56.0,,,280367
167.0,2024/11/20,LA SERENA,Violencia,centro,16.0,Alta,22.0,ERROR,,430519
168.0,22/08/2025,COQUIMBO,FRAUDE,,3.0,,24.0,TMP-002,dato ingresado manualmente,377280
169.0,28/07/2024,Andacollo,robo,,,Media,57.0,TMP-002,revisar,800047
170.0,07/10/2024,monte patria,,Norte,4.0,baja,53.0,ERROR,revisar,841262
171.0,Jun-22-2025,LA SERENA,robo,Centro,2.0,baja,53.0,,dato ingresado manualmente,929651
172.0,2025-01-09,andacollo,Fraude,Sur,-3.0,ALTA,18.0,,,923856
173.0,2024-02-02,SALAMANCA,,,7.0,Media,43.0,TMP-001,ok,533117
174.0,30/10/2025,coquimbo,,Centro,19.0,Baja,26.0,ERROR,revisar,909480
175.0,2025/01/18,VICUÑA,robo,Norte,10.0,,42.0,,dato ingresado manualmente,863484
176.0,14/10/2024,Serena,robo,,4.0,ALTA,59.0,ERROR,sin validar,680020
177.0,2025-01-08,Andacollo,,centro,9.0,,52.0,,sin validar,848997
178.0,29/11/2025,COQUIMBO,Violencia,NORTE,8.0,Baja,63.0,TMP-002,,471848
,2024-06-30,Vicuña,Hurto,Sur,12.0,Media,43.0,,,482977
180.0,Sep-14-2025,Andacollo,Fraude,NORTE,9.0,baja,41.0,,,823804
181.0,02/06/2024,COQUIMBO,,,19.0,baja,38.0,,revisar,743162
182.0,2025/07/16,SALAMANCA,Accidente,Rural,,Baja,50.0,TMP-002,revisar,899855
183.0,09/06/2024,Coquimbo,Violencia,Norte,19.0,,32.0,TMP-001,ok,547892
184.0,2025-12-14,VICUÑA,Accidente,Norte,14.0,,38.0,ERROR,revisar,382193
185.0,2024-01-14,monte patria,NAN,Sur,"6,0",ALTA,31.0,ERROR,,72622
186.0,2024-10-04,illapel,Hurto,Sur,8.0,ALTA,51.0,,revisar,974117
187.0,15/11/2024,Monte Patria,Fraude,Norte,18.0,,33.0,TMP-001,revisar,716590
188.0,09/12/2025,Serena,,Norte,4.0,Alta,27.0,TMP-002,revisar,381539
,2025-03-16,Coquimbo,Fraude,Sur,nan,Media,41.0,TMP-001,revisar,176050
190.0,Apr-19-2024,Illapel,Robo,,0.0,,,TMP-001,ok,264400
191.0,25/11/2024,LaSerena,robo,Centro,16.0,Baja,"63,0",TMP-002,ok,213882
192.0,Mar-27-2025,ovalle,Robo,Sur,18.0,ALTA,60.0,,ok,389132
193.0,15/05/2025,ovalle,robo,Norte,5.0,Media,54.0,ERROR,,600955
,2025-05-29,coquimbo,robo,Sur,16.0,ALTA,42.0,,,845153
195.0,2024-11-11,La Serena,robo,,10.0,Alta,"36,0",TMP-002,revisar,579773
196.0,2025/02/18,Coquimbo ,Accidente,,4.0,Baja,"15,0",,ok,944403
197.0,2025-10-16,ovalle,,Sur,5.0,,35.0,TMP-002,sin validar,364375
198.0,2025-04-24,Illapel,robo,Norte,2.0,Media,16.0,TMP-002,sin validar,620692
199.0,Jun-15-2025,Coquimbo,Robo,NORTE,2.0, Baja ,26.0,TMP-001,,737523
200.0,09/11/2025,VICUÑA,Fraude,,,,36.0,,ok,491059
201.0,Sep-30-2025,Coquimbo ,Violencia,Centro,17.0,,35.0,ERROR,,315034
202.0,,LaSerena,robo,NORTE,13.0,Baja,14.0,,sin validar,329985
203.0,12/12/2025,la serena,Accidente,NORTE,4.0,Baja,68.0,,,32017
204.0,Oct-07-2024,ovalle,Hurto,,7.0,,16.0,TMP-002,ok,612133
205.0,2024-11-20,LA SERENA,,NORTE,12.0,,17.0,,sin validar,332384
206.0,,Illapel,Accidente,Norte,12.0,Baja,54.0,TMP-001,dato ingresado manualmente,33269
207.0,16/12/2025,LaSerena,, centro ,17.0,,16.0,TMP-002,revisar,903187
208.0,Sep-21-2024,andacollo,Robo,Rural,3.0,Baja,19.0,ERROR,,225053
209.0,2025-10-10,Montepatria,,centro,9.0,,43.0,ERROR,,298867
210.0,sin fecha,SALAMANCA,robo,Centro,4.0,Alta,61.0,,,974357
211.0,28/02/2025,illapel,Hurto,NORTE,7.0,baja,21.0,,,41118
212.0,Jul-02-2025,andacollo,Robo,Sur,"17,0",Alta,69.0,,,634157
213.0,Jul-05-2025,COQUIMBO,Violencia,Centro,4.0,Alta,60.0,ERROR,revisar,553183
214.0,2025-05-23,SALAMANCA,Violencia,NORTE,12.0,Baja,68.0,,sin validar,902206
215.0,2024/03/17,SALAMANCA,robo,NORTE,2.0,Baja,58.0,,revisar,729697
216.0,Jan-22-2024,illapel,Robo,,19.0,baja,17.0,,sin validar,425395
217.0,30/03/2024,LA SERENA,Hurto,Centro,18.0,ALTA,37.0,ERROR,dato ingresado manualmente,116657
218.0,2024-11-28,Serena,Hurto,NORTE,16.0,,53.0,,revisar,921601
219.0,2024-11-28,la serena,Fraude,Sur,12.0,Media,38.0,TMP-001,ok,716091
220.0,Sep-28-2024,LA SERENA,Hurto, centro ,16.0,ALTA,46.0,,,806354
221.0,2025/02/07,Montepatria,ACCIDENTE,Norte,3.0,Baja,40.0,,sin validar,97919
222.0,,coquimbo,Accidente,Norte,15.0,,36.0,ERROR,,307630
223.0,,SALAMANCA,robo,Norte,,ALTA,67.0,,sin validar,39495
224.0,Dec-05-2025,LA SERENA,,,1.0,baja,,,ok,447518
225.0,,Salamanca,Accidente,Centro,"15,0",Baja,26.0,,,488084
226.0,sin fecha,monte patria,robo,centro,19.0,ALTA,35.0,TMP-002,dato ingresado manualmente,835677
227.0,26/02/2025,Coquimbo,,Centro,"16,0",,32.0,ERROR,revisar,284947
228.0,2025/11/14,Vicuña,FRAUDE,,9.0,ALTA,54.0,,ok,409873
229.0,Nov-18-2024,Salamanca,Violencia,centro,,,"55,0",,ok,73331
230.0,2024-11-03,LaSerena,Violencia,Centro,1.0,Media,57.0,,ok,226832
231.0,2025/12/05,laserena,Fraude,NORTE,17.0,Baja,63.0,,dato ingresado manualmente,249093
232.0,2025/02/10,LA SERENA,Fraude,Centro,13.0,Media,60.0,,,929187
233.0,01/05/2024,Salamanca,Hurto,Norte,1.0,ALTA,"37,0",TMP-002,ok,668078
234.0,26/12/2024,Serena,Fraude,Norte,5.0, baja ,22.0,,ok,902082
235.0,11/02/2025,Illapel,,Norte,14.0,ALTA,69.0,,revisar,739648
236.0,Nov-06-2025,Serena,Robo,Sur,4.0,,36.0,,ok,980653
237.0,,SALAMANCA,Fraude,Sur,5.0,,34.0,TMP-002,sin validar,234916
238.0,2025-09-29,LaSerena,Hurto,,6.0,Alta,24.0,ERROR,,664385
239.0,2025-09-08,coquimbo,Accidente,Norte,9.0,ALTA,20.0,,sin validar,906950
240.0,Aug-22-2025,OVALLE,Fraude,NORTE,7.0,,64.0,TMP-001,sin validar,344328
241.0,Jan-15-2025,vicuna,,,1.0,baja,18.0,TMP-001,,233988
242.0,2025/01/15,LaSerena,Fraude,Norte,8.0,baja,50.0,TMP-001,dato ingresado manualmente,942491
243.0,,Salamanca,Robo,Rural,7.0,Media,45.0,TMP-002,,75185
244.0,sin fecha,Vicuña,Hurto,,8.0,ALTA,42.0,ERROR,revisar,116587
245.0,sin fecha,OVALLE,accidente,Sur,1.0,,15.0,ERROR,dato ingresado manualmente,153375
246.0,2025/06/04,Coquimbo ,,Centro,16.0,Media,,TMP-001,,968156
247.0,,Ovalle,Accidente,NORTE,19.0,ALTA,65.0,TMP-001,dato ingresado manualmente,298363
248.0,,ovalle,  ,Centro,5.0,Alta,41.0,ERROR,,144397
249.0,,LaSerena,Hurto,Sur,15.0,Baja,24.0,,sin validar,729796
250.0,2024-04-30,Coquimbo,robo,,19.0,Alta,66.0,,sin validar,126827
251.0,20/01/2024,LaSerena,Robo,Norte,10.0,Media,32.0,,sin validar,677694
252.0,2024-04-05,La Serena,Hurto,NORTE,9.0,Baja,51.0,TMP-002,dato ingresado manualmente,448903
253.0,2024/12/28,Andacollo,Robo,centro,,baja,48.0,,revisar,337874
254.0,2024/08/18,Serena,Hurto,NORTE,0.0,,20.0,TMP-002,revisar,580871
255.0,29/03/2025,Serena,Accidente,centro,1.0,Media,63.0,,sin validar,502080
256.0,2025-03-19,illapel,accidente,,4.0,,29.0,ERROR,ok,88983
257.0,2024-05-08,andacollo,Fraude,NORTE,6.0,Media,48.0,,,588014
258.0,Sep-14-2025,coquimbo,robo,Sur,16.0,Media,67.0,TMP-001,sin validar,372281
259.0,2024-08-21,Coquimbo,,Sur,11.0,ALTA,16.0,,,181177
260.0,,ovalle,Fraude,Rural,16.0,ALTA,66.0,TMP-001,,118016
261.0,2024-09-28,coquimbo,Robo,Rural,9.0,Baja,41.0,,,106999
262.0,2025/02/05,Andacollo,Fraude,NORTE,8.0,Media,54.0,TMP-001,dato ingresado manualmente,712498
263.0,06/12/2024,coquimbo,Fraude,Norte,1.0,,30.0,,revisar,697009
264.0,Dec-14-2024,vicuna,robo,Rural,10.0,,31.0,ERROR,,834150
265.0,26/05/2024,Ovalle,,Centro,1.0,Media,20.0,TMP-002,,804000
266.0,,Illapel,,Sur,9.0,ALTA,,TMP-001,revisar,216727
267.0,sin fecha,La Serena,violencia,Rural,17.0,,"28,0",,revisar,38093
268.0,May-24-2025,Monte Patria,Accidente,NORTE,18.0,ALTA,49.0,TMP-001,,645505
269.0,13/07/2024,ovalle,Accidente,Centro,11.0,,15.0,TMP-002,,898756
270.0,,OVALLE,Accidente,centro,19.0,Alta,"30,0",TMP-001,dato ingresado manualmente,994708
271.0,,COQUIMBO,Violencia,NORTE,7.0,ALTA,68.0,TMP-001,,222044
272.0,2025/11/15,SALAMANCA,Violencia,Sur,"16,0",Baja,69.0,TMP-002,revisar,271346
273.0,11/01/2024,montepatria,Accidente,Rural,17.0,,nan,ERROR,sin validar,115725
274.0,Jul-03-2024,la serena,fraude,Sur,15.0,Media,24.0,TMP-002,,390351
275.0,2025/08/03,Illapel,,SUR,"18,0",Baja,30.0,ERROR,revisar,526451
276.0,2024/01/11,La Serena,Violencia,Rural,7.0,ALTA,56.0,TMP-002,sin validar,449716
277.0,Feb-27-2025,illapel,Robo,Centro,4.0,Media,22.0,TMP-001,,645813
278.0,18/08/2025,La Serena,,Centro,7.0,Alta,68.0,,,502226
279.0,2024/08/20,coquimbo,Violencia,centro,15.0,ALTA,15.0,,revisar,316019
280.0,09/04/2025,Monte Patria,Accidente,,13.0,Media,25.0,,ok,163144
,2024-02-08,vicuna, robo ,NORTE,18.0,baja,61.0,TMP-002,,118325
282.0,,OVALLE,robo,sur,7.0,Baja,43.0,,dato ingresado manualmente,356896
283.0,2024/06/10,VICUÑA,Accidente,Norte,6.0,Baja,19.0,TMP-001,,308758
284.0,2025-10-06,illapel,Robo,Centro,5.0,baja,19.0,,sin validar,577865
285.0,2024-05-24,SALAMANCA,,Rural,1.0,baja,57.0,TMP-002,sin validar,996686
286.0,2024-06-06,ovalle,Fraude,Norte,4.0,Alta,"15,0",ERROR,,708169
287.0,Jul-29-2024,Illapel,,Centro,3.0,Baja,55.0,,,884393
288.0,2024/08/15,Salamanca,Hurto,,1.0,baja,38.0,,revisar,118762
289.0,2025-05-30,LA SERENA,Accidente,RURAL,7.0,Alta,"52,0",TMP-002,revisar,537197
290.0,Aug-06-2024,Serena,Robo,Sur,15.0,baja,,ERROR,sin validar,300721
291.0,,Montepatria,Violencia,NORTE,6.0,,67.0,,,70776
292.0,Dec-22-2025,serena,robo,Rural,17.0,,42.0,TMP-002,,544337
293.0,2024-12-05,LaSerena,,Rural,1.0,,37.0,TMP-002,ok,940352
294.0,2024-06-13,Andacollo, Violencia ,Norte,8.0,baja,47.0,,dato ingresado manualmente,288793
295.0,2024-11-01,Coquimbo,Violencia, Sur ,12.0,baja,16.0,,ok,517325
296.0,2025-06-09,Coquimbo,,Sur,2.0,Alta,40.0,TMP-001,ok,389137
297.0,2024/12/31,LaSerena,Hurto,Sur,6.0,,33.0,ERROR,sin validar,115817
,Jun-07-2025,Coquimbo,Robo,Norte,17.0,Baja,30.0,,ok,929175
299.0,06/11/2024,LaSerena,Robo,Norte,5.0,Alta,59.0,,revisar,334540
300.0,sin fecha,monte patria,Accidente,Centro,2.0,,56.0,,dato ingresado manualmente,242826
301.0,Dec-25-2024,SALAMANCA,Fraude,,2.0,Baja,62.0,,ok,31429
302.0,Mar-05-2025,Andacollo,Accidente,Norte,2.0,ALTA,58.0,,dato ingresado manualmente,237310
303.0,2024/06/29,ovalle,,,15.0,Alta,69.0,TMP-001,sin validar,654781
304.0,16/08/2025,ovalle,robo,Rural,2.0,ALTA,47.0,TMP-001,revisar,206786
305.0,Nov-06-2025,la serena,Accidente,centro,13.0,baja,42.0,,revisar,692019
306.0,20/06/2024,Salamanca,Violencia,Rural,19.0,Baja,30.0,,revisar,316945
307.0,Apr-10-2024,illapel,,Sur,1.0,Alta,51.0,TMP-001,,930584
308.0,Jul-29-2025,LaSerena,robo,,"11,0",Media,31.0,,,30716
309.0,2024/07/12,LaSerena,Violencia,Centro,12.0,,55.0,ERROR,,366265
310.0,,illapel,Hurto,,9.0,,16.0,,,295666
311.0,2024/07/08,LA SERENA,,NORTE,12.0,,50.0,,dato ingresado manualmente,577682
312.0,Feb-06-2025,Ovalle,Robo,Sur,17.0,,22.0,,revisar,305324
313.0,04/07/2025,VICUÑA,Violencia,,17.0,ALTA,53.0,ERROR,revisar,919850
314.0,2024-09-11,vicuna,Robo,Norte,15.0,Alta,60.0,,,237792
315.0,21/01/2025,Coquimbo,,NORTE,9.0,Baja,43.0,,revisar,983929
316.0,2025/06/13,La Serena,Violencia,centro,14.0,,39.0,TMP-001,dato ingresado manualmente,506578
317.0,Jul-02-2024,La Serena,Violencia,Centro,13.0,Alta,51.0,TMP-001,sin validar,355643
318.0,04/08/2025,Vicuña,Violencia,Norte,12.0,Alta,35.0,,dato ingresado manualmente,857506
319.0,2025-06-19,coquimbo,Accidente,Norte,8.0,Alta,"56,0",TMP-001,dato ingresado manualmente,106953
320.0,,vicuna,Robo,NORTE,6.0,alta,33.0,TMP-002,dato ingresado manualmente,576204
321.0,,Andacollo,Robo,Centro,8.0,Alta,64.0,ERROR,revisar,695359
322.0,28/12/2024,Salamanca,Robo,Sur,1.0,Baja,37.0,TMP-001,dato ingresado manualmente,270503
323.0,Nov-23-2025,ovalle,,,10.0,,22.0,ERROR,revisar,263660
324.0,25/07/2025,LaSerena,Robo,,3.0,Media,16.0,ERROR,sin validar,159376
325.0,2024/02/02,Vicuña,Accidente,centro,9.0,,19.0,ERROR,sin validar,517207
326.0,Jun-21-2025,La Serena,Hurto,Centro,7.0,Alta,54.0,TMP-001,dato ingresado manualmente,841261
327.0,2024/05/27,Andacollo,Accidente,Norte,19.0,baja,14.0,TMP-002,ok,783739
328.0,2025/02/23,monte patria,Robo, Sur ,9.0,Media,16.0,,dato ingresado manualmente,739815
329.0,2024-08-17,illapel,robo,Rural,7.0,Baja,24.0,TMP-002,ok,352199
,21/09/2025,illapel,accidente,Rural,5.0,Alta,25.0,TMP-002,,773237
331.0,2024-09-19,LA SERENA,Accidente,NORTE,1.0,Media,43.0,,,921399
332.0,Jul-20-2025,monte patria,,NORTE,1.0,Baja,42.0,,ok,953186
333.0,08/01/2024,Vicuña,Robo,Sur,11.0,ALTA,53.0,,revisar,885330
334.0,2025/09/08,Coquimbo,robo,NORTE,15.0,Alta,36.0,,sin validar,526362
335.0,14/12/2025,COQUIMBO,Hurto,Centro,11.0,Baja,55.0,TMP-002,,266515
336.0,12/11/2025,Salamanca,Accidente,Norte,7.0,Baja,65.0,,,877559
337.0,03/06/2024,Illapel,Accidente,centro,2.0,Alta,51.0,,ok,790480
338.0,2024-11-20,Montepatria,Violencia,NORTE,19.0,Baja,39.0,TMP-001,,909631
339.0,2024-07-13,Monte Patria,,Sur,19.0,baja,,TMP-002,ok,330432
340.0,2024-11-29,LA SERENA,robo,Rural,18.0,,"48,0",TMP-001,,641215
341.0,Apr-24-2024,OVALLE,Fraude,NORTE,,baja,"68,0",TMP-001,dato ingresado manualmente,776025
342.0,29/04/2024,Coquimbo,robo,Centro,1.0,baja,62.0,,,252635
343.0,2025-08-06,LA SERENA,Robo,,16.0,,"14,0",TMP-002,ok,795331
344.0,2025-06-09,la serena,,centro,"17,0",,41.0,,,745311
345.0,,Salamanca,Hurto,Sur,4.0,,"58,0",ERROR,dato ingresado manualmente,721396
346.0,2025-02-16,SALAMANCA,,,7.0,ALTA,20.0,,revisar,546082
347.0,2024/08/31,Ovalle,,NORTE,4.0,baja,17.0,ERROR,,948614
,2024/12/24,SALAMANCA,,,16.0,Alta,nan,,dato ingresado manualmente,13128
349.0,,Ovalle,Hurto,Rural,13.0,baja,20.0,,revisar,166431
350.0,2024-04-08,Serena,,centro,11.0,Media,24.0,,,734516
351.0,2025-05-21,VICUÑA,Violencia,,14.0,ALTA,14.0,TMP-002,,834464
352.0,06/06/2024,Serena,Fraude,Rural,"16,0",,19.0,ERROR,,79401
353.0,23/08/2024,coquimbo,Violencia,centro,7.0,ALTA,,TMP-002,ok,610628
354.0,27/10/2024,Salamanca,Fraude,Centro,15.0,nan,,,revisar,178840
355.0,,Vicuña,Violencia,Rural,5.0,ALTA,,,dato ingresado manualmente,208975
356.0,Sep-15-2025,LaSerena,Violencia,Sur,2.0,ALTA,41.0,ERROR,,519930
357.0,2025/10/17,vicuna,,centro,,baja,55.0,,revisar,686131
358.0,,Montepatria,Hurto,Centro,3.0,Baja,23.0,,dato ingresado manualmente,971238
359.0,2025/09/26,COQUIMBO,Fraude,,"3,0",Baja,"20,0",ERROR,,943298
360.0,2025/10/26,Coquimbo,Violencia,NORTE,19.0,Media,25.0,,revisar,115131
361.0,,LA SERENA,,NORTE,14.0,BAJA,18.0,,,661211
362.0,21/09/2024,SALAMANCA,Violencia,,19.0,Media,21.0,,ok,194237
363.0,Dec-27-2025,OVALLE,Fraude,Sur,3.0,Media,34.0,TMP-002,,799554
364.0,2025-12-05,la serena,Violencia,Centro,14.0,ALTA,44.0,ERROR,,877569
365.0,2024-10-07,LaSerena,Violencia,Norte,9.0,,49.0,ERROR,,737526
366.0,Aug-08-2025,andacollo,Robo,Norte,2.0,ALTA,,,ok,357999
367.0,sin fecha,COQUIMBO,Violencia,NORTE,19.0,,37.0,,,82342
368.0,sin fecha,coquimbo,,Rural,4.0,Media,57.0,,sin validar,31854
369.0,Oct-13-2024,coquimbo,Violencia,centro,3.0,ALTA,42.0,,revisar,697554
370.0,2025/08/18,ovalle,Accidente,Rural,7.0,baja,53.0,,,570149
371.0,2025/08/25,Coquimbo ,Robo,Centro,18.0,ALTA,34.0,ERROR,revisar,988003
372.0,05/05/2024,La Serena,Hurto,Norte,5.0,MEDIA,"51,0",TMP-002,,957617
373.0,sin fecha,Monte Patria,Violencia,Norte,18.0,,39.0,,,325997
374.0,Dec-25-2025,La Serena,Accidente,centro,12.0,Baja,45.0,TMP-002,,852534
375.0,2024/04/14,LA SERENA,robo,Norte,5.0,baja,16.0,ERROR,dato ingresado manualmente,919405
,2025/02/23,Serena,Fraude,NORTE,10.0,baja,29.0,TMP-002,,641459
377.0,sin fecha,coquimbo,Hurto,centro,6.0,baja,60.0,ERROR,ok,711867
378.0,2024-01-13,OVALLE,Hurto,centro,7.0,,30.0,TMP-002,sin validar,796994
379.0,2025-02-11,Coquimbo,Robo,Rural,18.0,Alta,28.0,ERROR,revisar,133014
,2025-07-04,La Serena,,Centro,15.0,Baja,-1.0,TMP-001,sin validar,699666
381.0,28/03/2025,OVALLE,robo,Centro,5.0,Baja,18.0,,dato ingresado manualmente,752210
382.0,,ovalle,Violencia,Rural,18.0,Media,20.0,ERROR,ok,269152
383.0,2024-03-07,Illapel,Violencia,Centro,16.0,,35.0,,sin validar,214702
384.0,08/11/2024,Coquimbo,Violencia,,5.0,,30.0,TMP-001,dato ingresado manualmente,512903
385.0,Jul-20-2025,Ovalle,FRAUDE,Sur,8.0,Baja,28.0,,revisar,523177
386.0,07/10/2025,VICUÑA,Robo,Sur,15.0,baja,64.0,TMP-002,ok,438209
387.0,2024/07/28,LA SERENA,Hurto,Centro,,Alta,38.0,,revisar,798736
388.0,,Coquimbo,Hurto,Rural,"4,0",,66.0,,ok,338773
389.0,sin fecha,Serena,robo,Centro,4.0,Alta,58.0,TMP-002,sin validar,946497
,sin fecha,illapel,Robo,rural,7.0,,41.0,,revisar,126864
391.0,2024/05/17,Ovalle,Fraude,NORTE,17.0,Baja,26.0,,dato ingresado manualmente,455026
392.0,06/04/2024,Andacollo,Violencia,NORTE,8.0,,44.0,ERROR,ok,77883
393.0,Jun-10-2024,coquimbo,robo,Sur,3.0,Media,59.0,,dato ingresado manualmente,101001
394.0,16/11/2024,Ovalle,robo,Rural,11.0,Media,28.0,TMP-001,dato ingresado manualmente,462150
395.0,sin fecha,vicuna,Violencia,,1.0,baja,51.0,ERROR,,488935
396.0,,Coquimbo,robo,NORTE,11.0,Media,21.0,TMP-002,dato ingresado manualmente,741711
397.0,2025/01/24,ovalle,Robo,Centro,,Media,50.0,TMP-002,dato ingresado manualmente,609440
398.0,2025/12/27,la serena,Hurto,Rural,9.0,Baja,63.0,ERROR,sin validar,350853
399.0,05/04/2024,Montepatria,Accidente,Rural,,baja,17.0,TMP-002,ok,396630
400.0,2024-04-22,LA SERENA,Fraude,Norte,11.0,Media,43.0,TMP-002,,666384
401.0,2024/11/25,LaSerena,Fraude,Norte,9.0,baja,19.0,TMP-002,ok,9633
402.0,sin fecha,Illapel,Accidente,Norte,17.0,ALTA,36.0,TMP-001,revisar,105246
403.0,21/06/2024,la serena,Accidente,Centro,14.0,nan,48.0,TMP-002,ok,493200
404.0,2024/07/04,SALAMANCA,fraude,Rural,5.0,,38.0,,revisar,286503
405.0,sin fecha, Ovalle ,Robo,Rural,17.0,Alta,"52,0",,sin validar,421127
406.0,,Monte Patria,,Centro,5.0,baja,31.0,ERROR,ok,725229
407.0,28/03/2024,andacollo,Fraude,Norte,1.0,ALTA,"46,0",ERROR,,95304
408.0,2025/06/25,COQUIMBO,Robo,Norte,9.0,baja,22.0,,,561610
409.0,2025/01/02,LA SERENA,Hurto,centro,10.0,,64.0,,,792836
410.0,22/09/2025,coquimbo,,,19.0,Alta,22.0,ERROR,revisar,184858
411.0,2024-02-12,Ovalle,Violencia,,12.0, ALTA ,35.0,TMP-002,ok,615601
412.0,May-26-2024,Ovalle,,NORTE,6.0,ALTA,46.0,TMP-001,,593004
413.0,Apr-04-2025,Ovalle,Accidente,,15.0,baja,20.0,ERROR,,620888
414.0,02/06/2024,COQUIMBO,,centro,,ALTA,19.0,TMP-001,revisar,588812
415.0,2025-10-15,Serena,robo,NORTE,1.0,Baja,44.0,,dato ingresado manualmente,391100
416.0,2025-08-04,Serena,Violencia,NORTE,7.0,Alta,61.0,,ok,474151
417.0,2025-10-07,COQUIMBO,,Norte,12.0,ALTA,"28,0",,revisar,468246
418.0,2024/05/03,Vicuña, Robo ,Rural,8.0,Baja,66.0,,sin validar,954346
419.0,2025-01-25,Coquimbo,robo,Sur,"9,0",ALTA,14.0,,dato ingresado manualmente,954910
420.0,Feb-20-2024, andacollo ,Fraude,centro,13.0,Media,69.0,TMP-001,sin validar,467947
421.0,03/02/2025,coquimbo,robo,Centro,,Media,59.0,ERROR,revisar,386593
422.0,Oct-21-2024,MONTE PATRIA, Accidente ,Centro,10.0,,56.0,TMP-002,sin validar,369032
423.0,2024/01/29,monte patria,Robo,centro,19.0,Media,67.0,TMP-002,,26236
424.0,11/05/2025,La Serena,robo,,17.0,Media,14.0,,revisar,575459
425.0,2024-02-15,la serena,Hurto,CENTRO,10.0,,46.0,,sin validar,242536
426.0,,la serena,Robo,Norte,2.0,,35.0,TMP-002,dato ingresado manualmente,165582
427.0,10/10/2025,Montepatria,Robo,NORTE,2.0,baja,60.0,TMP-002,,669014
428.0,sin fecha,coquimbo,,Norte,16.0,Alta,58.0,,,127997
429.0,sin fecha,SALAMANCA,Accidente,,4.0,ALTA,55.0,ERROR,dato ingresado manualmente,83575
430.0,sin fecha,Montepatria,Violencia,Sur,,ALTA,5.0,TMP-002,revisar,735421
431.0,sin fecha,La Serena,robo,Rural,7.0,Media,68.0,,,907776
432.0,13/06/2025,Illapel,Violencia,Sur,15.0,,24.0,,,921828
433.0,2024/04/25,COQUIMBO,robo,NORTE,13.0,ALTA,30.0,ERROR,,526281
434.0,2025-05-17,LaSerena,Hurto,centro,5.0,ALTA,"69,0",,,980110
435.0,Sep-24-2024,Illapel,Hurto,centro,3.0,ALTA,34.0,TMP-001,revisar,426732
436.0,,illapel,Accidente,,4.0,,29.0,,,187530
437.0,Jul-21-2024,Coquimbo ,Hurto,NORTE,10.0,ALTA,16.0,TMP-001,revisar,604627
438.0,07/02/2025,Monte Patria,Accidente,NORTE,8.0,Media,30.0,TMP-001,revisar,806242
439.0,sin fecha,Illapel,Fraude,Norte,13.0,,56.0,,dato ingresado manualmente,872312
440.0,Jul-12-2024,coquimbo,robo,Centro,5.0,baja,52.0,TMP-002,ok,980869
441.0,11/05/2025,COQUIMBO,Robo,NORTE,9.0,,63.0,,dato ingresado manualmente,298883
442.0,22/07/2024,La Serena,robo,Sur,4.0,,"31,0",TMP-001,ok,411690
443.0,sin fecha,Monte Patria,Hurto,Norte,6.0,,38.0,ERROR,,708820
,2024/12/19,la serena,Violencia,Sur,12.0,Alta,,,sin validar,636966
445.0,2024/11/09,Montepatria,Accidente,Centro,18.0,Media,40.0,,,152956
446.0,2025/11/06,andacollo,Hurto,,2.0,,24.0,,revisar,668629
447.0,2025/04/23,Coquimbo ,,Centro,17.0,Media,,,dato ingresado manualmente,554893
448.0,Jul-06-2025,Montepatria,Accidente,Rural,3.0,Media,31.0,,ok,119383
449.0,2025-09-25,Serena,Accidente,Centro,3.0,Media,24.0,ERROR,revisar,375281
450.0,,Ovalle,Violencia,Sur,5.0,nan,,,dato ingresado manualmente,371632
451.0,2025/03/14,ILLAPEL,robo,Norte,,,15.0,TMP-002,revisar,99015
452.0,Nov-25-2024,andacollo,Accidente,Rural,11.0,Media,68.0,TMP-001,dato ingresado manualmente,831114
453.0,Sep-30-2024,Illapel,,Rural,10.0,baja,"40,0",ERROR,sin validar,394277
454.0,2024/03/18,Salamanca,Violencia,,11.0,ALTA,43.0,ERROR,,970906
455.0,sin fecha,Coquimbo ,Fraude,Sur,8.0,Baja,,,,751805
456.0,25/04/2025,La Serena,accidente,,14.0,ALTA,44.0,TMP-002,sin validar,458347
457.0,2025/03/09,SALAMANCA,Robo,centro,,ALTA,44.0,ERROR,ok,417915
458.0,22/11/2025,illapel,Accidente,NORTE,16.0,baja,65.0,,revisar,888665
459.0,2025/10/19,Coquimbo , Robo ,centro,14.0,,"27,0",TMP-001,,256922
460.0,Jul-06-2025,Andacollo,robo,NORTE,10.0,Alta,,ERROR,ok,360464
461.0,2025/02/24,coquimbo ,Violencia,Centro,12.0,ALTA,39.0,,sin validar,33134
462.0,2024/04/13,Vicuña,Violencia,Centro,18.0,baja,"43,0",,revisar,935610
463.0,2024-12-25,andacollo,robo,NORTE,17.0,Media,43.0,,revisar,139717
464.0,2024/05/11,LA SERENA,,Rural,7.0,baja,20.0,,sin validar,983894
465.0,,Serena,robo,Rural,3.0,Alta,25.0,,,700005
466.0,Apr-10-2024,OVALLE,Fraude,Centro,12.0,,19.0,ERROR,sin validar,379911
467.0,,coquimbo,Violencia,NORTE,12.0,,42.0,TMP-001,,605714
468.0,Oct-31-2025,vicuna,Accidente,Centro,17.0,,43.0,,ok,767414
469.0,2025-10-25,Illapel,Robo,NORTE,1.0,baja,52.0,TMP-001,sin validar,19133
470.0,2025-10-31,Serena,,Rural,1.0,MEDIA,14.0,TMP-002,,178304
471.0,2025-04-14,Andacollo,Hurto,Sur,2.0,BAJA,43.0,TMP-001,dato ingresado manualmente,186538
472.0,2024/12/13, COQUIMBO ,Hurto,NORTE,6.0,ALTA,57.0,,dato ingresado manualmente,37741
473.0,2024-09-03,LA SERENA,Hurto,NORTE,2.0,Media,-1.0,,,783071
474.0,2025-04-28,vicuna,  ,Rural,14.0,Alta,63.0,,sin validar,673530
475.0,2024-07-01,illapel,Fraude,Norte,18.0,,57.0,TMP-002,ok,276079
476.0,sin fecha,Illapel,Violencia,,13.0,baja,24.0,ERROR,,229887
477.0,Dec-05-2025,Salamanca,,Norte,4.0, Baja ,,TMP-002,sin validar,990845
478.0,2024/09/19,LA SERENA,,centro,"12,0",,40.0,ERROR,revisar,857100
479.0,Oct-22-2024,Monte Patria,Robo,NORTE,11.0,,14.0,TMP-001,dato ingresado manualmente,684701
480.0,2025-07-03,OVALLE,robo,Centro,12.0,ALTA,,ERROR,,973283
481.0,Apr-06-2025,LaSerena,robo,NORTE,19.0,baja,68.0,,dato ingresado manualmente,185591
482.0,2024/08/09,Coquimbo,robo,Sur,8.0,,39.0,ERROR,revisar,61196
483.0,Feb-10-2025,vicuna,Robo,RURAL,2.0,,15.0,ERROR,,802008
484.0,Aug-23-2024,Andacollo,robo,NORTE,8.0,Alta,47.0,,,694087
485.0,2024-04-29,ovalle,Accidente,Centro,5.0,Baja,63.0,,sin validar,340967
,sin fecha,Vicuña,Violencia,sur,18.0,Baja,,,revisar,598637
487.0,,la serena,,Rural,16.0,Baja,22.0,TMP-002,ok,782424
488.0,2024-08-06,salamanca,Robo,centro,12.0,,50.0,,ok,377605
489.0,2024/12/15,Monte Patria,Hurto,centro,14.0,,17.0,,revisar,797473
490.0,2024/05/20,illapel,Fraude,,9.0,Baja,28.0,,dato ingresado manualmente,300296
491.0,Mar-30-2025,Montepatria,Violencia,Centro,15.0,Baja,20.0,TMP-002,sin validar,769107
492.0,sin fecha,Vicuña,Fraude,NORTE,15.0,Alta,20.0,ERROR,dato ingresado manualmente,674600
493.0,2025-05-01,Salamanca,Fraude,centro,18.0,,42.0,TMP-002,sin validar,382913
,sin fecha,coquimbo,,Norte,6.0,ALTA,23.0,TMP-001,,730748
495.0,09/01/2024,OVALLE,Accidente,centro,1.0,,42.0,,sin validar,720480
496.0,Feb-14-2024,monte patria,,,6.0,baja,29.0,ERROR,,817554
497.0,26/07/2024,montepatria,Accidente,Centro,17.0,Alta,48.0,,dato ingresado manualmente,733472
498.0,10/09/2024,Ovalle,Hurto,NORTE,5.0,,52.0,,sin validar,830821
499.0,10/03/2024,LaSerena,Violencia,Centro,11.0,,69.0,TMP-002,,804681
500.0,2025/11/06,Ovalle,Fraude,Rural,,,20.0,,revisar,91905
501.0,,Illapel,Violencia,Rural,19.0,Alta,47.0,,dato ingresado manualmente,528208
502.0,2025/04/16,La Serena,,Rural,10.0,Media,"48,0",,,896160
503.0,22/02/2024,Ovalle,Violencia,Rural,19.0,Media,54.0,,,55927
504.0,2024-02-12,Serena,Fraude,,4.0,,57.0,,ok,513209
505.0,Aug-18-2024,Salamanca,robo,Rural,1.0,Baja,55.0,TMP-001,revisar,29419
506.0,Apr-30-2024,Serena,Accidente,NORTE,13.0, Alta ,34.0,TMP-001,sin validar,46698
507.0,,Coquimbo ,Fraude,Norte,11.0,Media,37.0,,,888472
508.0,12/01/2025,ovalle,Hurto,Centro,6.0,baja,24.0,TMP-001,,414570
509.0,23/07/2024,illapel,Robo,NORTE,2.0,Media,36.0,TMP-002,dato ingresado manualmente,899689
510.0,Apr-21-2025, Montepatria ,robo,,19.0,Baja,23.0,,ok,636298
,15/04/2025,LA SERENA,Hurto,Centro,11.0,,5.0,ERROR,ok,577360
512.0,Jul-15-2024,Ovalle,robo, Rural ,17.0,Alta,38.0,,sin validar,36380
513.0,Jan-30-2024,Salamanca,Accidente,,11.0,Baja,"44,0",,,539809
514.0,2025/09/29,monte patria,Violencia,centro,16.0,Media,16.0,ERROR,revisar,444142
515.0,2025/05/09,COQUIMBO,Accidente,centro,7.0,ALTA,34.0,ERROR,,513581
516.0,,Salamanca,,centro,10.0,Media,60.0,TMP-002,,960418
517.0,sin fecha,La Serena,,Sur,9.0,Alta,49.0,,ok,807771
,sin fecha,Salamanca, Hurto ,Sur,16.0,BAJA,,,sin validar,291468
519.0,2024/07/24,La Serena,Hurto,Rural,17.0,Media,41.0,,,342430
520.0,02/05/2024,LA SERENA,robo,Rural,18.0,Baja,42.0,TMP-002,revisar,511175
521.0,2025/07/14,monte patria,Robo,Norte,8.0,Media,33.0,,sin validar,177108
522.0,2025-11-07,Vicuña,Hurto,Centro,16.0,Media,58.0,ERROR,sin validar,86782
523.0,Dec-11-2025,COQUIMBO, Fraude ,,3.0,Baja,"39,0",TMP-001,revisar,615603
524.0,2024/04/13,Illapel,Fraude,norte,,baja,57.0,,revisar,161327
525.0,,la serena,Robo,,9.0,,35.0,,,942639
526.0,Jul-11-2025,LaSerena,Hurto,Sur,16.0,baja,30.0,ERROR,ok,111900
527.0,sin fecha,Montepatria,Fraude,centro,16.0,ALTA,58.0,ERROR,,982139
528.0,2025/12/07,andacollo,,Norte,19.0,baja,56.0,TMP-002,ok,825872
529.0,2024-02-18,coquimbo ,ACCIDENTE,Centro,15.0,,50.0,,dato ingresado manualmente,288361
530.0,2024/11/25,LA SERENA,,,16.0,Baja,50.0,TMP-002,,848449
531.0,,coquimbo,Robo,Sur,4.0,,46.0,,sin validar,994909
532.0,,Serena,Violencia,Sur,7.0,Baja,33.0,ERROR,,785085
533.0,2024-08-12,Monte Patria,,Sur,19.0,ALTA,"33,0",ERROR,sin validar,159475
534.0,2024-02-01,COQUIMBO,FRAUDE,Norte,19.0,Alta,17.0,,,633948
535.0,2025-07-12,LaSerena,Violencia,Rural,14.0,ALTA,65.0,TMP-002,sin validar,18655
536.0,sin fecha,LaSerena,Fraude,Sur,18.0,Baja,5.0,ERROR,ok,497837
537.0,18/02/2025,Coquimbo ,Violencia,Norte,6.0,Baja,27.0,TMP-001,ok,119055
538.0,Nov-19-2025,Illapel,Accidente,,16.0,Alta,33.0,ERROR,sin validar,114672
539.0,2024-11-14,Andacollo,Fraude,Norte,1.0,Alta,18.0,,dato ingresado manualmente,355169
540.0,Dec-25-2025,Salamanca,Hurto,Norte,19.0,Media,23.0,,revisar,385498
541.0,2024-07-04,ovalle,,,4.0,Alta,34.0,TMP-001,ok,743264
542.0,16/06/2025,illapel,Violencia,Centro,,,26.0,TMP-002,dato ingresado manualmente,273559
543.0,2025-08-05,LA SERENA,,Rural,,ALTA,24.0,TMP-001,,383523
544.0,May-30-2024,Montepatria,Robo,Centro,5.0,ALTA,52.0,TMP-002,ok,625656
545.0,Nov-10-2025,OVALLE,Robo,Sur,,Media,66.0,,,835824
546.0,2024-05-15,andacollo,robo,Rural,17.0,,58.0,,revisar,532092
547.0,2025-10-07,LaSerena, Accidente ,,13.0,Baja,50.0,,sin validar,359099
,10/08/2025,andacollo,robo,Sur,8.0,baja,60.0,TMP-002,sin validar,414547
549.0,,andacollo,Fraude,Centro,8.0,ALTA,19.0,,ok,481656
550.0,2024-08-12,LA SERENA,Fraude,Norte,7.0,Baja,59.0,,dato ingresado manualmente,801189
551.0,Nov-22-2025, andacollo ,Robo,Sur,9.0,,57.0,ERROR,,201313
552.0,Feb-16-2024,SALAMANCA,robo,,7.0,ALTA,37.0,,revisar,70890
553.0,2025/09/15,Montepatria,Fraude,Sur,4.0,Baja,36.0,,ok,447273
554.0,2024-05-06,LA SERENA,Robo,Centro,13.0,,66.0,TMP-002,revisar,853852
555.0,sin fecha,monte patria,robo,NORTE,5.0,ALTA,45.0,ERROR,sin validar,785440
556.0,2025/12/01,Coquimbo,Fraude,NORTE,11.0,ALTA,,,sin validar,630717
557.0,Jun-05-2025,LA SERENA,Hurto,NORTE,17.0,nan,31.0,TMP-002,ok,966969
558.0,,Serena,,Centro,16.0,Alta,48.0,TMP-002,,307262
559.0,2024-05-18,OVALLE,robo,Sur,7.0,Media,49.0,,,730365
560.0,,Serena,Robo,Sur,17.0,Media,55.0,TMP-002,,572133
561.0,29/07/2025,COQUIMBO,Robo,NORTE,9.0,ALTA,43.0,TMP-001,dato ingresado manualmente,980172
562.0,,LA SERENA,Hurto,Sur,"8,0",ALTA,51.0,TMP-001,sin validar,583397
563.0,Aug-19-2025,OVALLE,Violencia,centro,13.0, Alta ,32.0,TMP-002,,323349
,,Serena,Hurto,,17.0,,17.0,,dato ingresado manualmente,462747
565.0,,Montepatria, Accidente ,NORTE,12.0,baja,24.0,TMP-001,,193117
566.0,29/11/2025,Monte Patria,,centro,2.0,Baja,34.0,,sin validar,2079
567.0,Jan-04-2024,Ovalle,Hurto,NORTE,13.0,BAJA,15.0,TMP-001,sin validar,671140
568.0,2024-11-06,LASERENA,robo,Centro,1.0,Media,43.0,TMP-002,revisar,604868
569.0,Sep-17-2025,la serena,Violencia,centro,14.0,Media,65.0,,,153969
570.0,2024/08/07,Monte Patria,robo,Centro,9.0,Alta,64.0,,,226609
,2025-01-24,coquimbo,Hurto,Rural,5.0,Baja,35.0,TMP-002,revisar,862276
572.0,2025-06-27,Coquimbo,Violencia,centro,17.0,baja,21.0,TMP-001,ok,715419
573.0,sin fecha,Serena,Robo,NORTE,9.0,baja,34.0,,revisar,357449
574.0,2025-10-10,COQUIMBO,,rural,19.0,Media,nan,,,262488
575.0,Aug-01-2024,andacollo,robo,centro,13.0,baja,55.0,,,786660
576.0,2025-04-07,COQUIMBO,,Rural,2.0,Baja,59.0,ERROR,,531421
577.0,2025-05-18,Illapel,Hurto,Centro,14.0,,36.0,ERROR,ok,479810
578.0,,ovalle,Violencia,Norte,5.0,Media,64.0,,sin validar,759694
579.0,2025-07-06,LaSerena,Accidente,,1.0,baja,19.0,TMP-001,,813652
580.0,24/12/2025,OVALLE,Fraude,,2.0,Alta,60.0,ERROR,,468744
581.0,2025-08-15,OVALLE,Violencia,centro,18.0,,50.0,,sin validar,484775
582.0,2024/05/06,Monte Patria,Hurto,Centro,2.0,,49.0,,,829504
583.0,2024/02/10,illapel,Robo,centro,3.0,,67.0,TMP-002,dato ingresado manualmente,769922
584.0,2024/11/24,COQUIMBO,Violencia,Centro,11.0,Media,48.0,,dato ingresado manualmente,388842
585.0,20/05/2024,monte patria,Accidente,,17.0,Alta,15.0,,,269177
586.0,2025/05/23,La Serena,robo,Rural,7.0,baja,42.0,,sin validar,913936
587.0,,SALAMANCA,robo,centro,2.0,ALTA,69.0,,dato ingresado manualmente,367294
588.0,2024-09-08,ovalle,Accidente,Rural,1.0,,55.0,TMP-002,,658033
589.0,2024-03-30,Coquimbo,Violencia,norte,10.0,ALTA,45.0,ERROR,,594356
590.0,2025-12-29,COQUIMBO,robo,NORTE,2.0,,35.0,,revisar,174873
591.0,2024/03/23,SALAMANCA,Hurto,Centro,16.0,Baja,32.0,ERROR,ok,304969
592.0,,monte patria,Fraude,Sur,0.0,baja,50.0,,,352604
593.0,,la serena,Violencia,Sur,10.0,baja,47.0,,ok,668051
594.0,sin fecha,la serena,,Sur,8.0,Media,29.0,,ok,332666
595.0,2025-08-04,coquimbo,Hurto,Centro,4.0,Baja,43.0,,,124647
596.0,2025-09-05,Illapel,Violencia,centro,7.0,baja,"39,0",,sin validar,892056
597.0,Dec-10-2025,vicuña,Violencia,,8.0,ALTA,29.0,TMP-002,dato ingresado manualmente,748302
598.0,2024/04/30,vicuna,robo,centro,10.0,,52.0,ERROR,dato ingresado manualmente,290456
599.0,2024/07/19,coquimbo,Robo,NORTE,3.0,Baja,19.0,,dato ingresado manualmente,391421
,22/12/2024,Illapel,,,6.0,Alta,15.0,TMP-002,,697147
601.0,Apr-05-2025,Vicuña,Violencia,Centro,14.0,Baja,38.0,,dato ingresado manualmente,646946
602.0,,ovalle,Violencia,Centro,13.0,ALTA,48.0,ERROR,revisar,853638
603.0,17/03/2024,andacollo,robo,Rural,15.0,Media,35.0,,,107470
604.0,2024/08/30,coquimbo,Accidente,Rural,19.0,,67.0,TMP-002,ok,68155
605.0,2024/05/28,Andacollo,Accidente,Rural,,baja,20.0,TMP-001,dato ingresado manualmente,449444
606.0,2024-02-29,la serena,Violencia,Rural,"7,0",Media,52.0,,revisar,370014
607.0,2024-09-19,vicuna,Violencia,NORTE,16.0,ALTA,55.0,TMP-002,sin validar,795266
608.0,2025-07-25,Vicuña,Violencia,centro,,baja,25.0,,ok,707174
609.0,Jan-14-2025,VICUÑA,,Rural,"3,0",Media,47.0,ERROR,,259722
610.0,27/03/2024,la serena,robo,Rural,"1,0",,48.0,TMP-002,ok,891927
611.0,Aug-20-2025,LaSerena,Robo,NORTE,19.0,ALTA,33.0,ERROR,sin validar,124509
612.0,sin fecha,Vicuña,Hurto,,10.0,Media,21.0,TMP-002,,500432
613.0,,COQUIMBO,Accidente,CENTRO,8.0,Alta,40.0,TMP-002,sin validar,964770
,2025-01-09,OVALLE,Robo,Rural,18.0,Media,,TMP-002,ok,796835
615.0,14/09/2024,Coquimbo ,Hurto,,16.0,baja,,TMP-001,ok,17880
616.0,sin fecha,Vicuña,Robo,centro,15.0,,56.0,ERROR,dato ingresado manualmente,119158
617.0,Jun-28-2024,VICUÑA,,Rural,9.0,,,,revisar,736558
618.0,2025-10-10,monte patria,Robo,Sur,10.0,Media,21.0,TMP-002,,722592
619.0,2025/10/09,LA SERENA,,,6.0,ALTA,34.0,ERROR,,980167
620.0,Nov-05-2025,Illapel,,Rural,"17,0",,62.0,ERROR,,926381
621.0,Jul-01-2025,La Serena,,Rural,9.0,,,TMP-001,revisar,489673
622.0,2024-01-26,Ovalle,,rural,12.0,Alta,,TMP-001,,902084
623.0,2025/07/21,OVALLE,robo,centro,9.0,Alta,40.0,TMP-002,sin validar,761765
624.0,Jul-10-2025,coquimbo,hurto,Sur,7.0,,14.0,,sin validar,327843
625.0,2025/08/29,LaSerena,,centro,"13,0",Baja,15.0,,dato ingresado manualmente,419988
626.0,2024-05-12,monte patria,Hurto,Centro,3.0,Alta,64.0,,revisar,144781
627.0,27/07/2025,VICUÑA,Hurto,Centro,"18,0",Alta,52.0,ERROR,,900683
628.0,,La Serena,Violencia,centro,5.0,,20.0,TMP-002,ok,190209
629.0,,Andacollo,,Rural,14.0,ALTA,51.0,TMP-002,revisar,34484
630.0,2024/12/31,COQUIMBO,,Sur,19.0,baja,42.0,TMP-002,revisar,211214
631.0,Jan-02-2025,Monte Patria,Hurto,,2.0,Baja,5.0,,,108726
632.0,2025-02-15,Andacollo,Accidente,Sur,10.0,Media,"32,0",TMP-002,dato ingresado manualmente,136051
633.0,Dec-25-2024,COQUIMBO,,NORTE,"14,0",Baja,47.0,,dato ingresado manualmente,438885
634.0,Sep-26-2025,monte patria,,Sur,5.0,Media,23.0,,ok,275388
635.0,17/07/2024,Andacollo,Hurto,Norte,2.0,baja,57.0,,dato ingresado manualmente,767036
636.0,sin fecha,SALAMANCA,Robo,Sur,12.0,ALTA,54.0,,dato ingresado manualmente,434692
637.0,2024-03-07,ovalle,robo,NORTE,11.0,baja,40.0,,dato ingresado manualmente,723721
638.0,2025-02-13,Coquimbo ,Accidente,Rural,5.0,Baja,21.0,ERROR,dato ingresado manualmente,434971
639.0,2025-12-09,Montepatria,Hurto,NORTE,1.0,baja,69.0,,dato ingresado manualmente,524725
640.0,13/05/2025,Vicuña,,Rural,2.0,,64.0,,ok,529890
641.0,2024-07-04,La Serena,Violencia,Norte,2.0,ALTA,22.0,,,273799
642.0,2024/01/19,LaSerena,Robo,NORTE,9.0,,27.0,TMP-001,dato ingresado manualmente,276770
643.0,Jun-24-2025,Illapel,Hurto,,1.0,baja,39.0,ERROR,ok,986133
,Mar-17-2024,La Serena,robo,NORTE,6.0,baja,36.0,,,188320
645.0,2025/09/09,SALAMANCA,Robo,Centro,9.0,Alta,57.0,ERROR,,525235
646.0,27/09/2025,La Serena,Violencia,Sur,14.0,,66.0,ERROR,,764919
647.0,2024-11-03,Andacollo,Hurto,Sur,,baja,59.0,,revisar,269950
648.0,Dec-15-2025,Serena,,,13.0,ALTA,34.0,TMP-001,,110429
649.0,2024/11/29,illapel,Fraude,Sur,6.0,Baja,"64,0",ERROR,dato ingresado manualmente,593519
650.0,04/02/2024,LaSerena,Violencia,Rural,7.0,Baja,37.0,ERROR,sin validar,781247
651.0,28/12/2025,Coquimbo ,robo,,17.0,baja,24.0,,,228530
652.0,,Serena,robo,NORTE,1.0,Media,29.0,,revisar,525715
,Dec-19-2024,Vicuña,Violencia,Sur,9.0,Alta,25.0,,dato ingresado manualmente,361058
654.0,2025/05/25,monte patria,Accidente,Norte,16.0,Alta,22.0,TMP-001,,210031
655.0,15/12/2024,Illapel,,Norte,18.0,BAJA,45.0,,sin validar,74507
656.0,Feb-05-2024,LA SERENA,Violencia,,18.0,Alta,61.0,TMP-001,,130747
657.0,05/03/2025,ovalle,Accidente,Rural,3.0,Alta,"48,0",TMP-001,ok,617719
658.0,2024-08-14,monte patria,Accidente,centro,8.0,Baja,"39,0",TMP-002,sin validar,244641
659.0,01/01/2024,illapel,Accidente,centro,11.0,baja,28.0,ERROR,revisar,827209
660.0,Nov-03-2024,vicuna,,Rural,3.0,ALTA,42.0,,,899220
661.0,Apr-25-2025,Ovalle,robo,Sur,16.0,Baja,39.0,,sin validar,371791
662.0,04/01/2025,Monte Patria,Fraude,NORTE,12.0,baja,14.0,ERROR,revisar,910578
663.0,2024-09-14,vicuna,robo,Rural,5.0,,24.0,,ok,280984
664.0,,Serena,,Centro,9.0,ALTA,14.0,ERROR,ok,765459
665.0,Sep-03-2025,LaSerena,Robo,Centro,16.0,Media,25.0,ERROR,sin validar,541063
666.0,2025-08-05,ovalle,Hurto,Centro,12.0,Alta,34.0,,dato ingresado manualmente,359856
667.0,,Vicuña,,,,Baja,"42,0",ERROR,revisar,386147
668.0,Jan-27-2025,Coquimbo, nan ,Norte,12.0,baja,37.0,,,766989
669.0,,vicuna,,Norte,10.0,ALTA,19.0,TMP-002,,952289
670.0,26/09/2025,Montepatria,Violencia,Norte,5.0,Alta,29.0,,sin validar,659301
671.0,Dec-30-2024,la serena,Violencia,Rural,4.0,,23.0,,dato ingresado manualmente,340276
672.0,12/08/2024,andacollo,Fraude,NORTE,13.0,baja,60.0,TMP-002,sin validar,311403
673.0,2025-08-13,Montepatria,robo,Centro,12.0,Baja,49.0,,,193181
674.0,sin fecha,Monte Patria,Hurto,centro,"18,0",Media,21.0,,dato ingresado manualmente,904614
675.0,11/01/2025,andacollo,,NORTE,2.0,Alta,47.0,ERROR,,316547
676.0,2025-05-17,Ovalle,Violencia,Sur,15.0,,"23,0",TMP-001,sin validar,951709
677.0,2024-09-15,OVALLE,Fraude,,10.0,Baja,39.0,,,666613
678.0,2025-12-12,Vicuña,Hurto,Norte,11.0,ALTA,"68,0",,revisar,986630
679.0,2024/01/22,Vicuña,Violencia,Centro,4.0,Baja,68.0,TMP-002,,222036
680.0,2025/01/30,Andacollo,Fraude,,4.0,Media,52.0,TMP-001,,363450
681.0,Oct-19-2024,OVALLE,Robo,centro,7.0,,19.0,ERROR,sin validar,461425
682.0,2025-10-21,monte patria,Hurto,NORTE,14.0,Alta,63.0,TMP-002,,690154
683.0,2024-03-07,Salamanca,Hurto,Rural,18.0,baja,51.0,ERROR,revisar,744110
684.0,,monte patria,robo,Rural,18.0,,,ERROR,revisar,727937
685.0,2025/03/24,andacollo,Accidente,NORTE,4.0,Media,23.0,,,415106
686.0,2025-11-26,monte patria,Accidente,Sur,10.0,ALTA,"41,0",,revisar,750997
687.0,2024-08-13,Montepatria,Violencia,Sur,12.0,ALTA,46.0,ERROR,,948510
688.0,2025-01-24,La Serena,,centro,13.0,,45.0,ERROR,,842282
689.0,Feb-04-2025,Ovalle,Fraude,centro,11.0,BAJA,30.0,ERROR,,101392
690.0,15/04/2025,Montepatria, Robo ,,9.0,Baja,"58,0",,,494842
691.0,2025/06/26,OVALLE,Violencia,NORTE,3.0,ALTA,14.0,,dato ingresado manualmente,346877
692.0,2025/09/19,coquimbo,Violencia,centro,,NAN,28.0,,sin validar,346249
693.0,2025-03-08,Montepatria,Violencia,Sur,2.0,Baja,27.0,,dato ingresado manualmente,803719
694.0,sin fecha,VICUÑA,Accidente,Centro,19.0,baja,35.0,,ok,613886
695.0,12/03/2025,SALAMANCA,Hurto,NORTE,6.0,,32.0,TMP-002,dato ingresado manualmente,950182
696.0,15/11/2025, COQUIMBO ,Accidente,Norte,5.0,Baja,24.0,,,374850
697.0,2025/11/28,Coquimbo ,Robo,Sur,2.0,BAJA,41.0,,revisar,704636
698.0,Oct-09-2025,VICUNA,Fraude,centro,"6,0",Alta,47.0,TMP-002,revisar,803135
699.0,2025-12-21,SALAMANCA,Robo,Centro,6.0,Baja,19.0,,,113386
,2025/11/06,COQUIMBO,Fraude,NORTE,10.0,baja,52.0,TMP-002,sin validar,528420
701.0,,Vicuña,,NORTE,5.0,BAJA,54.0,TMP-002,,629118
702.0,Jul-15-2024, Illapel ,Robo,CENTRO,500.0,  ,68.0,ERROR,,5181
703.0,sin fecha,Coquimbo,Hurto,Norte,"15,0",Baja,66.0,,,359473
704.0,,coquimbo,Hurto,centro,19.0,baja,23.0,TMP-001,,187184
705.0,2024/03/13,Coquimbo,Robo,,10.0,baja,23.0,TMP-002,,884156
706.0,2025-03-20,andacollo,robo,Centro,3.0,,17.0,,dato ingresado manualmente,606301
707.0,2024-02-06,LASERENA,Violencia,Rural,7.0,baja,58.0,TMP-001,ok,467859
708.0,sin fecha,Salamanca,Hurto,Norte,15.0,ALTA,34.0,,ok,105142
709.0,27/11/2025,Serena,Hurto,NORTE,8.0,Media,56.0,TMP-002,dato ingresado manualmente,56307
710.0,2025-05-07,ovalle,Hurto,,,Baja,"63,0",TMP-002,revisar,654791
711.0,2025-12-13,ovalle,Hurto,Centro,"2,0",Media,59.0,TMP-001,revisar,35642
712.0,Mar-28-2024,Monte Patria,Hurto,NORTE,"7,0",Alta,61.0,TMP-001,,999258
713.0,2024/04/21,ovalle,Hurto,Norte,18.0,Baja,40.0,,revisar,702450
714.0,,OVALLE,Violencia,,4.0,ALTA,,,ok,597325
715.0,2024/03/14,Andacollo,Accidente,Sur,18.0,Alta,48.0,TMP-001,,671022
716.0,,LA SERENA,fraude,NORTE,5.0,Media,31.0,TMP-001,,976036
717.0,2025-03-24,LA SERENA,Hurto,Centro,19.0,Media,58.0,TMP-001,dato ingresado manualmente,662194
718.0,Mar-29-2024,LaSerena,Violencia,Norte,16.0,ALTA,60.0,,ok,143953
719.0,2024-02-12,Vicuña,Robo,Rural,2.0,,"24,0",TMP-001,,657629
720.0,May-17-2025,Coquimbo ,Fraude,,7.0,ALTA,35.0,,revisar,918588
721.0,Nov-19-2025,LaSerena,Hurto,NORTE,11.0,baja,29.0,TMP-002,,397876
722.0,2024/02/20,Illapel,,Rural,4.0,,38.0,TMP-001,,853143
723.0,sin fecha,Illapel,robo,NORTE,6.0,,32.0,ERROR,ok,78287
724.0,Dec-25-2024,monte patria, Robo ,Norte,"4,0",,22.0,,,860679
725.0,2025/02/17,LaSerena,Robo,NORTE,9.0,,46.0,,sin validar,198837
726.0,2025-07-12,LaSerena,Violencia, NORTE ,11.0,ALTA,"23,0",TMP-001,ok,987288
727.0,2024/05/26,Serena,robo,,14.0,Media,47.0,TMP-002,,565487
728.0,2024/11/12,Coquimbo ,Violencia,Norte,15.0,,31.0,,,857265
729.0,30/03/2025,OVALLE,fraude,Rural,8.0,,52.0,,,160561
730.0,24/01/2024,LA SERENA,Violencia,centro,10.0,Baja,14.0,,ok,939789
731.0,May-04-2024,VICUÑA,Hurto,Centro,6.0,baja,34.0,,dato ingresado manualmente,311905
732.0,14/05/2024,SALAMANCA,Hurto,Rural,18.0,Alta,44.0,TMP-002,ok,339555
733.0,,andacollo,,Sur,10.0, Baja ,58.0,TMP-001,ok,677817
734.0,Nov-28-2024,coquimbo,robo,Sur,7.0, ALTA ,19.0,,dato ingresado manualmente,66962
735.0,09/10/2024,coquimbo,Fraude,RURAL,3.0,Media,21.0,,ok,735930
736.0,2025-02-14,LA SERENA,Hurto,,17.0,baja,nan,,dato ingresado manualmente,794231
737.0,May-14-2025,vicuna,Fraude,Sur,8.0,media,65.0,,sin validar,79588
738.0,,andacollo,robo,norte,5.0,baja,67.0,,ok,176106
739.0,2024/06/23,VICUÑA,,centro,12.0,Alta,17.0,,,422444
740.0,Jan-03-2024,Coquimbo ,robo,  ,12.0,baja,45.0,TMP-002,revisar,858108
741.0,2024-12-25,Illapel,,centro,8.0,baja,49.0,ERROR,revisar,619682
742.0,02/10/2025,Salamanca,Fraude,Centro,3.0,Media,nan,TMP-001,revisar,612469
743.0,Aug-08-2024,Coquimbo ,robo,Sur,"11,0",Media,16.0,,dato ingresado manualmente,168684
744.0,Oct-22-2025,Andacollo,robo,,16.0,,46.0,TMP-002,ok,988608
,04/02/2025,illapel,Accidente,RURAL,2.0,Baja,18.0,TMP-001,revisar,975563
746.0,sin fecha,Vicuña,,SUR,7.0,baja,22.0,TMP-001,dato ingresado manualmente,397129
747.0,sin fecha,Salamanca,Robo,Centro,7.0,ALTA,15.0,TMP-002,,834080
748.0,Aug-03-2024,Salamanca,Violencia,SUR,10.0, Media ,67.0,,dato ingresado manualmente,562587
749.0,May-13-2024,illapel,,NORTE,13.0,Baja,67.0,,ok,615745
750.0,28/10/2024,Ovalle,Fraude,centro,13.0,Media,37.0,TMP-002,sin validar,871634
751.0,08/02/2024,LA SERENA,Hurto,centro,"9,0",Alta,43.0,ERROR,sin validar,121918
752.0,01/10/2024,ovalle,robo,Sur,16.0,Media,16.0,,sin validar,148961
753.0,Jun-03-2024,Coquimbo ,Robo,NORTE,6.0,Media,17.0,ERROR,revisar,438416
754.0,,Serena,Hurto,NORTE,10.0,ALTA,43.0,,revisar,242710
755.0,2025/04/21,andacollo,robo,centro,17.0,baja,63.0,,revisar,833891
756.0,2024-09-23,monte patria,Fraude,NORTE,7.0,baja,45.0,,,83549
,2025-11-05,SALAMANCA,,Centro,16.0,Media,27.0,,,421630
758.0,27/11/2024,Montepatria,Hurto,Sur,8.0,Baja,31.0,ERROR,,787685
759.0,2025/09/05,LA SERENA,Fraude,centro,8.0,Alta,27.0,ERROR,sin validar,838869
760.0,2024/08/03,andacollo,Violencia,Rural,11.0,Alta,65.0,ERROR,sin validar,310098
761.0,2025/09/04,La Serena,Robo,NORTE,,,15.0,TMP-002,,302660
762.0,Oct-22-2024,la serena,Violencia,centro,12.0,baja,14.0,,,430463
763.0,2025-07-03,andacollo,Robo,Sur,8.0,baja,21.0,TMP-001,dato ingresado manualmente,509275
764.0,2024-09-17,illapel,Hurto,NORTE,9.0,,56.0,TMP-002,revisar,807196
765.0,2024-11-09,illapel,hurto,NORTE,19.0,,51.0,,,632590
766.0,27/01/2024,andacollo,Violencia,Norte,4.0,,37.0,ERROR,,822216
767.0,2024-08-01,SALAMANCA,,Rural,11.0,,62.0,,,297342
768.0,Aug-09-2024,Salamanca,,centro,2.0,,23.0,TMP-001,,54518
769.0,08/07/2024,Montepatria,,Centro,11.0,Alta,47.0,,revisar,647693
770.0,,Coquimbo,robo,NORTE,8.0,Baja,26.0,TMP-001,,10248
771.0,2025-08-08,LA SERENA,Robo,Sur,12.0,Baja,64.0,ERROR,revisar,524426
772.0,Oct-23-2025,VICUÑA,Violencia,,19.0,Baja,48.0,,,215453
773.0,,Ovalle,Accidente,,13.0,Media,62.0,TMP-001,sin validar,944881
774.0,15/01/2025,OVALLE,,Rural,18.0,Alta,21.0,TMP-001,ok,956685
775.0,Jun-04-2024,SALAMANCA,Hurto,SUR,,ALTA,43.0,ERROR,,884459
776.0,30/05/2024,OVALLE,Violencia,Sur,9.0,Media,26.0,,dato ingresado manualmente,598739
777.0,2024-11-21,VICUÑA,,Centro,,,32.0,,ok,960550
778.0,10/05/2024,La Serena,Hurto,,6.0,,34.0,,ok,326679
779.0,16/03/2024,Coquimbo,robo,Centro,15.0,ALTA,41.0,TMP-001,dato ingresado manualmente,479252
780.0,May-27-2024,Vicuña,Accidente,Centro,15.0,Alta,,ERROR,dato ingresado manualmente,576563
781.0,01/04/2025,vicuna,Fraude,Rural,10.0,Alta,36.0,TMP-002,,385783
782.0,,Illapel,Fraude,Sur,14.0,,56.0,TMP-001,revisar,624722
783.0,Nov-11-2025,LaSerena,,,9.0,Baja,64.0,TMP-002,,179448
784.0,2025-06-25,SALAMANCA,,centro,"4,0",Baja,25.0,TMP-002,,403921
785.0,2024-08-24,Montepatria,Hurto,Norte,15.0,ALTA,,TMP-002,,593506
786.0,2024-09-18,Serena,FRAUDE,Rural,11.0,baja,41.0,,revisar,290710
787.0,14/07/2025,Andacollo,robo,NORTE,"4,0",Media,45.0,,revisar,83782
788.0,Jul-18-2024,monte patria,Robo,Norte,8.0,Alta,34.0,,sin validar,497060
789.0,Sep-22-2025,ovalle,Fraude,,10.0,baja,20.0,,dato ingresado manualmente,330888
790.0,2025/04/19,Illapel,Fraude,NORTE,18.0,ALTA,31.0,,sin validar,899196
791.0,Sep-28-2025,LaSerena,Fraude,Norte,9.0,Media,68.0,TMP-002,ok,420447
792.0,22/12/2025,LA SERENA,Accidente,,0.0,Baja,27.0,TMP-001,,728389
793.0,Nov-14-2024,OVALLE,Hurto,NORTE,1.0,baja,,ERROR,dato ingresado manualmente,211703
794.0,,Serena,,Sur,11.0,baja,29.0,ERROR,revisar,979324
795.0,, illapel ,Fraude,centro,13.0,baja,64.0,TMP-001,dato ingresado manualmente,234049
796.0,02/08/2025,LA SERENA,Robo,Centro,10.0,,53.0,,ok,609207
797.0,Mar-17-2025,illapel,Violencia,,7.0,,69.0,ERROR,,259177
798.0,,La Serena,,,10.0,Alta,27.0,,dato ingresado manualmente,678361
799.0,,Illapel,,,15.0,,-1.0,ERROR,dato ingresado manualmente,563326
800.0,Aug-05-2024,Coquimbo ,Accidente,Norte,12.0,,58.0,,,803116
801.0,, La Serena ,robo,Norte,4.0, ALTA ,36.0,TMP-002,sin validar,370992
802.0,sin fecha,Monte Patria,,NORTE,5.0,baja,69.0,,ok,286758
803.0,2025-01-10,Coquimbo,Fraude,NORTE,13.0,baja,17.0,,ok,858282
804.0,2025/11/15,la serena,Fraude,Sur,7.0,Baja,30.0,TMP-001,,744269
805.0,2025-01-15,Vicuña,Robo,Rural,13.0,baja,20.0,,revisar,753438
806.0,Jun-22-2025,Coquimbo ,Accidente,norte,16.0,ALTA,14.0,TMP-001,,631899
807.0,31/03/2025,la serena,,NORTE,14.0,Media,66.0,ERROR,,752770
808.0,sin fecha,Salamanca,Fraude,,8.0,,53.0,TMP-002,ok,313651
809.0,Oct-16-2024,Salamanca,Accidente,NORTE,"17,0",baja,30.0,ERROR,revisar,808903
810.0,2025/01/10,la serena,,NORTE,16.0,ALTA,46.0,,ok,683792
811.0,2024/05/04,Salamanca,,Norte,500.0,ALTA,22.0,TMP-001,revisar,988793
812.0,2025-10-18,Ovalle,robo,Sur,12.0,Media,"33,0",ERROR,dato ingresado manualmente,953288
813.0,2025-02-13,coquimbo,Hurto,Centro,13.0,baja,"34,0",TMP-002,,187791
814.0,Dec-02-2025, andacollo ,robo,Sur,9.0,baja,46.0,TMP-002,sin validar,327591
815.0,10/08/2024,LaSerena,Hurto,Norte,11.0,Media,46.0,,revisar,93238
816.0,2024/10/21,LA SERENA,robo,Rural,11.0,Media,50.0,TMP-001,dato ingresado manualmente,325304
817.0,2024/02/27,Ovalle,Hurto,Rural,11.0,baja,22.0,,,135214
818.0,2024-01-03,andacollo,Accidente,Sur,"2,0",,17.0,,,907629
819.0,2025/05/10,Ovalle,robo,rural,8.0,,64.0,,ok,690997
820.0,18/01/2024,SALAMANCA,robo,Sur,3.0,ALTA,46.0,TMP-002,,100946
,May-29-2025,coquimbo,Fraude,Rural,18.0,ALTA,52.0,TMP-001,revisar,158084
822.0,2024/08/18,SALAMANCA,,Centro,12.0,Baja,18.0,ERROR,dato ingresado manualmente,810477
823.0,2025-03-18,LA SERENA,,Centro,19.0,Alta,41.0,TMP-002,sin validar,876970
824.0,Sep-10-2024,Montepatria,Hurto,Centro,1.0,ALTA,26.0,,,15679
825.0,2024/11/08,ovalle,Fraude,NORTE,2.0,,69.0,ERROR,dato ingresado manualmente,339687
826.0,2024-01-05,LA SERENA,Robo,Rural,19.0,Media,35.0,,sin validar,949102
827.0,25/08/2024,Coquimbo,,Sur,14.0,,22.0,,revisar,282440
828.0,02/09/2024,Ovalle,robo,Rural,7.0,Alta,25.0,,revisar,324017
829.0,01/07/2025,Vicuña,,Norte,19.0,ALTA,25.0,,,735180
830.0,2025-01-07,LaSerena,Violencia,,8.0,ALTA,49.0,,revisar,286424
,2025/04/04,Vicuña,Fraude,NORTE,11.0,Baja,17.0,,,234273
832.0,sin fecha,monte patria,Accidente,,5.0,BAJA,57.0,,dato ingresado manualmente,322240
833.0,,Ovalle,,Sur,11.0,Baja,56.0,TMP-002,dato ingresado manualmente,174659
834.0,Dec-20-2024,Ovalle, Violencia ,Sur,7.0,Alta,66.0,,sin validar,534551
835.0,,La Serena,Accidente,,10.0,ALTA,64.0,,ok,444686
836.0,Jun-01-2024,LA SERENA,robo,Sur,14.0,baja,37.0,,dato ingresado manualmente,866460
837.0,Oct-29-2025,VICUÑA,Fraude,,1.0,Baja,33.0,TMP-001,sin validar,827618
838.0,Jun-11-2025,Vicuña,,centro,15.0,Media,44.0,ERROR,ok,398181
839.0,26/12/2025,La Serena,Accidente,,1.0,Baja,68.0,,dato ingresado manualmente,725191
,2025-08-13,OVALLE,Hurto,Rural,17.0,Media,30.0,ERROR,revisar,944282
841.0,2025-10-12, Ovalle ,Violencia,Centro,15.0,,18.0,TMP-002,revisar,103369
842.0,,monte patria,robo,,17.0,Baja,130.0,,,547339
843.0,Jun-24-2025,Montepatria,Hurto,centro,4.0,Media,55.0,,sin validar,682685
844.0,Jan-12-2025,Monte Patria,Violencia,Norte,7.0,ALTA,60.0,,ok,212619
845.0,2024/12/13,vicuna,Accidente,,4.0,Alta,44.0,TMP-002,revisar,308553
846.0,2025-08-28,Coquimbo ,Fraude,Rural,5.0,Media,66.0,,sin validar,604187
847.0,17/07/2024,ovalle,,Norte,,,17.0,,sin validar,365631
848.0,2024/01/06,coquimbo,Hurto,Sur,14.0,ALTA,5.0,ERROR,,876504
849.0,2024/06/08,La Serena,Accidente,Norte,"17,0",baja,42.0,,revisar,120882
850.0,2024-07-16,Montepatria,Hurto,Sur,16.0, ALTA ,32.0,,sin validar,580871
851.0,2025-06-03,COQUIMBO,Robo,Rural,8.0,Media,"15,0",ERROR,,502947
852.0,Oct-20-2024,la serena,Fraude,Centro,12.0,,44.0,TMP-002,,751002
853.0,Feb-01-2025, Monte Patria ,Violencia,Sur,18.0,,29.0,,dato ingresado manualmente,738406
854.0,2024/04/07,Andacollo,Hurto,NORTE,5.0,,15.0,TMP-001,,24266
855.0,2024/08/11,Vicuña, robo ,NORTE,7.0,Media,42.0,,sin validar,15650
856.0,2024/06/01,andacollo,,Norte,1.0,,21.0,,revisar,531662
857.0,Jul-14-2024,andacollo,Fraude,Centro,17.0,Baja,68.0,TMP-002,ok,580532
858.0,Nov-07-2024,COQUIMBO,,Centro,18.0,Alta,52.0,,dato ingresado manualmente,119680
859.0,,COQUIMBO,Violencia,centro,4.0,ALTA,27.0,,,256745
860.0,2024-05-15,Illapel,Accidente, Rural ,11.0,Alta,23.0,ERROR,ok,773293
861.0,2024-06-06,Ovalle,robo,Rural,,ALTA,33.0,,sin validar,168210
862.0,2024-05-23,Serena,Fraude,centro,2.0,Baja,31.0,,revisar,467291
863.0,Sep-23-2024,illapel,Accidente,Norte,11.0,,58.0,,ok,664028
864.0,2025-10-16,vicuña,Accidente,NORTE,6.0,Baja,"17,0",TMP-001,dato ingresado manualmente,378507
865.0,2025-09-02,Coquimbo ,Fraude,Rural,13.0,Baja,21.0,TMP-001,sin validar,537456
866.0,10/05/2024,vicuña,Violencia,Sur,1.0,ALTA,53.0,TMP-002,,219489
867.0,Jul-17-2025,coquimbo,Violencia,,18.0,baja,50.0,TMP-001,,988165
868.0,2025/12/18,la serena,Hurto,Rural,9.0,,37.0,TMP-002,,683617
869.0,28/09/2024,Coquimbo,Robo,Rural,6.0,,67.0,ERROR,ok,968057
870.0,24/07/2025, Ovalle ,Robo,,11.0,Baja,16.0,TMP-001,revisar,22756
871.0,2025/10/18,Salamanca,,Rural,14.0,baja,53.0,TMP-001,,10629
,15/02/2025,monte patria,,Rural,16.0,,36.0,TMP-001,dato ingresado manualmente,926735
873.0,2025-07-31,monte patria,Violencia,Rural,16.0,ALTA,55.0,,,907709
874.0,,Salamanca,Violencia,Rural,3.0,ALTA,51.0,TMP-001,,945131
875.0,06/04/2025,monte patria,robo,Norte,5.0,Baja,44.0,ERROR,revisar,20288
876.0,2025/12/09,Ovalle,  ,,4.0,,58.0,ERROR,sin validar,2722
877.0,Apr-24-2024,coquimbo,Hurto,Sur,6.0, Alta ,27.0,TMP-002,sin validar,185999
878.0,2025-10-19,Ovalle,robo,Sur,8.0,Alta,66.0,TMP-001,revisar,524738
879.0,2025-10-09,Montepatria,Hurto,Norte,17.0,Baja,59.0,TMP-001,revisar,3994
880.0,,La Serena,Robo,Norte,14.0,ALTA,52.0,,,841505
881.0,Dec-03-2024,OVALLE,Hurto,Sur,8.0,,64.0,,dato ingresado manualmente,932782
882.0,27/07/2024,La Serena,,NORTE,11.0,,26.0,,revisar,896468
883.0,2024-07-02,Salamanca,Accidente,Rural,9.0,baja,42.0,,,470367
884.0,Jun-26-2025,COQUIMBO,Accidente,Centro,14.0,Media,53.0,TMP-001,,249295
885.0,2025/01/08,Ovalle,Hurto,Norte,4.0,,53.0,,ok,183979
886.0,Sep-15-2025,illapel,Accidente,Centro,9.0,ALTA,21.0,,revisar,842515
887.0,2024/09/28,Coquimbo ,Fraude,centro,16.0,ALTA,47.0,,sin validar,166842
888.0,2024-09-04,La Serena,Fraude,centro,,Alta,33.0,,revisar,341790
889.0,13/12/2025,ovalle,Violencia,Norte,12.0,ALTA,69.0,TMP-002,sin validar,494729
890.0,31/05/2024,LA SERENA,Violencia,,3.0,Baja,48.0,,revisar,624473
891.0,Jul-29-2024,VICUÑA,Fraude,centro,9.0,Baja,20.0,TMP-001,,530206
892.0,2024-12-10,OVALLE,Hurto,Rural,8.0,,65.0,TMP-001,sin validar,806201
893.0,27/06/2025,La Serena,Violencia,,11.0,Alta,15.0,,,319958
894.0,sin fecha,Andacollo,Violencia,Centro,1.0,,50.0,,,202284
895.0,2025-05-14,La Serena,Violencia,centro,,Alta,63.0,,revisar,451411
896.0,,COQUIMBO,robo,NORTE,13.0,Alta,50.0,,sin validar,569953
897.0,Oct-13-2024,Montepatria,,Centro,12.0,baja,44.0,TMP-001,sin validar,773366
898.0,30/10/2024,illapel,robo,Centro,12.0,ALTA,44.0,TMP-002,ok,116107
899.0,10/08/2024,SALAMANCA,robo,NORTE,10.0,Media,28.0,TMP-002,sin validar,247702
,2025-03-22,Ovalle,,Norte,,,-1.0,,revisar,405950
901.0,,VICUÑA,Violencia,Rural,7.0,ALTA,66.0,ERROR,revisar,747799
902.0,May-06-2025,vicuna,  ,Sur,500.0,ALTA,35.0,ERROR,dato ingresado manualmente,498397
903.0,Mar-02-2025,coquimbo,Robo,,16.0,baja,40.0,ERROR,ok,261053
904.0,Dec-08-2024,Salamanca,Robo,Centro,10.0,BAJA,37.0,ERROR,,64403
905.0,,Serena,Fraude,Rural,12.0,ALTA,57.0,TMP-001,,60173
906.0,2024/03/09,COQUIMBO,Fraude,Norte,17.0,,33.0,TMP-001,revisar,799634
907.0,2025/03/29,andacollo,robo, Rural ,12.0,,69.0,ERROR,sin validar,557890
908.0,sin fecha,COQUIMBO,Accidente,Norte,2.0,Alta,26.0,TMP-001,revisar,764005
909.0,2024/11/05,Monte Patria,Hurto,Rural,18.0,Baja,43.0,,sin validar,498486
910.0,,illapel,Robo,Rural,12.0,ALTA,42.0,,ok,50945
911.0,2024/03/26,Monte Patria,Hurto,Centro,19.0,Baja,"25,0",TMP-001,revisar,100366
912.0,2024/05/06,Coquimbo ,Robo,,9.0,,68.0,TMP-001,ok,711556
913.0,Jul-25-2025,COQUIMBO,Violencia,Norte,10.0,,50.0,,sin validar,563970
914.0,,Montepatria,Accidente,,16.0,Media,54.0,ERROR,dato ingresado manualmente,138574
915.0,2025-07-01,coquimbo,,Rural,4.0,Baja,19.0,,revisar,404433
916.0,07/09/2025,coquimbo,robo,centro,3.0,Baja,43.0,,sin validar,24727
917.0,sin fecha,Illapel,Hurto,NORTE,9.0,Baja,64.0,TMP-002,,180035
918.0,,Vicuña,Robo,Norte,500.0,Baja,58.0,,revisar,362174
919.0,,SALAMANCA,, centro ,1.0,Alta,45.0,,dato ingresado manualmente,72397
920.0,,monte patria,Hurto,NORTE,7.0,baja,65.0,TMP-002,dato ingresado manualmente,557203
921.0,2024/08/25,Salamanca,Hurto,,12.0,baja,19.0,,ok,398819
922.0,, illapel ,Hurto,Rural,14.0,baja,,,ok,560973
923.0,23/05/2025,LA SERENA,robo,Rural,16.0,ALTA,18.0,ERROR,revisar,295853
924.0,May-17-2025,coquimbo,Robo,Centro,17.0,,30.0,,dato ingresado manualmente,339841
925.0,2025/04/19,Ovalle,Hurto,Centro,14.0,Baja,27.0,TMP-002,sin validar,896201
926.0,sin fecha,Montepatria,Violencia,Centro,18.0,,56.0,TMP-002,revisar,31483
927.0,Mar-12-2025,COQUIMBO,,,7.0,Media,17.0,,sin validar,329871
928.0,2025-11-03,Montepatria,Hurto,Sur,15.0,Media,23.0,TMP-001,,957773
929.0,Dec-13-2024,OVALLE,,Rural,11.0,,31.0,,dato ingresado manualmente,335484
930.0,,Illapel,Violencia,Sur,7.0,Baja,28.0,,revisar,469897
931.0,2025/05/07,Montepatria,Accidente,NORTE,,BAJA,42.0,,,194173
932.0,02/09/2025,Monte Patria,,Norte,4.0,baja,54.0,TMP-001,sin validar,258623
933.0,2024-06-23,monte patria,Hurto,Rural,1.0,Media,"60,0",ERROR,sin validar,252878
934.0,2025-08-19,la serena,robo,Sur,3.0,baja,50.0,,ok,771191
935.0,,ANDACOLLO,VIOLENCIA,Rural,18.0,Alta,32.0,,sin validar,380471
936.0,2024/04/09,Coquimbo ,Accidente,centro,9.0,Media,44.0,TMP-002,,208850
,05/03/2025,andacollo,,centro,15.0,Media,64.0,TMP-001,revisar,750573
938.0,,Coquimbo,,centro,19.0,,17.0,TMP-001,ok,141011
939.0,,Ovalle,Violencia,centro,2.0,baja,39.0,,,509271
940.0,Dec-26-2024,coquimbo,robo,Rural,11.0,ALTA,49.0,TMP-001,sin validar,497831
941.0,,coquimbo,robo,centro,12.0,baja,,,revisar,675758
942.0,2024/05/03,Monte Patria,Robo,Rural,5.0,,49.0,ERROR,,254091
943.0,May-10-2024,Coquimbo ,Violencia,Norte,18.0,,58.0,TMP-001,revisar,695438
944.0,sin fecha,vicuna,Fraude,,4.0,Alta,49.0,ERROR,revisar,822278
945.0,23/05/2024,Vicuña,Accidente,Sur,12.0,baja,65.0,TMP-001,revisar,590032
946.0,,OVALLE,Fraude,Norte,11.0,ALTA,64.0,TMP-002,dato ingresado manualmente,963374
947.0,,Illapel,Violencia,NORTE,7.0,Baja,16.0,,,543538
948.0,2025/11/21,La Serena, Hurto ,Sur,18.0,Baja,47.0,,dato ingresado manualmente,252263
949.0,2024/10/02,SALAMANCA,Robo,Norte,18.0,ALTA,46.0,,,609444
950.0,06/08/2024,Salamanca,robo,centro,10.0,Media,35.0,TMP-002,ok,970253
951.0,Jul-04-2024,COQUIMBO,robo,Rural,,Alta,68.0,,sin validar,463576
952.0,25/02/2025,coquimbo,Hurto,NORTE,3.0,Alta,53.0,,dato ingresado manualmente,247586
953.0,27/01/2025,COQUIMBO, Fraude ,Sur,9.0,nan,63.0,ERROR,revisar,780788
954.0,2024-12-27,andacollo,Robo,Centro,18.0,Baja,33.0,,revisar,378716
955.0,2025/04/19,LaSerena,Hurto,NORTE,8.0,ALTA,57.0,TMP-001,revisar,622656
956.0,15/07/2024,ovalle,Robo,Sur,14.0,Alta,17.0,TMP-001,ok,845437
957.0,Jan-17-2024,COQUIMBO,Fraude,Norte,5.0,Media,45.0,TMP-002,revisar,897250
958.0,May-14-2025,Salamanca,Accidente,centro,15.0, Baja ,60.0,,,929049
959.0,Feb-24-2024,COQUIMBO,,centro,11.0,ALTA,56.0,TMP-001,ok,176440
960.0,2025/11/17,La Serena,Accidente,NORTE,1.0,Media,66.0,TMP-001,,400061
961.0,Apr-24-2024,Salamanca,Violencia,Rural,15.0,,51.0,,revisar,522554
962.0,2024-08-04,coquimbo,Robo,Sur,11.0,ALTA,53.0,ERROR,,310508
963.0,02/09/2024,vicuna,Accidente,,5.0,,32.0,ERROR,,126434
964.0,,COQUIMBO,robo,Sur,1.0,Media,33.0,TMP-001,sin validar,980145
965.0,2025/04/04,VICUÑA, robo ,Rural,4.0,Alta,61.0,,sin validar,67269
966.0,,SALAMANCA,,Centro,"7,0",,42.0,TMP-001,sin validar,527096
967.0,2024-04-22,Illapel,Accidente,Rural,13.0,baja,20.0,,revisar,990433
968.0,Nov-27-2025,vicuna,Fraude,Sur,18.0,baja,69.0,,revisar,770681
969.0,2025/07/24,monte patria,Violencia,Norte,16.0,Baja,28.0,TMP-001,ok,162167
970.0,2024-01-29,Vicuña,Robo,,2.0,ALTA,,TMP-002,sin validar,661144
971.0,13/11/2025,OVALLE,robo,centro,8.0,ALTA,29.0,TMP-001,ok,784705
972.0,20/12/2025,Salamanca,hurto,Rural,13.0,Alta,52.0,,ok,515196
973.0,Aug-01-2025,monte patria,ACCIDENTE,Sur,9.0,ALTA,48.0,,,784011
974.0,2025-02-21,Coquimbo ,Robo,Norte,13.0,BAJA,21.0,,revisar,835780
975.0,Mar-24-2024,Serena,robo,,1.0,baja,53.0,,,374125
976.0,27/01/2024,COQUIMBO,Accidente,,18.0,Alta,52.0,TMP-002,revisar,202772
977.0,Mar-09-2025,vicuna,Accidente,centro,9.0,Baja,38.0,,dato ingresado manualmente,468947
978.0,10/05/2025,la serena,,Norte,6.0,ALTA,21.0,,revisar,664114
979.0,2025-02-12,Andacollo,Accidente,Norte,14.0,Alta,28.0,,ok,847391
980.0,Sep-19-2024,Coquimbo ,robo,Rural,2.0,Media,50.0,TMP-002,dato ingresado manualmente,852795
981.0,06/10/2025,Montepatria,Robo,Centro,12.0,Alta,58.0,,dato ingresado manualmente,64727
982.0,,Coquimbo,Robo,NORTE,18.0,,55.0,,,53966
983.0,sin fecha,andacollo,Violencia,NORTE,"14,0",Alta,"31,0",TMP-002,sin validar,21215
984.0,May-20-2025,Vicuña,robo,,17.0,baja,68.0,,sin validar,936625
985.0,,La Serena,,,5.0,Baja,56.0,,,111920
986.0,2025/08/20,COQUIMBO,Accidente,centro,19.0,Media,21.0,,ok,480035
987.0,Apr-24-2025,coquimbo,Hurto,Centro,"19,0",,55.0,TMP-002,revisar,281492
988.0,Nov-15-2024,Serena,robo,centro,"10,0",,20.0,,sin validar,617349
989.0,25/10/2025,andacollo,VIOLENCIA,Sur,10.0,Alta,40.0,,,299430
990.0,2025/09/14,VICUÑA,Robo,,19.0,baja,24.0,TMP-001,,462140
991.0,2025-12-10,Coquimbo ,Accidente,centro,14.0,baja,44.0,TMP-002,ok,115243
992.0,Nov-04-2024,coquimbo,,Rural,9.0,baja,18.0,TMP-001,sin validar,55214
993.0,18/03/2024,LaSerena,Fraude,Norte,11.0,Media,64.0,TMP-001,,242109
994.0,sin fecha,andacollo,,centro,12.0,Media,14.0,,,634405
995.0,Aug-18-2024,COQUIMBO,,Rural,14.0,Media,,,ok,750430
996.0,2024-07-22,La Serena,accidente,,1.0,baja,15.0,ERROR,dato ingresado manualmente,370102
997.0,2024/01/18,la serena,,NORTE,2.0,baja,37.0,TMP-001,,520497
998.0,Feb-19-2024,Serena,Robo,Rural,5.0,ALTA,55.0,TMP-002,dato ingresado manualmente,384290
999.0,2025-10-22,Coquimbo,Hurto,NORTE,9.0,,45.0,ERROR,,60479
1000.0,2024/10/13,Salamanca,,Norte,"13,0",,58.0,TMP-002,,800981
1001.0,sin fecha,la serena,,Rural,14.0,,48.0,TMP-001,,200901
1002.0,Mar-11-2025,Coquimbo,Fraude,centro,"1,0",,41.0,TMP-001,sin validar,477115
1003.0,2025-10-22,Coquimbo ,Fraude,Centro,"1,0",Baja,64.0,,,185512
1004.0,2025-07-28,monte patria,Robo,Sur,12.0,Alta,46.0,ERROR,,936835
,Sep-15-2024,OVALLE,,Sur,18.0,ALTA,19.0,TMP-002,,270197
1006.0,2024/01/09,LA SERENA,violencia,  ,6.0,baja,14.0,TMP-001,sin validar,799914
1007.0,21/10/2025,Salamanca,Robo,Norte,9.0,,60.0,TMP-002,sin validar,142950
1008.0,23/07/2025,LA SERENA,Robo,Rural,4.0,Alta,67.0,TMP-001,dato ingresado manualmente,132050
1009.0,2024-04-28,Vicuña,ROBO,NORTE,,Media,,,dato ingresado manualmente,444670
1010.0,18/11/2025,Montepatria,Accidente,Rural,17.0,Baja,34.0,,ok,838787
1011.0,2025/08/20,MONTE PATRIA,Violencia,,15.0,Baja,22.0,TMP-001,,322611
1012.0,2025-03-31,ovalle,Robo,Rural,3.0,,35.0,TMP-001,revisar,187971
1013.0,2024-06-01,Coquimbo ,Robo,Norte,11.0,Alta,18.0,,dato ingresado manualmente,72471
1014.0,2024/03/06,coquimbo,ROBO, Rural ,15.0,Media,56.0,TMP-001,revisar,766895
1015.0,Oct-05-2024,Montepatria,Violencia,Norte,14.0,Baja,65.0,,sin validar,789113
1016.0,2024-11-14,coquimbo,Violencia,Rural,12.0,baja,62.0,,ok,941648
1017.0,sin fecha,andacollo,Fraude,Norte,,,16.0,TMP-002,,231418
1018.0,Aug-31-2024,Coquimbo,robo,Norte,"16,0",Alta,,TMP-001,dato ingresado manualmente,34660
1019.0,2024/05/25,LA SERENA,Hurto,centro,10.0,baja,41.0,ERROR,revisar,825925
1020.0,,SALAMANCA,robo,NORTE,9.0,,22.0,ERROR,,872032
1021.0,2025-11-18,la serena,robo,NORTE,10.0,,37.0,TMP-001,revisar,626645
1022.0,2024-11-04,La Serena,robo,Rural,3.0,ALTA,39.0,TMP-002,dato ingresado manualmente,33180
1023.0,2025-09-02,Serena,Violencia,Centro,4.0,baja,,TMP-002,revisar,951442
1024.0,sin fecha, coquimbo ,Robo,NORTE,3.0,Alta,43.0,,dato ingresado manualmente,3499
1025.0,2025-11-14,LaSerena,Accidente,Centro,nan,,41.0,ERROR,,864447
,2025-08-25,LA SERENA,,Rural,11.0,Alta,58.0,ERROR,sin validar,315116
1027.0,,Coquimbo ,VIOLENCIA,NORTE,"11,0",Alta,67.0,,sin validar,982727
1028.0,26/05/2025,Montepatria,,,13.0,baja,23.0,TMP-002,dato ingresado manualmente,430759
1029.0,04/11/2025,Monte Patria,Hurto,Rural,15.0,Alta,32.0,ERROR,ok,699223
1030.0,,Coquimbo,Violencia,Centro,2.0,Media,52.0,ERROR,dato ingresado manualmente,229101
1031.0,May-04-2024,Illapel,,Sur,13.0, nan ,62.0,TMP-002,,533491
1032.0,,COQUIMBO,Violencia,Sur,15.0,baja,22.0,ERROR,dato ingresado manualmente,38835
1033.0,2024-05-19,monte patria,Fraude,Rural,8.0,ALTA,67.0,,sin validar,925139
1034.0,03/11/2024,Salamanca,,,6.0,baja,33.0,,,866900
1035.0,Apr-15-2025,vicuna,,,14.0,Baja,29.0,,,354478
1036.0,2025-10-28,monte patria,Accidente,,1.0,ALTA,nan,ERROR,sin validar,344228
1037.0,02/06/2025,Coquimbo,,Centro,2.0,Media,40.0,ERROR,,395923
1038.0,03/03/2024,Coquimbo,Violencia,centro,500.0,Alta,37.0,TMP-001,sin validar,933445
1039.0,,Andacollo,Violencia,Rural,10.0,,26.0,ERROR,dato ingresado manualmente,716644
1040.0,2025-12-24,andacollo,,Centro,15.0,baja,28.0,ERROR,,81773
1041.0,sin fecha,Coquimbo,Accidente,Rural,6.0,media,14.0,,dato ingresado manualmente,320723
1042.0,2024-08-12,Serena,Accidente,,9.0,,23.0,,revisar,300221
1043.0,Jun-03-2024,OVALLE,Accidente,centro,5.0,media,33.0,,revisar,973223
1044.0,2024-02-21,La Serena,robo,,10.0,,26.0,,revisar,194724
1045.0,12/03/2024,monte patria,Accidente,centro,1.0,Baja,38.0,ERROR,,854974
1046.0,Jul-30-2024,vicuna,Violencia,NORTE,2.0,Alta,39.0,,sin validar,326932
1047.0,Apr-22-2024,andacollo,Robo,Centro,5.0,,44.0,TMP-002,sin validar,8642
1048.0,sin fecha,illapel,Robo,Norte,15.0,baja,21.0,,revisar,631813
1049.0,,ovalle,Hurto,Norte,3.0,baja,40.0,,dato ingresado manualmente,678005
1050.0,,COQUIMBO,Accidente,centro,9.0,Baja,59.0,TMP-002,revisar,608864
1051.0,04/08/2025,LaSerena,,NORTE,16.0,,20.0,ERROR,ok,502139
1052.0,2024-11-20,monte patria,robo,Centro,8.0,Baja,37.0,TMP-001,revisar,91182
1053.0,Mar-13-2024,Montepatria,robo,Norte,11.0,Baja,65.0,,ok,869350
,,la serena,Violencia,Norte,9.0,,,TMP-001,,87499
,,LaSerena,Fraude,NORTE,1.0,,30.0,TMP-001,dato ingresado manualmente,628753
1056.0,Aug-24-2025,Andacollo,Robo,Centro,4.0,Alta,37.0,,ok,187446
1057.0,2024-08-17,Salamanca,Violencia,Centro,7.0,baja,,TMP-001,,294828
1058.0,2025-05-11,Monte Patria,Violencia,NORTE,11.0,,42.0,,ok,540251
1059.0,sin fecha,vicuna,Robo,Norte,,,33.0,TMP-001,ok,898436
1060.0,Aug-20-2024,La Serena,robo,Norte,15.0,ALTA,56.0,ERROR,revisar,175624
1061.0,2024/02/23,SALAMANCA,Robo,centro,19.0,baja,24.0,ERROR,sin validar,437077
1062.0,May-31-2025,Salamanca,Accidente,Rural,,,33.0,,dato ingresado manualmente,313371
1063.0,,coquimbo,Fraude,,13.0,baja,43.0,,,700723
1064.0,2025/03/18,Serena,Robo,centro,8.0,Alta,28.0,,dato ingresado manualmente,439855
1065.0,Sep-14-2025,Salamanca,robo,NORTE,13.0,Baja,43.0,TMP-002,dato ingresado manualmente,454661
1066.0,2024-11-20,Vicuña,Accidente,,17.0, nan ,64.0,TMP-002,ok,772195
1067.0,,coquimbo,,Sur,10.0,Alta,22.0,TMP-001,dato ingresado manualmente,879641
1068.0,2025/04/09,Salamanca,Accidente, Rural ,,ALTA,45.0,,ok,285653
1069.0,Nov-25-2024,COQUIMBO,Robo,,13.0,Media,59.0,,revisar,273588
1070.0,Nov-20-2025,LaSerena,Accidente,Norte,13.0,baja,,,revisar,96100
1071.0,Sep-15-2024,VICUÑA,Accidente,centro,16.0,baja,5.0,TMP-002,,725059
1072.0,Jul-22-2025,Vicuña,Accidente,,4.0,,60.0,TMP-001,ok,83600
1073.0,Nov-11-2024,OVALLE,accidente,NORTE,17.0,baja,,,,770075
1074.0,2024/12/11,Serena,,,"13,0",,64.0,TMP-001,revisar,87169
1075.0,2025-04-24, Monte Patria ,Violencia,Sur,16.0,Media,26.0,ERROR,,554887
1076.0,29/02/2024,Serena,Violencia,NORTE,18.0,Baja,54.0,ERROR,dato ingresado manualmente,708366
1077.0,30/09/2024,Serena,Hurto, centro ,5.0,Media,29.0,ERROR,,904365
1078.0,2025/11/15,serena,Accidente,Centro,18.0,,49.0,,ok,448419
1079.0,Aug-11-2025,andacollo,Accidente,NORTE,8.0,Baja,23.0,TMP-001,revisar,532659
1080.0,2025/07/17,OVALLE,robo,NORTE,16.0,Baja,,,sin validar,977513
1081.0,Dec-12-2024,SALAMANCA,,Norte,11.0,Alta,43.0,,revisar,227114
1082.0,15/07/2025,La Serena,Fraude,Norte,14.0,Alta,25.0,TMP-001,,387174
1083.0,,OVALLE,Fraude,Sur,"10,0",baja,49.0,,,224866
1084.0,2025/05/06,Montepatria,Violencia,Rural,9.0,,14.0,TMP-002,dato ingresado manualmente,817074
1085.0,2025-07-25,ovalle,Violencia,Centro,17.0,,47.0,ERROR,revisar,737092
1086.0,2024-05-14,Coquimbo,Violencia,Centro,19.0,,44.0,TMP-001,,967206
1087.0,2025/12/31,Coquimbo ,Hurto, Centro ,13.0,,5.0,,,840807
1088.0,2025/09/27,Coquimbo,Hurto,Rural,15.0,ALTA,,TMP-002,,971836
1089.0,2024-01-15,Andacollo,HURTO,Sur,7.0,Alta,66.0,,revisar,572431
1090.0,16/07/2025,vicuna,Accidente,Rural,19.0,Alta,48.0,ERROR,ok,880335
1091.0,07/11/2024,LaSerena,robo,NORTE,,Alta,54.0,TMP-001,,521389
1092.0,Nov-25-2025,COQUIMBO,Robo,centro,8.0,baja,44.0,TMP-001,sin validar,280432
1093.0,,Monte Patria,Hurto,,11.0,Media,64.0,,revisar,578683
1094.0,2025/02/02,Illapel,Fraude,NORTE,"7,0",,62.0,,sin validar,977380
1095.0,Apr-28-2024,Serena,,NORTE,14.0,ALTA,64.0,,revisar,934247
1096.0,Jan-09-2025,andacollo,Violencia,centro,,baja,,,dato ingresado manualmente,380365
1097.0,2024/03/02,coquimbo,Fraude,Norte,18.0,Alta,35.0,,,778269
1098.0,2024/02/05,La Serena,,Sur,17.0,ALTA,26.0,ERROR,dato ingresado manualmente,996939
1099.0,Nov-11-2024,illapel,robo,Sur,15.0,,42.0,,,546314
1100.0,2024/01/10,SALAMANCA,Robo,Rural,1.0,Alta,69.0,,dato ingresado manualmente,553668
1101.0,04/04/2024,OVALLE,,Norte,2.0,ALTA,41.0,ERROR,revisar,667111
1102.0,2024/06/08,VICUÑA,robo,centro,12.0,,23.0,,sin validar,349670
1103.0,2025-03-24,Coquimbo ,Violencia,Rural,4.0,Alta,22.0,,,848137
1104.0,2024/01/02,La Serena,robo,NORTE,7.0,Alta,36.0,TMP-002,,228131
1105.0,2024/03/30,andacollo,Accidente,  ,"2,0",Media,57.0,,revisar,172874
1106.0,Aug-08-2025,Serena,Hurto,Norte,9.0,baja,27.0,TMP-001,,22737
1107.0,2024-10-06,Coquimbo ,Robo,,,baja,63.0,TMP-002,,896251
1108.0,15/07/2024,Ovalle,Robo,Rural,6.0,Media,49.0,,dato ingresado manualmente,477722
1109.0,2024-11-19,Vicuña,Fraude,,3.0,baja,67.0,,revisar,105301
1110.0,2025/08/30,vicuna,,Norte,12.0,Alta,63.0,,,806065
1111.0,sin fecha,andacollo,Violencia,centro,3.0,ALTA,66.0,,sin validar,954145
1112.0,,OVALLE,Violencia,Norte,1.0,Baja,16.0,,sin validar,827605
1113.0,Jan-17-2025,OVALLE,accidente,Sur,18.0,Baja,59.0,ERROR,sin validar,777186
1114.0,Jun-12-2025,Salamanca,Robo,Centro,13.0,,59.0,TMP-001,,21815
1115.0,Apr-30-2024,COQUIMBO,Fraude,Centro,11.0,Alta,27.0,TMP-002,sin validar,449581
1116.0,22/02/2025,Montepatria,Robo,,2.0,baja,63.0,TMP-001,ok,120807
1117.0,2024/01/29,SALAMANCA,hurto,centro,5.0,,54.0,,revisar,764467
1118.0,2025-03-13,ovalle,Hurto,Norte,14.0,Alta,24.0,ERROR,,124243
1119.0,2025-05-11,Coquimbo ,Robo,Rural,16.0,Alta,53.0,,revisar,683813
1120.0,2024/05/02,Illapel,,,17.0,baja,41.0,TMP-002,ok,219897
1121.0,,Salamanca,Violencia,Sur,5.0,Baja,22.0,,,562743
1122.0,17/06/2025,LA SERENA,,,1.0,Media,59.0,TMP-001,,77280
1123.0,,la serena,robo,NORTE,18.0,ALTA,54.0,TMP-002,,973033
1124.0,2025-05-11,Andacollo,,centro,2.0,Media,52.0,TMP-001,ok,428201
1125.0,2024-11-04,Serena,Robo,Sur,14.0,,49.0,,,15851
1126.0,sin fecha,vicuna,,centro,16.0,Baja,24.0,TMP-002,dato ingresado manualmente,751173
1127.0,2024-12-20,vicuna,Hurto,,6.0,,50.0,,dato ingresado manualmente,798682
1128.0,,COQUIMBO,robo,Centro,17.0,Media,14.0,,dato ingresado manualmente,661155
1129.0,29/01/2025,La Serena,robo,Sur,10.0,Media,44.0,,,346147
1130.0,2025/08/28,SALAMANCA,,,7.0,Alta,26.0,,revisar,628192
1131.0,2025-09-30,Monte Patria,robo,Rural,,Alta,53.0,,sin validar,384221
,30/09/2024, Monte Patria ,Robo,centro,15.0,ALTA,27.0,TMP-002,,227812
1133.0,2025/07/20,LaSerena,Violencia,NORTE,15.0,ALTA,34.0,ERROR,ok,542386
1134.0,23/05/2024,ovalle,Hurto,Rural,11.0,ALTA,53.0,,revisar,506594
1135.0,2025-02-04,illapel,Robo,Sur,,,27.0,TMP-001,,971918
1136.0,Mar-14-2024,VICUÑA,Accidente,centro,8.0,,24.0,,revisar,44734
1137.0,May-24-2024,la serena,Violencia,Norte,9.0,ALTA,,,revisar,132952
1138.0,2025/02/05,Illapel,Violencia,Norte,18.0,Baja,47.0,,ok,684949
1139.0,2024/07/10,La Serena,Robo,centro,11.0,Alta,66.0,TMP-002,ok,492148
1140.0,Sep-20-2025,illapel,Hurto,Rural,4.0,Baja,"57,0",,,542045
1141.0,Feb-17-2025,la serena,,Sur,11.0,,24.0,TMP-002,ok,804642
1142.0,2025-05-09,Illapel,Fraude,NORTE,18.0,ALTA,56.0,,dato ingresado manualmente,662775
1143.0,Mar-21-2025,Salamanca,Hurto,NORTE,1.0,Baja,17.0,,dato ingresado manualmente,28209
1144.0,2025/03/21,VICUÑA,robo,CENTRO,6.0,baja,16.0,,ok,81813
1145.0,sin fecha,LA SERENA,Violencia,Sur,3.0,ALTA,32.0,,revisar,34502
1146.0,18/02/2025,SALAMANCA,robo,centro,14.0,media,16.0,,sin validar,73211
1147.0,07/09/2025,Coquimbo,Robo,Centro,18.0,Baja,41.0,TMP-002,ok,506094
1148.0,28/09/2025,Monte Patria,robo,Rural,8.0,Alta,21.0,TMP-002,,490222
1149.0,Jan-06-2025,monte patria,Hurto,Sur,8.0,Baja,38.0,ERROR,revisar,855092
1150.0,21/04/2024,Coquimbo ,Hurto,,15.0,,68.0,TMP-002,ok,285592
1151.0,2024-10-23,Illapel,Robo,NORTE,8.0,Baja,"23,0",TMP-002,sin validar,356276
,sin fecha, LA SERENA ,robo,,2.0,BAJA,33.0,ERROR,revisar,261295
1153.0,2024-09-29,Monte Patria,Robo,,4.0,,36.0,,sin validar,517614
1154.0,,ovalle,robo,centro,1.0,ALTA,18.0,TMP-002,revisar,390899
1155.0,Dec-06-2024,VICUÑA,FRAUDE,,7.0,ALTA,46.0,TMP-001,,319500
1156.0,2025-09-04,coquimbo,Fraude,,6.0,baja,56.0,ERROR,sin validar,24472
,14/01/2024,Montepatria,robo,Norte,17.0,baja,50.0,TMP-002,,156533
1158.0,25/02/2025,ovalle,Hurto,RURAL,1.0,Baja,27.0,,revisar,605213
1159.0,2024/03/12,LA SERENA,,Centro,18.0,baja,,,dato ingresado manualmente,627401
1160.0,,COQUIMBO,Violencia,NORTE,15.0,Media,48.0,,,605592
1161.0,2024-09-26,SALAMANCA,,Sur,13.0,Media,50.0,,revisar,865859
1162.0,2024-12-05,andacollo,Accidente,NORTE,5.0,Alta,14.0,TMP-001,,88782
1163.0,sin fecha,monte patria,robo,centro,9.0,ALTA,32.0,ERROR,,705335
1164.0,,OVALLE,Violencia,centro,500.0,,39.0,TMP-002,,643123
1165.0,,VICUÑA,robo,Sur,1.0,,22.0,,ok,231426
,2024-11-08,monte patria,Robo,,1.0,baja,67.0,,,343834
1167.0,,Illapel,ROBO,SUR,10.0,Baja,24.0,TMP-002,revisar,323335
1168.0,,OVALLE,Hurto,Rural,10.0,,45.0,TMP-002,sin validar,982906
1169.0,08/06/2024,ovalle,Violencia,NORTE,15.0,ALTA,30.0,TMP-001,dato ingresado manualmente,227579
1170.0,29/01/2024,Ovalle,Violencia,Rural,2.0,baja,47.0,TMP-002,,748513
1171.0,Jan-24-2025,Salamanca,Violencia,Norte,5.0,,25.0,,,284563
,2025/04/23,Vicuña,Robo,Rural,5.0,Alta,63.0,ERROR,,556452
1173.0,29/02/2024,Ovalle,Fraude,Rural,16.0,baja,69.0,,revisar,203744
1174.0,Nov-19-2025,Vicuña,,NORTE,9.0,ALTA,29.0,,sin validar,327782
1175.0,Jul-15-2024,Ovalle,Accidente,NORTE,16.0,ALTA,,ERROR,,56242
1176.0,Jun-27-2024,LaSerena,Violencia,centro,5.0,ALTA,32.0,,ok,855321
1177.0,sin fecha,Montepatria,Hurto,centro,2.0,baja,23.0,,,246827
1178.0,2024/05/18,LaSerena,Robo,Sur,10.0,media,24.0,,,485665
1179.0,2024-09-20,Salamanca,Accidente,centro,18.0,Alta,28.0,ERROR,,679803
1180.0,Jun-28-2025,la serena,Hurto,NORTE,13.0,ALTA,52.0,,ok,933429
,Oct-08-2024,LA SERENA,robo,Norte,6.0,baja,63.0,,revisar,941418
1182.0,sin fecha,Montepatria,Fraude,centro,8.0,ALTA,27.0,,sin validar,86170
1183.0,2024/11/18,vicuna,Violencia,norte,7.0,,,TMP-001,,316988
1184.0,16/02/2024,monte patria,robo,Norte,14.0, Baja ,47.0,TMP-001,revisar,540421
1185.0,May-17-2024, la serena ,Robo,Centro,5.0,Baja,"32,0",,revisar,274062
1186.0,2025-10-12,Andacollo,Fraude,centro,8.0,baja,55.0,,revisar,79343
1187.0,17/09/2024,Ovalle,fraude,Norte,18.0,baja,24.0,,dato ingresado manualmente,208300
1188.0,25/10/2024,OVALLE,Violencia,RURAL,3.0,baja,25.0,TMP-001,,62318
1189.0,Feb-24-2025,VICUÑA,Accidente,NORTE,3.0,ALTA,64.0,ERROR,,779186
1190.0,12/06/2025,Illapel,Violencia,Centro,18.0,ALTA,38.0,,,550413
1191.0,2025-06-08,andacollo,ROBO,Norte,16.0,ALTA,18.0,,sin validar,932681
1192.0,2024/12/27,La Serena,,rural,10.0,Media,66.0,TMP-002,revisar,39448
1193.0,Mar-12-2024,Serena,robo,Sur,9.0,ALTA,,,sin validar,51021
1194.0,13/08/2024,OVALLE,robo,Centro,9.0,Media,35.0,,ok,850135
1195.0,2024/06/19,LaSerena,robo,Sur,7.0,ALTA,39.0,,ok,609642
1196.0,Apr-20-2024,Salamanca,Hurto,Norte,7.0,Media,50.0,TMP-002,dato ingresado manualmente,944083
1197.0,2024/11/22,ovalle,robo,,6.0,baja,41.0,TMP-001,,597726
1198.0,2025/03/23,COQUIMBO ,,centro,6.0,,50.0,TMP-001,dato ingresado manualmente,76580
1199.0,2025-06-29,coquimbo,Violencia,Norte,13.0,ALTA,"53,0",,,104408
1200.0,,Vicuña,Accidente,,2.0,baja,24.0,TMP-001,ok,73949
1201.0,Nov-09-2024,Illapel,Fraude,Centro,2.0,Baja,29.0,,sin validar,46501
1202.0,2025-05-30,Montepatria,robo,Centro,1.0,Baja,19.0,,,909135
,2025/07/23,la serena,,,17.0,baja,35.0,TMP-002,revisar,650451
1204.0,2025/05/06,Montepatria,robo,Norte,16.0,,30.0,,revisar,7681
1205.0,2024-02-05,Salamanca,,Rural,15.0,ALTA,19.0,,sin validar,626075
1206.0,2025-11-18,Coquimbo ,Accidente,centro,14.0,Alta,19.0,,sin validar,81840
1207.0,Nov-12-2025,ovalle,Robo,centro,2.0,ALTA,64.0,ERROR,,217447
1208.0,May-01-2024,OVALLE,Fraude,,10.0,baja,69.0,TMP-002,revisar,344330
1209.0,Sep-02-2024,SALAMANCA,Robo,centro,16.0,Alta,48.0,TMP-002,,879055
1210.0,,La Serena,Fraude,centro,5.0,ALTA,63.0,,revisar,669212
1211.0,2025/01/31,Ovalle,, centro ,16.0,baja,46.0,,,338889
1212.0,09/07/2024,illapel,robo,,16.0,  ,47.0,TMP-002,,20051
1213.0,2024-12-12,LaSerena,Hurto,Sur,18.0,Media,42.0,,sin validar,762577
1214.0,18/02/2024,LaSerena,Accidente,Norte,18.0,ALTA,27.0,ERROR,ok,215607
1215.0,2024/06/05,OVALLE,robo,Sur,18.0,Media,25.0,,dato ingresado manualmente,689225
1216.0,2024/11/12,vicuna,,NORTE,19.0,Baja,,,revisar,633213
1217.0,2024/04/30,Ovalle,,NORTE,5.0,baja,21.0,TMP-002,ok,479560
1218.0,2024/08/31,La Serena,Fraude,Norte,2.0,baja,28.0,ERROR,,976167
1219.0,11/05/2024,Coquimbo ,Hurto,NORTE,8.0,alta,,TMP-001,revisar,343883
1220.0,,la serena,Fraude,Rural,1.0,ALTA,43.0,TMP-002,,422614
1221.0,Dec-02-2024,COQUIMBO,Robo,NORTE,5.0,Alta,62.0,,,622316
1222.0,2024-05-04,OVALLE,robo,Norte,2.0,,67.0,,revisar,173880
1223.0,07/11/2025,Salamanca,Accidente,,"7,0",Alta,18.0,TMP-001,sin validar,903422
1224.0,2024/07/07,Monte Patria,robo,Sur,17.0,Media,"63,0",,ok,285995
1225.0,Apr-20-2025,Coquimbo ,Fraude,Sur,1.0,BAJA,31.0,TMP-001,revisar,584281
,sin fecha,illapel,,Norte,9.0,,64.0,TMP-002,ok,911752
1227.0,01/09/2024,vicuna,Accidente,NORTE,13.0,baja,69.0,ERROR,,397065
1228.0,Oct-28-2024,Ovalle,Hurto,Norte,4.0,,17.0,ERROR,sin validar,262136
1229.0,2025-10-11,ovalle,Violencia,,1.0,Media,36.0,,,107045
1230.0,Nov-09-2024,SALAMANCA,,Centro,4.0,Alta,21.0,,,323849
1231.0,,monte patria,,centro,11.0,Baja,34.0,,sin validar,661697
1232.0,2024-03-10,vicuna,Fraude,NORTE,1.0,Media,32.0,ERROR,,861127
1233.0,15/02/2025,COQUIMBO,Hurto,Sur,8.0, Alta ,19.0,,revisar,252892
1234.0,2025/12/30,Serena,,,13.0,baja,30.0,,revisar,386905
1235.0,2025-01-09,LaSerena,Robo,Rural,10.0,Alta,48.0,,revisar,62715
1236.0,May-02-2024,OVALLE,Robo,Rural,14.0,,48.0,ERROR,,96983
1237.0,May-25-2024,OVALLE,robo,Rural,1.0,baja,26.0,,ok,813757
1238.0,,COQUIMBO,Hurto,NORTE,11.0,,44.0,,sin validar,613699
1239.0,2024/05/15,andacollo,Fraude,centro,6.0,Alta,41.0,TMP-001,revisar,492809
1240.0,2024/11/23,LaSerena,Violencia,,17.0,Alta,21.0,TMP-002,,314029
,May-05-2025,SALAMANCA,robo,,15.0,,25.0,TMP-002,dato ingresado manualmente,391868
1242.0,2024/04/14,SALAMANCA,Fraude,NORTE,11.0,,61.0,,dato ingresado manualmente,981164
1243.0,Jan-25-2025,monte patria,Violencia,,2.0,Alta,36.0,,ok,127520
1244.0,,COQUIMBO,Violencia,Sur,5.0,ALTA,68.0,TMP-001,dato ingresado manualmente,624344
1245.0,Nov-16-2024,Vicuña,,Norte,15.0,ALTA,17.0,ERROR,revisar,38316
1246.0,,La Serena,Robo,Rural,"2,0",Media,38.0,TMP-002,,628752
1247.0,Jan-14-2025,illapel,,Sur,8.0,,53.0,,ok,471505
1248.0,21/07/2025,vicuna,Fraude,NORTE,9.0,Baja,28.0,ERROR,sin validar,342621
1249.0,2024/03/18,SALAMANCA,Hurto,Centro,13.0,Media,41.0,ERROR,,990308
1250.0,2024/04/01,OVALLE,robo,Norte,1.0,Media,65.0,,,993196
1251.0,2025/05/14,coquimbo,,Centro,16.0,Media,41.0,,revisar,363948
1252.0,2024/02/09,Illapel,robo,NORTE,14.0,,24.0,TMP-001,dato ingresado manualmente,267516
1253.0,2024/05/31,la serena,Fraude,NORTE,,Media,29.0,ERROR,ok,299880
1254.0,27/06/2025,Ovalle,robo,Centro,,Media,29.0,TMP-002,,220895
1255.0,28/04/2024,ILLAPEL,Violencia,Centro,"13,0",Media,50.0,,,758102
1256.0,,vicuna,Accidente,Sur,4.0,Media,36.0,ERROR,ok,520975
1257.0,,OVALLE,Fraude,,12.0,,55.0,ERROR,sin validar,202665
1258.0,May-12-2025,LaSerena,Violencia,centro,8.0,,29.0,TMP-001,revisar,794055
1259.0,2025-07-19,illapel,Violencia,CENTRO,11.0,baja,29.0,TMP-001,revisar,102478
1260.0,14/07/2024, LaSerena ,Fraude,NORTE,19.0,Alta,62.0,,ok,915683
1261.0,21/02/2025,la serena,robo,NORTE,17.0,ALTA,69.0,,,501935
1262.0,May-03-2025,ovalle,,Centro,16.0,Alta,21.0,,sin validar,364886
1263.0,2025/11/07,Serena,Hurto,Sur,18.0,Baja,39.0,ERROR,,520065
1264.0,sin fecha,vicuna,,Sur,17.0,,44.0,,dato ingresado manualmente,46424
1265.0,2024/09/25,monte patria,Hurto,Rural,12.0,Alta,45.0,ERROR,revisar,418113
1266.0,sin fecha,andacollo,Accidente,,12.0,baja,18.0,,ok,498724
1267.0,2025/01/12,LaSerena,Robo,centro,11.0,Alta,19.0,,,186262
1268.0,Jun-21-2024,Illapel,,,5.0, ALTA ,47.0,TMP-001,revisar,305993
1269.0,2025/06/20,Serena,Violencia,NORTE,19.0,baja,45.0,TMP-001,revisar,79134
1270.0,2025-07-04,Monte Patria,Fraude,Norte,17.0,Alta,68.0,,sin validar,473618
1271.0,Aug-15-2025,OVALLE,Fraude,centro,19.0,,42.0,,dato ingresado manualmente,926794
1272.0,Mar-04-2024,montepatria,Hurto,centro,2.0,Baja,38.0,TMP-002,dato ingresado manualmente,485739
1273.0,Jan-19-2025,monte patria,Accidente,Rural,17.0,,,TMP-002,ok,909451
1274.0,2025-11-19,SALAMANCA,Robo,,2.0,Alta,14.0,,revisar,877623
1275.0,15/07/2024,la serena,  ,Sur,12.0,Media,66.0,,sin validar,787676
1276.0,02/01/2025,La Serena,Fraude,NORTE,15.0,Media,37.0,ERROR,ok,257046
,2024-06-10,ovalle,Robo, Norte ,3.0,Baja,48.0,TMP-002,revisar,817751
1278.0,13/09/2024,andacollo,Hurto,Centro,18.0,baja,44.0,TMP-001,revisar,204755
1279.0,Jul-15-2025,Monte Patria,,Centro,12.0,Media,45.0,TMP-001,sin validar,922218
1280.0,2024/07/29,illapel,,Sur,2.0,Baja,47.0,TMP-002,ok,731425
1281.0,12/05/2025,VICUÑA,,Sur,11.0,Baja,50.0,TMP-002,sin validar,242044
1282.0,,illapel,Accidente,Sur,17.0,Media,41.0,,,515937
1283.0,2024-08-20,Montepatria,Hurto,,"11,0",baja,28.0,,,396260
1284.0,,VICUÑA,Robo,Centro,17.0,,17.0,,sin validar,625755
1285.0,Jun-23-2025,Salamanca,robo,Norte,3.0,Alta,33.0,ERROR,,805704
1286.0,2024/10/12,Ovalle,Robo,centro,3.0,Media,20.0,,dato ingresado manualmente,604004
1287.0,2025/03/20,Andacollo,Accidente,Sur,1.0,,17.0,,ok,811816
1288.0,Jan-21-2024,andacollo,robo,NORTE,13.0,,39.0,ERROR,,164379
1289.0,2025/05/03,Coquimbo ,Robo,norte,7.0,,38.0,,revisar,910006
1290.0,2024-03-05,Coquimbo ,Fraude,centro,"13,0",Media,61.0,TMP-002,,723856
1291.0,23/02/2025,Montepatria,Hurto,Sur,"8,0",Baja,,ERROR,,271979
1292.0,Jan-12-2025,Salamanca,Fraude,NORTE,3.0,Media,41.0,,,302640
,,LA SERENA,Hurto,Rural,13.0,,66.0,,dato ingresado manualmente,230563
1294.0,2024-02-02,Salamanca,Violencia,Sur,15.0,Alta,26.0,TMP-002,,494406
1295.0,19/05/2025,LaSerena,Hurto,Sur,4.0,ALTA,,,ok,694770
1296.0,2025-04-03,Vicuña,Robo,Norte,13.0,Baja,51.0,,revisar,591180
1297.0,2025/09/11,LaSerena,Fraude,Centro,12.0,Alta,5.0,,,421562
,05/12/2025,Illapel,Fraude,Sur,14.0,baja,65.0,TMP-001,ok,380967
1299.0,19/09/2024,Salamanca,Robo,Rural,15.0,Baja,62.0,TMP-002,revisar,367927
1300.0,2025/10/21,Monte Patria,Fraude,Norte,1.0,baja,20.0,,revisar,529902
1301.0,18/03/2024,LA SERENA,Robo,,17.0,Alta,60.0,,sin validar,719881
1302.0,2024/09/06,ovalle,,Norte,8.0,Baja,27.0,,ok,754065
1303.0,Aug-07-2025,Vicuña,Accidente,NORTE,5.0,Media,32.0,,,713867
1304.0,Dec-12-2025,Monte Patria,Hurto,Norte,4.0,,60.0,ERROR,ok,6357
1305.0,2024-09-06,Salamanca,Robo,Sur,16.0,Media,56.0,TMP-001,dato ingresado manualmente,889397
1306.0,27/08/2024,COQUIMBO, Hurto ,NORTE,10.0,baja,21.0,,revisar,570879
1307.0,2025-09-03,LaSerena,VIOLENCIA,Sur,8.0,ALTA,36.0,TMP-001,,538303
1308.0,23/03/2024,LaSerena,Accidente,centro,3.0,ALTA,24.0,TMP-001,sin validar,458098
1309.0,,la serena,,,11.0,ALTA,"19,0",,,588881
1310.0,Feb-08-2024,coquimbo,,Rural,8.0,Baja,38.0,ERROR,,924214
1311.0,2025/06/25,Coquimbo,Accidente,Sur,9.0,Media,29.0,ERROR,dato ingresado manualmente,479188
1312.0,28/04/2024,Monte Patria,Fraude,Centro,4.0,,50.0,,sin validar,849951
1313.0,2024/01/15,Montepatria,Accidente,Norte,1.0,baja,nan,TMP-002,,154789
1314.0,Aug-14-2025,Vicuña,Hurto,rural,,,68.0,,,940648
1315.0,2025/03/30,Illapel,robo,Norte,18.0,Media,34.0,,,888760
1316.0,2025/06/08,LaSerena,Robo,Centro,"18,0",Baja,17.0,ERROR,ok,151450
1317.0,2025-02-03,Coquimbo,Violencia,Sur,12.0,baja,30.0,TMP-001,ok,437108
1318.0,,OVALLE,robo,NORTE,"18,0",Alta,"59,0",,,51594
1319.0,01/07/2024,ovalle,robo,centro,18.0,Media,15.0,ERROR,sin validar,668011
1320.0,, Monte Patria ,,Norte,2.0,ALTA,64.0,,,440536
1321.0,2025/11/19,Salamanca,,NORTE,15.0,ALTA,41.0,ERROR,dato ingresado manualmente,307003
1322.0,14/08/2025,Coquimbo,Violencia,NORTE,5.0,Media,"38,0",,dato ingresado manualmente,587336
1323.0,May-14-2024,Coquimbo ,Violencia,Centro,3.0,Baja,54.0,ERROR,,917292
1324.0,2025-07-03,illapel,Fraude,Centro,6.0,,60.0,,sin validar,576548
1325.0,Nov-03-2025,LASERENA,,Norte,6.0,baja,22.0,,sin validar,63032
1326.0,2024/03/24,COQUIMBO,Accidente,Sur,16.0,Baja,39.0,TMP-001,sin validar,3854
,2024/11/22,coquimbo,Accidente,NORTE,19.0,Baja,48.0,TMP-002,,523250
1328.0,10/12/2024,La Serena,Robo,centro,"10,0",Media,64.0,,,309211
1329.0,2025/08/31,coquimbo,,Norte,16.0,baja,66.0,TMP-001,revisar,643609
1330.0,2025-11-10,Andacollo,Robo,Centro,5.0,Alta,,,dato ingresado manualmente,710251
1331.0,sin fecha,Serena,Fraude,,18.0,ALTA,58.0,,revisar,727465
1332.0,17/08/2025,OVALLE,robo,Rural,18.0,ALTA,44.0,,sin validar,116303
1333.0,sin fecha, Monte Patria ,Accidente,centro,19.0,Media,36.0,,ok,90506
1334.0,21/04/2024,OVALLE,,Centro,15.0,Baja,66.0,TMP-001,dato ingresado manualmente,792888
1335.0,Jun-12-2024,La Serena,Accidente,Norte,,Media,44.0,,,608740
1336.0,08/08/2024,VICUÑA,Fraude,Centro,1.0,Baja,50.0,,dato ingresado manualmente,544958
,2024-04-05,Vicuña,Violencia,NORTE,10.0,ALTA,17.0,TMP-002,,48912
1338.0,,OVALLE,Fraude,Norte,17.0,ALTA,62.0,TMP-001,ok,326871
1339.0,Aug-01-2024,andacollo,Fraude,NORTE,11.0,Baja,15.0,ERROR,revisar,208294
1340.0,2025-05-09, LA SERENA ,Fraude,Norte,5.0,Media,23.0,TMP-002,revisar,895613
1341.0,2025-04-15,coquimbo,robo,Sur,"6,0",Baja,14.0,ERROR,revisar,890495
1342.0,2024-01-06,Coquimbo ,Accidente,,18.0,,24.0,,,827141
1343.0,2024/03/26,LaSerena,Robo,Norte,10.0, ALTA ,14.0,ERROR,,523966
1344.0,08/08/2024,Coquimbo,,Sur,10.0,Baja,42.0,ERROR,sin validar,609679
1345.0,2025/04/18, illapel ,Fraude,Centro,15.0,ALTA,57.0,ERROR,revisar,97041
1346.0,2025-08-17,La Serena,,Centro,10.0,ALTA,,,,117975
1347.0,,Monte Patria,Robo,Centro,8.0,Alta,,TMP-001,sin validar,774048
1348.0,2025-09-02,LA SERENA,Hurto,NORTE,3.0,Alta,28.0,TMP-001,revisar,472074
1349.0,19/02/2024,La Serena,,Sur,19.0,Baja,58.0,,sin validar,924742
1350.0,2025-09-18,andacollo,,Centro,10.0,Baja,60.0,ERROR,dato ingresado manualmente,104628
1351.0,sin fecha,Salamanca,Accidente,centro,14.0,media,26.0,TMP-002,,628460
1352.0,,Coquimbo,Accidente,,9.0,baja,52.0,TMP-001,sin validar,74374
1353.0,,VICUÑA,Fraude,Rural,2.0,baja,58.0,TMP-001,ok,500957
1354.0,2024-05-28,Coquimbo,Accidente,centro,5.0,ALTA,47.0,,ok,273706
1355.0,26/10/2024,LA SERENA,Robo,Centro,2.0,Media,34.0,TMP-002,,147352
1356.0,22/08/2024,SALAMANCA,,centro,13.0,Baja,46.0,TMP-001,revisar,781028
1357.0,2025-07-01,monte patria,Fraude,Rural,14.0,Alta,36.0,,ok,716601
1358.0,2024-10-22,SALAMANCA,Fraude,centro,2.0,,43.0,,ok,481693
1359.0,Jan-05-2025,Serena,Hurto,Norte,17.0,,33.0,,dato ingresado manualmente,262253
1360.0,sin fecha,LaSerena,Violencia,,1.0,Baja,38.0,TMP-002,sin validar,743586
1361.0,May-27-2024,La Serena,,,4.0,Baja,50.0,TMP-002,dato ingresado manualmente,747984
1362.0,2024/01/31,Coquimbo,VIOLENCIA,Sur,9.0,,15.0,,revisar,443841
1363.0,2025-12-13,Salamanca,Violencia,,12.0,Alta,40.0,ERROR,sin validar,160226
1364.0,sin fecha,Serena,,Centro,18.0,,21.0,TMP-001,sin validar,125281
1365.0,2025-06-02,Montepatria,Fraude,NORTE,3.0,,23.0,TMP-001,,796521
1366.0,,SALAMANCA,Fraude,Centro,8.0,baja,,TMP-002,sin validar,897326
1367.0,05/07/2025,vicuna,fraude,Norte,19.0,Baja,19.0,TMP-001,revisar,337080
1368.0,,andacollo,robo,Norte,8.0,Baja,61.0,TMP-002,dato ingresado manualmente,704404
,sin fecha,Coquimbo ,,Centro,1.0,baja,44.0,TMP-002,dato ingresado manualmente,834752
1370.0,2024-11-12,ovalle,robo,Sur,3.0,Media,"56,0",TMP-001,ok,747868
1371.0,2024-06-11,Salamanca,robo,centro,19.0,Alta,17.0,ERROR,,690624
1372.0,Feb-23-2024,Salamanca,,Sur,3.0,Baja,52.0,,sin validar,29244
1373.0,sin fecha,vicuna,robo,Centro,14.0,ALTA,59.0,,,103200
1374.0,2025/03/06,ovalle,,Centro,14.0,,22.0,TMP-002,,661730
1375.0,19/05/2025,illapel,Hurto,Sur,12.0,Media,15.0,TMP-002,dato ingresado manualmente,695862
1376.0,2025-06-18,Serena,robo,NORTE,5.0,MEDIA,"29,0",TMP-001,revisar,803359
1377.0,2024-09-02,Vicuña,Hurto,Sur,7.0,Media,57.0,,ok,354585
1378.0,,Montepatria,Violencia,NORTE,11.0,,"54,0",,sin validar,313147
1379.0,23/05/2025,la serena,Fraude,Norte,1.0,ALTA,35.0,ERROR,revisar,615445
1380.0,2024/10/27,Coquimbo ,Hurto,Norte,,baja,21.0,,ok,305591
1381.0,2024-01-20,la serena,Hurto,Rural,3.0,baja,68.0,,revisar,267305
1382.0,2024-12-30,Serena,Hurto,centro,"9,0",Media,23.0,,revisar,243945
1383.0,03/01/2025,LA SERENA,Fraude,Rural,7.0,Alta,51.0,TMP-002,revisar,303123
1384.0,22/09/2024,Montepatria,Hurto,NORTE,9.0,baja,66.0,TMP-002,,432241
1385.0,24/09/2025,Monte Patria,Hurto,NORTE,3.0,,56.0,TMP-001,,554400
1386.0,2025/01/13,COQUIMBO,robo,Rural,12.0,ALTA,59.0,TMP-001,sin validar,56601
1387.0,Jan-02-2024,la serena,Fraude,Centro,"6,0",Media,24.0,TMP-001,,232400
1388.0,,COQUIMBO,Hurto,Sur,9.0,Media,24.0,TMP-001,,764998
1389.0,,Montepatria,robo,Sur,11.0,Media,,,,815369
1390.0,29/09/2024,Illapel,Violencia,NORTE,16.0,Media,27.0,,,281052
1391.0,2025/03/05,Ovalle,Robo,Rural,8.0,Alta,42.0,TMP-002,,203919
1392.0,2025-09-14,ILLAPEL,Hurto,centro,2.0,,41.0,,ok,816659
1393.0,Apr-25-2024,coquimbo,,Centro,14.0,Baja,66.0,TMP-001,revisar,90351
1394.0,2024/03/26,ovalle,Violencia,Sur,12.0,,69.0,,revisar,105161
1395.0,Apr-10-2025,la serena,Hurto,Rural,8.0,Media,25.0,,dato ingresado manualmente,915645
1396.0,Aug-19-2024,coquimbo,,Sur,3.0,ALTA,14.0,,,676476
1397.0,2024/10/19,vicuna,,NORTE,19.0,Baja,61.0,TMP-001,,691671
1398.0,20/05/2025,LA SERENA,,NORTE,3.0,Media,37.0,TMP-002,ok,468507
1399.0,Aug-07-2025,LaSerena,Robo,centro,15.0,baja,47.0,,revisar,929674
1400.0,22/08/2025,Andacollo,,Rural,8.0,ALTA,53.0,,,630408
1401.0,,monte patria,Robo,Norte,18.0,baja,54.0,ERROR,,409952
1402.0,Apr-30-2024,Serena,Robo,NORTE,15.0,Alta,,ERROR,sin validar,301143
1403.0,27/08/2025,la serena,,NORTE,7.0,Baja,64.0,TMP-001,sin validar,981266
1404.0,Oct-10-2025,La Serena,Fraude,,18.0,,14.0,TMP-002,dato ingresado manualmente,387655
1405.0,sin fecha,vicuna,,Rural,4.0,Baja,60.0,TMP-002,ok,169398
1406.0,sin fecha,Coquimbo ,Robo,Norte,9.0,ALTA,33.0,,,163680
1407.0,,coquimbo,accidente,Centro,6.0,baja,32.0,TMP-002,dato ingresado manualmente,239314
1408.0,23/05/2024,Montepatria,Robo,NORTE,12.0,Media,53.0,TMP-002,,920698
1409.0,2024/05/11,La Serena,Robo,Rural,18.0,Baja,15.0,TMP-002,ok,926357
1410.0,2025-01-29,La Serena,,Rural,6.0,Baja,39.0,,dato ingresado manualmente,907645
1411.0,Jun-11-2024,la serena,Accidente,Centro,8.0,,16.0,TMP-001,revisar,911054
1412.0,sin fecha,Montepatria,Violencia,centro,2.0,ALTA,18.0,,revisar,54766
1413.0,07/08/2025,la serena,Violencia,Rural,4.0,Alta,57.0,TMP-001,ok,999110
1414.0,,la serena,Fraude,NORTE,11.0,Media,57.0,ERROR,revisar,541883
1415.0,24/11/2025,Andacollo,robo,Centro,6.0,,,TMP-002,revisar,820998
1416.0,2024/04/17,Coquimbo,,NORTE,,Alta,67.0,,sin validar,799355
1417.0,May-31-2025,COQUIMBO,VIOLENCIA,NORTE,1.0,Media,55.0,,,276082
1418.0,,Vicuña,,Sur,4.0,,31.0,ERROR,revisar,739344
1419.0,2024/09/18,illapel,Robo,Rural,3.0,Media,48.0,TMP-002,,405255
1420.0,2024/08/15,Montepatria,Violencia,centro,4.0,ALTA,65.0,TMP-002,dato ingresado manualmente,520521
1421.0,2024/12/12,monte patria,Fraude,Norte,15.0,ALTA,20.0,TMP-001,,13169
1422.0,24/07/2024,Vicuña,Fraude,Rural,8.0,Alta,21.0,TMP-001,dato ingresado manualmente,111055
1423.0,sin fecha,andacollo,Fraude,centro,3.0,Baja,15.0,,revisar,336937
1424.0,Nov-25-2024,la serena,robo,Centro,5.0,baja,29.0,ERROR,,226777
,,COQUIMBO,,Centro,11.0,baja,64.0,TMP-001,,44808
1426.0,,VICUÑA,Hurto,Norte,15.0,Baja,69.0,TMP-002,revisar,676739
1427.0,2025-01-19,ovalle,,,9.0,,69.0,,sin validar,376037
1428.0,Jul-26-2025,La Serena,Fraude,rural,2.0,Baja,"32,0",TMP-001,,387251
1429.0,2025/03/12,andacollo,Accidente,NORTE,9.0,ALTA,59.0,TMP-001,,384860
1430.0,Oct-19-2024,COQUIMBO,Robo,Rural,2.0,Alta,65.0,,ok,53208
1431.0,sin fecha,ovalle,,centro,9.0,Alta,22.0,,,398248
1432.0,2025-07-31,LaSerena,,  ,9.0,ALTA,28.0,ERROR,,435283
1433.0,2024/06/12,la serena,robo,,7.0,Media,61.0,,,246240
1434.0,25/07/2025,coquimbo,Accidente, Norte ,1.0,Alta,41.0,ERROR,ok,812032
,2024/11/26,La Serena,Hurto,centro,18.0,ALTA,37.0,TMP-001,,128438
1436.0,Nov-04-2025,Ovalle, Robo ,Rural,19.0,Alta,35.0,TMP-001,,702250
1437.0,Apr-06-2025,Montepatria,,NORTE,9.0,ALTA,"49,0",ERROR,ok,894928
1438.0,Mar-17-2025,SALAMANCA,,Centro,9.0,Baja,59.0,,sin validar,96654
1439.0,,LA SERENA,Robo,,18.0,baja,14.0,ERROR,,738303
1440.0,Feb-11-2024,Andacollo,Accidente,Sur,-3.0,Media,41.0,ERROR,,234342
1441.0,Jan-04-2024,Coquimbo,,NORTE,"14,0",ALTA,53.0,ERROR,dato ingresado manualmente,901545
1442.0,27/04/2025,illapel,Hurto,,18.0,ALTA,65.0,TMP-001,revisar,162690
1443.0,2024-04-28,Coquimbo ,robo,Rural,9.0,Media,17.0,,,168162
1444.0,15/10/2025,OVALLE,Hurto,Norte,10.0,ALTA,61.0,TMP-001,sin validar,590438
1445.0,sin fecha,SALAMANCA,Violencia,,14.0,Media,54.0,,revisar,863747
1446.0,May-24-2024,la serena,robo,Centro,4.0,Media,32.0,ERROR,,230322
,Apr-10-2025,Montepatria,Accidente,Centro,16.0,baja,"68,0",TMP-002,,861393
,09/01/2025,Vicuña,Fraude,,19.0,Alta,62.0,TMP-001,dato ingresado manualmente,190946
1449.0,2024-02-13,SALAMANCA,Fraude,NORTE,6.0,Media,67.0,TMP-001,revisar,137224
1450.0,2025-02-06,illapel,Hurto,Sur,17.0,Alta,44.0,,sin validar,137298
1451.0,2025/11/20,ovalle,Violencia,NORTE,12.0,baja,19.0,TMP-001,revisar,722367
1452.0,2025-12-28,Montepatria,fraude,centro,8.0,Media,,,ok,861601
1453.0,Jun-24-2024,ovalle,Accidente,Norte,2.0,,29.0,TMP-002,revisar,230417
1454.0,2025/09/06,Coquimbo,,Norte,2.0,Media,58.0,TMP-001,sin validar,172379
1455.0,17/07/2024,Salamanca,,Sur,14.0,baja,19.0,,,734306
,May-31-2025,la serena,Accidente,Rural,19.0,ALTA,37.0,ERROR,ok,914621
1457.0,18/08/2025,OVALLE,,NORTE,12.0,ALTA,52.0,,revisar,702761
1458.0,2025/05/12,andacollo,Hurto, Rural ,10.0,baja,21.0,,,99376
1459.0,2024-09-04,monte patria,  ,Norte,2.0,baja,68.0,ERROR,sin validar,200357
1460.0,,Coquimbo,Robo,,19.0,ALTA,28.0,,sin validar,859250
1461.0,2025-11-15,Ovalle,robo,,9.0, baja ,18.0,,sin validar,644138
1462.0,2024/12/06,Montepatria,Hurto,Sur,"15,0",ALTA,59.0,,dato ingresado manualmente,699822
1463.0,2024/06/18,Serena,robo,Rural,2.0,ALTA,63.0,,ok,504426
1464.0,,Coquimbo,robo,Sur,12.0,,39.0,TMP-002,sin validar,870527
1465.0,2025/08/13,vicuna,Violencia,sur,9.0,Baja,33.0,TMP-002,,217127
1466.0,Sep-24-2025,SALAMANCA,Fraude,centro,17.0,ALTA,61.0,TMP-002,,640824
1467.0,02/06/2024,LaSerena,Fraude,centro,"7,0",Media,14.0,,sin validar,50150
1468.0,2025-01-27,ovalle,Accidente,,10.0,baja,32.0,TMP-002,ok,265868
1469.0,2025/06/24,LaSerena,,Rural,13.0,,"57,0",TMP-001,,485407
1470.0,,Andacollo,Robo,centro,2.0,ALTA,,,ok,380854
1471.0,11/03/2024,coquimbo,Violencia,,7.0,,43.0,TMP-002,ok,169937
1472.0,2025/07/15,Vicuña,Robo,Centro,2.0,,57.0,TMP-001,sin validar,202148
1473.0,09/02/2024,Ovalle,Violencia,NORTE,11.0,,35.0,,ok,624356
1474.0,17/12/2024,COQUIMBO,Accidente,norte,5.0,Alta,27.0,ERROR,,257974
1475.0,09/10/2024,OVALLE,Robo,centro,,,33.0,,,813211
1476.0,Nov-08-2024,monte patria,,Norte,17.0,Baja,25.0,,dato ingresado manualmente,577575
1477.0,29/06/2025,COQUIMBO,Robo,Sur,1.0,,68.0,,,358661
1478.0,Mar-16-2025,Montepatria,Fraude,Sur,3.0,ALTA,34.0,,ok,334525
1479.0,sin fecha,Salamanca,Accidente,Norte,15.0,Baja,nan,TMP-001,sin validar,467090
1480.0,15/04/2025,La Serena,Hurto,Rural,8.0,ALTA,26.0,,sin validar,932240
1481.0,07/12/2024,OVALLE,Violencia,Norte,7.0,Baja,18.0,TMP-001,,784924
1482.0,sin fecha,Vicuña,,Rural,nan,Media,33.0,TMP-001,revisar,578869
1483.0,2025-09-20,andacollo,robo,Centro,18.0,,23.0,TMP-002,,566271
,2024-11-25,Coquimbo,Hurto,Norte,7.0,ALTA,53.0,,ok,359668
1485.0,2025/06/22,Andacollo,,NORTE,19.0,Baja,62.0,,,606389
1486.0,sin fecha,VICUÑA,,Sur,11.0,baja,20.0,ERROR,dato ingresado manualmente,583969
1487.0,Jul-03-2024,ovalle,Violencia,Centro,15.0,,32.0,,dato ingresado manualmente,30064
1488.0,Dec-03-2024,Coquimbo,robo,Rural,1.0,baja,44.0,,revisar,925320
1489.0,2025-06-13,coquimbo,Violencia,Rural,19.0,Baja,44.0,,sin validar,945177
1490.0,,OVALLE,robo,Rural,7.0,Baja,61.0,,ok,729038
1491.0,Aug-26-2025,Coquimbo,Accidente,centro,2.0,Alta,25.0,,sin validar,142901
1492.0,2024/07/29,monte patria,,Norte,14.0,Baja,61.0,ERROR,,647465
1493.0,Feb-11-2024,ovalle,Violencia,Sur,,ALTA,41.0,TMP-002,revisar,253737
1494.0,25/01/2024,COQUIMBO,Fraude,Rural,5.0,ALTA,54.0,TMP-002,dato ingresado manualmente,833391
1495.0,,monte patria,Fraude,Rural,15.0,Media,37.0,TMP-001,revisar,47931
1496.0,2024/05/25,vicuna,Robo,,7.0,Baja,41.0,TMP-001,dato ingresado manualmente,479044
1497.0,2024-02-17,la serena,violencia,NORTE,2.0,Alta,17.0,,dato ingresado manualmente,806662
1498.0,sin fecha,Serena,Robo, centro ,10.0,ALTA,57.0,,revisar,259115
1499.0,2025/05/23,Illapel,,NORTE,14.0,baja,45.0,,,818226
1500.0,2024/08/29,illapel, Accidente ,Norte,17.0,Media,24.0,TMP-002,,698584
1501.0,Dec-04-2024,OVALLE,Violencia,Rural,10.0,ALTA,32.0,,sin validar,72884
1502.0,Jun-13-2025,Andacollo,Hurto,NORTE,7.0,ALTA,14.0,TMP-001,,1683
1503.0,2024/06/16,la serena,robo,,6.0,ALTA,48.0,ERROR,sin validar,985189
1504.0,sin fecha,COQUIMBO,Violencia,Norte,5.0,ALTA,"60,0",,ok,206122
1505.0,Jun-13-2025,la serena,Hurto,Norte,6.0,,15.0,TMP-001,,737942
1506.0,24/05/2024,Vicuña,Hurto,NORTE,,Baja,21.0,,,132858
1507.0,07/10/2025,Andacollo,,,4.0,Baja,68.0,,,773925
1508.0,04/06/2024,Monte Patria,Fraude,centro,9.0,Alta,67.0,TMP-001,sin validar,489599
1509.0,07/04/2024,Monte Patria,Robo,Sur,,,29.0,ERROR,ok,513564
1510.0,Aug-26-2025,Illapel,Hurto,centro,8.0,Baja,67.0,TMP-001,dato ingresado manualmente,391604
1511.0,Mar-12-2024,COQUIMBO,robo,Centro,11.0,ALTA,26.0,ERROR,sin validar,736452
1512.0,2024-08-25,SALAMANCA,Robo,Centro,18.0,Alta,48.0,,,593073
1513.0,2024/10/02,Serena,Robo,Centro,11.0,baja,38.0,,ok,953311
1514.0,,Serena,Violencia,Centro,17.0,Alta,44.0,,,980940
1515.0,07/09/2025,La Serena,,centro,7.0,,48.0,TMP-002,,26727
1516.0,24/05/2025,illapel,,Rural,18.0,Alta,41.0,ERROR,revisar,689632
1517.0,2024/08/23, Coquimbo  ,Accidente,,10.0,Media,25.0,,ok,232316
1518.0,May-18-2024,coquimbo,Accidente,NORTE,13.0,,45.0,ERROR,,795339
1519.0,2024/12/12,VICUÑA,Accidente,NORTE,5.0,,69.0,TMP-002,ok,346812
1520.0,2024-01-01,COQUIMBO,Accidente,Rural,6.0,Alta,19.0,,revisar,940582
1521.0,,Coquimbo,Hurto,NORTE,17.0,Media,64.0,ERROR,revisar,89645
1522.0,2025-01-25,coquimbo,Fraude,centro,2.0,Media,32.0,,dato ingresado manualmente,144694
1523.0,May-05-2024,illapel,Accidente,Centro,13.0,Baja,29.0,,,473663
1524.0,May-30-2025,OVALLE,,Norte,9.0,Alta,28.0,TMP-001,,749877
1525.0,2025-06-30,LaSerena, Hurto ,NORTE,4.0,Alta,63.0,TMP-001,,912422
1526.0,sin fecha,andacollo,nan,NORTE,15.0,ALTA,30.0,TMP-002,sin validar,764005
1527.0,2025/02/20,andacollo,,Norte,8.0,Alta,24.0,TMP-001,,932485
1528.0,21/03/2025,la serena,Violencia,Norte,17.0,Baja,37.0,TMP-001,ok,470663
1529.0,2024-08-20,ovalle,Accidente,Centro,15.0,,43.0,,,318152
1530.0,2024-03-12,coquimbo,Violencia,Rural,19.0,ALTA,26.0,,sin validar,144280
1531.0,2024-05-13,Serena,robo,Norte,6.0,,50.0,TMP-001,dato ingresado manualmente,470344
1532.0,sin fecha,La Serena,,Norte,1.0,ALTA,18.0,,ok,419454
1533.0,2025/12/18,LaSerena,Fraude,,18.0,Baja,69.0,,revisar,221583
1534.0,sin fecha,VICUÑA,,Sur,2.0,baja,31.0,TMP-001,sin validar,112651
1535.0,2024-05-07,La Serena,HURTO,,,Media,53.0,ERROR,,970682
1536.0,31/05/2024,SALAMANCA, Violencia ,NORTE,4.0,ALTA,25.0,ERROR,dato ingresado manualmente,675125
,sin fecha,Illapel,Violencia,Centro,12.0,Alta,57.0,ERROR,sin validar,993066
1538.0,2024-07-06,monte patria,Fraude,NORTE,10.0,baja,,TMP-002,,622387
1539.0,2024/01/03,OVALLE,Fraude,Rural,-3.0,Baja,21.0,TMP-001,revisar,202888
1540.0,Jun-21-2025,illapel,Fraude,Sur,11.0,Alta,55.0,TMP-002,sin validar,909357
1541.0,2025-05-22,monte patria,,,10.0,Baja,60.0,,,701382
,2024/05/06,SALAMANCA,Violencia,Rural,3.0,ALTA,56.0,ERROR,ok,711574
1543.0,2025/06/27,Ovalle,Accidente,,14.0,,39.0,TMP-001,,377516
1544.0,,illapel,robo,Centro,14.0,,16.0,TMP-002,,867702
1545.0,16/03/2025,OVALLE,Hurto,,13.0, Alta ,66.0,,sin validar,196606
1546.0,Jul-14-2025,la serena,Violencia,NORTE,16.0,Alta,30.0,TMP-001,,629571
1547.0,,la serena,Violencia,NORTE,3.0,ALTA,54.0,,,589832
1548.0,2025-05-08,Vicuña,Hurto,SUR,14.0,,51.0,TMP-002,sin validar,739864
1549.0,17/07/2024,Monte Patria,Robo,Centro,15.0,baja,20.0,,,905740
1550.0,Feb-27-2025,SALAMANCA,robo,Norte,10.0,media,51.0,TMP-001,revisar,183683
1551.0,Dec-06-2025,SALAMANCA,robo,Norte,9.0,ALTA,46.0,TMP-001,sin validar,402665
1552.0,2024-11-01,Coquimbo,Violencia,Norte,1.0,,56.0,,,417807
1553.0,sin fecha,Coquimbo ,Robo,NORTE,6.0,Alta,52.0,TMP-001,ok,319179
1554.0,2024-04-08,SALAMANCA,Accidente,centro,6.0,Alta,24.0,ERROR,revisar,316830
1555.0,2025/01/15,vicuna,,Centro,1.0,Alta,33.0,ERROR,,624557
1556.0,,monte patria,Hurto,Centro,9.0,ALTA,22.0,TMP-001,,765817
1557.0,2025/10/24,illapel,robo,NORTE,17.0,ALTA,36.0,,,196230
1558.0,2025/11/24,VICUÑA,Hurto,Centro,6.0, ALTA ,33.0,ERROR,revisar,257616
1559.0,Dec-05-2024,Monte Patria,,,18.0,,68.0,,ok,381177
1560.0,22/12/2024,LA SERENA,robo,NORTE,12.0,Media,42.0,,,945955
1561.0,2024-10-14,LaSerena,robo,,10.0,Media,35.0,,,192043
1562.0,sin fecha,andacollo,Hurto,NORTE,11.0,,41.0,,,518778
1563.0,2024-09-19,MONTEPATRIA,Violencia,Rural,7.0,ALTA,49.0,TMP-001,,427316
1564.0,2024-08-28,OVALLE,Hurto,centro,16.0,alta,61.0,TMP-002,,136120
1565.0,23/05/2024,OVALLE,robo,Rural,5.0,,27.0,,sin validar,291911
1566.0,11/03/2024,Salamanca,robo,Sur,8.0,Media,52.0,,,239747
1567.0,,Montepatria,Accidente,Centro,18.0,Alta,19.0,TMP-001,,879424
1568.0,Jan-04-2025,Serena,,Rural,"17,0",Baja,15.0,,dato ingresado manualmente,803341
1569.0,,SALAMANCA,Accidente,,15.0,ALTA,63.0,TMP-002,,648334
1570.0,11/05/2025,SALAMANCA,robo,,13.0,ALTA,36.0,ERROR,revisar,517164
1571.0,31/05/2024,COQUIMBO,,Centro,6.0,Baja,21.0,ERROR,revisar,513008
1572.0,23/10/2025,La Serena,Fraude,Norte,5.0,Alta,24.0,TMP-002,,105072
1573.0,Jun-05-2024,Coquimbo,Robo,Norte,4.0,baja,41.0,,,445505
1574.0,2024/11/16,vicuna,accidente,Norte,6.0,Alta,31.0,,ok,336289
1575.0,Sep-17-2024,LaSerena, Accidente ,Rural,5.0,Media,,TMP-001,revisar,104055
1576.0,,illapel,robo,,8.0,baja,"39,0",ERROR,sin validar,640587
1577.0,Sep-26-2024,illapel,,Norte,9.0,ALTA,65.0,TMP-002,ok,433181
1578.0,Oct-08-2024,andacollo,robo,Sur,9.0,ALTA,"18,0",,revisar,350958
1579.0,2024/07/13,OVALLE,Fraude,Rural,"14,0",,15.0,TMP-001,ok,684612
1580.0,2024-08-09,monte patria,robo,centro,9.0,,57.0,,revisar,6797
1581.0,2024-03-14,Monte Patria,Violencia,,17.0,,66.0,,sin validar,593898
1582.0,16/04/2025,OVALLE,VIOLENCIA,Rural,8.0,ALTA,34.0,TMP-002,,384676
1583.0,Dec-26-2024,andacollo,,NORTE,14.0,,57.0,TMP-001,ok,374110
1584.0,2025-11-03,illapel,,NORTE,16.0,Media,63.0,ERROR,,109859
1585.0,2025/02/11,COQUIMBO,Accidente,,16.0,,62.0,TMP-002,revisar,892388
1586.0,Nov-24-2024,Monte Patria,robo,centro,1.0,,67.0,,sin validar,858773
1587.0,2025/09/24,Coquimbo ,Fraude,Centro,10.0,baja,60.0,,ok,495086
1588.0,2025/07/22,Illapel,Fraude,NORTE,15.0,Media,50.0,TMP-001,dato ingresado manualmente,7085
1589.0,20/03/2024,Coquimbo ,,Rural,"19,0",ALTA,57.0,,revisar,117236
1590.0,sin fecha,Vicuña,,NORTE,13.0,ALTA,58.0,,dato ingresado manualmente,609753
1591.0,2025-11-25,Vicuña,Robo,Sur,4.0,Media,62.0,TMP-002,dato ingresado manualmente,765312
1592.0,2024-08-10,ovalle,Accidente,Rural,3.0,Alta,51.0,ERROR,,923506
1593.0,2025-11-03,monte patria,robo,,1.0,Alta,"50,0",,,440067
1594.0,08/09/2024,La Serena,Hurto,Rural,4.0,,23.0,,ok,864824
1595.0,2024/09/16,Ovalle,Hurto,Norte,14.0,Baja,38.0,TMP-002,sin validar,112029
1596.0,Dec-25-2024,Coquimbo ,Accidente,Centro,3.0,Baja,-1.0,ERROR,ok,653079
1597.0,19/05/2025,Salamanca,,Norte,6.0,Alta,17.0,TMP-002,dato ingresado manualmente,95794
1598.0,02/08/2025,Monte Patria,Accidente,,16.0,Alta,16.0,TMP-001,,757263
1599.0,01/11/2024,COQUIMBO, Fraude ,Rural,4.0,ALTA,27.0,,,306287
1600.0,Jul-05-2025,LaSerena,Accidente,Norte,1.0,baja,40.0,ERROR,dato ingresado manualmente,935664
1601.0,24/03/2025,COQUIMBO,,,3.0,,17.0,,,187146
1602.0,2025-06-27,LA SERENA,Hurto,NORTE,9.0,Baja,53.0,TMP-002,,704199
1603.0,2025/03/12,Coquimbo,Fraude,Rural,3.0,baja,,TMP-001,,988771
1604.0,20/08/2025,Montepatria,robo,centro,"7,0",Baja,,TMP-001,,112552
1605.0,05/05/2024,Monte Patria,Robo,centro,13.0,baja,42.0,,revisar,822283
1606.0,2024/07/18,ovalle,Hurto,Sur,9.0,baja,69.0,,sin validar,814697
1607.0,2025/11/23,SALAMANCA,Hurto,Rural,2.0,ALTA,51.0,TMP-002,,207060
1608.0,2025-12-23,andacollo,,Norte,13.0,ALTA,40.0,,dato ingresado manualmente,902090
1609.0,Jun-16-2024,ovalle,Hurto,Sur,4.0,ALTA,42.0,,,67172
1610.0,,OVALLE,,NORTE,11.0,Baja,42.0,,revisar,525020
1611.0,sin fecha,illapel,Fraude,Norte,1.0,Media,24.0,TMP-002,ok,404208
1612.0,,Ovalle,Violencia,Norte,6.0,Media,45.0,ERROR,revisar,816903
1613.0,2024-03-01,andacollo,Accidente,Rural,16.0,,34.0,TMP-001,revisar,243918
1614.0,2024-02-02,Andacollo,,Rural,14.0,ALTA,28.0,TMP-001,sin validar,587947
1615.0,Jul-07-2025,Illapel,robo,centro,11.0,Baja,63.0,ERROR,ok,294942
1616.0,May-15-2024,vicuña,Hurto,Centro,11.0,Alta,66.0,TMP-002,dato ingresado manualmente,813081
1617.0,2025/07/03,vicuna,Violencia,Rural,16.0,,60.0,,dato ingresado manualmente,298605
1618.0,Feb-18-2025,ovalle,robo,Centro,1.0,ALTA,54.0,,ok,578714
1619.0,2025-07-16,illapel,Accidente,,17.0,Media,31.0,TMP-002,sin validar,19959
1620.0,2025-12-27,andacollo,,Norte,17.0,ALTA,53.0,TMP-002,dato ingresado manualmente,865885
1621.0,,coquimbo,ACCIDENTE,Sur,14.0,Alta,58.0,,ok,476918
1622.0,2025/02/14,coquimbo,,,12.0,Media,,,dato ingresado manualmente,86753
1623.0,2025-08-28,La Serena,Violencia,centro,14.0,,55.0,,,585974
1624.0,,Salamanca,Robo,Sur,6.0,Baja,34.0,TMP-002,,130458
1625.0,sin fecha,illapel,Fraude,Norte,12.0,Media,46.0,TMP-002,dato ingresado manualmente,735289
1626.0,sin fecha,coquimbo,Robo,norte,12.0,baja,25.0,TMP-001,ok,864569
1627.0,2025/06/05,Serena, Accidente ,centro,1.0,baja,130.0,ERROR,dato ingresado manualmente,680968
1628.0,Jan-28-2025,Salamanca,Robo,Sur,15.0,ALTA,23.0,,dato ingresado manualmente,986551
1629.0,2024-12-05,Montepatria,,Norte,"7,0",baja,55.0,,dato ingresado manualmente,985159
1630.0,2025/12/01,monte patria,,Centro,15.0,Alta,53.0,TMP-001,sin validar,387951
1631.0,2025/01/14,Vicuña,,Sur,8.0,Media,21.0,ERROR,ok,990772
1632.0,04/11/2025,vicuna,,Norte,18.0,,"25,0",,dato ingresado manualmente,406543
1633.0,sin fecha,andacollo,Violencia,Centro,"3,0",baja,58.0,,,879996
1634.0,2025-11-09,coquimbo,Violencia,Sur,4.0,Alta,58.0,,dato ingresado manualmente,863338
1635.0,2025-03-07,Monte Patria,Accidente,Centro,5.0,Media,"14,0",,,186067
1636.0,11/01/2025,illapel,robo,Sur,15.0,Baja,62.0,ERROR,revisar,225821
1637.0,2025/02/08,Coquimbo,Robo,,15.0,,54.0,TMP-002,,759800
1638.0,,vicuna,Accidente,Sur,"8,0",ALTA,5.0,,,652156
1639.0,sin fecha,COQUIMBO,Fraude,NORTE,15.0,Media,58.0,,ok,396656
1640.0,2024/07/17,coquimbo,robo,Sur,16.0,ALTA,"26,0",TMP-001,sin validar,943033
1641.0,2025-07-01,VICUÑA,Robo,NORTE,19.0,Baja,56.0,,dato ingresado manualmente,870379
1642.0,26/08/2024,Salamanca,robo,Rural,1.0,,68.0,,sin validar,434567
1643.0,2025-11-12,LaSerena,robo,Norte,7.0,,40.0,TMP-001,,661268
1644.0,2024/02/17,monte patria,robo,centro,11.0,Alta,51.0,TMP-002,,249886
1645.0,2024-10-05,Salamanca,Robo,Norte,13.0,Media,18.0,,revisar,356980
1646.0,30/05/2025,Coquimbo ,robo,,19.0,,14.0,TMP-002,ok,778127
1647.0,sin fecha,Illapel,Violencia,,8.0,Media,21.0,TMP-002,,707408
1648.0,Jun-20-2025,monte patria,Robo,centro,18.0,Media,"47,0",,,41548
1649.0,sin fecha,Monte Patria,robo,Norte,11.0,Alta,55.0,,dato ingresado manualmente,823227
1650.0,2024/08/14,LA SERENA,,Centro,8.0,ALTA,37.0,,,209898
1651.0,2024-05-21,coquimbo,Fraude,centro,12.0,Media,26.0,TMP-002,,422326
1652.0,2025-05-29,andacollo,Accidente,Rural,19.0,Media,48.0,ERROR,ok,77893
1653.0,2024-01-24,Ovalle,Violencia,Sur,2.0,ALTA,62.0,,ok,49919
1654.0,22/08/2025,Monte Patria,robo,Rural,13.0,nan,35.0,TMP-002,sin validar,293243
1655.0,13/05/2025,La Serena,Hurto,,6.0,ALTA,47.0,TMP-001,dato ingresado manualmente,26289
1656.0,2024/02/29,ovalle,Hurto,Centro,7.0,,17.0,TMP-002,,326304
1657.0,Mar-03-2025,vicuna,Robo,Sur,2.0,ALTA,45.0,,revisar,783602
1658.0,2024/12/19,monte patria,Hurto,,"14,0",ALTA,48.0,ERROR,,515785
1659.0,,Monte Patria,,Rural,-3.0,baja,58.0,,,651388
1660.0,sin fecha,Andacollo,Hurto,Rural,17.0,ALTA,58.0,,dato ingresado manualmente,992783
1661.0,2024-12-13,illapel,Robo,Sur,3.0,Media,25.0,,revisar,862817
1662.0,,Vicuña,robo,,3.0,,5.0,TMP-002,,873373
1663.0,29/06/2025,LA SERENA,Robo,Sur,2.0,Alta,32.0,TMP-002,,902930
1664.0,,vicuna,Accidente,NORTE,,ALTA,39.0,TMP-002,dato ingresado manualmente,25258
1665.0,2025/01/16,LaSerena,robo,Norte,19.0,Media,52.0,,,181518
1666.0,21/02/2025,montepatria,robo,Centro,17.0,Alta,46.0,TMP-002,ok,334082
1667.0,Oct-29-2024,coquimbo,Fraude,Centro,13.0,Media,57.0,ERROR,dato ingresado manualmente,913876
1668.0,2024-10-22,la serena,,NORTE,1.0,ALTA,31.0,ERROR,sin validar,230686
1669.0,,Serena,Hurto,Norte,"7,0",baja,45.0,ERROR,ok,134768
1670.0,2024/09/14,Coquimbo ,Fraude,Centro,19.0,,16.0,ERROR,sin validar,572822
1671.0,13/06/2024,LA SERENA,Robo,Centro,14.0,ALTA,22.0,ERROR,revisar,77480
1672.0,sin fecha,SALAMANCA,robo,NORTE,7.0,,66.0,TMP-002,ok,558364
1673.0,Mar-01-2025,Serena,Robo,Sur,1.0,Baja,30.0,ERROR,sin validar,405634
1674.0,2025/08/22,Montepatria,, Rural ,11.0,,66.0,,,396794
1675.0,,la serena,robo,Norte,"9,0",Media,55.0,ERROR,,122532
1676.0,,Monte Patria,Accidente,,19.0,,17.0,,,278300
1677.0,sin fecha,LA SERENA,Hurto,Rural,1.0,,31.0,,dato ingresado manualmente,837047
1678.0,2024-06-29,ovalle,,NORTE,8.0,ALTA,59.0,,sin validar,492018
1679.0,Oct-23-2024,Monte Patria,,centro,2.0,ALTA,14.0,TMP-001,revisar,686415
1680.0,2024-11-03,andacollo,Hurto,Sur,13.0,ALTA,61.0,TMP-002,,748157
1681.0,Jul-27-2025,la serena,Fraude,Rural,1.0,Baja,nan,,revisar,731107
1682.0,sin fecha,la serena,Robo,Sur,5.0,,67.0,TMP-002,,399567
1683.0,sin fecha,LaSerena,Fraude,Norte,15.0,,36.0,,sin validar,550472
1684.0,,Monte Patria,Fraude,Sur,2.0,Media,63.0,TMP-001,ok,401302
1685.0,20/10/2025,vicuña,Fraude,Centro,6.0, Media ,63.0,TMP-002,,625745
1686.0,2025-03-29,Coquimbo,robo,NORTE,4.0,ALTA,23.0,TMP-002,sin validar,927219
1687.0,19/11/2024,Montepatria,Violencia,Centro,19.0,baja,16.0,TMP-001,ok,684646
1688.0,sin fecha,LA SERENA,,Norte,1.0,ALTA,59.0,,sin validar,762153
1689.0,2024/06/26,Coquimbo ,Hurto,Centro,16.0,ALTA,27.0,ERROR,sin validar,455115
1690.0,2024/02/02,vicuna,Accidente,NORTE,1.0,,49.0,,ok,639531
1691.0,24/05/2024,La Serena,Accidente,,2.0,Alta,60.0,ERROR,,555830
1692.0,2024-04-26,La Serena,Violencia,NORTE,2.0,Media,64.0,TMP-001,revisar,260970
1693.0,2024/12/28,andacollo,Accidente,Sur,17.0,baja,17.0,TMP-001,,459818
1694.0,2025/08/17,Monte Patria,,Sur,11.0,Media,32.0,TMP-002,dato ingresado manualmente,114422
1695.0,18/10/2025,LA SERENA,Hurto,centro,,baja,"68,0",,ok,862575
1696.0,18/10/2024,La Serena,Hurto,Centro,7.0,ALTA,65.0,TMP-002,sin validar,467336
1697.0,,la serena,Fraude,NORTE,,Media,33.0,,dato ingresado manualmente,139803
1698.0,2025/08/02,vicuna,Robo,Rural,16.0,baja,42.0,,,142669
1699.0,25/08/2024,Illapel,Accidente,Rural,11.0,ALTA,38.0,TMP-001,ok,517790
1700.0,2024-04-13,ovalle,Robo,Centro,13.0,,68.0,,sin validar,790615
1701.0,2025-08-23,vicuna, Hurto ,Centro,11.0,Baja,65.0,,,727193
1702.0,Sep-26-2025,OVALLE,Fraude,centro,8.0,,52.0,TMP-001,,404066
1703.0,02/10/2025,La Serena, robo ,Rural,"1,0",ALTA,69.0,,dato ingresado manualmente,872023
1704.0,sin fecha,Montepatria,,Sur,1.0,,62.0,ERROR,ok,567717
1705.0,2025-04-04,La Serena,robo,Centro,4.0,Alta,28.0,TMP-001,,921220
1706.0,Jan-30-2024,Illapel,Fraude,,7.0,,40.0,TMP-002,revisar,484729
1707.0,2025-02-09,vicuna,accidente, Norte ,15.0,Alta,63.0,,dato ingresado manualmente,452195
1708.0,04/07/2024,andacollo,Hurto,Centro,9.0,baja,47.0,TMP-002,sin validar,888657
1709.0,Jan-15-2025,Ovalle,Robo,,15.0,,"64,0",,,601240
1710.0,2025/12/12,andacollo,Robo, Centro ,17.0,,48.0,,ok,306909
1711.0,20/10/2025,Monte Patria,Robo,Rural,1.0,MEDIA,,ERROR,ok,812873
1712.0,2024-10-13,Ovalle,,Rural,1.0,Baja,24.0,ERROR,ok,463510
1713.0,sin fecha, Serena ,,,"7,0",Media,130.0,TMP-002,revisar,974113
1714.0,,LaSerena,robo,Sur,10.0,Media,66.0,,ok,417988
1715.0,2024/04/27,coquimbo,Robo,centro,1.0,,63.0,,dato ingresado manualmente,428719
1716.0,sin fecha,vicuna,Violencia,NORTE,6.0,,19.0,,,581844
1717.0,Feb-13-2025,Salamanca,Violencia,  ,18.0,,16.0,TMP-002,,32500
1718.0,Oct-15-2024,monte patria,Violencia,Centro,"2,0",,51.0,TMP-002,,808993
1719.0,sin fecha,illapel,,,1.0,,60.0,TMP-002,revisar,489589
1720.0,Aug-05-2024,Illapel,Accidente,norte,4.0,Alta,41.0,TMP-001,revisar,519993
1721.0,2024/01/19,LA SERENA,Violencia,centro,2.0,baja,63.0,ERROR,dato ingresado manualmente,783274
1722.0,2025/05/29,coquimbo,Violencia,NORTE,15.0,Media,,,sin validar,953581
1723.0,Oct-09-2025,la serena,,Norte,11.0,,43.0,,revisar,634311
1724.0,sin fecha,Andacollo,Accidente,Norte,6.0,ALTA,24.0,,ok,705883
1725.0,2025-03-16,La Serena,Robo,centro,17.0,ALTA,20.0,ERROR,dato ingresado manualmente,72530
1726.0,May-17-2025,LA SERENA,,Centro,14.0,Media,69.0,TMP-001,ok,205854
1727.0,2024/02/06,Vicuña,Accidente,,11.0,Alta,50.0,,sin validar,195429
1728.0,Jan-13-2025,VICUÑA,Hurto,Rural,12.0,Baja,17.0,,dato ingresado manualmente,579146
1729.0,2025-02-02,VICUÑA,Accidente,Norte,,Baja,16.0,,dato ingresado manualmente,112156
1730.0,27/07/2024,ovalle,Robo,,15.0,ALTA,69.0,,,663066
1731.0,2025-12-10,illapel,robo,Centro,8.0,Media,15.0,TMP-002,dato ingresado manualmente,722385
1732.0,2025-09-17,Andacollo,Hurto,Norte,17.0,,35.0,TMP-001,dato ingresado manualmente,458662
,,Illapel,robo,,12.0,Baja,69.0,TMP-002,sin validar,172397
1734.0,Apr-15-2024,Andacollo,Fraude,centro,18.0,Media,64.0,TMP-001,dato ingresado manualmente,541368
1735.0,2024/12/28,VICUÑA,Hurto,NORTE,5.0,alta,57.0,ERROR,,424833
1736.0,Feb-20-2024,coquimbo,Hurto,NORTE,6.0,baja,61.0,ERROR,revisar,497048
1737.0,,Montepatria,Fraude,Norte,18.0,Baja,38.0,,dato ingresado manualmente,616408
1738.0,2025-02-28,Montepatria,Fraude,Rural,7.0,Media,43.0,TMP-002,sin validar,580572
1739.0,Sep-12-2024,COQUIMBO,Fraude,NORTE,4.0,,"45,0",TMP-001,,501376
,May-29-2025,LaSerena,Fraude,NORTE,7.0,Baja,48.0,TMP-001,dato ingresado manualmente,274078
1741.0,Apr-03-2025,Vicuña,Robo,Norte,9.0,baja,33.0,TMP-002,,54129
1742.0,2024-07-29,vicuna,,,"6,0",Alta,63.0,,dato ingresado manualmente,256024
,2024-08-13,illapel,Fraude,Centro,12.0,Media,65.0,ERROR,sin validar,843412
1744.0,2025/07/11,Coquimbo,Hurto,Sur,1.0,ALTA,37.0,TMP-001,,715785
1745.0,Jan-14-2025,la serena,Accidente,Centro,"5,0",ALTA,17.0,,,702095
1746.0,,andacollo,Hurto,,500.0,Media,42.0,,,463296
1747.0,2024-01-28,coquimbo,Robo,NORTE,18.0,ALTA,43.0,ERROR,,86752
1748.0,sin fecha,monte patria,Violencia,NORTE,17.0,baja,36.0,TMP-001,ok,409229
1749.0,May-26-2024,Montepatria,robo,Norte,10.0,,30.0,ERROR,dato ingresado manualmente,704928
1750.0,13/06/2025,Andacollo,,Centro,0.0,Media,26.0,TMP-002,ok,35732
1751.0,2024-08-12,LA SERENA,Fraude,,11.0,Media,48.0,,sin validar,109376
1752.0,04/01/2024,Coquimbo ,robo,Rural,1.0,ALTA,56.0,TMP-002,sin validar,865613
1753.0,22/06/2024,vicuna,Accidente,centro,18.0,Media,68.0,ERROR,,369572
1754.0,Oct-19-2025,Salamanca,,Centro,1.0,Alta,66.0,,,669483
1755.0,2025/06/13,Monte Patria,Accidente,,14.0,Media,46.0,,dato ingresado manualmente,389101
1756.0,01/01/2024,LaSerena,Violencia,Norte,15.0,,20.0,ERROR,sin validar,853101
1757.0,Feb-25-2025,monte patria,robo,centro,13.0,,"26,0",,ok,609552
1758.0,2024/10/31,Coquimbo ,Violencia,Sur,"1,0",Baja,29.0,ERROR,ok,727381
1759.0,sin fecha,LASERENA,,centro,15.0,,18.0,ERROR,,110789
1760.0,Aug-26-2025,illapel,robo,NORTE,9.0,Baja,"64,0",,,793084
1761.0,2025/02/19,Coquimbo,,centro,17.0,Alta,"14,0",,sin validar,417907
1762.0,Jan-14-2025,vicuna,Robo,,12.0,ALTA,65.0,TMP-002,,209732
1763.0,2024/10/18,Ovalle,Fraude,Rural,14.0,Media,65.0,ERROR,,774108
1764.0,2024/05/04,LaSerena,robo,centro,2.0,Alta,65.0,,revisar,539594
1765.0,2025-09-04,andacollo,,Norte,1.0,Alta,49.0,,,112744
,2024-06-09,Monte Patria,Violencia,NORTE,9.0,Media,14.0,TMP-002,dato ingresado manualmente,115064
1767.0,,Montepatria,,centro,8.0,Alta,37.0,TMP-001,dato ingresado manualmente,520203
1768.0,,Vicuña,Violencia,Centro,"1,0",baja,24.0,ERROR,sin validar,951821
1769.0,2024/06/21,OVALLE,Robo,Centro,13.0,ALTA,18.0,,,918802
1770.0,2024/01/14,illapel,robo,  ,6.0,Baja,63.0,,revisar,310873
1771.0,Apr-03-2025,monte patria,robo,,18.0,,52.0,,revisar,100402
1772.0,2025-10-06,la serena,robo,centro,10.0,ALTA,22.0,,sin validar,252073
1773.0,Aug-08-2024, Montepatria ,robo,Norte,19.0,baja,56.0,,,65604
1774.0,,coquimbo,robo, Rural ,4.0,Baja,32.0,,revisar,990273
1775.0,2025/05/25,SALAMANCA,Robo,centro,,,66.0,TMP-002,ok,668944
1776.0,10/12/2024,LA SERENA,,Rural,5.0,ALTA,66.0,TMP-001,sin validar,263694
1777.0,Nov-04-2024,andacollo,Hurto,Norte,18.0,,26.0,ERROR,revisar,325529
1778.0,2025/05/02,ovalle,,Norte,1.0,,49.0,ERROR,ok,899746
1779.0,2025/11/25,LaSerena,robo,NORTE,,Media,58.0,,dato ingresado manualmente,837968
1780.0,,ovalle,Fraude,Sur,18.0,Alta,35.0,,sin validar,714860
1781.0,07/02/2024,LaSerena,Robo,Centro,19.0,Media,"66,0",,,873389
1782.0,2024/08/12, vicuna ,Violencia, NORTE ,18.0,Media,22.0,TMP-002,dato ingresado manualmente,33463
1783.0,2024/06/03,ovalle,Robo,Sur,11.0,Baja,49.0,,,483489
1784.0,02/11/2025,OVALLE,,,"9,0",,57.0,TMP-002,ok,76779
1785.0,Jun-04-2025,Illapel,Accidente,Rural,6.0,baja,41.0,TMP-002,sin validar,246210
1786.0,,la serena,,norte,8.0,Alta,64.0,TMP-002,sin validar,390979
1787.0,26/07/2025,LaSerena,robo,Rural,4.0,ALTA,61.0,TMP-002,dato ingresado manualmente,883139
1788.0,2025-02-22,Coquimbo,Accidente,Centro,10.0,ALTA,17.0,,,975742
,2024/01/25,LA SERENA,,NORTE,17.0,Baja,51.0,TMP-001,sin validar,136421
1790.0,2025/02/01,la serena,Violencia,,13.0,Baja,30.0,TMP-002,ok,912666
1791.0,2024-11-05,OVALLE,nan,Centro,2.0,Media,24.0,ERROR,dato ingresado manualmente,33067
1792.0,29/05/2025,Serena,Violencia,NORTE,14.0,,,ERROR,dato ingresado manualmente,483744
1793.0,,LaSerena,Hurto,Rural,5.0,Baja,"37,0",TMP-002,dato ingresado manualmente,43051
1794.0,,Illapel,violencia, Centro ,15.0,Alta,45.0,TMP-001,sin validar,597997
1795.0,17/01/2025,la serena,Fraude,NORTE,16.0,Baja,45.0,ERROR,sin validar,139557
1796.0,2024-11-15,Ovalle,,,9.0,ALTA,34.0,,sin validar,175384
1797.0,2025-12-08,VICUÑA,robo,Sur,16.0,Alta,69.0,,,425774
1798.0,2024/01/08,Monte Patria,Accidente,centro,16.0,Media,63.0,TMP-001,,440156
1799.0,Jul-31-2025,LaSerena,Hurto,,4.0,,62.0,ERROR,sin validar,149097
1800.0,May-25-2024,SALAMANCA,fraude,NORTE,5.0,ALTA,47.0,,,535255
1801.0,16/10/2025,COQUIMBO,robo,Sur,16.0,,"36,0",ERROR,revisar,305151
1802.0,31/12/2025,Monte Patria,Violencia,Norte,19.0,,33.0,,,432861
1803.0,Jan-07-2024,coquimbo,Hurto,centro,14.0,alta,14.0,TMP-001,dato ingresado manualmente,710147
1804.0,Aug-02-2025,LaSerena,Fraude,Sur,11.0,Media,36.0,,sin validar,483751
1805.0,2025/10/25,Salamanca,,Rural,4.0,Baja,26.0,TMP-001,sin validar,910995
1806.0,Apr-17-2025,VICUÑA,,Rural,13.0,,18.0,ERROR,,349420
1807.0,2024-08-26,Monte Patria,Hurto,Norte,9.0,,"37,0",,sin validar,118208
1808.0,,LaSerena,robo,Centro,4.0,Media,41.0,,revisar,757611
1809.0,25/11/2024,la serena,Fraude,Centro,4.0,baja,39.0,ERROR,revisar,444687
1810.0,30/06/2024,ovalle,Accidente,,5.0,Alta,15.0,ERROR,ok,471474
1811.0,2024-07-05,ovalle,Fraude,Centro,15.0,ALTA,38.0,,,757503
1812.0,29/02/2024,Salamanca,Fraude,Sur,12.0,,"23,0",,sin validar,978811
1813.0,17/07/2024,La Serena,Robo,centro,5.0,Alta,66.0,ERROR,sin validar,234765
1814.0,2024/06/22,Coquimbo,Accidente,Sur,10.0,Baja,38.0,ERROR,dato ingresado manualmente,387703
1815.0,,Monte Patria,robo,Sur,6.0,,56.0,ERROR,dato ingresado manualmente,631265
1816.0,2025/07/21,Salamanca,Fraude,NORTE,12.0,Media,,ERROR,dato ingresado manualmente,457937
1817.0,2025/11/16,monte patria,robo,Centro,17.0,Media,16.0,ERROR,sin validar,363910
1818.0,2024/05/12,COQUIMBO,Hurto,Rural,4.0,Media,52.0,ERROR,,486637
1819.0,,andacollo,Robo,Sur,5.0,,14.0,ERROR,ok,971922
1820.0,Feb-14-2024,Coquimbo ,robo,,16.0,Media,34.0,ERROR,,142925
1821.0,Jun-24-2024,Serena,robo,Sur,1.0,,18.0,ERROR,,699187
1822.0,20/03/2025,COQUIMBO,robo,Rural,9.0,BAJA,28.0,TMP-001,sin validar,390383
1823.0,,COQUIMBO,Accidente,Sur,3.0,Alta,,TMP-002,,541878
1824.0,Dec-24-2025,Serena,Hurto,NORTE,15.0,Baja,28.0,ERROR,dato ingresado manualmente,354212
1825.0,2024-03-30,la serena,Fraude,,18.0,,"39,0",ERROR,sin validar,527608
1826.0,2024-07-13,Illapel,robo,centro,19.0,Alta,49.0,,ok,612423
1827.0,,OVALLE,Accidente,centro,5.0,baja,"29,0",,sin validar,987584
1828.0,2025-12-19,LaSerena,robo,Norte,14.0,,60.0,,,703668
1829.0,2025/11/27,Montepatria,Violencia,Norte,2.0,,"59,0",TMP-001,,918019
1830.0,2024/11/11,vicuna,Violencia,Centro,16.0,Baja,35.0,,revisar,594577
1831.0,31/01/2025,LA SERENA,ROBO,NORTE,9.0,Media,15.0,TMP-002,ok,386257
1832.0,2025-09-12,LA SERENA,Robo,,13.0,Alta,17.0,,revisar,858358
1833.0,,COQUIMBO,Violencia,Centro,18.0,Alta,18.0,TMP-001,ok,645546
1834.0,16/10/2024,illapel,robo,NORTE,13.0,Baja,25.0,,revisar,447122
1835.0,2024-08-28,andacollo,Accidente,Centro,18.0,,25.0,TMP-002,ok,456888
1836.0,25/03/2024,Coquimbo,Accidente,Rural,8.0,Media,58.0,,,856503
1837.0,2024/10/06,MONTE PATRIA,Accidente,,14.0,baja,63.0,,sin validar,195971
1838.0,Nov-05-2025,LA SERENA,Robo,centro,2.0,Alta,45.0,TMP-001,sin validar,23569
1839.0,2025/01/18,LaSerena,Robo,Rural,15.0,Baja,59.0,,dato ingresado manualmente,381024
1840.0,,Salamanca,robo,NORTE,3.0,,39.0,,ok,760486
1841.0,Dec-10-2024,ovalle,Violencia,Sur,10.0,Alta,"62,0",,,344528
1842.0,28/12/2024,Andacollo,Violencia,Rural,16.0,Baja,63.0,ERROR,ok,861183
1843.0,16/01/2025,ovalle,robo,Norte,10.0,,"38,0",ERROR,,146976
1844.0,2025/03/13,LA SERENA,robo,,,ALTA,37.0,TMP-002,ok,638251
1845.0,2024-02-10,Vicuña,robo,Rural,7.0,baja,46.0,ERROR,sin validar,821523
1846.0,2024/07/13,Serena,,,4.0,Media,"53,0",ERROR,,913837
1847.0,08/05/2025,SALAMANCA,,Rural,9.0,,38.0,TMP-002,ok,267143
,2025/07/26,La Serena,Hurto,Rural,13.0,BAJA,23.0,,,750392
1849.0,2025-06-15,OVALLE,Robo,Centro,10.0,ALTA,25.0,,revisar,466505
1850.0,12/06/2025,illapel,,NORTE,10.0,baja,,,dato ingresado manualmente,986447
1851.0,May-01-2024,Serena,Fraude,Norte,18.0,Baja,38.0,TMP-001,sin validar,583926
1852.0,2024-03-19,LA SERENA,Robo,,1.0,Baja,24.0,,revisar,12563
1853.0,,COQUIMBO,Fraude,Norte,"16,0",Alta,63.0,ERROR,sin validar,330579
1854.0,19/06/2025,la serena,HURTO,Centro,1.0,Media,15.0,TMP-001,revisar,863411
1855.0,2025/01/17,Ovalle,robo,NORTE,"12,0",Alta,40.0,,,823337
1856.0,03/07/2024,Serena,Accidente,Rural,,Baja,17.0,,dato ingresado manualmente,897043
1857.0,2024-12-21,LA SERENA,Violencia,NORTE,1.0,baja,42.0,ERROR,revisar,215549
1858.0,01/04/2024,MONTE PATRIA,violencia,NORTE,8.0,Alta,59.0,TMP-001,revisar,880542
1859.0,22/06/2024,Serena,,Norte,19.0,,45.0,,ok,712068
1860.0,Jun-27-2025,Andacollo,Hurto,Sur,16.0,Alta,46.0,TMP-002,revisar,534895
1861.0,,ovalle,,Norte,16.0,Media,38.0,TMP-002,dato ingresado manualmente,519179
1862.0,08/07/2025,Ovalle,,Rural,"16,0",Baja,39.0,TMP-002,dato ingresado manualmente,387641
1863.0,2024/01/17,serena,FRAUDE,centro,5.0,baja,39.0,TMP-002,sin validar,762915
1864.0,Mar-26-2025,andacollo, Robo ,,18.0,Baja,33.0,TMP-001,sin validar,18081
1865.0,04/02/2024,Illapel,Robo,Norte,6.0,ALTA,60.0,TMP-002,ok,416739
1866.0,sin fecha,Montepatria,robo,NORTE,4.0,ALTA,22.0,TMP-001,ok,802858
1867.0,Dec-05-2024,LaSerena,Robo,Norte,4.0,baja,21.0,,sin validar,67054
1868.0,2024/05/27,la serena,,centro,18.0,ALTA,48.0,,,921602
1869.0,Jan-05-2025,coquimbo,Fraude,Rural,3.0,baja,28.0,,,694629
1870.0,,Coquimbo,,,18.0,ALTA,35.0,TMP-002,,342685
1871.0,,Serena,Hurto,NORTE,4.0,Baja,41.0,,dato ingresado manualmente,896671
1872.0,2024-10-21,La Serena,Violencia,,1.0,,27.0,,revisar,687884
1873.0,2024-09-07,monte patria,Robo,Sur,,Alta,22.0,ERROR,revisar,90973
1874.0,,SALAMANCA,robo,NORTE,2.0,Media,60.0,TMP-002,sin validar,550574
1875.0,Jul-15-2025,OVALLE,Accidente,Centro,19.0,Media,66.0,,sin validar,619943
1876.0,Sep-10-2024,Vicuña,Fraude,Rural,"10,0",baja,59.0,TMP-001,sin validar,512571
1877.0,Mar-25-2025,vicuna,Hurto,Norte,11.0,baja,54.0,,,189977
1878.0,Sep-29-2025,LA SERENA,robo,,7.0,Alta,48.0,ERROR,dato ingresado manualmente,268743
1879.0,24/03/2025,coquimbo,Hurto,Rural,13.0,baja,30.0,ERROR,,126356
1880.0,2024/11/08,SALAMANCA,,Rural,18.0,,51.0,TMP-002,revisar,538945
1881.0,2025-06-19,Montepatria,robo,NORTE,, baja ,38.0,,,80958
,2025/07/13,monte patria,Hurto,Rural,19.0,Media,38.0,,ok,353600
1883.0,2025-04-25,Coquimbo ,robo,Centro,7.0,,21.0,ERROR,dato ingresado manualmente,96022
1884.0,2025-01-20,OVALLE,robo,,3.0,baja,63.0,,sin validar,75121
1885.0,Feb-04-2024,Montepatria,Hurto,Norte,6.0,Alta,"-1,0",TMP-001,,226140
1886.0,2025/12/29,ovalle,,Sur,5.0,baja,42.0,,revisar,188434
1887.0,07/03/2025,la serena,Fraude,,16.0,Media,53.0,,ok,764840
1888.0,2025/10/16,Ovalle,Violencia,Sur,17.0,Baja,37.0,TMP-001,ok,232084
1889.0,2024-08-24,Andacollo,Fraude,centro,18.0,Alta,17.0,TMP-001,ok,107144
1890.0,05/06/2025, Coquimbo  ,,NORTE,9.0,Baja,44.0,TMP-002,sin validar,469683
1891.0,,andacollo,,,3.0,Media,44.0,TMP-002,,601682
1892.0,16/02/2025,SALAMANCA,,,4.0,,50.0,ERROR,revisar,296157
1893.0,,Salamanca,Violencia,NORTE,15.0,Alta,46.0,,dato ingresado manualmente,207454
1894.0,sin fecha,COQUIMBO ,robo,Centro,3.0,,63.0,,,162377
1895.0,2025/12/04,Montepatria,Hurto,Sur,13.0,,62.0,ERROR,sin validar,839432
1896.0,May-10-2024,coquimbo,Accidente,,13.0,,33.0,,revisar,785301
1897.0,,Monte Patria,Accidente,Rural,17.0,,22.0,,ok,659103
1898.0,sin fecha,Coquimbo,Hurto,,11.0,Alta,23.0,TMP-002,sin validar,136501
1899.0,Sep-08-2025,LaSerena,Robo,Norte,6.0,Alta,43.0,,revisar,703524
1900.0,2025-03-16,coquimbo,robo,Rural,1.0,Baja,40.0,TMP-002,ok,924089
1901.0,,Coquimbo,Violencia,NORTE,17.0,ALTA,67.0,,sin validar,598415
1902.0,2025/09/01,Ovalle,Violencia,centro,6.0,baja,64.0,TMP-002,,356452
1903.0,20/05/2024,La Serena,Accidente,Norte,15.0,Media,26.0,ERROR,,458207
1904.0,2025/07/26,OVALLE,Violencia,Norte,"13,0",Alta,17.0,,,255186
1905.0,18/07/2025,la serena,Hurto,Norte,1.0,Baja,65.0,TMP-001,ok,616871
1906.0,Dec-07-2025,illapel,VIOLENCIA,Norte,6.0,Baja,42.0,TMP-002,,108175
1907.0,23/04/2024,Coquimbo,robo,Norte,9.0,Baja,18.0,TMP-002,dato ingresado manualmente,724985
1908.0,2025/07/29,Ovalle,Accidente,Norte,15.0,Alta,25.0,TMP-001,sin validar,720471
1909.0,,vicuna,Violencia,Norte,8.0,Baja,59.0,ERROR,revisar,253137
1910.0,12/05/2024,Salamanca,Hurto,NORTE,10.0,baja,42.0,ERROR,ok,351386
1911.0,,Andacollo,,NORTE,,ALTA,55.0,TMP-001,revisar,550994
,21/01/2025,Vicuña,Hurto,,10.0,Alta,52.0,ERROR,dato ingresado manualmente,502232
1913.0,sin fecha,Monte Patria,Accidente,Sur,17.0,ALTA,,,,571591
1914.0,Jul-12-2025,LaSerena,Fraude,,13.0,baja,55.0,TMP-001,dato ingresado manualmente,471837
1915.0,2024/08/13,andacollo,,,6.0,Media,64.0,ERROR,,70613
1916.0,Jun-01-2024,SALAMANCA,Accidente,centro,,ALTA,19.0,ERROR,ok,119110
1917.0,2025/09/20,ovalle,robo,Rural,14.0,,51.0,ERROR,dato ingresado manualmente,689646
1918.0,sin fecha,Salamanca,Violencia,NORTE,2.0,Media,59.0,ERROR,dato ingresado manualmente,57641
1919.0,Jul-24-2024,monte patria,Violencia,Norte,10.0, Media ,66.0,,,463191
1920.0,2025-12-20,OVALLE,Violencia, NORTE ,2.0,ALTA,36.0,ERROR,ok,321663
1921.0,12/04/2024,VICUÑA,Fraude,Sur,,Baja,49.0,TMP-001,sin validar,158442
1922.0,10/07/2025,illapel,Hurto,,16.0,Baja,51.0,TMP-002,dato ingresado manualmente,251201
1923.0,2025/02/10,illapel,,,6.0, nan ,22.0,,revisar,58176
1924.0,2025/10/19,Coquimbo ,Hurto,Sur,500.0,Alta,54.0,TMP-002,ok,434571
,Sep-19-2025,Andacollo,Fraude,Sur,,Media,17.0,,sin validar,274510
1926.0,2024-04-12,LA SERENA,,Rural,"15,0",Media,59.0,,revisar,410851
1927.0,May-09-2025,salamanca,Robo,Norte,8.0,Alta,5.0,,,91376
1928.0,sin fecha,La Serena,Hurto,centro,7.0,Alta,14.0,,,791738
1929.0,04/07/2025,LA SERENA,Violencia,rural,,baja,37.0,TMP-001,,10667
1930.0,01/02/2024,SALAMANCA,Accidente,,4.0,Baja,34.0,,dato ingresado manualmente,727406
1931.0,Sep-01-2025,Monte Patria,Robo,Centro,7.0,ALTA,,,ok,130352
1932.0,2024/09/04,monte patria,Accidente,centro,19.0,Baja,61.0,ERROR,dato ingresado manualmente,371038
1933.0,sin fecha,OVALLE,Fraude,centro,14.0,Alta,,TMP-002,,907881
1934.0,,illapel,Accidente,Rural,17.0,Baja,,TMP-002,revisar,70994
1935.0,2024/03/09,Montepatria,Robo,,3.0,,"44,0",TMP-002,ok,446545
1936.0,,coquimbo,,Norte,11.0,Media,18.0,,ok,710385
1937.0,2024-12-04,andacollo,nan,Sur,1.0,,67.0,ERROR,revisar,307279
1938.0,sin fecha,vicuna,,centro,"6,0",Alta,62.0,TMP-002,revisar,339278
1939.0,2024-10-08,Andacollo,Robo,Rural,"10,0",,"33,0",TMP-002,revisar,421535
1940.0,10/06/2025,monte patria,Accidente,Rural,16.0,,54.0,ERROR,sin validar,585721
1941.0,22/08/2025,VICUÑA,Accidente,Norte,19.0,Alta,17.0,,,384602
1942.0,01/06/2025,VICUÑA,robo,Sur,16.0,Alta,44.0,TMP-001,,370176
1943.0,2024-01-27,Illapel,robo,NORTE,1.0,baja,16.0,,ok,45538
1944.0,04/07/2025,coquimbo,robo,Centro,16.0,Alta,19.0,,dato ingresado manualmente,865016
1945.0,2024-04-27,COQUIMBO,FRAUDE,Norte,8.0,Media,24.0,,dato ingresado manualmente,850537
1946.0,29/04/2025,Illapel,Robo,Centro,6.0,baja,29.0,,,874630
1947.0,2024/02/03,Ovalle,Hurto,NORTE,10.0,Baja,37.0,,sin validar,579459
1948.0,2024/02/21,OVALLE,,NORTE,"17,0",,33.0,TMP-001,revisar,237607
1949.0,2024/09/12,ovalle,robo,Norte,3.0,,51.0,TMP-002,,97901
1950.0,Apr-17-2025,Montepatria,Accidente,centro,15.0,Baja,27.0,,dato ingresado manualmente,492387
1951.0,2024/10/14,ovalle,Accidente,Centro,11.0,Baja,14.0,,,994143
1952.0,,Coquimbo ,Violencia,,16.0,Baja,58.0,,sin validar,10066
1953.0,,Salamanca,Robo,NORTE,3.0,ALTA,31.0,,ok,377582
1954.0,2025-01-02,Salamanca,,Sur,10.0,ALTA,56.0,ERROR,dato ingresado manualmente,499488
,08/02/2025,La Serena,Hurto,Norte,2.0,Baja,23.0,ERROR,revisar,176692
1956.0,22/11/2025,VICUÑA,Hurto,Rural,8.0,,34.0,ERROR,revisar,916651
1957.0,Nov-12-2025,la serena,Robo,,1.0,ALTA,28.0,,ok,213840
1958.0,2024/08/22,Ovalle,Violencia,,4.0,Baja,,,sin validar,698361
1959.0,Jan-30-2025,Coquimbo,Hurto,NORTE,16.0,Baja,40.0,TMP-001,,13911
1960.0,Sep-08-2025,Coquimbo,Hurto,Centro,16.0,Alta,47.0,ERROR,dato ingresado manualmente,670098
1961.0,2025-11-29,coquimbo,Robo,norte,11.0,Media,28.0,TMP-002,,402553
1962.0,2025/06/21,Vicuña,Fraude,Centro,18.0,Baja,24.0,ERROR,,85387
1963.0,21/07/2025,SALAMANCA,Accidente,Rural,19.0,baja,47.0,,,167520
,Jun-22-2024,Montepatria,Fraude,Norte,17.0,ALTA,23.0,TMP-002,sin validar,3600
1965.0,11/07/2025,Ovalle,Violencia,Sur,3.0,,52.0,TMP-002,ok,61409
1966.0,2024/04/19,Andacollo,Hurto,Norte,10.0,Baja,44.0,TMP-002,sin validar,960133
1967.0,,LA SERENA,,centro,4.0,ALTA,65.0,TMP-001,,901213
1968.0,2025-02-18,Illapel,Fraude,NORTE,16.0,ALTA,50.0,,,116834
1969.0,18/10/2025,VICUÑA,Fraude,,18.0,Alta,61.0,,dato ingresado manualmente,334527
1970.0,,SALAMANCA,Hurto,Sur,8.0,Alta,58.0,TMP-002,dato ingresado manualmente,122944
1971.0,2024/08/15,Illapel,Robo,CENTRO,18.0,Alta,14.0,ERROR,dato ingresado manualmente,358704
1972.0,,la serena,Fraude,Sur,16.0,,42.0,TMP-002,ok,852528
1973.0,2024-07-19,Andacollo,Hurto,,9.0,Alta,,TMP-001,,876182
1974.0,,La Serena,Fraude,centro,11.0,baja,60.0,,,249963
1975.0,2024/12/26,ovalle,Violencia,NORTE,18.0,Alta,58.0,TMP-002,revisar,758095
1976.0,2025/05/31,La Serena,,,13.0,,67.0,,revisar,498867
1977.0,sin fecha,VICUÑA,Accidente,Norte,19.0,,"28,0",TMP-001,,87353
1978.0,2024/03/06,Montepatria,Robo,Norte,9.0,Baja,"32,0",TMP-002,ok,63088
1979.0,Sep-23-2025,monte patria,Violencia,rural,"19,0",Baja,33.0,TMP-002,revisar,92102
1980.0,2024-12-09,Vicuña,Hurto, Rural ,8.0,MEDIA,21.0,TMP-002,ok,734211
1981.0,2024-05-28,la serena,Robo,Centro,4.0,ALTA,19.0,,,945983
1982.0,May-06-2025,Salamanca,Fraude,centro,9.0,Baja,63.0,TMP-001,,32258
1983.0,2025-02-26,La Serena,Hurto,,,ALTA,57.0,ERROR,,957810
1984.0,2025/04/25,Montepatria,robo,NORTE,18.0, Media ,32.0,,,280787
1985.0,07/09/2024,la serena,robo,Rural,17.0,Media,22.0,TMP-001,sin validar,18043
1986.0,2025/09/24,Ovalle,Fraude,NORTE,4.0,ALTA,51.0,,dato ingresado manualmente,63841
1987.0,2024/10/13,coquimbo,,,13.0,baja,54.0,TMP-001,,179349
,Jul-06-2024,Ovalle, Fraude ,centro,5.0,ALTA,36.0,,,841644
1989.0,2024-02-03,LaSerena,Accidente,centro,4.0,Alta,43.0,,revisar,282947
1990.0,,Coquimbo ,Fraude,,7.0,Alta,39.0,,dato ingresado manualmente,595744
1991.0,12/01/2025,LaSerena,Accidente,Centro,8.0,baja,34.0,,sin validar,284457
1992.0,17/07/2025,Montepatria,Fraude,NORTE,12.0,ALTA,,ERROR,ok,988995
1993.0,,LaSerena,Robo,,17.0,Media,63.0,ERROR,dato ingresado manualmente,821851
1994.0,May-16-2024,monte patria,Violencia,Centro,13.0,Alta,45.0,,dato ingresado manualmente,265105
,2024-07-30,Illapel, Accidente ,NORTE,1.0,Media,19.0,,revisar,473459
1996.0,2025/11/15,la serena,Robo,Rural,4.0,media,66.0,,,292413
1997.0,2024-08-31,Montepatria,,centro,1.0,ALTA,"50,0",TMP-002,revisar,610656
1998.0,2024-06-17,COQUIMBO,Accidente,NORTE,-3.0,media,54.0,TMP-002,dato ingresado manualmente,491438
1999.0,Nov-29-2025,Vicuña,robo,NORTE,4.0,ALTA,19.0,,,24275
2000.0,2024-07-17,LaSerena,Hurto,Norte,13.0,Alta,59.0,TMP-002,,713947
2001.0,sin fecha,COQUIMBO,,Sur,1.0,ALTA,31.0,ERROR,,443883
2002.0,2025-10-07,La Serena,,Sur,10.0,ALTA,,,ok,599121
2003.0,2025/09/28,LA SERENA,Violencia,Centro,10.0,,16.0,,,64375
2004.0,2024/02/19,Serena,robo,NORTE,4.0,Alta,17.0,TMP-002,ok,101929
2005.0,2024-05-26,Andacollo,,centro,14.0,Alta,67.0,ERROR,ok,275760
2006.0,Feb-01-2025,Coquimbo,Violencia,NORTE,16.0,Media,"26,0",,,80655
2007.0,sin fecha,LaSerena,Hurto,Centro,7.0,Baja,15.0,,sin validar,340247
2008.0,28/07/2025,La Serena,Hurto,Rural,6.0,,30.0,,,933702
2009.0,,vicuna,robo,Norte,14.0,ALTA,"30,0",,,727846
2010.0,2024/05/09,Montepatria,robo,,"9,0",ALTA,44.0,TMP-002,,727120
2011.0,2024-11-03,Coquimbo ,Violencia,,3.0,Baja,36.0,,,144949
2012.0,2025/09/07,vicuna,,NORTE,15.0,ALTA,56.0,ERROR,dato ingresado manualmente,511615
2013.0,2024/04/18,La Serena,Hurto,Centro,9.0,,19.0,,sin validar,229886
2014.0,20/05/2025,LaSerena,Hurto,Centro,19.0,ALTA,22.0,TMP-002,,542850
2015.0,Nov-17-2024,OVALLE,Fraude,Centro,4.0,Alta,38.0,TMP-001,ok,922272
2016.0,,VICUÑA,Violencia,Rural,3.0, Alta ,56.0,,sin validar,644236
2017.0,Dec-05-2024,ovalle,Accidente,,1.0,baja,47.0,TMP-001,sin validar,302244
2018.0,20/11/2025,Salamanca,robo,,4.0,,20.0,ERROR,ok,628135
2019.0,,LA SERENA,Fraude,Sur,3.0,,16.0,,,405256
,,Coquimbo ,Violencia,Centro,14.0,ALTA,64.0,ERROR,ok,210672
2021.0,Sep-09-2025,LaSerena,Accidente,Rural,3.0,,18.0,TMP-001,ok,917760
2022.0,,Serena,Accidente,,"18,0",Alta,23.0,,dato ingresado manualmente,77357
2023.0,29/01/2025,coquimbo,Accidente,centro,18.0, Media ,43.0,,ok,762183
2024.0,31/10/2025,OVALLE,robo,Rural,6.0,,53.0,ERROR,revisar,202417
2025.0,2024/04/20,OVALLE,Violencia,Centro,"14,0",,14.0,TMP-001,dato ingresado manualmente,737008
2026.0,18/01/2025,Illapel,,Norte,4.0,Media,39.0,,sin validar,753780
2027.0,Feb-11-2024,Monte Patria,,Sur,18.0,,48.0,,sin validar,616988
2028.0,2025/04/17,Montepatria,Hurto,Centro,"17,0",Baja,29.0,ERROR,,205009
2029.0,24/03/2024,coquimbo,Accidente,Norte,,,47.0,,,657400
2030.0,2024/07/13,Monte Patria,Fraude,Rural,3.0,baja,40.0,TMP-001,revisar,285963
2031.0,04/11/2025,monte patria, Hurto ,  ,,,26.0,ERROR,revisar,36983
2032.0,,Serena,Accidente,NORTE,4.0,Baja,16.0,,revisar,807655
2033.0,Jul-13-2025,Serena,Hurto,centro,10.0,Alta,20.0,,,28365
2034.0,03/05/2025,ANDACOLLO,Violencia,Norte,13.0,,"33,0",,dato ingresado manualmente,711580
2035.0,2024-12-28,COQUIMBO,Accidente,centro,12.0,ALTA,"50,0",,sin validar,880231
2036.0,2024-06-20,LA SERENA,Hurto,Centro,10.0,,63.0,,revisar,756712
2037.0,2024-11-17,Coquimbo,,Centro,15.0,Baja,66.0,,,500644
2038.0,2025/10/25,VICUÑA,,Centro,13.0,baja,51.0,TMP-002,ok,312906
,26/12/2024,vicuna,Robo,Centro,10.0,Media,44.0,TMP-002,dato ingresado manualmente,986006
2040.0,sin fecha,Coquimbo,Accidente,Rural,5.0,Alta,53.0,TMP-002,,256149
2041.0,2024-01-14,COQUIMBO,nan,centro,8.0,Alta,65.0,TMP-002,revisar,85908
2042.0,Feb-19-2024,illapel,Accidente,Rural,5.0,Media,57.0,TMP-002,,643695
2043.0,Jun-01-2025,Monte Patria,Hurto,Rural,18.0,baja,56.0,TMP-001,ok,626162
2044.0,2024-10-16,Vicuña,Violencia,Centro,4.0,Baja,16.0,TMP-002,sin validar,52718
2045.0,2024/08/09,LaSerena,Fraude,,17.0,ALTA,54.0,,revisar,405437
2046.0,2025/03/30,ILLAPEL,Violencia,Sur,500.0,baja,,TMP-001,sin validar,858700
2047.0,2024-12-19,Coquimbo ,Violencia,Sur,,ALTA,32.0,ERROR,ok,460009
2048.0,01/08/2025,Montepatria,,Norte,2.0,ALTA,23.0,TMP-001,,964941
2049.0,03/08/2024,Coquimbo , Accidente ,Norte,5.0,Alta,19.0,,ok,735243
2050.0,2024/01/12,VICUÑA,Fraude,NORTE,,Media,"55,0",ERROR,sin validar,798061
2051.0,Aug-03-2024,Illapel,ACCIDENTE,centro,5.0,Media,15.0,,ok,892871
2052.0,Apr-09-2024,ovalle,Violencia,Sur,9.0,baja,47.0,TMP-001,dato ingresado manualmente,752530
2053.0,,Coquimbo ,Fraude,NORTE,8.0,,47.0,TMP-001,,784430
2054.0,23/04/2025,illapel,Accidente,Rural,1.0,Media,55.0,TMP-001,,499807
2055.0,,Coquimbo,Hurto,,"9,0",Media,55.0,TMP-002,revisar,563105
2056.0,Dec-29-2024,Salamanca,Robo,Rural,16.0,baja,19.0,,ok,781929
2057.0,2025-07-04, illapel ,,centro,12.0,Media,16.0,TMP-001,,140493
2058.0,2024-10-05,ovalle,hurto,centro,2.0,Baja,19.0,TMP-002,revisar,54864
2059.0,sin fecha,Illapel,Hurto,,5.0,Media,62.0,TMP-001,ok,753948
2060.0,2025-02-19,la serena,,Norte,"1,0",Alta,60.0,,,566108
2061.0,Aug-24-2024,Coquimbo,,Sur,15.0,ALTA,20.0,ERROR,ok,474582
2062.0,19/12/2024,Coquimbo,Fraude,NORTE,16.0,Baja,15.0,TMP-001,revisar,708234
2063.0,2024/02/02,Serena,robo,centro,18.0,,15.0,,,478191
2064.0,2025/07/28,coquimbo,robo,,17.0,Media,47.0,ERROR,,924413
2065.0,,VICUÑA,Accidente,Sur,3.0,baja,68.0,,revisar,300770
2066.0,Sep-28-2024,Ovalle,Violencia,centro,"9,0",Baja,50.0,TMP-002,,613544
2067.0,Jan-31-2025,coquimbo,robo,,16.0,Alta,36.0,ERROR,sin validar,281460
2068.0,sin fecha,COQUIMBO,,centro,4.0,Media,58.0,,dato ingresado manualmente,401171
2069.0,27/01/2024,Coquimbo ,robo,Sur,11.0,baja,58.0,ERROR,revisar,479778
2070.0,29/11/2025,Montepatria,Robo,Sur,15.0,Media,56.0,TMP-001,ok,746358
2071.0,sin fecha,COQUIMBO,Violencia,,16.0,,59.0,TMP-002,sin validar,192839
2072.0,2025/09/19,SALAMANCA,Hurto,Centro,7.0,Media,44.0,ERROR,,793453
2073.0,2025-12-11,Coquimbo,Hurto,centro,11.0,Media,38.0,TMP-002,,21979
2074.0,2025-04-24,SALAMANCA,Accidente,Sur,,Baja,50.0,,,986426
2075.0,Nov-16-2025,COQUIMBO,Violencia,Sur,14.0,Alta,60.0,TMP-001,dato ingresado manualmente,400243
2076.0,21/05/2024,monte patria,,Sur,10.0,Baja,21.0,TMP-001,ok,294744
2077.0,Mar-09-2025,LaSerena,hurto,Norte,14.0,Alta,21.0,,dato ingresado manualmente,897103
2078.0,2024/11/23,coquimbo,Robo,centro,4.0,Baja,65.0,TMP-001,sin validar,107164
2079.0,07/07/2024,vicuna,Hurto,Centro,1.0,Alta,18.0,TMP-002,dato ingresado manualmente,458145
2080.0,06/06/2024,Vicuña,Accidente,Norte,18.0,,67.0,,ok,892000
2081.0,04/09/2025,COQUIMBO,,Sur,2.0,Alta,57.0,TMP-002,dato ingresado manualmente,872954
2082.0,sin fecha,Coquimbo ,Robo,Centro,19.0,,28.0,,sin validar,952641
2083.0,Aug-21-2025,coquimbo,,Centro,6.0,,48.0,TMP-001,dato ingresado manualmente,639390
2084.0,2025-06-28,andacollo,Hurto,Sur,5.0,baja,34.0,TMP-002,sin validar,779150
2085.0,2025-09-26,VICUÑA,,Centro,"13,0",Media,31.0,TMP-001,ok,426400
2086.0,May-16-2025,Salamanca,Robo,Sur,4.0,Media,54.0,TMP-002,,680389
2087.0,08/12/2025,Andacollo,Robo,Centro,18.0,,16.0,TMP-002,ok,390394
2088.0,Aug-26-2024,La Serena,robo,NORTE,16.0, Alta ,31.0,TMP-001,ok,730166
2089.0,2024/07/07,COQUIMBO,Accidente,NORTE,1.0,Baja,66.0,TMP-002,,596059
2090.0,2025/11/09,Coquimbo,Hurto,Sur,3.0,,18.0,,sin validar,385885
2091.0,,la serena,violencia,,7.0,Media,48.0,,,766806
2092.0,,monte patria,,NORTE,15.0,baja,43.0,,dato ingresado manualmente,549438
2093.0,,vicuna,Hurto,,14.0,Baja,"46,0",ERROR,revisar,624386
2094.0,11/12/2025,andacollo,Fraude,NORTE,18.0,Baja,62.0,TMP-002,,109432
2095.0,2025/06/14, illapel ,Hurto,,2.0,ALTA,56.0,ERROR,sin validar,726605
2096.0,2024-03-09,Ovalle,Accidente,Rural,9.0,,37.0,TMP-002,revisar,238718
2097.0,sin fecha,Illapel,,NORTE,18.0,baja,17.0,ERROR,dato ingresado manualmente,465921
2098.0,,Monte Patria,Hurto,,"17,0",Baja,57.0,TMP-002,,279197
2099.0,,coquimbo,Hurto,Norte,17.0,,"17,0",,,736828
2100.0,2024/06/15,Ovalle,Robo,NORTE,12.0,ALTA,36.0,TMP-001,dato ingresado manualmente,450729
2101.0,2024-12-12,andacollo,,Norte,16.0,,30.0,TMP-002,,120205
2102.0,05/09/2024,monte patria,Fraude,NORTE,12.0,Media,40.0,TMP-002,,237326
2103.0,20/01/2024,LA SERENA,Violencia,,18.0,baja,53.0,,dato ingresado manualmente,134621
2104.0,2025/01/07,vicuna,Robo,,11.0,,19.0,ERROR,revisar,28714
2105.0,2025-08-09,coquimbo,Fraude,centro,11.0,,52.0,ERROR,sin validar,582443
2106.0,11/06/2025,coquimbo,Accidente,NORTE,7.0,Alta,43.0,TMP-002,dato ingresado manualmente,27913
2107.0,2025-12-02,andacollo,Violencia,Rural,3.0,Baja,46.0,ERROR,dato ingresado manualmente,788326
,15/12/2024,andacollo,robo,Rural,8.0,baja,20.0,,dato ingresado manualmente,875012
2109.0,2025-03-05,monte patria,Fraude,,10.0,Baja,31.0,TMP-001,dato ingresado manualmente,129124
2110.0,2025-06-23,andacollo,Accidente,,5.0,ALTA,44.0,,,334852
2111.0,Sep-09-2025,monte patria,Accidente,NORTE,19.0,,57.0,,ok,738832
2112.0,05/12/2024,Coquimbo,Violencia,centro,3.0,baja,47.0,ERROR,sin validar,965368
2113.0,2025-07-24,Coquimbo,Violencia,,5.0,Media,58.0,TMP-001,sin validar,603691
2114.0,09/01/2024,OVALLE,Fraude,NORTE,12.0,Alta,,,dato ingresado manualmente,290971
2115.0,2024/04/18,Coquimbo ,Robo,Norte,16.0,,49.0,,revisar,948432
2116.0,21/04/2024,Montepatria,Violencia,norte,4.0,baja,16.0,ERROR,,935322
2117.0,2024-08-11,Coquimbo ,Robo,Centro,"2,0",baja,31.0,TMP-001,revisar,247754
2118.0,2024/06/26,Coquimbo ,robo,,2.0,,43.0,ERROR,sin validar,838113
2119.0,2024/04/03,ovalle,Fraude,centro,18.0,Baja,16.0,,,82416
2120.0,01/09/2024,illapel,,centro,5.0,Baja,30.0,TMP-002,,409693
2121.0,2024-07-26,Coquimbo,Accidente,NORTE,18.0,baja,5.0,,ok,311681
2122.0,,Vicuña,,Rural,16.0,Media,31.0,ERROR,sin validar,385852
2123.0,Jul-17-2025,andacollo,Violencia,NORTE,9.0,ALTA,23.0,TMP-002,ok,424417
2124.0,sin fecha,VICUÑA,Accidente,Norte,16.0,,65.0,ERROR,,350914
,2025/08/05,MONTE PATRIA,,Rural,12.0,Alta,19.0,,revisar,3876
2126.0,2025-02-18,la serena,Fraude,Rural,7.0,,48.0,,,324687
2127.0,2025/11/28,andacollo,Hurto,Sur,19.0,,54.0,TMP-001,,443877
2128.0,,Vicuña,nan,centro,4.0,baja,59.0,,,502788
2129.0,2025-03-12,coquimbo,robo,Rural,9.0,Media,47.0,TMP-002,,629718
2130.0,,VICUÑA,robo,Sur,18.0,Baja,65.0,,,215372
2131.0,,andacollo,Robo,,7.0,Baja,62.0,TMP-001,dato ingresado manualmente,678785
2132.0,2024-10-12,COQUIMBO,Violencia,Centro,18.0,,36.0,TMP-001,sin validar,666799
2133.0,31/05/2025,la serena,Accidente,  ,16.0,,35.0,TMP-001,dato ingresado manualmente,834970
2134.0,,Salamanca,Fraude,,13.0,NAN,40.0,,,4221
2135.0,sin fecha,monte patria,Fraude,centro,17.0,Media,28.0,TMP-002,revisar,824052
2136.0,Aug-03-2025,la serena,Hurto,centro,3.0, Media ,28.0,,revisar,268158
2137.0,2024/07/25,ovalle,Hurto,,18.0,Media,50.0,,,657130
2138.0,2025-10-02,Ovalle,robo,NORTE,14.0,Media,46.0,TMP-002,revisar,407370
2139.0,2025/10/05,Serena,,Rural,6.0,baja,52.0,ERROR,,862983
2140.0,Jun-25-2024,Andacollo,Fraude,Rural,11.0,Media,21.0,,dato ingresado manualmente,757777
2141.0,May-12-2025,Coquimbo,Hurto,centro,3.0,baja,30.0,,ok,128643
2142.0,10/11/2024,ovalle,Fraude,Centro,7.0,ALTA,"42,0",,,90894
2143.0,Feb-28-2025,ovalle,violencia,Centro,2.0,Alta,-1.0,TMP-002,sin validar,396405
2144.0,,Monte Patria,robo,Rural,12.0,ALTA,18.0,,,373615
2145.0,,Salamanca,Violencia,Rural,2.0,ALTA,35.0,,revisar,948471
2146.0,Jul-03-2025,LA SERENA,,Centro,7.0,Alta,41.0,ERROR,ok,50798
2147.0,2024-08-03,VICUÑA,Fraude,Centro,5.0,Baja,38.0,TMP-001,sin validar,843031
2148.0,2024-01-11,Andacollo,robo,centro,9.0,Media,35.0,TMP-002,ok,961187
2149.0,,Andacollo,VIOLENCIA,Rural,3.0,Alta,36.0,,ok,785780
2150.0,Mar-03-2025,Illapel,Hurto,Centro,12.0,baja,59.0,TMP-001,,70900
2151.0,May-27-2025,Montepatria,Hurto,Rural,19.0,MEDIA,58.0,TMP-002,ok,638663
2152.0,2024/12/21,andacollo,Hurto,Rural,18.0,ALTA,60.0,TMP-002,ok,320012
2153.0,,Coquimbo ,Robo,centro,6.0,ALTA,20.0,TMP-002,,237561
2154.0,2025-05-30,monte patria,Violencia,Rural,12.0,Media,60.0,,dato ingresado manualmente,137804
2155.0,23/11/2024,Vicuña,Robo,centro,"14,0",Alta,60.0,,,965540
2156.0,29/04/2025,SALAMANCA,robo,centro,19.0,Media,33.0,TMP-001,dato ingresado manualmente,843331
2157.0,,SALAMANCA,,NORTE,2.0,ALTA,41.0,ERROR,revisar,635189
2158.0,2024-09-18,illapel,robo,Rural,6.0, baja ,48.0,TMP-001,dato ingresado manualmente,619511
2159.0,Nov-09-2025,Illapel,Hurto,Centro,12.0,baja,35.0,,sin validar,938060
2160.0,2025/08/05,LA SERENA,Robo,NORTE,4.0,Alta,44.0,ERROR,dato ingresado manualmente,541817
2161.0,,LaSerena,,Norte,8.0,Media,54.0,TMP-001,,238570
2162.0,2024/04/19,salamanca,Violencia,Centro,1.0,ALTA,68.0,,ok,847156
,2025-12-16,Monte Patria,robo,NORTE,17.0,Media,67.0,TMP-001,revisar,706047
2164.0,2024/10/31,Ovalle,Robo,CENTRO,2.0,Media,50.0,ERROR,ok,839435
2165.0,2024/12/31,ovalle,Violencia,rural,12.0,Alta,41.0,,dato ingresado manualmente,88474
2166.0,07/07/2024,andacollo,Robo,Centro,5.0,Alta,37.0,TMP-001,sin validar,152798
2167.0,,Andacollo,Hurto,Sur,13.0,Alta,"55,0",,,415720
2168.0,28/02/2025,COQUIMBO,Robo,centro,"16,0",baja,56.0,,sin validar,753269
2169.0,2025-12-02,coquimbo,Accidente,Norte,12.0,Media,20.0,,sin validar,94476
2170.0,,Illapel,,Norte,14.0,ALTA,,TMP-001,revisar,4892
2171.0,20/11/2025,VICUÑA,robo,centro,7.0,Media,65.0,,sin validar,365679
2172.0,,Ovalle,,Sur,6.0,ALTA,19.0,ERROR,revisar,93969
2173.0,2024-05-21,ANDACOLLO,,Rural,17.0,,32.0,TMP-002,,286447
2174.0,Aug-26-2024,OVALLE,Accidente,Sur,16.0,baja,-1.0,,,747540
2175.0,2024/02/15,Vicuña,Hurto,NORTE,13.0,,65.0,TMP-002,,34258
2176.0,2024/11/29,COQUIMBO,Fraude,,18.0,baja,56.0,,dato ingresado manualmente,755385
2177.0,, andacollo ,Accidente,Centro,16.0,Media,63.0,TMP-002,,614840
2178.0,Mar-16-2024,Andacollo,Robo,Sur,13.0,baja,43.0,TMP-002,,115282
2179.0,2025-10-31,Serena,robo,Rural,13.0,,34.0,ERROR,,843367
2180.0,,OVALLE,Accidente,Centro,15.0,ALTA,31.0,,,249584
2181.0,2025/09/03,LaSerena,Accidente,Rural,8.0,Alta,20.0,TMP-001,dato ingresado manualmente,44408
2182.0,2025-06-22,la serena,Accidente,Sur,16.0,baja,23.0,TMP-002,ok,927081
2183.0,,OVALLE,  ,centro,19.0,Media,25.0,TMP-001,dato ingresado manualmente,260007
2184.0,,Monte Patria,,centro,7.0,,43.0,TMP-002,dato ingresado manualmente,668054
2185.0,2025-05-13,vicuna,Hurto,Centro,4.0,,"25,0",,,64730
2186.0,sin fecha,OVALLE,robo,,6.0,Media,16.0,ERROR,,661468
2187.0,02/02/2025,Serena,Violencia,Rural,11.0,ALTA,62.0,TMP-001,,191356
2188.0,2025/12/05,coquimbo,robo,,3.0, Media ,56.0,,dato ingresado manualmente,926410
2189.0,20/12/2025,Monte Patria,robo,centro,17.0,Alta,53.0,TMP-002,dato ingresado manualmente,416737
2190.0,Jun-17-2025,Monte Patria,robo,Sur,17.0,Media,"-1,0",TMP-001,revisar,824975
2191.0,2025/12/02,Montepatria,Hurto,Centro,5.0,Alta,54.0,,revisar,580812
2192.0,2025/06/16,OVALLE,Hurto,NORTE,,Baja,20.0,TMP-001,sin validar,378314
2193.0,,OVALLE,robo,CENTRO,16.0,,20.0,ERROR,sin validar,325241
2194.0,,LaSerena,Accidente,NORTE,3.0,baja,,,dato ingresado manualmente,978693
2195.0,2025-01-09,Vicuña,robo,Sur,4.0,Media,38.0,,,337461
2196.0,sin fecha,La Serena,Hurto,NORTE,1.0,,51.0,ERROR,ok,124585
2197.0,04/01/2025,vicuna,HURTO,Rural,nan,Alta,38.0,ERROR,,931024
2198.0,Apr-21-2024,Illapel,Fraude,Rural,13.0,Media,53.0,ERROR,,756751
2199.0,26/04/2024,La Serena,Hurto,NORTE,13.0,,51.0,ERROR,,31071
2200.0,,OVALLE,Fraude,Rural,3.0,Baja,42.0,ERROR,,104762
2201.0,Aug-31-2025,Salamanca,Fraude,centro,9.0,ALTA,33.0,TMP-001,sin validar,945901
2202.0,sin fecha,Salamanca,robo,centro,13.0,baja,34.0,TMP-002,,458731
2203.0,2024-07-15,LA SERENA,Robo,NORTE,1.0,alta,"62,0",,ok,172842
2204.0,2025-09-02,Serena,Accidente, centro ,6.0,Alta,61.0,TMP-001,revisar,26958
2205.0,sin fecha,monte patria,Robo,Norte,, nan ,68.0,ERROR,ok,314267
2206.0,Jan-26-2024,Montepatria,,Sur,3.0,,66.0,TMP-001,sin validar,265557
2207.0,2024/03/07,illapel,Violencia,NORTE,5.0,Alta,,,,747261
2208.0,2024/07/05,LaSerena,Violencia,Centro,13.0,NAN,"59,0",ERROR,,624372
2209.0,Sep-23-2024,Illapel,,centro,15.0,Media,58.0,TMP-002,ok,843336
2210.0,2025-09-21,Montepatria,Violencia,Sur,15.0,Baja,49.0,ERROR,dato ingresado manualmente,532509
2211.0,07/12/2025,LaSerena,,centro,,Media,62.0,,revisar,861575
2212.0,Oct-11-2025,Coquimbo,Hurto,Sur,,ALTA,35.0,,ok,956210
2213.0,23/10/2024,La Serena,Robo,Centro,12.0, baja ,33.0,,,645927
2214.0,2025-12-24, VICUÑA ,Fraude,Norte,14.0,Baja,25.0,TMP-001,,751684
2215.0,Feb-11-2025,la serena,robo,Rural,"3,0",ALTA,"27,0",,dato ingresado manualmente,823357
2216.0,03/05/2025,ovalle,robo,NORTE,4.0,Alta,36.0,,revisar,615211
2217.0,08/02/2024,la serena,robo,Centro,10.0,Alta,17.0,,revisar,666301
2218.0,Dec-17-2025,Coquimbo,robo,,4.0,Media,49.0,TMP-001,dato ingresado manualmente,952360
2219.0,,Coquimbo,,Centro,7.0,Baja,34.0,TMP-002,,342753
2220.0,Dec-13-2024,VICUÑA,Violencia,Sur,15.0,,45.0,,dato ingresado manualmente,940830
2221.0,sin fecha,LaSerena,Fraude,Rural,13.0,Alta,26.0,TMP-001,revisar,144210
2222.0,2025-06-28,OVALLE,Violencia,centro,15.0,Baja,50.0,TMP-002,sin validar,416376
2223.0,Nov-14-2024, Coquimbo ,Hurto,Centro,19.0,Media,65.0,,sin validar,850430
2224.0,17/11/2024,illapel,,Norte,,Baja,15.0,,revisar,312011
2225.0,22/05/2024,Andacollo,Fraude,Sur,14.0,,36.0,TMP-002,sin validar,677036
2226.0,Aug-26-2025,VICUÑA,Robo,Centro,12.0,,34.0,TMP-002,sin validar,842665
2227.0,,Coquimbo,Hurto,Norte,12.0, baja ,62.0,,sin validar,969132
2228.0,2025/04/11,vicuna,robo,,11.0,,43.0,,,828811
2229.0,May-05-2024,Montepatria,robo,,8.0,ALTA,40.0,,,632495
2230.0,,monte patria,Fraude,Centro,2.0,,,,,111007
2231.0,01/06/2025,OVALLE,,Centro,15.0,ALTA,43.0,,sin validar,315820
2232.0,13/07/2025,SALAMANCA,Accidente,Centro,"15,0",,"67,0",TMP-001,,904690
2233.0,Sep-17-2024,monte patria,robo, centro ,11.0,Media,56.0,TMP-001,revisar,370592
2234.0,2025/03/17,OVALLE,Fraude,,4.0,,67.0,,,551783
2235.0,,Salamanca,robo,,19.0,Alta,51.0,TMP-001,ok,505793
2236.0,Dec-29-2024,Coquimbo,ROBO,,5.0,Media,50.0,ERROR,,831707
2237.0,sin fecha,COQUIMBO,Hurto,Norte,5.0,Alta,58.0,TMP-001,dato ingresado manualmente,850697
2238.0,,monte patria,,Rural,19.0,Media,37.0,TMP-002,ok,463044
2239.0,2024/09/20,Coquimbo ,robo,Sur,7.0,Media,,,sin validar,776272
2240.0,,illapel,robo,centro,3.0,Media,19.0,TMP-002,sin validar,207489
,,LA SERENA,,Norte,"11,0",baja,29.0,,,445516
,Apr-03-2024,andacollo,Robo,NORTE,18.0,ALTA,61.0,,ok,410700
,2024/05/26,la serena,Robo, Rural ,"1,0",Alta,59.0,TMP-001,sin validar,989822
2244.0,2024/07/13,VICUÑA,Hurto,Sur,11.0,baja,48.0,ERROR,,247474
2245.0,Aug-10-2025,Salamanca,,,,ALTA,65.0,TMP-001,dato ingresado manualmente,450377
2246.0,2024/06/26,Serena,Fraude,,"2,0",Media,23.0,TMP-001,revisar,339819
2247.0,,LaSerena,,Norte,18.0,Alta,53.0,ERROR,,913632
2248.0,2024/05/26,vicuna,Accidente,Norte,14.0,baja,39.0,,,229487
2249.0,Nov-28-2024,illapel,,centro,6.0,Alta,52.0,,revisar,210851
2250.0,2024/05/03,Salamanca,Violencia,NORTE,11.0,ALTA,21.0,,ok,257730
2251.0,Jul-23-2025,vicuna,Accidente,Norte,11.0,Media,33.0,TMP-001,revisar,80426
2252.0,,MONTE PATRIA,robo,centro,14.0,Baja,44.0,TMP-001,ok,937290
2253.0,,La Serena,Violencia,Norte,3.0,baja,36.0,TMP-001,,439268
2254.0,2025/03/12,Serena,,,19.0,ALTA,21.0,,sin validar,991846
2255.0,sin fecha,la serena, Robo ,Norte,9.0,Baja,29.0,,ok,906957
2256.0,2025/12/08,andacollo,, NORTE ,11.0,baja,42.0,TMP-001,dato ingresado manualmente,315985
2257.0,03/10/2024, Monte Patria ,Robo,Norte,7.0,Alta,20.0,TMP-002,ok,942497
2258.0,24/07/2025,vicuna,robo,Centro,"11,0",Alta,27.0,,sin validar,395908
2259.0,2024/12/29,vicuna,Fraude,Rural,1.0,Media,31.0,,ok,771729
2260.0,03/05/2024,vicuna,,centro,16.0,Media,44.0,,revisar,912122
,2024-01-13,coquimbo,hurto,Rural,8.0,Baja,22.0,TMP-002,ok,68694
2262.0,2024/06/28,Coquimbo,Hurto,Norte,18.0,Baja,33.0,TMP-002,,12988
2263.0,2025-01-21,andacollo,Violencia,Rural,7.0,baja,14.0,TMP-001,ok,839350
2264.0,2024/10/14,La Serena,Violencia,NORTE,18.0,,25.0,,,798239
2265.0,2025-04-16,LaSerena,Hurto,Norte,15.0,Media,30.0,TMP-002,ok,377556
2266.0,2025/04/05,Coquimbo,Robo,Norte,9.0,ALTA,50.0,ERROR,,515311
2267.0,,Serena,Hurto,Rural,6.0,,35.0,,sin validar,638631
2268.0,Aug-09-2025,Ovalle,Violencia,centro,13.0,,18.0,,,555972
2269.0,,LA SERENA,Violencia,centro,19.0,Alta,"47,0",TMP-002,revisar,592056
2270.0,2024-12-25,Ovalle,,Centro,12.0,,39.0,TMP-001,,207162
2271.0,2024/06/11,illapel,,Rural,,Media,64.0,,,366853
2272.0,Feb-23-2025,VICUÑA,,,7.0,Alta,53.0,,,857197
2273.0,,la serena,robo,,14.0,baja,51.0,TMP-002,dato ingresado manualmente,666251
2274.0,2025/08/12,Salamanca,Robo,centro,1.0,Alta,62.0,TMP-001,ok,186095
2275.0,Jun-28-2025,vicuña,robo,Sur,9.0,,31.0,TMP-001,,676378
2276.0,Feb-27-2024,Ovalle,Robo,Rural,17.0,,51.0,TMP-002,ok,747119
2277.0,2025/07/03,monte patria,Robo,Norte,12.0,,46.0,ERROR,,685068
2278.0,sin fecha,monte patria,Accidente,NORTE,4.0,ALTA,"38,0",,,23013
2279.0,,Monte Patria,,Rural,15.0,Baja,20.0,,dato ingresado manualmente,149459
2280.0,,illapel,,,3.0,Media,69.0,,ok,242597
2281.0,,Coquimbo ,Fraude,Rural,4.0,Baja,36.0,TMP-002,revisar,618092
2282.0,,Monte Patria,Accidente,Rural,18.0,Alta,15.0,ERROR,ok,723252
2283.0,2024/11/30,andacollo,robo,,11.0,Media,40.0,TMP-001,,818338
2284.0,2024/01/24,Salamanca,Hurto,Rural,5.0,Baja,18.0,ERROR,dato ingresado manualmente,965910
2285.0,sin fecha,Salamanca,Robo,Norte,4.0,Alta,45.0,TMP-002,ok,378263
2286.0,06/10/2025,LA SERENA,,,12.0,Media,36.0,TMP-002,ok,108707
2287.0,2025-01-21,OVALLE,Accidente,NORTE,12.0,baja,64.0,TMP-002,ok,502672
2288.0,2024/06/07,OVALLE,Violencia,Sur,"9,0",baja,66.0,TMP-002,sin validar,636381
2289.0,,Illapel,VIOLENCIA,centro,2.0,,38.0,,,82170
2290.0,2024/06/26,Coquimbo,Violencia,Sur,1.0,Baja,15.0,TMP-001,ok,87925
2291.0,2025/07/21,andacollo,Fraude,CENTRO,5.0,Media,60.0,,,103769
2292.0,,la serena,,,17.0,Alta,48.0,,,627854
2293.0,,Serena,Accidente,,14.0,Media,53.0,TMP-001,sin validar,744709
2294.0,2024/02/07,monte patria,Hurto,Sur,17.0, ALTA ,45.0,TMP-001,,736321
2295.0,Aug-29-2024,COQUIMBO,Fraude,norte,7.0,Alta,26.0,TMP-002,,914231
2296.0,Feb-13-2025,Coquimbo ,hurto,centro,9.0,Alta,66.0,,dato ingresado manualmente,744593
2297.0,Mar-21-2024,ovalle,,Centro,2.0,Baja,38.0,,dato ingresado manualmente,796514
2298.0,,SALAMANCA,robo,Norte,9.0,ALTA,31.0,TMP-001,dato ingresado manualmente,669804
2299.0,Oct-01-2024,SALAMANCA,,Rural,8.0,ALTA,40.0,,ok,574303
2300.0,Aug-19-2025, SALAMANCA ,Hurto,Centro,19.0,Media,57.0,,,95221
2301.0,2024-12-26,vicuna,, Centro ,,baja,56.0,,revisar,415724
2302.0,28/02/2025,COQUIMBO,Hurto,Norte,1.0,baja,,,sin validar,261576
2303.0,Feb-09-2024,LaSerena,Violencia,,5.0,Alta,42.0,TMP-001,revisar,358148
2304.0,sin fecha,Serena,Robo,Centro,11.0,baja,35.0,TMP-002,dato ingresado manualmente,793182
2305.0,Apr-19-2024,Coquimbo ,robo,centro,10.0, nan ,14.0,ERROR,revisar,871300
2306.0,2025-06-26,Ovalle,Fraude,Centro,4.0,Alta,60.0,TMP-002,sin validar,3046
2307.0,Apr-29-2025,Coquimbo,Accidente,Rural,15.0,Media,41.0,TMP-001,revisar,869911
2308.0,Mar-13-2025,LA SERENA,Violencia,Centro,3.0,baja,31.0,,,142056
2309.0,,VICUÑA,Accidente,Norte,18.0,baja,52.0,,,242402
2310.0,,Andacollo,Violencia,Rural,9.0,Baja,33.0,,revisar,592159
2311.0,2024/09/07,Monte Patria,robo,Centro,11.0,ALTA,15.0,,dato ingresado manualmente,366687
2312.0,16/07/2025,monte patria,Fraude,,,,22.0,,,555843
2313.0,sin fecha,Ovalle,Violencia,NORTE,17.0,Media,18.0,TMP-002,dato ingresado manualmente,915544
2314.0,Apr-16-2024,Illapel,Hurto,Centro,12.0,Alta,59.0,,revisar,836638
2315.0,2024-10-23,Coquimbo ,Robo,Sur,10.0,baja,31.0,ERROR,,131294
2316.0,sin fecha,Serena,,,"19,0",Media,58.0,,ok,29984
2317.0,Oct-10-2024,Ovalle,robo,Rural,14.0,baja,50.0,TMP-001,sin validar,968014
2318.0,2024-10-24,SALAMANCA,,  ,2.0,Alta,38.0,,revisar,327826
2319.0,06/04/2024,coquimbo,Robo,centro,8.0,,53.0,TMP-001,sin validar,220328
2320.0,2025/05/06,coquimbo,Robo,centro,17.0,Baja,39.0,,sin validar,394269
2321.0,18/06/2025,illapel,robo,Centro,1.0,,58.0,,dato ingresado manualmente,850035
,Mar-31-2024,OVALLE,Fraude,,12.0,Baja,23.0,TMP-002,revisar,832855
2323.0,sin fecha,Coquimbo,Violencia,NORTE,15.0,baja,69.0,TMP-001,dato ingresado manualmente,623554
2324.0,,COQUIMBO,Fraude,Centro,9.0,Baja,30.0,ERROR,,218776
,2025-01-15,Salamanca,, Rural ,14.0,Media,47.0,,,970647
2326.0,15/05/2025,coquimbo,robo,,19.0,MEDIA,32.0,,revisar,821663
2327.0,Jan-21-2024,LaSerena,,Sur,17.0,ALTA,"58,0",TMP-002,dato ingresado manualmente,704482
2328.0,06/01/2024,coquimbo,Accidente,Centro,"17,0",Baja,47.0,ERROR,,940377
2329.0,2024/12/06,SALAMANCA,,Rural,13.0,,"51,0",ERROR,sin validar,599400
2330.0,Nov-07-2024,ovalle,Robo,Sur,,Alta,"23,0",,revisar,743320
2331.0,Mar-28-2024,Serena,Hurto,Norte,4.0,Baja,62.0,TMP-001,dato ingresado manualmente,969484
2332.0,2024/11/23,Montepatria,Hurto,NORTE,19.0,Alta,,ERROR,revisar,759564
2333.0,2024/10/30,Andacollo,Violencia,Rural,15.0,ALTA,59.0,,dato ingresado manualmente,282943
2334.0,03/03/2024,COQUIMBO,Violencia,Sur,10.0,Baja,45.0,ERROR,sin validar,832809
2335.0,Jan-12-2024,Andacollo,robo,Rural,16.0,Baja,"34,0",TMP-002,,271497
2336.0,Apr-25-2024,monte patria,Accidente,Centro,2.0,ALTA,28.0,,ok,663126
2337.0,2024/01/17,Illapel,Hurto,Centro,9.0,nan,48.0,TMP-001,revisar,302123
2338.0,2024-11-20,Monte Patria,Fraude,Sur,"18,0",ALTA,31.0,,ok,957937
2339.0,Jun-25-2024,ovalle,Hurto,,3.0,baja,61.0,ERROR,,19873
2340.0,Aug-05-2024,Ovalle,,Rural,5.0,Baja,"54,0",,,152769
2341.0,2025-06-22,coquimbo,robo,Sur,5.0,baja,,TMP-002,ok,778778
2342.0,Oct-18-2025,andacollo,Hurto,centro,1.0,Media,55.0,,sin validar,950276
2343.0,03/04/2025,LaSerena,Robo,Centro,17.0,,34.0,,ok,859329
2344.0,20/05/2025,vicuna,Accidente,centro,13.0,ALTA,48.0,ERROR,ok,177959
2345.0,Aug-25-2024,Coquimbo,,centro,5.0,Media,"47,0",ERROR,revisar,24454
2346.0,2025/08/23,illapel,,NORTE,19.0,ALTA,35.0,TMP-002,dato ingresado manualmente,189216
2347.0,2025/07/09,andacollo,,Sur,18.0,ALTA,-1.0,TMP-001,,453113
2348.0,Feb-08-2024,Illapel,,Sur,17.0,Baja,,TMP-002,,777928
2349.0,Jun-13-2025,Salamanca,  ,Sur,11.0,Alta,45.0,,revisar,555690
2350.0,2024/05/28,VICUÑA,Hurto,Centro,2.0, Baja ,5.0,ERROR,dato ingresado manualmente,618527
2351.0,sin fecha,Serena,Robo,Centro,"18,0",baja,,TMP-001,dato ingresado manualmente,360990
2352.0,2024-09-07,VICUÑA,Fraude,Sur,18.0,Baja,22.0,TMP-001,revisar,154861
2353.0,Aug-24-2025,Andacollo,robo,Centro,19.0,,37.0,TMP-002,revisar,317165
2354.0,14/04/2024,vicuna,Violencia,NORTE,16.0,baja,30.0,TMP-001,,531587
2355.0,Feb-01-2025,Serena,Fraude,Norte,8.0,baja,16.0,TMP-001,,312069
2356.0,2024-10-05,monte patria,robo,Rural,11.0,baja,54.0,ERROR,revisar,915379
2357.0,Jan-20-2024,Coquimbo,,Norte,15.0,ALTA,46.0,ERROR,sin validar,51258
2358.0,Nov-10-2024,monte patria,,norte,3.0,Media,60.0,TMP-002,dato ingresado manualmente,103229
2359.0,sin fecha,Serena,accidente,Rural,3.0,,68.0,TMP-001,,874241
2360.0,23/04/2025,illapel,Violencia,centro,19.0,Baja,15.0,ERROR,,340787
2361.0,2025/02/14,Coquimbo,Robo,,10.0,Alta,21.0,,revisar,50324
2362.0,Jul-17-2025,Coquimbo,Fraude,NORTE,16.0,,19.0,,,274467
2363.0,2024-10-16,VICUÑA,Robo,Sur,15.0,,61.0,,,520012
2364.0,Sep-08-2025,LA SERENA,Violencia,centro,2.0,baja,53.0,ERROR,ok,371891
2365.0,2024/09/13,la serena,Accidente,NORTE,15.0,Alta,19.0,TMP-002,,638177
2366.0,Mar-11-2024,illapel,, centro ,13.0,Alta,"17,0",,dato ingresado manualmente,734372
,28/04/2025,LA SERENA,Robo,Centro,2.0,ALTA,58.0,TMP-002,ok,615860
2368.0,2025-10-04,La Serena,Accidente,Centro,7.0,baja,21.0,ERROR,revisar,524566
2369.0,sin fecha,coquimbo,robo,Rural,14.0,Alta,-1.0,,dato ingresado manualmente,513567
2370.0,18/04/2024,SALAMANCA, Accidente ,Rural,19.0,ALTA,37.0,TMP-002,revisar,392320
2371.0,Apr-03-2024,VICUÑA,Fraude,,9.0,Media,,,dato ingresado manualmente,742632
2372.0,,Coquimbo,robo,NORTE,3.0,baja,15.0,TMP-002,sin validar,646909
2373.0,sin fecha,Montepatria,Fraude,Rural,7.0,Baja,58.0,ERROR,dato ingresado manualmente,967937
2374.0,Feb-25-2024,OVALLE,Hurto,,16.0,Media,,TMP-002,,103266
2375.0,2025/06/27,andacollo,Robo,NORTE,10.0,Baja,40.0,TMP-001,ok,213880
2376.0,Jun-13-2024,LA SERENA,,Norte,4.0,Baja,55.0,TMP-001,,993357
2377.0,2025/01/24,Ovalle,Accidente,Centro,"7,0",,32.0,,revisar,663124
,02/10/2024,La Serena,Accidente,Rural,11.0,,61.0,TMP-002,revisar,504335
2379.0,,la serena,,Rural,13.0,ALTA,35.0,TMP-001,ok,845272
2380.0,2024-10-13,SALAMANCA,Violencia,Rural,13.0,Alta,44.0,TMP-001,sin validar,992552
2381.0,22/12/2025,andacollo,robo,NORTE,3.0,Alta,63.0,ERROR,dato ingresado manualmente,156461
2382.0,14/05/2025,Andacollo,robo,centro,10.0,ALTA,37.0,,ok,220543
2383.0,2024/07/07,SALAMANCA,robo,Norte,13.0,MEDIA,21.0,,ok,637330
2384.0,2024/01/23,COQUIMBO,,,7.0,Media,31.0,,revisar,818836
2385.0,Jul-31-2025,Monte Patria,robo,Rural,14.0,baja,35.0,,ok,614497
2386.0,Oct-14-2024,Serena,Hurto,centro,8.0,baja,65.0,ERROR,,300162
2387.0,18/05/2025,Salamanca,Violencia,centro,4.0,Media,68.0,ERROR,dato ingresado manualmente,420442
2388.0,2024/05/22,OVALLE,Violencia,,1.0,baja,41.0,TMP-001,ok,812526
2389.0,19/11/2025,coquimbo,Violencia,NORTE,2.0,ALTA,69.0,TMP-001,sin validar,88731
2390.0,,Coquimbo ,Violencia,Rural,,ALTA,31.0,,,880476
2391.0,sin fecha,VICUÑA,Fraude,NORTE,13.0,,62.0,ERROR,dato ingresado manualmente,312283
2392.0,2024/12/29,Illapel,Violencia,Sur,"6,0",baja,30.0,TMP-002,,556866
2393.0,2025/01/07,OVALLE,Fraude,Rural,18.0,ALTA,16.0,,revisar,511063
2394.0,,monte patria,Robo,NORTE,3.0,Alta,62.0,,,293907
2395.0,,Andacollo,Hurto,centro,19.0,Media,43.0,,,29968
2396.0,Sep-08-2025,coquimbo,Robo,Norte,7.0,,54.0,,revisar,26909
2397.0,,Coquimbo,, Norte ,5.0,Alta,33.0,TMP-002,revisar,633035
2398.0,13/07/2025,OVALLE,Fraude,Sur,16.0,,26.0,TMP-001,,695290
2399.0,17/05/2024,Coquimbo,Violencia,Sur,13.0,Alta,34.0,TMP-002,,50918
2400.0,09/10/2024,montepatria,Violencia,,8.0,baja,34.0,TMP-002,dato ingresado manualmente,482713
2401.0,19/02/2025,Coquimbo,Fraude,centro,2.0,,,,ok,539433
2402.0,,SALAMANCA,Hurto,Centro,13.0,ALTA,14.0,ERROR,revisar,826246
2403.0,sin fecha,ILLAPEL,,Centro,10.0,,46.0,ERROR,revisar,961347
2404.0,Oct-22-2024,ovalle,robo,Norte,14.0,ALTA,"36,0",TMP-002,dato ingresado manualmente,626169
2405.0,2024-07-26,vicuna,Accidente,Sur,18.0,Baja,18.0,ERROR,sin validar,268085
2406.0,2025/12/08,Coquimbo ,Accidente,Sur,12.0,baja,57.0,,revisar,969802
2407.0,09/06/2024,coquimbo,Hurto,Sur,18.0,Media,"69,0",TMP-001,ok,35196
2408.0,2024/08/16,monte patria,Violencia,Rural,12.0,ALTA,33.0,TMP-002,,516558
2409.0,Nov-18-2025,vicuna,,Norte,2.0,,,TMP-001,,965998
2410.0,2024/02/15,la serena,Accidente,Norte,7.0,baja,25.0,ERROR,revisar,990503
2411.0,2024/02/27,ovalle,Fraude,Rural,10.0,,,ERROR,revisar,167169
2412.0,,andacollo,,Norte,4.0,ALTA,40.0,TMP-001,revisar,359616
2413.0,2025-06-13,Serena,robo,centro,4.0,,43.0,,sin validar,828425
2414.0,2024/06/06,OVALLE,Fraude,centro,19.0,ALTA,61.0,,,530078
2415.0,2024/02/08,Serena,Violencia,NORTE,1.0,Baja,31.0,TMP-001,ok,940181
2416.0,Dec-23-2024,vicuna,Fraude,NORTE,3.0,baja,67.0,TMP-002,sin validar,562047
2417.0,Sep-13-2024,ovalle,Violencia,,14.0,Media,67.0,,,575175
2418.0,20/10/2024,Serena,,centro,7.0,ALTA,40.0,ERROR,dato ingresado manualmente,378200
2419.0,,OVALLE,Violencia,Rural,18.0,,30.0,TMP-002,,714350
2420.0,,Serena,Hurto,NORTE,19.0,ALTA,23.0,TMP-001,,114918
2421.0,Apr-02-2024,Illapel,Accidente,NORTE,6.0,Media,16.0,ERROR,revisar,614898
2422.0,04/05/2025,VICUNA,Hurto,NORTE,1.0,baja,32.0,TMP-001,dato ingresado manualmente,300341
2423.0,2024/09/16,OVALLE,,Rural,11.0,,,ERROR,,435662
2424.0,06/02/2025,ovalle, robo ,Centro,8.0,ALTA,18.0,TMP-002,dato ingresado manualmente,443561
2425.0,18/03/2025,Vicuña,Fraude,NORTE,7.0,Alta,29.0,TMP-002,ok,24265
2426.0,2024-08-14,la serena,,Sur,2.0,baja,65.0,,sin validar,985637
2427.0,2025-03-17,SALAMANCA,,Norte,10.0,Baja,30.0,,dato ingresado manualmente,559018
2428.0,Jan-29-2025,Serena,Violencia,Sur,5.0,Baja,"48,0",,sin validar,96511
2429.0,2025/02/20,Serena,Accidente,Norte,7.0,baja,65.0,TMP-002,revisar,379921
2430.0,sin fecha,Montepatria,Violencia,NORTE,4.0,baja,67.0,TMP-001,ok,371025
2431.0,2025-02-26,Salamanca,Fraude,centro,12.0,ALTA,26.0,TMP-002,sin validar,827547
2432.0,2024/12/25,SALAMANCA,,Norte,8.0,baja,39.0,,,781504
2433.0,03/06/2024,la serena,robo,Norte,8.0,Media,17.0,ERROR,,367440
2434.0,2024/05/16,vicuna,Violencia,centro,7.0,baja,25.0,TMP-001,,210142
2435.0,15/07/2024,monte patria,Violencia,Sur,7.0,Baja,54.0,TMP-002,dato ingresado manualmente,827753
,Aug-03-2024,la serena,,Norte,18.0,ALTA,24.0,,,344719
2437.0,,Monte Patria,robo,NORTE,14.0,,33.0,TMP-001,,791953
2438.0,sin fecha,OVALLE,Robo,Rural,8.0,ALTA,66.0,TMP-002,revisar,194646
2439.0,2025-12-01,Monte Patria,robo,NORTE,18.0,Alta,48.0,ERROR,,585660
,2025-01-29,andacollo,,Sur,6.0,nan,33.0,ERROR,,542715
2441.0,Jan-09-2025,vicuna,Hurto,Centro,18.0,,37.0,,,1148
2442.0,Sep-13-2024,andacollo,robo,  ,13.0,Media,56.0,TMP-002,,233733
2443.0,sin fecha,ovalle,HURTO,centro,13.0,,27.0,ERROR,,512352
2444.0,Jul-27-2024,illapel,Robo,Sur,10.0,ALTA,36.0,TMP-002,,488345
2445.0,Oct-20-2025, vicuna ,Fraude,Sur,13.0,ALTA,28.0,,revisar,103772
,2025-11-01,Illapel,Violencia,Centro,"6,0",ALTA,26.0,TMP-001,sin validar,230567
2447.0,sin fecha,la serena,Robo,Centro,4.0,,35.0,TMP-002,,163539
2448.0,2025/02/22,vicuna,,Norte,19.0,ALTA,26.0,,dato ingresado manualmente,105015
2449.0,Jul-28-2025,vicuna,robo,,1.0,ALTA,44.0,,,183972
2450.0,2024/08/26,OVALLE,,Rural,12.0,ALTA,16.0,,,661874
2451.0,2024/10/07,COQUIMBO,,,5.0,,68.0,,ok,55053
2452.0,May-29-2024,SALAMANCA,Robo,Sur,,Media,31.0,,,302752
2453.0,16/04/2025,Coquimbo,Violencia,Rural,11.0,Baja,29.0,ERROR,dato ingresado manualmente,659232
2454.0,,Montepatria,Fraude,Rural,15.0,Baja,63.0,,sin validar,479127
2455.0,,Coquimbo,Violencia,Rural,,Baja,,ERROR,,972363
2456.0,2024-03-25,OVALLE,,Sur,6.0,Media,56.0,TMP-002,,37788
2457.0,May-20-2024,Andacollo,Accidente,centro,9.0,Baja,34.0,ERROR,revisar,617705
2458.0,05/06/2025,Monte Patria,Violencia,,"10,0",Baja,33.0,TMP-001,,485859
2459.0,,ovalle,Accidente,Centro,"8,0",Media,35.0,TMP-002,sin validar,846159
2460.0,2024/01/01,Illapel,Violencia,centro,12.0,Baja,53.0,,,871177
2461.0,sin fecha,La Serena,,,10.0,Alta,16.0,ERROR,dato ingresado manualmente,836143
2462.0,02/03/2024,Vicuña,,Norte,16.0,,55.0,,ok,803097
2463.0,2025-05-25,ovalle,FRAUDE,,11.0,ALTA,20.0,,dato ingresado manualmente,320728
2464.0,2025-04-21,Coquimbo,Violencia,Rural,18.0,baja,54.0,,revisar,393534
2465.0,,Montepatria,Hurto,NORTE,3.0,Media,,,sin validar,956500
2466.0,Apr-10-2025,Montepatria,Accidente,Centro,4.0,ALTA,50.0,ERROR,,562886
2467.0,,Salamanca,Hurto,Centro,,Alta,20.0,TMP-002,dato ingresado manualmente,930225
2468.0,Nov-10-2024,monte patria,Hurto,Centro,6.0,ALTA,46.0,TMP-002,revisar,922926
2469.0,2024-10-03,Salamanca,Hurto,Centro,15.0,,23.0,TMP-001,sin validar,70333
2470.0,,Illapel,,centro,1.0,Alta,58.0,,sin validar,160284
2471.0,2025/10/11,Montepatria,Hurto,Rural,13.0,Baja,36.0,TMP-002,revisar,297541
2472.0,2024/06/08,COQUIMBO,,NORTE,4.0,Baja,24.0,TMP-002,,42771
2473.0,Jul-31-2024,Vicuña,Accidente,centro,7.0,Alta,14.0,TMP-002,,900982
2474.0,14/07/2024,LA SERENA,Accidente,Rural,,ALTA,24.0,TMP-001,,157017
2475.0,08/06/2024,la serena,,,9.0,Baja,48.0,,,674863
2476.0,2025-12-01,COQUIMBO,Fraude,NORTE,19.0,ALTA,38.0,,sin validar,434496
2477.0,May-13-2025,Montepatria,Violencia,Sur,9.0,ALTA,38.0,ERROR,revisar,325793
,2024/05/29,SALAMANCA,robo,Sur,6.0,baja,28.0,TMP-001,sin validar,459594
2479.0,2025/09/07,Monte Patria,Hurto,NORTE,3.0,Alta,53.0,TMP-002,,681089
2480.0,27/06/2025,COQUIMBO,,NORTE,9.0,baja,29.0,ERROR,sin validar,39354
2481.0,,Ovalle,Robo,Rural,1.0,Baja,64.0,TMP-001,ok,349483
2482.0,2024/12/11,La Serena,robo,centro,18.0,Baja,21.0,TMP-002,ok,726092
2483.0,sin fecha,Montepatria,,Norte,6.0,Alta,69.0,,revisar,380470
2484.0,24/04/2024,illapel,Hurto,Norte,,Media,35.0,ERROR,dato ingresado manualmente,401932
2485.0,2025-01-08,Salamanca,Robo,centro,"8,0",Baja,28.0,TMP-001,revisar,823724
2486.0,Mar-24-2025,Coquimbo , Violencia ,NORTE,12.0,Baja,,,sin validar,748068
2487.0,Apr-02-2024,VICUÑA,Fraude,,16.0,,32.0,TMP-001,ok,881929
2488.0,2025/01/09,SALAMANCA,Violencia,Centro,5.0,ALTA,26.0,TMP-001,,167586
2489.0,2025/09/10,Coquimbo,,Centro,17.0,Alta,40.0,TMP-001,ok,532540
2490.0,2024-07-01,COQUIMBO,Violencia,NORTE,7.0,Baja,50.0,,ok,537298
2491.0,2024/03/17,LA SERENA,Violencia,centro,7.0,ALTA,27.0,TMP-001,revisar,618380
2492.0,,Monte Patria,,Centro,10.0,Baja,50.0,,,704715
2493.0,2024-06-06,SALAMANCA,robo,centro,18.0,Baja,36.0,,sin validar,425644
2494.0,2024/05/27,Salamanca,Violencia,Sur,11.0,Media,44.0,,revisar,926326
2495.0,,monte patria,Violencia,NORTE,4.0,baja,38.0,TMP-001,sin validar,993299
2496.0,Mar-06-2024,andacollo,Violencia,Sur,9.0,Media,69.0,,ok,576793
2497.0,2024-02-09,LaSerena,Robo,Sur,,,59.0,TMP-002,,382231
2498.0,2025/12/22,monte patria,,centro,14.0,ALTA,25.0,ERROR,revisar,517195
2499.0,07/11/2024,ovalle,Fraude,RURAL,8.0,baja,19.0,ERROR,revisar,188497
2500.0,2024/07/03,Andacollo,Violencia,centro,8.0,ALTA,48.0,,ok,99893
2501.0,2024/08/09,Salamanca,Accidente,Sur,18.0,Media,69.0,,revisar,19579
2502.0,Aug-11-2025,Ovalle,Violencia,NORTE,12.0,,65.0,,dato ingresado manualmente,995117
2503.0,Jun-20-2024,monte patria,Robo,RURAL,5.0,,32.0,TMP-001,dato ingresado manualmente,791134
2504.0,,OVALLE,HURTO,Rural,1.0,,47.0,,,425305
2505.0,2024-10-27,illapel,,Norte,4.0,baja,24.0,TMP-001,ok,650557
2506.0,02/11/2025,Salamanca,robo,NORTE,13.0,Baja,36.0,,,194939
2507.0,2024/09/06,andacollo,,,4.0,Alta,,ERROR,ok,464711
2508.0,05/05/2025,Vicuña,Violencia,Rural,1.0,Alta,65.0,TMP-002,,769161
2509.0,09/05/2024,ovalle,Fraude,Sur,6.0,Media,52.0,,sin validar,102610
2510.0,2024-08-06,andacollo,Violencia,,9.0,ALTA,46.0,TMP-002,ok,682417
2511.0,sin fecha,COQUIMBO,Fraude,Centro,4.0, Baja ,40.0,TMP-001,sin validar,927018
2512.0,Sep-21-2025,monte patria,Accidente,,19.0,Baja,68.0,TMP-002,,754425
2513.0,2025/09/28,vicuña,Fraude,centro,19.0,Baja,53.0,,ok,136059
2514.0,,Illapel,Robo,Norte,15.0,Alta,62.0,,ok,178550
2515.0,18/08/2024,Vicuña,robo,Sur,17.0,nan,62.0,,revisar,897583
2516.0,2025/10/03,OVALLE,Accidente,Rural,16.0,ALTA,24.0,,revisar,829358
2517.0,2024-05-28,Coquimbo ,Robo,NORTE,15.0,Alta,14.0,TMP-001,,997279
2518.0,26/12/2024,La Serena,Robo,Centro,2.0,Media,20.0,TMP-002,revisar,390598
2519.0,,Coquimbo,robo,NORTE,"17,0",ALTA,17.0,,revisar,367942
2520.0,2025-08-23,Salamanca,,Sur,7.0,Alta,17.0,,sin validar,512730
2521.0,sin fecha,la serena,,Centro,18.0,Baja,64.0,TMP-002,sin validar,550401
2522.0,2024-10-22,vicuna,Hurto, Rural ,2.0,baja,65.0,ERROR,dato ingresado manualmente,820086
2523.0,2025-10-21,SALAMANCA,Robo,Sur,8.0,BAJA,67.0,TMP-002,revisar,172065
2524.0,Jun-05-2024,La Serena,Violencia,,4.0,Media,49.0,,,437190
2525.0,25/03/2024,Serena,Violencia,NORTE,10.0,Baja,30.0,TMP-002,dato ingresado manualmente,177638
2526.0,2025-04-30,vicuna,Robo,,13.0,Alta,35.0,TMP-001,revisar,878034
2527.0,2025/05/02,Salamanca,,Norte,17.0,Media,14.0,TMP-001,revisar,272637
2528.0,2024/08/15,La Serena,Robo,NORTE,10.0,Alta,49.0,TMP-002,,895690
2529.0,2024/10/14,Monte Patria,Accidente,Sur,8.0,,57.0,ERROR,,874189
2530.0,2024-03-19,OVALLE,Violencia,Rural,3.0,,68.0,ERROR,sin validar,65018
2531.0,08/11/2024,ovalle,Robo,Centro,11.0,Alta,55.0,ERROR,ok,278671
2532.0,Aug-19-2024,SALAMANCA,Robo,centro,14.0,Baja,20.0,TMP-002,sin validar,247038
2533.0,12/10/2025,monte patria,Hurto,Rural,7.0,baja,"30,0",,sin validar,587019
2534.0,07/04/2025,vicuna,robo,centro,3.0,baja,56.0,,revisar,575976
2535.0,02/03/2024,LaSerena,Fraude,,4.0,Alta,63.0,TMP-002,,528019
2536.0,Jan-31-2025,monte patria,Fraude,Centro,13.0,Alta,43.0,,ok,448883
2537.0,Dec-19-2025,Ovalle,,Sur,,baja,"46,0",TMP-002,sin validar,535254
2538.0,Nov-27-2024,COQUIMBO,Violencia,Sur,12.0,BAJA,21.0,,,183364
2539.0,2025-09-30,la serena,Hurto,NORTE,4.0,Baja,63.0,,sin validar,765271
2540.0,Jul-27-2025,ovalle,Accidente,Sur,19.0,Baja,54.0,,dato ingresado manualmente,819333
2541.0,Oct-24-2025,Monte Patria,Robo,Norte,2.0,ALTA,"29,0",,,158560
2542.0,2025-08-11,Serena,,Centro,6.0,ALTA,65.0,TMP-001,ok,640804
2543.0,2024-11-03,VICUÑA,robo,Norte,15.0,,66.0,ERROR,revisar,5402
2544.0,,LaSerena,Violencia,Norte,5.0,,69.0,ERROR,sin validar,156427
2545.0,May-26-2025,OVALLE,robo,centro,,Alta,53.0,TMP-002,,875585
2546.0,Apr-11-2024,Andacollo,Robo,Sur,,Alta,60.0,TMP-001,,736485
2547.0,Jul-27-2025,illapel,Robo, Centro ,6.0,,-1.0,,,123767
2548.0,2024-07-12,Salamanca,Violencia,,3.0,baja,44.0,,ok,653691
2549.0,2024/11/03,MONTE PATRIA,Fraude,Centro,12.0, Alta ,61.0,TMP-002,ok,498090
2550.0,06/10/2025,la serena,,Sur,6.0,Alta,22.0,,,631412
2551.0,2025-09-03,Montepatria,Hurto,centro,"16,0",Media,21.0,,revisar,947203
2552.0,2025-05-06,OVALLE,robo,NORTE,6.0,Baja,67.0,TMP-001,sin validar,200194
2553.0,,SALAMANCA,,Rural,18.0,,26.0,,dato ingresado manualmente,489172
2554.0,Mar-02-2024,Illapel,,centro,12.0,ALTA,68.0,,sin validar,470172
2555.0,Jun-06-2024,Salamanca,Accidente,NORTE,17.0,baja,35.0,,,140837
2556.0,2024-09-17,coquimbo,Accidente,Sur,13.0,ALTA,"52,0",ERROR,,470005
2557.0,2024-02-27,la serena,Violencia,Sur,3.0,,27.0,,ok,85394
2558.0,Nov-23-2024, coquimbo ,Robo,centro,15.0,Media,68.0,,,658706
2559.0,sin fecha,coquimbo,Robo,,8.0,ALTA,62.0,TMP-001,,185906
2560.0,2025-11-11,ovalle,,Norte,1.0,,39.0,,,717084
2561.0,2025/12/05,Monte Patria,Violencia,Centro,,Alta,41.0,TMP-001,ok,743641
2562.0,,Vicuña,Accidente,NORTE,8.0,Alta,68.0,TMP-002,sin validar,22141
2563.0,,Illapel,Hurto,Rural,2.0,Alta,36.0,,dato ingresado manualmente,501847
2564.0,May-10-2024,Serena,Robo,Centro,16.0,baja,55.0,ERROR,dato ingresado manualmente,418609
2565.0,Dec-17-2025,Vicuña,Robo,Centro,7.0,Baja,,TMP-001,,299076
2566.0,2025-07-01,Andacollo,Accidente,NORTE,5.0,Baja,41.0,ERROR,dato ingresado manualmente,856410
2567.0,Aug-12-2025,LA SERENA,Hurto,,19.0,ALTA,68.0,TMP-002,revisar,531598
2568.0,Mar-03-2024,andacollo,Hurto,Sur,3.0,ALTA,67.0,TMP-002,dato ingresado manualmente,873078
2569.0,2024/09/08,COQUIMBO,FRAUDE,Norte,7.0,,60.0,TMP-001,,246251
2570.0,2025/07/11,vicuna,,,5.0,ALTA,30.0,,ok,251900
,Jul-24-2024,illapel,Fraude,centro,2.0,,58.0,,revisar,69320
2572.0,2025/10/13,Ovalle,,Norte,5.0,ALTA,50.0,TMP-001,ok,817478
2573.0,2024-08-31,Ovalle,Hurto,,1.0,baja,21.0,,,684208
2574.0,29/07/2024,Coquimbo ,Fraude,centro,1.0,ALTA,44.0,ERROR,ok,708831
2575.0,2024/01/15,COQUIMBO,  ,Rural,17.0,Baja,25.0,,,619704
,,La Serena,Fraude,centro,17.0,,14.0,ERROR,ok,478213
2577.0,2025/05/28,Ovalle,Violencia,,6.0, Alta ,60.0,TMP-002,,535431
,Oct-30-2025,Illapel,,NORTE,6.0,ALTA,58.0,TMP-001,sin validar,270982
2579.0,sin fecha,Coquimbo ,Violencia,Sur,1.0, Media ,30.0,TMP-002,,685875
2580.0,25/04/2025,Andacollo,robo,Rural,8.0,Alta,59.0,ERROR,,785024
2581.0,31/10/2025,ovalle,robo,Centro,14.0,,56.0,,revisar,109696
,,vicuna, robo ,Sur,7.0,ALTA,35.0,,dato ingresado manualmente,626727
2583.0,,Vicuña,Accidente,Sur,10.0,media,51.0,ERROR,ok,310763
,2024/10/30,Serena,Fraude,,9.0,,59.0,TMP-001,,749166
2585.0,2024/03/19,monte patria,Fraude,NORTE,7.0,Media,57.0,,ok,714100
2586.0,Jan-06-2025,illapel,robo,Centro,1.0,baja,"20,0",,revisar,789941
2587.0,2025-01-18,SALAMANCA,,Rural,13.0,,35.0,TMP-002,revisar,983438
2588.0,sin fecha,OVALLE,Hurto,,14.0,alta,35.0,ERROR,revisar,187151
2589.0,2025/10/16,VICUÑA,Hurto,,16.0,Baja,"46,0",,sin validar,786479
2590.0,,Salamanca,FRAUDE,Sur,7.0,Alta,18.0,,revisar,958399
2591.0,2024-01-26,Coquimbo ,Accidente,Sur,12.0,baja,16.0,,sin validar,360034
2592.0,12/12/2025,Serena,robo,Norte,18.0,ALTA,24.0,TMP-001,sin validar,48676
2593.0,05/07/2024,salamanca,Robo,CENTRO,17.0,baja,25.0,,dato ingresado manualmente,605410
2594.0,Jan-16-2025,LaSerena,robo,Rural,17.0,baja,15.0,,revisar,859853
2595.0,08/09/2025,illapel,robo,NORTE,15.0,Media,20.0,,dato ingresado manualmente,833679
2596.0,2025-10-18,Serena,Accidente,Centro,8.0,Baja,25.0,,dato ingresado manualmente,422235
2597.0,2025-07-09, Salamanca ,Fraude, NORTE ,6.0,Media,44.0,TMP-001,,884445
2598.0,10/02/2024,OVALLE,,Sur,11.0,,50.0,,revisar,982433
2599.0,2024/06/08,Andacollo,,Sur,19.0,ALTA,50.0,ERROR,,894616
2600.0,sin fecha,Coquimbo,,centro,9.0,,"25,0",ERROR,,985394
2601.0,,Serena,Robo,NORTE,4.0,Baja,33.0,TMP-001,revisar,75017
2602.0,,Andacollo,,Norte,19.0,Baja,15.0,TMP-001,sin validar,812060
,2024-07-06,Monte Patria,robo,Norte,13.0,,14.0,TMP-002,sin validar,294865
2604.0,2024-07-20,monte patria,Violencia,Rural,18.0,baja,,TMP-001,ok,988060
2605.0,Nov-08-2024,andacollo,Violencia,NORTE,10.0,Media,67.0,TMP-002,,391202
2606.0,,vicuna,Fraude,Centro,16.0,Alta,30.0,,ok,287742
2607.0,2025-09-11,monte patria,Fraude,centro,19.0,Alta,62.0,TMP-002,dato ingresado manualmente,826626
2608.0,,SALAMANCA,,Centro,2.0,Media,33.0,ERROR,revisar,666582
2609.0,sin fecha,Illapel,Violencia,NORTE,1.0,,53.0,TMP-001,,26826
2610.0,01/08/2024,Ovalle,Robo,centro,10.0,ALTA,"49,0",,ok,383927
2611.0,May-08-2024,Coquimbo ,Fraude,Norte,18.0,Baja,44.0,TMP-001,sin validar,119019
2612.0,,coquimbo,Violencia,Centro,3.0,ALTA,38.0,TMP-002,revisar,999981
2613.0,2025/05/10,Andacollo,Fraude,,12.0,baja,26.0,ERROR,,750258
2614.0,Dec-13-2024,Serena,Accidente,NORTE,12.0,Media,47.0,,sin validar,562701
2615.0,,SALAMANCA,Hurto,Rural,11.0,,66.0,ERROR,,823364
2616.0,15/05/2024,Ovalle,robo,,16.0,Alta,31.0,,,848603
2617.0,Feb-18-2025,VICUÑA,Hurto,Norte,1.0,ALTA,130.0,,dato ingresado manualmente,539095
2618.0,2025/01/23,Salamanca,Hurto,Sur,18.0,Baja,35.0,,,133310
2619.0,,Ovalle,robo,NORTE,18.0,BAJA,49.0,ERROR,ok,701870
2620.0,,ovalle,,centro,14.0,ALTA,54.0,TMP-002,sin validar,58867
2621.0,,Andacollo,Accidente,Norte,16.0,,58.0,TMP-002,,79169
2622.0,,Andacollo,Hurto,Sur,4.0,ALTA,28.0,ERROR,sin validar,56334
2623.0,2025/10/05,Ovalle, robo ,Centro,4.0,Baja,52.0,TMP-002,ok,316281
2624.0,Nov-19-2025,COQUIMBO,Fraude,centro,19.0,ALTA,40.0,ERROR,,903252
2625.0,,monte patria,Violencia,,11.0,baja,18.0,,ok,552355
2626.0,08/02/2025,LA SERENA,Accidente,centro,8.0,Alta,23.0,,ok,343343
2627.0,2024-04-15,coquimbo,Fraude,Norte,13.0,ALTA,41.0,ERROR,sin validar,412336
2628.0,Sep-06-2024,la serena,Fraude,Centro,6.0,,43.0,,dato ingresado manualmente,246895
2629.0,Mar-18-2024,coquimbo,Fraude,NORTE,7.0,ALTA,35.0,TMP-002,dato ingresado manualmente,441832
2630.0,23/01/2025,Illapel,Robo,NORTE,"6,0",alta,69.0,,,52776
2631.0,Aug-29-2025,SALAMANCA,Robo,Norte,17.0,ALTA,62.0,,dato ingresado manualmente,229262
2632.0,31/03/2024,Vicuña,Accidente,NORTE,17.0,Baja,59.0,,revisar,937386
2633.0,2025-09-06,la serena,Fraude,centro,8.0,baja,23.0,TMP-002,sin validar,530720
2634.0,2024/08/22,LA SERENA,Violencia,Norte,10.0,baja,51.0,ERROR,,145288
2635.0,2024/01/24,monte patria,Accidente,NORTE,1.0,baja,66.0,ERROR,revisar,398792
2636.0,09/07/2024,Ovalle,,Sur,16.0,Media,68.0,TMP-002,,463595
2637.0,2024/08/30,COQUIMBO,Accidente,centro,17.0,Baja,56.0,TMP-001,,126624
2638.0,25/02/2025,ovalle,Accidente,Centro,5.0,,22.0,TMP-001,dato ingresado manualmente,379373
2639.0,Dec-17-2024,Ovalle,Fraude,norte,5.0,Alta,56.0,TMP-002,revisar,876878
,,Montepatria,Accidente,Centro,8.0,,"66,0",,,891079
2641.0,,Ovalle,,Sur,17.0,baja,34.0,TMP-001,revisar,718037
2642.0,Jun-18-2024,Coquimbo ,Violencia,Centro,19.0,,53.0,,ok,675394
2643.0,2025-08-16,Coquimbo,,Sur,,ALTA,59.0,ERROR,revisar,909960
2644.0,,OVALLE,robo,Rural,18.0,Media,,TMP-002,,964810
2645.0,2025/01/16,Coquimbo,,centro,"2,0",Media,25.0,,,715739
2646.0,2024/02/16,Ovalle,Fraude,Sur,11.0,Media,34.0,ERROR,sin validar,176656
2647.0,Apr-08-2024,LaSerena,,Sur,4.0,ALTA,47.0,TMP-001,,162512
2648.0,2024-03-01, Coquimbo ,robo,centro,5.0,Baja,60.0,,dato ingresado manualmente,71498
2649.0,2024-03-07,Coquimbo ,Accidente,,18.0,Baja,26.0,TMP-001,,801568
2650.0,30/08/2024,LaSerena,Hurto,CENTRO,3.0,ALTA,65.0,ERROR,,469627
2651.0,May-14-2025,Montepatria,Accidente,NORTE,8.0,Media,39.0,,,788173
2652.0,01/01/2024,Coquimbo ,robo,Norte,4.0,Media,56.0,TMP-002,dato ingresado manualmente,260469
2653.0,2025/02/16,Serena,Hurto,  ,"10,0",baja,54.0,ERROR,ok,156215
2654.0,30/11/2025,Monte Patria,Accidente,centro,9.0,baja,23.0,TMP-002,dato ingresado manualmente,994414
2655.0,2024/03/05,Serena,Violencia,NORTE,13.0,Media,62.0,TMP-001,ok,2545
2656.0,,la serena,Fraude,Rural,10.0,Media,51.0,,,666325
2657.0,20/03/2024,Coquimbo,Hurto,Norte,6.0,Media,23.0,TMP-002,ok,960421
2658.0,2025-05-02,la serena,Hurto,Norte,2.0, Baja ,51.0,ERROR,revisar,881463
2659.0,2024-08-24,la serena,Violencia,Sur,10.0,Media,46.0,TMP-002,,935581
2660.0,Sep-23-2025,Salamanca,Accidente,Norte,7.0,baja,53.0,TMP-001,dato ingresado manualmente,584903
2661.0,24/08/2025,Illapel,hurto,Centro,18.0,ALTA,31.0,,dato ingresado manualmente,170021
2662.0,2024-09-06,LA SERENA,ACCIDENTE,Norte,1.0,Baja,52.0,TMP-002,,191294
2663.0,May-09-2025,Illapel,robo,centro,8.0,Media,45.0,TMP-001,revisar,149814
2664.0,31/07/2025,Ovalle,robo,,9.0,baja,64.0,ERROR,revisar,676683
2665.0,2025/11/03,andacollo,robo,,13.0,Media,17.0,TMP-002,revisar,741647
,2024-11-24,OVALLE,robo,NORTE,8.0,baja,39.0,TMP-002,sin validar,172202
2667.0,Nov-19-2025,Vicuña,Fraude,,17.0,,38.0,,revisar,789621
2668.0,,COQUIMBO,Robo,centro,2.0,,16.0,TMP-002,ok,676193
2669.0,03/05/2025,ovalle,Hurto,Centro,13.0,Alta,17.0,TMP-001,dato ingresado manualmente,685274
2670.0,16/07/2025,Ovalle,Robo,Norte,8.0,,,ERROR,,827569
2671.0,Nov-04-2025,coquimbo,Hurto,Norte,18.0,Alta,"23,0",TMP-002,,746487
2672.0,sin fecha,coquimbo,robo,Centro,1.0,Baja,40.0,,dato ingresado manualmente,827879
2673.0,16/04/2025,SALAMANCA,,NORTE,5.0,Baja,14.0,ERROR,,146756
2674.0,sin fecha,Montepatria,,NORTE,,Alta,65.0,TMP-002,sin validar,889625
2675.0,2024/06/26,monte patria,Hurto,Norte,15.0,Baja,25.0,,,746846
2676.0,,coquimbo,robo,NORTE,17.0,BAJA,18.0,TMP-002,ok,615668
2677.0,Jun-05-2025,ovalle,Accidente,Sur,11.0,ALTA,52.0,ERROR,ok,591733
2678.0,2024-01-25,laserena,robo,Norte,8.0,baja,24.0,,,460550
2679.0,2024/08/29,Coquimbo,Hurto,Rural,10.0,Media,57.0,,,657157
2680.0,Feb-27-2024,Illapel,Accidente,Rural,-3.0,Alta,39.0,,sin validar,654756
,04/02/2024,Serena,Violencia,centro,3.0,Baja,53.0,,,692397
2682.0,Aug-13-2024,vicuna,robo,Centro,2.0,ALTA,63.0,TMP-002,sin validar,388543
2683.0,sin fecha,andacollo,ROBO,Rural,2.0,Baja,67.0,TMP-002,,838435
2684.0,26/06/2024,LaSerena,Accidente,centro,17.0,Media,36.0,TMP-001,sin validar,109086
2685.0,02/04/2024,la serena,Robo,Norte,-3.0, baja ,17.0,,,264897
2686.0,17/03/2024,Illapel,Accidente,Centro,3.0,baja,53.0,TMP-001,,184298
2687.0,Mar-29-2024,coquimbo,Hurto,Rural,16.0,,47.0,,,109804
,Oct-08-2025,andacollo,,Norte,14.0,ALTA,26.0,TMP-001,sin validar,95235
2689.0,02/02/2025,Ovalle,Accidente,Rural,15.0,Alta,"46,0",ERROR,dato ingresado manualmente,638345
2690.0,2024/07/26,Coquimbo,robo,Rural,10.0,baja,23.0,,,135169
2691.0,2025/07/06,Andacollo,Violencia,Rural,15.0,baja,22.0,TMP-001,revisar,774848
2692.0,2024-01-24,coquimbo,Violencia,Sur,1.0,Media,68.0,,ok,841947
2693.0,Apr-29-2025, Salamanca ,Robo,,5.0,baja,56.0,TMP-001,revisar,805000
2694.0,Jul-14-2024,Vicuña,Hurto,Norte,6.0,,59.0,TMP-002,revisar,267868
2695.0,23/08/2024,COQUIMBO,Robo,Centro,5.0,ALTA,14.0,,dato ingresado manualmente,953416
2696.0,22/11/2025,illapel,ACCIDENTE,,2.0,ALTA,57.0,ERROR,sin validar,571271
2697.0,2025-04-07,coquimbo,Fraude,,1.0,ALTA,64.0,TMP-001,,239064
2698.0,Dec-08-2025,OVALLE, Hurto ,centro,11.0,Media,59.0,,revisar,571807
2699.0,2025-06-07,ovalle,Fraude,Sur,14.0,Baja,51.0,ERROR,ok,242922
2700.0,Aug-13-2025,Coquimbo ,Violencia,centro,19.0,baja,"35,0",,,104018
2701.0,2024-06-04,coquimbo,robo,Sur,11.0,,63.0,ERROR,sin validar,267388
2702.0,Jul-08-2024,Salamanca,Accidente,Sur,17.0,Alta,56.0,ERROR,,187510
2703.0,Jul-28-2025,Coquimbo,Fraude,Centro,4.0,Baja,27.0,ERROR,,634996
2704.0,Mar-01-2024,LaSerena,Accidente,Rural,4.0,,28.0,TMP-001,sin validar,692268
2705.0,2024-06-01,monte patria,Accidente,Rural,4.0,baja,29.0,,ok,621357
2706.0,Apr-19-2025,Andacollo,,Sur,16.0,Baja,24.0,,,417638
2707.0,Feb-14-2024,Vicuña,robo,Rural,15.0,baja,64.0,,ok,194806
2708.0,May-24-2025,coquimbo,Hurto,Norte,16.0,MEDIA,41.0,TMP-002,,761808
2709.0,May-21-2025,andacollo,Fraude,NORTE,3.0,,"66,0",,sin validar,993630
2710.0,19/04/2025,Vicuña,Hurto,centro,19.0,baja,50.0,TMP-002,revisar,680831
2711.0,20/11/2025,MONTE PATRIA,,Centro,7.0,Baja,50.0,ERROR,,355425
2712.0,Jul-10-2024,Salamanca,Accidente,Norte,8.0,Alta,65.0,,,53266
2713.0,2025-12-13,vicuna,ROBO,centro,8.0,Media,55.0,TMP-002,,633981
2714.0,May-05-2025,Coquimbo,Fraude,Norte,16.0,,60.0,TMP-002,revisar,171941
2715.0,16/09/2024,Montepatria,Accidente,Sur,14.0,ALTA,53.0,TMP-002,revisar,582303
2716.0,2024-04-12, LA SERENA ,Accidente,Rural,14.0,Media,,TMP-002,dato ingresado manualmente,944786
2717.0,2025-06-01,ovalle,Hurto,Centro,2.0,baja,40.0,,dato ingresado manualmente,47258
2718.0,2024/12/22,SALAMANCA,robo,,3.0,baja,16.0,ERROR,dato ingresado manualmente,906040
2719.0,23/01/2024,SALAMANCA,,centro,11.0,Baja,65.0,,revisar,967747
2720.0,Mar-19-2024,SALAMANCA,Fraude,,2.0,,44.0,,dato ingresado manualmente,636596
2721.0,May-06-2024,COQUIMBO,Robo,Sur,3.0,Baja,18.0,,ok,230892
2722.0,,andacollo,Accidente,NORTE,6.0,Alta,45.0,,sin validar,76263
2723.0,,Vicuña,Robo,Centro,14.0,baja,17.0,TMP-002,revisar,876264
2724.0,,LA SERENA,robo,Rural,1.0,media,42.0,ERROR,ok,484920
2725.0,sin fecha,Coquimbo,Violencia,rural,13.0,,28.0,,ok,627350
2726.0,,Andacollo,Accidente,Rural,15.0,baja,39.0,,dato ingresado manualmente,145964
2727.0,Oct-01-2025,ovalle,,Rural,12.0,Baja,18.0,ERROR,,352873
2728.0,Nov-24-2024,LA SERENA,,Norte,4.0,media,23.0,,sin validar,615799
2729.0,2025-12-20,ovalle,Violencia,NORTE,3.0,baja,42.0,,,315755
2730.0,May-09-2024,Illapel,Violencia,Rural,1.0,Baja,18.0,TMP-001,,999155
2731.0,Jun-11-2025,COQUIMBO,Accidente,NORTE,3.0,ALTA,16.0,,revisar,141526
2732.0,2025/02/05,Montepatria,Fraude,Sur,6.0,Alta,41.0,TMP-002,ok,800375
2733.0,,Ovalle,Hurto,NORTE,4.0,Alta,36.0,TMP-001,,648223
2734.0,2024-07-07,Vicuña,Fraude,Rural,1.0,Baja,14.0,,ok,578529
2735.0,2025-01-11,Monte Patria,Hurto,Centro,1.0,ALTA,60.0,,ok,702833
2736.0,,ovalle,robo,Centro,3.0,baja,59.0,,ok,126656
2737.0,08/03/2025,La Serena,Hurto,centro,3.0,baja,22.0,TMP-001,,847896
2738.0,Jun-12-2024,Coquimbo,Robo,centro,19.0,,57.0,,ok,839818
2739.0,Oct-31-2025,Andacollo,Fraude,Sur,15.0,ALTA,62.0,TMP-002,sin validar,8308
2740.0,17/03/2024,OVALLE,Fraude, Centro ,,baja,23.0,,dato ingresado manualmente,120506
2741.0,2024/07/08,illapel,Robo,Sur,19.0, Media ,63.0,TMP-002,dato ingresado manualmente,272282
2742.0,2025/10/15,Coquimbo,violencia,Norte,19.0,ALTA,45.0,TMP-002,ok,367575
2743.0,Jan-11-2025,LaSerena,Robo,Sur,17.0,Media,,ERROR,,816295
2744.0,2025-09-27,ovalle,Robo,centro,11.0,,60.0,,dato ingresado manualmente,522428
2745.0,2024-08-25,Andacollo,,Rural,19.0,Alta,59.0,TMP-002,ok,1504
2746.0,2024-09-15,andacollo,,Rural,6.0,ALTA,60.0,TMP-002,,562913
2747.0,2024-05-08,Monte Patria,Accidente,Rural,"17,0",baja,26.0,,sin validar,503478
2748.0,May-06-2024,Vicuña,Accidente,NORTE,9.0,,62.0,TMP-001,,215517
2749.0,2025/02/27,SALAMANCA,,norte,13.0,,29.0,TMP-002,sin validar,105047
2750.0,2024/03/22,Coquimbo,,centro,19.0,Baja,59.0,TMP-001,,256947
2751.0,Aug-23-2025,Andacollo,Fraude,Centro,19.0,Alta,21.0,TMP-002,,303661
2752.0,2025-04-03,la serena,,Centro,5.0,ALTA,14.0,,ok,730853
2753.0,May-06-2024,vicuna,Violencia,Centro,7.0,Media,34.0,TMP-001,,771003
2754.0,29/03/2025,Salamanca,,centro,9.0,,46.0,TMP-002,dato ingresado manualmente,796687
2755.0,Jun-03-2025,LA SERENA,Fraude,,13.0,Alta,29.0,ERROR,revisar,972165
2756.0,2024/09/25,SALAMANCA,robo,NORTE,2.0,,49.0,ERROR,sin validar,566328
2757.0,06/07/2025,LA SERENA,,Centro,"9,0",Alta,52.0,TMP-002,sin validar,834057
2758.0,,illapel,,NORTE,1.0,ALTA,35.0,ERROR,revisar,887958
2759.0,Jan-27-2024,OVALLE,,,10.0,nan,49.0,TMP-001,revisar,392338
2760.0,2025/06/21,Coquimbo,Violencia,Rural,13.0,,23.0,,revisar,795141
2761.0,11/04/2025,OVALLE,,Sur,1.0,baja,-1.0,TMP-001,sin validar,902861
2762.0,sin fecha,la serena,,,1.0,Baja,58.0,ERROR,dato ingresado manualmente,760572
2763.0,Mar-28-2025,SALAMANCA,Violencia,centro,,Alta,18.0,,,806548
,Sep-29-2024,ovalle,Fraude,NORTE,4.0,Baja,33.0,,dato ingresado manualmente,822657
2765.0,2024/09/20,LaSerena,Fraude,Centro,9.0,,23.0,ERROR,sin validar,958642
,13/03/2025,Vicuña,,NORTE,2.0,,43.0,ERROR,ok,422579
2767.0,2025/04/08,COQUIMBO,Hurto,Rural,10.0,baja,38.0,TMP-002,ok,327657
2768.0,2024/02/21,Illapel,Hurto,centro,11.0,baja,18.0,TMP-002,revisar,71203
2769.0,,vicuna,Hurto,NORTE,16.0,Alta,18.0,TMP-002,revisar,128660
2770.0,,SALAMANCA,Robo,Centro,15.0,Baja,"18,0",ERROR,ok,393555
2771.0,14/12/2024,ovalle,Hurto,Sur,8.0,Media,60.0,TMP-001,revisar,589741
,25/07/2025,Illapel,Accidente,Norte,4.0,baja,36.0,,,786720
2773.0,2025/06/28,Salamanca,Robo,Centro,2.0,Media,59.0,TMP-002,revisar,985736
2774.0,2024/08/09,la serena,robo,Centro,7.0,,39.0,ERROR,sin validar,78281
2775.0,,SALAMANCA,Robo,centro,7.0,ALTA,40.0,ERROR,dato ingresado manualmente,969180
2776.0,04/06/2024,vicuna,robo,Norte,5.0,Alta,69.0,,,895192
2777.0,2024-02-29,Andacollo,,Sur,"19,0",Media,63.0,TMP-002,,543311
2778.0,,COQUIMBO,Fraude,Rural,4.0,Baja,31.0,TMP-002,dato ingresado manualmente,581491
2779.0,sin fecha,Andacollo,Violencia,,19.0,alta,130.0,,revisar,529272
2780.0,2024-01-30,VICUÑA,Fraude,,4.0,,18.0,,sin validar,220492
2781.0,2024-01-08,Monte Patria,robo,NORTE,10.0,baja,64.0,ERROR,dato ingresado manualmente,351673
2782.0,Jan-13-2025,coquimbo,robo,Sur,10.0,,22.0,ERROR,sin validar,635189
2783.0,Nov-12-2024,Monte Patria,Robo,centro,17.0,ALTA,38.0,,dato ingresado manualmente,551981
2784.0,2025/06/09,Vicuña,robo,Sur,3.0,Alta,130.0,TMP-001,revisar,672839
,2025/06/05,Illapel,Accidente,Sur,9.0,baja,44.0,ERROR,,906283
2786.0,2024-07-08,la serena,robo,NORTE,14.0,,38.0,ERROR,,322927
2787.0,2024-10-29,ovalle,Accidente,,16.0,baja,22.0,ERROR,dato ingresado manualmente,280515
2788.0,2025-08-09,LA SERENA,robo,Norte,8.0,ALTA,34.0,,ok,248268
2789.0,2024-12-29,Coquimbo,Accidente,,7.0,Baja,50.0,TMP-001,,627788
2790.0,25/03/2024,ovalle,Robo,NORTE,5.0,Alta,66.0,TMP-002,sin validar,937890
2791.0,,SALAMANCA,Hurto,Norte,3.0,Alta,47.0,,revisar,431178
2792.0,2025/05/21,LA SERENA,Robo,NORTE,17.0,baja,28.0,,sin validar,722894
2793.0,Apr-12-2024,andacollo,Hurto,Norte,13.0,,38.0,,dato ingresado manualmente,928075
2794.0,Nov-20-2024,LaSerena,Fraude,centro,18.0,Media,30.0,ERROR,,167040
2795.0,Oct-10-2025,VICUÑA,Accidente,Centro,6.0,Media,57.0,,revisar,175991
2796.0,,ANDACOLLO,Fraude,NORTE,"12,0",Baja,27.0,ERROR,sin validar,591036
2797.0,Sep-09-2025,andacollo,Robo,centro,8.0,ALTA,18.0,TMP-002,revisar,755909
2798.0,2025/08/25,la serena,Hurto,Sur,9.0,Baja,"63,0",TMP-002,,895063
2799.0,Aug-31-2025,Andacollo, robo ,Rural,10.0,Alta,39.0,,,834892
2800.0,04/10/2025,andacollo,Violencia,NORTE,"8,0",,18.0,TMP-001,,743483
2801.0,23/07/2025,andacollo,Hurto,NORTE,10.0,baja,16.0,ERROR,,782248
2802.0,2024-01-10,vicuna,robo,Sur,14.0,,,TMP-001,ok,824052
2803.0,2025-02-12,Serena,Accidente,NORTE,19.0,ALTA,25.0,TMP-001,ok,392821
2804.0,16/11/2024,Coquimbo ,robo,,16.0,,23.0,,ok,503560
2805.0,sin fecha,Monte Patria,,SUR,10.0,Media,33.0,TMP-001,ok,214309
2806.0,2025-01-02,VICUÑA,Fraude,NORTE,12.0,,50.0,,dato ingresado manualmente,172007
2807.0,Oct-03-2025, Salamanca ,hurto,Centro,2.0,Alta,25.0,,,187597
2808.0,21/11/2025,coquimbo, Hurto ,Norte,"13,0",Alta,63.0,TMP-002,,684064
2809.0,Apr-24-2024,Ovalle,,Sur,14.0,Media,,TMP-001,dato ingresado manualmente,274025
2810.0,sin fecha,Salamanca,,Norte,16.0,,"20,0",TMP-001,sin validar,431283
2811.0,Sep-17-2025,Monte Patria,robo,Rural,9.0,Baja,65.0,,dato ingresado manualmente,418462
2812.0,,Montepatria,ACCIDENTE,centro,12.0,ALTA,43.0,,revisar,245463
2813.0,,Andacollo,Accidente,,16.0,,62.0,ERROR,ok,608880
2814.0,Aug-09-2024,OVALLE,Violencia,Sur,14.0,ALTA,30.0,ERROR,revisar,611495
2815.0,,OVALLE,Accidente,Sur,5.0,baja,21.0,,,997350
2816.0,2025/10/27,LaSerena,Violencia,Sur,4.0, ALTA ,29.0,TMP-002,revisar,264891
2817.0,2025/02/28,SALAMANCA,Robo,Centro,6.0,baja,46.0,ERROR,revisar,194793
2818.0,sin fecha,LaSerena,Violencia,Rural,10.0,ALTA,65.0,TMP-002,dato ingresado manualmente,705725
2819.0,22/04/2025,coquimbo,,NORTE,"14,0",Alta,63.0,,sin validar,763793
2820.0,2024-04-22,Vicuña,Fraude,NORTE,2.0,media,52.0,TMP-001,dato ingresado manualmente,343140
2821.0,,OVALLE,Robo,Centro,16.0,ALTA,29.0,,ok,168490
2822.0,2025/08/24,la serena,Accidente,centro,,media,24.0,TMP-002,sin validar,909023
2823.0,Oct-01-2024,SALAMANCA,robo,Sur,2.0,baja,52.0,,sin validar,287704
2824.0,2025-10-13, COQUIMBO ,Hurto,,4.0,,15.0,ERROR,sin validar,356665
2825.0,,La Serena,robo,Centro,4.0,Media,57.0,TMP-001,ok,125450
2826.0,2024/05/25,COQUIMBO,robo,Norte,19.0,ALTA,33.0,,sin validar,599817
2827.0,Jul-10-2025,Vicuña,,Sur,7.0,Alta,,TMP-002,sin validar,678084
2828.0,2024-10-23,ovalle,Hurto,Norte,11.0,Media,24.0,TMP-002,,586831
2829.0,Dec-25-2024,Salamanca,fraude, Sur ,6.0,Media,38.0,,,57554
2830.0,2025-01-25,Montepatria,fraude,Centro,8.0,Baja,25.0,,revisar,949448
2831.0,,illapel,Fraude,centro,4.0,Baja,41.0,ERROR,revisar,958824
2832.0,Feb-18-2025,monte patria,Hurto,NORTE,10.0,,50.0,,,273436
2833.0,25/03/2025,illapel,Fraude,Sur,"1,0",Baja,44.0,TMP-001,sin validar,814450
2834.0,2024-01-29,illapel,Hurto,Centro,"2,0",baja,16.0,,,474532
2835.0,Mar-23-2025,VICUÑA,Hurto,,14.0,Baja,68.0,TMP-001,,162499
2836.0,Feb-14-2024,Ovalle,,,16.0,,32.0,TMP-002,sin validar,923384
2837.0,04/02/2025,Montepatria,Violencia,Norte,14.0,baja,55.0,,,464161
2838.0,Jan-13-2025,andacollo,Violencia,centro,9.0,,31.0,,sin validar,758322
2839.0,Apr-12-2024,la serena,Violencia,Centro,4.0,,54.0,,,711382
2840.0,,Salamanca,Accidente,NORTE,3.0,baja,67.0,,sin validar,6795
2841.0,2024/03/28,coquimbo,Hurto,,4.0,Baja,65.0,TMP-001,dato ingresado manualmente,256207
,,coquimbo,Accidente,,17.0,ALTA,52.0,TMP-002,ok,760146
2843.0,2025/02/06,Coquimbo ,robo, NORTE ,19.0,Baja,52.0,TMP-002,,712095
2844.0,14/05/2025,VICUÑA,,Centro,1.0,Alta,28.0,,dato ingresado manualmente,973407
2845.0,15/06/2025,vicuna,Fraude,NORTE,1.0,Media,49.0,TMP-001,,140384
,sin fecha,la serena,Hurto,Sur,12.0,Baja,18.0,,sin validar,377449
2847.0,2025-07-12,Coquimbo ,robo,Centro,15.0,Media,36.0,,ok,911130
2848.0,,illapel,robo,Norte,19.0,,68.0,,dato ingresado manualmente,230963
2849.0,2024-06-11,LaSerena,Accidente,,1.0,,"26,0",,,325786
2850.0,2025-03-08,monte patria,,NORTE,12.0,Media,66.0,TMP-002,sin validar,944843
2851.0,Feb-05-2025,Monte Patria,Hurto,CENTRO,15.0,Baja,49.0,,,562955
2852.0,Feb-22-2025,COQUIMBO,Hurto,NORTE,12.0,Baja,45.0,,,234451
2853.0,Oct-24-2024,Serena,Fraude,NORTE,13.0,Media,"42,0",TMP-002,sin validar,489254
2854.0,30/03/2025,Vicuña,Robo,,6.0,BAJA,54.0,TMP-002,revisar,113168
2855.0,27/07/2024,Salamanca,,Norte,16.0,Media,19.0,TMP-002,,901817
2856.0,26/01/2025,ovalle,Accidente,Sur,,,68.0,,sin validar,901868
2857.0,sin fecha,LaSerena,Fraude,NORTE,6.0,,48.0,,sin validar,785343
2858.0,2025-12-24,coquimbo,Violencia,Norte,3.0,Media,38.0,ERROR,,23975
2859.0,sin fecha,Andacollo,Hurto,NORTE,19.0,Alta,29.0,TMP-002,,136492
2860.0,31/03/2024,Coquimbo,robo,Rural,10.0,ALTA,30.0,TMP-002,,610975
2861.0,10/03/2025,Serena,,centro,17.0,Baja,58.0,ERROR,,300702
2862.0,2024/07/04,OVALLE, Violencia ,Centro,16.0,,"65,0",,ok,449356
2863.0,,ovalle,Accidente,Sur,"10,0",Media,38.0,TMP-002,,396634
2864.0,09/07/2024,ovalle,Robo,Centro,19.0, Baja ,49.0,,,920680
2865.0,May-22-2025,Serena,Fraude,Norte,15.0,baja,14.0,,,845159
2866.0,2025-06-04,VICUÑA,Hurto,rural,7.0,Baja,17.0,,,334081
2867.0,2025/05/02,SALAMANCA,hurto,Centro,19.0,Alta,17.0,,,3176
2868.0,Oct-25-2025,Salamanca,robo,centro,11.0,,15.0,,,120951
2869.0,2024-09-27, SALAMANCA ,Fraude,Centro,12.0,ALTA,20.0,,,594579
2870.0,2025/03/07,andacollo,Fraude,Norte,,,34.0,ERROR,,347756
2871.0,,Salamanca,robo,Centro,13.0,,-1.0,,dato ingresado manualmente,438806
2872.0,21/03/2024,Serena,Hurto,centro,12.0,Baja,"63,0",,ok,437154
2873.0,2025-04-17,Vicuña,robo,Rural,15.0,ALTA,42.0,TMP-001,ok,363613
2874.0,Nov-05-2025,vicuna,Hurto,Centro,7.0,,52.0,TMP-002,dato ingresado manualmente,995596
2875.0,,la serena,Hurto,NORTE,16.0,Baja,69.0,,ok,231707
2876.0,2024/03/24,La Serena,Violencia,,2.0,,26.0,,sin validar,945835
2877.0,May-06-2025,monte patria,Violencia,Rural,9.0,ALTA,37.0,ERROR,revisar,449186
2878.0,2024/02/20,Salamanca,Hurto,Sur,4.0,,48.0,,,906054
2879.0,2025/03/17,Coquimbo ,robo,NORTE,15.0,Media,22.0,,,960507
2880.0,2025-08-30,Ovalle,Fraude,NORTE,10.0,baja,64.0,ERROR,ok,470424
2881.0,2024/03/08,Ovalle,,Centro,7.0,Media,62.0,,sin validar,533918
2882.0,Mar-10-2025,Coquimbo ,Accidente,Rural,9.0,,32.0,,sin validar,697043
2883.0,19/01/2025,LA SERENA,Accidente,Centro,12.0,,31.0,,sin validar,913082
2884.0,2025-07-23,LA SERENA,Robo,Rural,7.0,Baja,37.0,TMP-002,,598402
2885.0,07/11/2025,VICUÑA,Fraude,Norte,13.0,Alta,35.0,,revisar,404987
2886.0,2024/09/03,coquimbo, Accidente ,centro,"8,0",ALTA,"69,0",,,112970
2887.0,sin fecha,VICUÑA,robo,Sur,15.0,,29.0,,,979391
2888.0,sin fecha,Illapel,Violencia,,10.0,Media,52.0,ERROR,,238772
2889.0,,La Serena,robo,Norte,1.0,baja,34.0,,ok,448513
2890.0,09/11/2025,andacollo,Hurto,Rural,4.0,baja,15.0,,revisar,755307
2891.0,Jun-08-2024,Illapel,Robo,Rural,15.0,Baja,15.0,TMP-002,dato ingresado manualmente,522224
2892.0,05/08/2025,Salamanca,Robo,Norte,9.0,Media,66.0,,ok,32540
2893.0,2024/04/23,COQUIMBO,Fraude,,14.0,Alta,42.0,,,25856
2894.0,2024/02/01, ovalle ,Accidente,Rural,4.0,Media,16.0,,dato ingresado manualmente,915527
2895.0,,Ovalle,robo,NORTE,7.0,ALTA,"21,0",,dato ingresado manualmente,973622
2896.0,,la serena,Fraude,Norte,14.0,Baja,65.0,,sin validar,707124
2897.0,2024/12/30,coquimbo ,Fraude,Sur,3.0,baja,46.0,,,338122
2898.0,2024/11/29,Ovalle,Hurto,Norte,15.0,baja,14.0,TMP-001,,762489
2899.0,sin fecha,Serena,Fraude,Rural,4.0,Alta,18.0,,ok,795772
2900.0,Jul-25-2024,Vicuña,Accidente,Centro,"18,0",baja,,ERROR,ok,300703
2901.0,2024/03/31,andacollo,robo,NORTE,"19,0",baja,26.0,,ok,700564
2902.0,Aug-04-2024,la serena,,Rural,2.0,,53.0,TMP-001,,344372
2903.0,Feb-12-2024,Monte Patria,Hurto,Centro,1.0,Alta,"43,0",,dato ingresado manualmente,385953
2904.0,Mar-28-2025,Serena,Violencia,Norte,9.0,Alta,50.0,,,700930
2905.0,12/11/2025,Serena,Hurto,,13.0,Baja,,TMP-002,,262883
2906.0,,OVALLE,Violencia,Sur,14.0,ALTA,37.0,ERROR,dato ingresado manualmente,732825
2907.0,Dec-07-2024,vicuna,Robo,NORTE,3.0,nan,23.0,TMP-001,dato ingresado manualmente,508215
2908.0,2025/01/21,Serena,Violencia,Sur,19.0,Alta,22.0,TMP-002,ok,42710
2909.0,2025-07-27,monte patria,robo,NORTE,6.0,,28.0,TMP-002,ok,149071
2910.0,2025-02-01,andacollo,robo,Sur,10.0,Media,63.0,ERROR,,386135
2911.0,07/01/2024,Ovalle,Accidente,NORTE,19.0,baja,33.0,,dato ingresado manualmente,808669
2912.0,18/10/2024,Andacollo,Violencia,NORTE,4.0,Media,24.0,TMP-002,revisar,821054
2913.0,May-26-2024,coquimbo,Violencia,NORTE,"9,0",baja,66.0,,,174562
2914.0,2024-07-21,OVALLE,Accidente,Norte,19.0,Alta,50.0,TMP-002,dato ingresado manualmente,8025
2915.0,,VICUÑA,Hurto,Norte,10.0,BAJA,37.0,,dato ingresado manualmente,260217
2916.0,2025-06-13,Ovalle,Accidente,Centro,3.0,,51.0,TMP-002,,405980
2917.0,04/07/2025,Ovalle,Accidente,Norte,8.0,baja,38.0,,dato ingresado manualmente,801707
2918.0,27/07/2025,ovalle,Accidente,Rural,19.0,baja,64.0,,dato ingresado manualmente,347019
2919.0,,coquimbo,robo,Sur,16.0,ALTA,52.0,,dato ingresado manualmente,228005
2920.0,,VICUÑA,,centro,5.0,ALTA,20.0,ERROR,,473862
2921.0,Jun-07-2024,coquimbo,robo,Norte,17.0,Media,46.0,ERROR,,536192
2922.0,2024-10-19,OVALLE,Robo,,6.0,baja,33.0,,revisar,183832
2923.0,Sep-20-2024,COQUIMBO,Fraude,Rural,7.0,ALTA,58.0,,sin validar,53032
2924.0,2025/07/15,vicuna,Accidente,,3.0,ALTA,64.0,ERROR,sin validar,985207
2925.0,,Ovalle,accidente,centro,8.0,Baja,"56,0",,,358006
2926.0,13/10/2025,SALAMANCA,Violencia,Centro,3.0,ALTA,65.0,,revisar,717015
2927.0,Apr-03-2024,andacollo,Fraude,CENTRO,10.0,Baja,63.0,TMP-001,ok,444194
2928.0,sin fecha,MONTEPATRIA,Fraude,Rural,16.0,ALTA,23.0,TMP-001,dato ingresado manualmente,964195
2929.0,2024/04/10,Coquimbo,Fraude,Rural,,Alta,57.0,,revisar,155081
2930.0,03/06/2025,Montepatria,,,10.0,Baja,20.0,ERROR,revisar,556054
2931.0,sin fecha,la serena,Robo,NORTE,7.0,ALTA,30.0,TMP-001,,264364
2932.0,17/08/2025,LA SERENA,Violencia,Centro,18.0,ALTA,30.0,,,870309
2933.0,,Coquimbo ,Accidente,Norte,7.0,ALTA,64.0,,,967567
2934.0,sin fecha,La Serena,Fraude,  ,5.0,Baja,27.0,,,204501
2935.0,2025-11-07,coquimbo,Accidente,Norte,7.0,Media,45.0,ERROR,,186666
2936.0,May-19-2025,ovalle,Accidente,Rural,6.0,ALTA,26.0,,,73006
2937.0,sin fecha,vicuna,,NORTE,6.0,Alta,31.0,,revisar,823849
2938.0,2024-10-14,monte patria,Hurto,Centro,,Baja,57.0,,ok,491993
2939.0,Mar-19-2024,la serena,,Sur,8.0,Baja,"59,0",TMP-002,,575154
2940.0,Jan-16-2024,LA SERENA,Robo,Centro,6.0,,48.0,TMP-002,revisar,676915
2941.0,2024-10-11,Ovalle,Hurto,Sur,2.0,,65.0,,,92275
,Jan-04-2024,LA SERENA,Accidente,NORTE,18.0,ALTA,20.0,,ok,574288
2943.0,2025/12/25,Serena,,Centro,"2,0",ALTA,67.0,TMP-001,revisar,802434
2944.0,Nov-07-2025,LA SERENA,,,9.0,,21.0,TMP-001,dato ingresado manualmente,306172
2945.0,Dec-27-2025,LaSerena,,centro,"16,0",Alta,40.0,,,623742
2946.0,2024/10/06,LA SERENA,,Sur,"8,0",ALTA,59.0,,sin validar,564394
2947.0,2025/06/29,Montepatria,Accidente,Norte,13.0,baja,40.0,TMP-001,dato ingresado manualmente,67442
2948.0,2025/11/26,OVALLE,Fraude,Sur,11.0,Baja,66.0,ERROR,,632785
2949.0,Jun-18-2024,Serena,,Centro,4.0,,46.0,,revisar,874259
2950.0,sin fecha,La Serena,robo,,5.0,ALTA,48.0,,sin validar,194866
2951.0,2024/01/01,ovalle,Accidente,Sur,19.0,,36.0,ERROR,,606430
2952.0,May-03-2025,Illapel,Robo,centro,"8,0",,45.0,ERROR,ok,911304
2953.0,Mar-30-2024,ovalle,Fraude,,"16,0",baja,32.0,TMP-001,,633995
2954.0,,illapel,Fraude,,14.0,ALTA,30.0,TMP-001,,664655
2955.0,29/03/2024,La Serena,Fraude,rural,13.0,Alta,40.0,,ok,595368
2956.0,Dec-15-2025,OVALLE,robo,centro,14.0,,34.0,,revisar,131244
2957.0,,VICUÑA,Violencia,Rural,2.0,Media,56.0,TMP-001,,769947
2958.0,25/06/2024,coquimbo,Hurto,Centro,3.0,MEDIA,47.0,,,636169
2959.0,2025-06-24,Salamanca,robo,Centro,6.0,ALTA,52.0,,ok,731923
,2025/06/13,la serena,Violencia,Rural,3.0,,67.0,,,306731
,15/12/2025,LA SERENA,,Norte,19.0,baja,67.0,ERROR,,900613
2962.0,Jan-30-2025,monte patria,Hurto,Centro,17.0,Media,23.0,TMP-001,dato ingresado manualmente,829011
2963.0,2025-04-23,OVALLE,,NORTE,6.0, baja ,41.0,,revisar,750335
2964.0,Nov-26-2025,ovalle,Robo,,4.0,Alta,54.0,TMP-001,sin validar,214282
2965.0,,SALAMANCA,Fraude,Rural,17.0,Baja,34.0,TMP-001,,6574
2966.0,sin fecha,Andacollo,Accidente,,4.0,,63.0,ERROR,,362419
2967.0,2024-05-21,LaSerena,Accidente,Sur,"8,0",Media,,TMP-001,sin validar,551246
2968.0,Aug-24-2025,Vicuña,,Centro,17.0,Media,,,revisar,119495
,2025/09/28,SALAMANCA,,Rural,9.0,Media,44.0,,sin validar,67668
2970.0,21/08/2025,Ovalle,Violencia,NORTE,10.0,Baja,18.0,ERROR,,636854
2971.0,2024-08-28,LA SERENA,robo,Rural,12.0,Baja,"54,0",ERROR,,901243
2972.0,2024-04-03,LaSerena,Robo,Centro,18.0,,,TMP-001,,80368
2973.0,,VICUÑA,Violencia,,7.0,ALTA,48.0,TMP-002,,640594
2974.0,,monte patria,,Norte,4.0,Media,58.0,,dato ingresado manualmente,363846
2975.0,2024/11/11,ovalle,robo,Sur,15.0,baja,39.0,TMP-001,ok,688742
2976.0,Oct-29-2025,SALAMANCA,, Norte ,17.0,baja,"31,0",ERROR,revisar,12662
2977.0,2024/05/16,VICUÑA,Robo,,3.0,baja,58.0,TMP-001,dato ingresado manualmente,797087
2978.0,2024/08/08,La Serena,,,4.0,Baja,19.0,TMP-001,dato ingresado manualmente,582268
2979.0,,OVALLE,,Norte,4.0,ALTA,41.0,,dato ingresado manualmente,560651
2980.0,Jan-12-2025,monte patria,robo,Centro,4.0,Baja,nan,TMP-001,dato ingresado manualmente,929536
2981.0,2024-03-30,ovalle,robo,Rural,2.0,Baja,57.0,TMP-002,revisar,525189
2982.0,2024/12/14,Serena,,Norte,7.0,Alta,23.0,,dato ingresado manualmente,31750
,20/01/2024,COQUIMBO,Fraude,Centro,18.0,,64.0,TMP-001,sin validar,756342
2984.0,Jun-29-2024,VICUÑA,Hurto,Sur,13.0,Media,23.0,,,328998
2985.0,07/09/2024,la serena,robo,Sur,"5,0",Baja,37.0,,revisar,827542
2986.0,2025-10-11,VICUÑA,Violencia,Sur,9.0,,33.0,TMP-002,ok,652326
2987.0,2024/06/07,LaSerena,FRAUDE,Sur,15.0,Alta,52.0,,dato ingresado manualmente,123671
2988.0,,La Serena,, centro ,19.0,,55.0,TMP-001,ok,274802
2989.0,sin fecha,COQUIMBO,Robo,CENTRO,16.0,Media,46.0,TMP-002,,85477
2990.0,2024/03/01,SALAMANCA,Robo,Sur,3.0,BAJA,18.0,ERROR,revisar,480330
2991.0,2024/01/06,Coquimbo ,Robo,Sur,3.0,Media,52.0,ERROR,dato ingresado manualmente,154054
2992.0,2025/12/18,illapel,,Norte,2.0,Alta,15.0,,,734865
2993.0,2024-01-21,coquimbo,Robo,NORTE,19.0,Media,54.0,,revisar,450000
2994.0,Mar-30-2024,la serena,Fraude,centro,5.0,ALTA,45.0,,,64991
2995.0,01/11/2024,Ovalle,,Norte,8.0,baja,66.0,ERROR,,502379
2996.0,2024-07-13,Coquimbo ,robo,Sur,17.0,baja,66.0,TMP-002,sin validar,792761
2997.0,2025-02-10,LA SERENA, Accidente ,Norte,10.0,Media,41.0,,dato ingresado manualmente,341651
,2025/07/13,Illapel,Violencia,NORTE,15.0,Alta,33.0,,revisar,154089
2999.0,2024/05/15,LaSerena,,,1.0,Alta,57.0,,,102917
3000.0,2024-08-04,SALAMANCA,Violencia,centro,15.0,Alta,43.0,ERROR,,273467
3001.0,2025/07/21,andacollo,Accidente,Centro,16.0,baja,19.0,,sin validar,461929
3002.0,Sep-03-2025,Coquimbo,Fraude,Centro,10.0,ALTA,54.0,TMP-002,revisar,239993
3003.0,Jan-04-2025,ovalle,,NORTE,10.0,Alta,37.0,ERROR,,64132
3004.0,,OVALLE,Robo,,16.0,ALTA,58.0,,,545807
3005.0,18/04/2024,LA SERENA,,,12.0,,45.0,ERROR,,228036
3006.0,2025-08-28,Montepatria,,Centro,17.0,ALTA,29.0,,ok,538062
3007.0,14/10/2024,illapel,Accidente,Centro,18.0,ALTA,59.0,TMP-001,,646970
3008.0,Aug-21-2024,VICUÑA,Robo,Norte,9.0,baja,50.0,,sin validar,647806
3009.0,Oct-14-2025,Serena,Accidente,,6.0,Media,25.0,,ok,227122
3010.0,2025/03/27,ovalle,Fraude,Rural,4.0,Baja,35.0,TMP-001,,270762
3011.0,Jan-30-2024,Coquimbo ,Hurto,Centro,15.0,Media,67.0,,ok,357510
3012.0,2025-09-02,Montepatria,Violencia,,15.0,BAJA,14.0,TMP-001,ok,632871
3013.0,sin fecha,SALAMANCA,,NORTE,9.0,Alta,45.0,,revisar,564668
3014.0,Mar-11-2025,Andacollo,Violencia,,4.0,Baja,27.0,TMP-001,,592298
,30/04/2025, Coquimbo ,,Centro,19.0,Alta,21.0,,,187578
3016.0,,La Serena,Robo,Rural,1.0,Media,15.0,TMP-001,,879274
3017.0,27/04/2025,Vicuña,Robo,Norte,3.0,,"29,0",,,98846
3018.0,May-19-2025,Montepatria,Accidente,NORTE,9.0,ALTA,,,ok,92775
3019.0,2024-07-25,andacollo,Hurto,Norte,4.0,Alta,66.0,TMP-001,sin validar,622699
,sin fecha,Salamanca,accidente,Centro,8.0,Baja,63.0,TMP-001,sin validar,372864
3021.0,09/03/2025,La Serena,,Rural,10.0,,15.0,TMP-001,revisar,499559
3022.0,Aug-12-2025,vicuna,Robo,centro,"5,0",Baja,56.0,TMP-002,,612915
3023.0,sin fecha,OVALLE,Fraude,NORTE,"11,0",ALTA,14.0,ERROR,sin validar,793213
3024.0,sin fecha,Vicuña,Fraude,Sur,11.0,Alta,19.0,TMP-001,ok,45085
3025.0,2024/12/08,monte patria,Hurto,centro,18.0,Baja,16.0,,sin validar,343492
3026.0,2025-11-20,Coquimbo,Hurto,Centro,7.0,ALTA,40.0,TMP-002,dato ingresado manualmente,316713
3027.0,12/03/2024,ovalle,Hurto,Norte,11.0,ALTA,58.0,ERROR,,782379
3028.0,19/01/2024,Coquimbo,Hurto,centro,14.0,,67.0,TMP-002,,374825
,2024-07-12,OVALLE,Fraude,Rural,3.0,Baja,60.0,TMP-001,revisar,906922
3030.0,24/12/2025,Ovalle,Hurto,centro,9.0,Baja,69.0,ERROR,sin validar,689992
3031.0,Dec-13-2025,LA SERENA,Accidente,Norte,,baja,14.0,TMP-002,,632885
3032.0,,Vicuña,Robo,Sur,4.0,Alta,64.0,,sin validar,147336
3033.0,,Andacollo,Robo,Rural,4.0,baja,31.0,,revisar,424244
3034.0,08/11/2025,Vicuña,,centro,8.0,,48.0,ERROR,,176579
3035.0,,illapel,,centro,13.0,baja,60.0,,,25163
3036.0,2024-01-19,la serena,robo,centro,4.0,Alta,23.0,,dato ingresado manualmente,403794
3037.0,sin fecha,vicuna,Fraude,Rural,,Alta,63.0,TMP-001,revisar,110707
3038.0,2024-08-31,illapel,violencia,NORTE,9.0,baja,21.0,TMP-001,revisar,179707
3039.0,,Vicuña,,Rural,11.0,baja,37.0,,dato ingresado manualmente,176272
3040.0,26/07/2024,La Serena,Accidente,Sur,11.0,Baja,65.0,,dato ingresado manualmente,91568
3041.0,09/09/2024,LA SERENA,Robo,Sur,11.0,BAJA,41.0,TMP-002,,527066
3042.0,2024-08-17,andacollo,Violencia,,19.0,baja,55.0,ERROR,dato ingresado manualmente,420207
3043.0,2024/11/03,Coquimbo,robo,Sur,11.0,baja,68.0,TMP-001,,945574
3044.0,Nov-04-2025,VICUÑA,Accidente,Sur,6.0,Baja,30.0,TMP-002,revisar,157569
3045.0,2025/09/30,ovalle,Robo,NORTE,6.0,ALTA,49.0,,revisar,476670
3046.0,2025/11/22,monte patria,Robo,Centro,7.0,,45.0,TMP-002,dato ingresado manualmente,942020
3047.0,28/03/2024,Andacollo,robo,Norte,17.0,ALTA,19.0,TMP-001,revisar,964160
3048.0,2024/07/09,Ovalle,ROBO,NORTE,19.0,Alta,48.0,TMP-001,ok,630489
3049.0,,VICUÑA,Violencia,Rural,5.0,baja,63.0,,revisar,906964
3050.0,2025-06-29,La Serena,Violencia,NORTE,13.0,baja,58.0,ERROR,sin validar,860691
3051.0,24/04/2024,LA SERENA,Robo,NORTE,17.0,Media,31.0,,sin validar,483284
3052.0,2024-12-25,vicuna,Hurto,Centro,5.0,Media,"45,0",TMP-001,sin validar,658520
3053.0,,la serena,,centro,5.0,baja,28.0,,sin validar,405068
3054.0,Jun-13-2024,COQUIMBO,Hurto,Sur,16.0,Baja,57.0,,revisar,708418
3055.0,18/11/2025,La Serena,Accidente,Centro,4.0,Media,31.0,,sin validar,364655
3056.0,2024/07/20,Andacollo,ACCIDENTE,Rural,4.0,baja,32.0,ERROR,ok,470110
3057.0,2025-07-03,Coquimbo,,NORTE,14.0,Alta,60.0,TMP-001,,687748
3058.0,2024-10-24,SALAMANCA,robo,  ,17.0,Baja,22.0,ERROR,sin validar,137812
3059.0,, coquimbo ,Violencia,Centro,9.0,,30.0,,sin validar,845371
3060.0,21/01/2025,LaSerena,,centro,10.0,BAJA,,,revisar,78725
3061.0,26/07/2025,la serena,robo,NORTE,10.0,,50.0,,,512092
3062.0,Oct-21-2025,OVALLE, Hurto ,centro,2.0,ALTA,47.0,TMP-001,,819893
3063.0,,illapel,Fraude,,"16,0",Baja,53.0,TMP-002,,458628
3064.0,Sep-02-2025,VICUÑA,,Centro,11.0,,65.0,,,284213
3065.0,29/11/2025,Andacollo,Fraude,NORTE,1.0,Media,24.0,TMP-002,ok,603942
3066.0,2024/04/17,andacollo,Violencia,Sur,18.0,Baja,"32,0",TMP-002,sin validar,101661
3067.0,2024-04-06,andacollo,Robo,Norte,10.0,ALTA,"50,0",TMP-001,ok,880122
3068.0,2024/06/19,VICUÑA,Fraude,NORTE,7.0, baja ,48.0,ERROR,dato ingresado manualmente,196607
3069.0,2024/09/23,Vicuña,robo,NORTE,4.0,Baja,14.0,ERROR,,344020
3070.0,,Serena,Accidente,CENTRO,8.0,,14.0,ERROR,ok,668381
3071.0,2025-06-28,ovalle, Hurto ,Norte,10.0,ALTA,24.0,,sin validar,337437
3072.0,2024-07-11,la serena,,Norte,8.0,ALTA,48.0,TMP-001,sin validar,447562
3073.0,18/06/2025,Illapel,Fraude,Centro,8.0,baja,69.0,TMP-001,sin validar,127057
3074.0,2025-11-09,Vicuña,Robo,NORTE,10.0,baja,"27,0",TMP-001,ok,803402
3075.0,Jun-08-2025,Coquimbo ,hurto,centro,17.0,Media,39.0,TMP-002,ok,501770
3076.0,sin fecha,LaSerena,Hurto,centro,18.0,,23.0,TMP-001,,334571
3077.0,Jul-20-2025,La Serena,Accidente,Rural,9.0,ALTA,43.0,TMP-001,sin validar,212097
3078.0,2024-08-06,Montepatria,robo,Norte,7.0,Alta,19.0,,,986618
3079.0,2025-01-14,ovalle,robo, Centro ,15.0,,37.0,TMP-001,,767585
3080.0,,Serena,Violencia, Rural ,1.0,Baja,27.0,TMP-002,dato ingresado manualmente,803510
3081.0,2025-11-01,vicuna,Violencia,Centro,15.0,Media,17.0,TMP-002,dato ingresado manualmente,95251
3082.0,02/10/2024,Serena,Fraude,NORTE,14.0,Alta,67.0,,,68468
3083.0,,Montepatria,Fraude,NORTE,8.0,baja,18.0,TMP-001,dato ingresado manualmente,960989
3084.0,2024-03-06,La Serena,Robo,Sur,15.0,ALTA,20.0,TMP-002,revisar,966320
3085.0,Jul-29-2024,andacollo,Hurto,Sur,14.0,ALTA,46.0,TMP-002,,186093
3086.0,May-24-2024,Monte Patria,Robo,Rural,18.0,Media,31.0,ERROR,revisar,963318
3087.0,2025-10-10,ovalle,Fraude,Sur,11.0,Alta,26.0,ERROR,sin validar,612306
3088.0,21/03/2025,LaSerena,,centro,7.0,Media,57.0,,sin validar,540698
3089.0,2025-06-27,Serena,robo,NORTE,3.0,ALTA,53.0,,sin validar,715564
3090.0,sin fecha,Salamanca,Robo,Centro,14.0,,43.0,TMP-001,sin validar,816210
3091.0,2024/12/14,Vicuña,,rural,16.0,Baja,21.0,ERROR,,848366
3092.0,15/02/2024,Ovalle,Accidente,Centro,8.0,Media,34.0,,,886743
3093.0,2025/04/07,La Serena,,Sur,12.0,Alta,60.0,,ok,738458
3094.0,15/09/2024,Ovalle,Accidente,Centro,5.0,,68.0,TMP-002,sin validar,531363
3095.0,,ovalle,Robo,Norte,16.0,Baja,14.0,,ok,968744
3096.0,,La Serena,Hurto,Norte,17.0,ALTA,69.0,,revisar,24180
3097.0,Jan-13-2024,Montepatria,,centro,4.0,baja,"58,0",ERROR,,945836
3098.0,,monte patria,Accidente, Rural ,4.0,,51.0,TMP-002,,491499
3099.0,Oct-18-2024,Andacollo,Accidente,Sur,6.0,,41.0,ERROR,ok,822795
3100.0,sin fecha,Montepatria,,centro,5.0,,18.0,ERROR,sin validar,905771
3101.0,May-26-2025,la serena,Robo,Centro,16.0,baja,56.0,TMP-002,,512189
3102.0,2024/11/26,vicuna,Robo,Centro,16.0,Baja,30.0,,ok,325193
3103.0,20/03/2024,Ovalle,Violencia,,5.0,Media,30.0,TMP-001,,505134
3104.0,Jan-16-2025,illapel,Robo,centro,5.0,Alta,64.0,TMP-001,revisar,504614
3105.0,22/01/2025,la serena,robo,Sur,12.0, ALTA ,18.0,ERROR,ok,556151
3106.0,24/03/2024,Serena,Hurto,Centro,4.0,ALTA,,ERROR,,483659
3107.0,Mar-11-2025,ovalle,Hurto,Centro,12.0,,33.0,ERROR,revisar,250222
3108.0,Dec-24-2025,Monte Patria,Fraude,NORTE,3.0,Media,27.0,,,176296
3109.0,Aug-01-2024,Illapel,Fraude,NORTE,3.0,,17.0,ERROR,dato ingresado manualmente,795012
3110.0,,Salamanca,,Sur,"14,0",baja,36.0,TMP-001,dato ingresado manualmente,428509
3111.0,2025-10-16,Serena,Hurto,,11.0,Media,53.0,ERROR,revisar,346898
3112.0,Feb-11-2025,monte patria,Accidente,Rural,12.0,Alta,31.0,,dato ingresado manualmente,750471
,10/10/2024,VICUÑA,Accidente,Sur,5.0,Alta,66.0,TMP-001,dato ingresado manualmente,201415
3114.0,,Coquimbo ,,Rural,17.0,ALTA,63.0,,sin validar,545569
3115.0,Jan-22-2024,ovalle,Accidente,centro,16.0,ALTA,62.0,TMP-002,revisar,458049
3116.0,Oct-31-2024, vicuna ,robo,Sur,19.0,Baja,52.0,TMP-002,,34936
3117.0,2025-04-13,illapel,robo,,7.0,Media,38.0,,revisar,195749
3118.0,May-07-2024,Illapel,Fraude,Sur,2.0,ALTA,57.0,TMP-002,revisar,151598
3119.0,2024/11/18,coquimbo,Accidente,Centro,4.0,ALTA,"53,0",ERROR,ok,201991
3120.0,2024/12/25,Ovalle,Hurto,Rural,13.0,baja,25.0,ERROR,sin validar,509691
3121.0,sin fecha,La Serena,robo,Centro,19.0,Media,27.0,ERROR,,688570
3122.0,2024-01-12,ovalle,Hurto,NORTE,10.0,Baja,46.0,,,722746
3123.0,Nov-01-2025,illapel,Fraude,Sur,5.0,Baja,38.0,ERROR,sin validar,496244
3124.0,2024-11-11,illapel,Robo,centro,12.0,Media,53.0,TMP-002,sin validar,918725
3125.0,30/03/2025,La Serena,Robo,Centro,5.0,Alta,30.0,,,86036
3126.0,sin fecha,La Serena,Fraude,Norte,16.0,,21.0,TMP-001,,60146
,sin fecha,Serena,Fraude,Sur,17.0,Media,61.0,,sin validar,825440
3128.0,,OVALLE,Violencia,Rural,12.0,baja,24.0,,ok,814737
3129.0,Aug-22-2024,Ovalle,robo,Sur,18.0,baja,30.0,TMP-002,sin validar,459968
3130.0,,vicuna,robo,Rural,3.0,ALTA,"51,0",ERROR,dato ingresado manualmente,986315
3131.0,,VICUÑA,robo,Sur,7.0,,33.0,ERROR,ok,769068
3132.0,08/05/2024,Ovalle,robo,Centro,19.0,,29.0,TMP-001,,454991
3133.0,Jul-13-2025,VICUÑA,Accidente,,19.0,,42.0,ERROR,ok,222064
3134.0,,OVALLE,Fraude,NORTE,3.0,Alta,51.0,,sin validar,107405
3135.0,05/12/2025,Andacollo,,Centro,3.0,baja,45.0,TMP-002,,301501
3136.0,Aug-16-2024,La Serena,Robo,norte,9.0,baja,25.0,,dato ingresado manualmente,672419
3137.0,18/01/2025,ovalle,hurto,Sur,6.0,ALTA,14.0,,,803038
3138.0,Sep-26-2025,Monte Patria,Accidente,Rural,"17,0",Alta,"42,0",,ok,212307
3139.0,2025/11/19,VICUÑA,Accidente,,5.0,Media,58.0,TMP-002,revisar,556389
3140.0,13/08/2025,monte patria,robo,,6.0,baja,58.0,ERROR,,111462
3141.0,2024-04-26,LaSerena,robo,Sur,12.0,,35.0,ERROR,,513144
3142.0,2024-11-03,Coquimbo,Accidente,Norte,14.0,baja,53.0,,sin validar,701632
3143.0,09/02/2025,COQUIMBO,robo,Sur,5.0,baja,29.0,ERROR,ok,829614
3144.0,2024/01/01,LA SERENA,Fraude,centro,17.0,Baja,-1.0,,,999578
3145.0,,ovalle,,NORTE,12.0,Baja,19.0,TMP-001,ok,842450
3146.0,,LaSerena,,NORTE,17.0,baja,35.0,TMP-002,,118270
3147.0,,vicuna,VIOLENCIA,Rural,5.0,Media,46.0,TMP-001,dato ingresado manualmente,921484
3148.0,,Coquimbo ,HURTO,Sur,15.0,Media,57.0,,ok,900505
3149.0,2024/10/09,la serena,,centro,8.0,baja,66.0,ERROR,,82864
3150.0,19/04/2025,Montepatria,robo, Centro ,10.0,Alta,41.0,TMP-001,,733036
3151.0,01/09/2024,Salamanca,robo,Rural,7.0,Baja,42.0,,dato ingresado manualmente,634091
3152.0,,Vicuña,Violencia,Sur,18.0,BAJA,18.0,,,474457
3153.0,23/03/2025,Serena,Hurto,,12.0,baja,45.0,,,172293
3154.0,29/11/2024,VICUÑA,Fraude,,5.0,ALTA,28.0,TMP-001,dato ingresado manualmente,977375
3155.0,27/10/2024,LA SERENA,Accidente,,,Alta,64.0,,dato ingresado manualmente,782986
3156.0,,monte patria,Violencia,NORTE,13.0,,,,,641940
3157.0,2025-07-17,LaSerena,Robo,Centro,2.0,Alta,68.0,TMP-002,sin validar,596656
3158.0,27/12/2025,Montepatria,Accidente,Rural,10.0,ALTA,33.0,TMP-001,,386244
3159.0,,Salamanca,Robo,Sur,11.0, Alta ,27.0,TMP-001,,45737
3160.0,2024/12/15,Monte Patria,,centro,16.0,Alta,53.0,,,493493
3161.0,2025-01-06,OVALLE,,Sur,4.0,ALTA,41.0,TMP-001,ok,869236
3162.0,2025-04-22,Serena,robo,NORTE,16.0,ALTA,33.0,,,263648
3163.0,2025/04/06,monte patria,Accidente,NORTE,19.0,Baja,23.0,,ok,400995
,2025-07-29,Serena,,,9.0,Baja,41.0,,ok,680925
3165.0,2024-09-30,Monte Patria,,centro,11.0,Media,22.0,TMP-002,dato ingresado manualmente,490804
3166.0,2024/10/11,Monte Patria,Fraude,centro,10.0,ALTA,61.0,TMP-002,,950396
3167.0,2024-06-02,la serena,Hurto,NORTE,11.0,Alta,43.0,TMP-001,,675008
3168.0,Sep-01-2025,vicuna,,centro,18.0,Alta,54.0,TMP-002,revisar,53355
3169.0,,Ovalle,robo,Sur,1.0,Baja,57.0,ERROR,dato ingresado manualmente,749858
3170.0,2024-10-15,MONTEPATRIA,Fraude,centro,13.0,Media,,,revisar,27362
3171.0,Oct-14-2024,coquimbo,,,9.0,,69.0,TMP-002,,90268
,Aug-01-2024,La Serena,,Centro,18.0,baja,36.0,ERROR,sin validar,475457
3173.0,2024/06/17,La Serena,Robo, NORTE ,17.0,baja,36.0,TMP-001,revisar,957849
3174.0,2024/01/23,COQUIMBO,,Centro,6.0,Alta,63.0,,ok,524134
3175.0,14/06/2025,LA SERENA,Violencia,norte,15.0,,49.0,TMP-002,,577790
3176.0,04/07/2024,monte patria,Hurto,Sur,18.0,,53.0,TMP-001,dato ingresado manualmente,785614
3177.0,Jul-26-2025,Ovalle,Fraude,centro,5.0,Media,,ERROR,sin validar,975017
3178.0,Sep-03-2024,La Serena,Fraude,Rural,13.0,baja,37.0,ERROR,dato ingresado manualmente,648402
3179.0,sin fecha,la serena,Violencia,,3.0,ALTA,69.0,ERROR,sin validar,469160
3180.0,2024/05/22,OVALLE,Accidente,centro,2.0,baja,38.0,,dato ingresado manualmente,503017
3181.0,2024/01/13,Coquimbo,,Norte,17.0,,"14,0",TMP-002,revisar,356806
3182.0,2024/11/09,Andacollo,Robo,Norte,8.0,Media,"36,0",TMP-002,sin validar,419978
3183.0,sin fecha,LA SERENA,,Norte,7.0,ALTA,59.0,TMP-002,sin validar,246825
3184.0,2024-11-06,coquimbo,Violencia,Centro,14.0,alta,16.0,,dato ingresado manualmente,13580
3185.0,2025-07-24,monte patria,robo,NORTE,19.0,,32.0,TMP-001,sin validar,345374
3186.0,2025-08-07,Serena, Robo ,centro,6.0,,61.0,,sin validar,926260
3187.0,sin fecha,ovalle,Fraude,Norte,18.0,ALTA,"24,0",TMP-001,dato ingresado manualmente,119385
3188.0,,ovalle,robo,NORTE,6.0,,40.0,,sin validar,952601
3189.0,May-24-2024,Andacollo,Violencia,Sur,"19,0",MEDIA,25.0,TMP-002,ok,88562
3190.0,2025/09/18,la serena,Hurto,Sur,15.0,,43.0,,,806830
3191.0,2025-04-20,VICUÑA,,Sur,15.0,ALTA,69.0,ERROR,,480815
3192.0,30/12/2024,coquimbo,Hurto,NORTE,8.0,ALTA,42.0,TMP-002,sin validar,255430
3193.0,2025-01-01,SALAMANCA,Robo,Sur,2.0,Media,50.0,,dato ingresado manualmente,5616
3194.0,,monte patria, robo ,Norte,9.0,,14.0,,sin validar,85307
3195.0,Jul-09-2025,Illapel,Violencia,Rural,"11,0",ALTA,14.0,TMP-001,,568436
3196.0,2024/09/19,Montepatria,Accidente,Centro,3.0,Baja,38.0,TMP-002,sin validar,282983
3197.0,2024-09-05,andacollo,Hurto,Rural,12.0,ALTA,57.0,TMP-002,,345665
3198.0,02/12/2024,LaSerena,Accidente,NORTE,14.0,,62.0,,dato ingresado manualmente,543453
3199.0,06/02/2024,coquimbo,Fraude,Norte,17.0,Media,66.0,TMP-002,,770176
3200.0,18/08/2024,La Serena,Robo,centro,18.0,Alta,65.0,TMP-002,ok,594261
3201.0,2025-01-02,Illapel,Hurto,,"17,0",Alta,"42,0",TMP-001,dato ingresado manualmente,249272
3202.0,2025/08/27,Monte Patria,Robo,centro,14.0,,58.0,,revisar,135172
3203.0,May-08-2024,SALAMANCA,Robo,Sur,2.0,Media,33.0,,revisar,750225
3204.0,2025-07-09,illapel,,Rural,17.0,Alta,47.0,,ok,287885
3205.0,Aug-19-2024,La Serena,Accidente,Norte,11.0,Baja,36.0,,sin validar,204843
3206.0,2024/03/22,LaSerena,robo,Norte,8.0,,"28,0",ERROR,ok,511807
,,Coquimbo,,NORTE,12.0,baja,16.0,TMP-002,sin validar,755740
3208.0,2025/03/04,OVALLE,Accidente,,"8,0",,41.0,TMP-001,dato ingresado manualmente,498575
3209.0,2025/01/19,Serena,Violencia,centro,0.0,,26.0,ERROR,dato ingresado manualmente,70287
3210.0,,coquimbo,Hurto,centro,10.0,Alta,61.0,,ok,286992
3211.0,Jul-23-2024,Vicuña,Robo,norte,9.0,,56.0,TMP-001,revisar,142819
3212.0,17/06/2025,Serena,,Rural,1.0,,46.0,TMP-001,,885957
3213.0,01/02/2025,Illapel,robo,NORTE,12.0,ALTA,60.0,TMP-001,,718138
3214.0,,Monte Patria,Hurto,centro,1.0,Baja,68.0,TMP-001,dato ingresado manualmente,273567
3215.0,2024/10/26,LA SERENA,Accidente,Rural,1.0,baja,59.0,,,765950
3216.0,07/02/2024,coquimbo,Violencia,centro,7.0,Media,49.0,,,670664
3217.0,Aug-14-2024,SALAMANCA,Hurto,Centro,13.0,baja,66.0,,,288842
3218.0,Jan-27-2025,Vicuña,Fraude,Sur,10.0,,35.0,ERROR,dato ingresado manualmente,622660
3219.0,,illapel,,Norte,6.0,Media,23.0,TMP-002,dato ingresado manualmente,912507
3220.0,08/08/2025,coquimbo,Violencia,Rural,19.0,baja,64.0,,,854798
3221.0,2024/06/20,Illapel,Accidente,Centro,10.0,ALTA,26.0,TMP-001,revisar,888414
3222.0,Jul-14-2024,ovalle,,centro,19.0,alta,69.0,ERROR,ok,975771
3223.0,25/11/2025,ovalle,Violencia,NORTE,11.0,ALTA,29.0,ERROR,revisar,357984
3224.0,2025/05/21,OVALLE,Violencia,,14.0,ALTA,42.0,TMP-001,ok,320708
3225.0,2025-03-28,Coquimbo,accidente,,7.0,Media,22.0,,revisar,889463
3226.0,,Monte Patria,Hurto,Rural,10.0,,35.0,TMP-001,revisar,416121
3227.0,2024/11/29,Illapel,Accidente,centro,2.0,,67.0,,ok,444414
3228.0,2025/12/07,illapel,,Sur,6.0,Media,42.0,,ok,482900
3229.0,2024/07/31,LA SERENA,Robo,,6.0,ALTA,44.0,TMP-001,revisar,507771
3230.0,Dec-22-2025,Andacollo,,Centro,2.0,Alta,39.0,ERROR,revisar,666182
3231.0,2024/10/27,VICUÑA,,,9.0,,28.0,,,652650
3232.0,sin fecha,La Serena,Violencia,Rural,10.0,Media,"25,0",,,632774
3233.0,2025/10/20,ovalle,,,8.0,,53.0,,,246429
3234.0,2025/02/11,Illapel,Violencia,Centro,7.0,,57.0,TMP-001,,759740
3235.0,2024/01/19,monte patria,Hurto,NORTE,10.0,Baja,18.0,,revisar,792872
3236.0,28/10/2024,Coquimbo ,Robo,Centro,14.0,,32.0,TMP-001,,233354
3237.0,,andacollo,Hurto,Norte,12.0,Media,25.0,,dato ingresado manualmente,449443
3238.0,2025/09/06,La Serena,ROBO,Centro,8.0,Baja,15.0,,,799221
3239.0,2025-01-20,Monte Patria,Violencia,Centro,17.0,Media,63.0,,revisar,336663
3240.0,Nov-09-2025,vicuna,Violencia,Norte,5.0,Media,66.0,,ok,357516
3241.0,,SERENA,Robo,centro,5.0,Baja,53.0,TMP-002,,151936
3242.0,,vicuna,Violencia,,15.0,Media,68.0,TMP-001,,104092
3243.0,sin fecha,COQUIMBO,Robo,centro,15.0,baja,57.0,,sin validar,598404
3244.0,Dec-16-2025,VICUÑA,Hurto,Sur,10.0,ALTA,63.0,,sin validar,239680
3245.0,Sep-04-2024,Andacollo,,Norte,5.0,,16.0,ERROR,revisar,614757
3246.0,09/10/2024,SALAMANCA,Accidente,NORTE,9.0,Alta,14.0,TMP-001,,655801
3247.0,2024/09/05,Serena,Robo,centro,12.0, Media ,67.0,,revisar,892946
3248.0,2024-04-15,illapel,Accidente,Rural,18.0, ALTA ,14.0,TMP-002,ok,962759
3249.0,Jun-25-2024,Monte Patria,Accidente,NORTE,-3.0,Media,69.0,TMP-002,revisar,432495
3250.0,2024-10-29,andacollo,Robo,Rural,17.0,baja,16.0,TMP-002,dato ingresado manualmente,354024
3251.0,Apr-22-2025,la serena,Robo,Rural,6.0,Alta,28.0,TMP-002,dato ingresado manualmente,557726
3252.0,2024-05-06,coquimbo,Fraude,Rural,1.0,Media,69.0,TMP-002,dato ingresado manualmente,231657
3253.0,2025-08-29,LASERENA,Accidente,centro,16.0,baja,60.0,,ok,709632
3254.0,,la serena,Fraude,Centro,8.0,Baja,"58,0",,revisar,979520
3255.0,Aug-06-2024,COQUIMBO,,,19.0,,53.0,TMP-001,,827126
3256.0,2024-06-21,la serena,Robo,Sur,14.0,Baja,48.0,TMP-002,revisar,558383
3257.0,27/05/2024,SALAMANCA,Robo,centro,,Baja,23.0,,revisar,259642
3258.0,2024/05/16,VICUÑA,nan,Norte,14.0,Baja,"32,0",ERROR,,319978
3259.0,,illapel,,NORTE,4.0,,16.0,,revisar,101584
3260.0,2025-01-23,monte patria,Fraude,NORTE,,,14.0,,,536185
3261.0,Aug-22-2024,andacollo,Hurto,Rural,"13,0",,52.0,TMP-002,,58549
3262.0,2024-12-01,Vicuña,,Sur,1.0,Alta,43.0,,sin validar,362507
3263.0,30/01/2024,andacollo,,NORTE,16.0,Alta,18.0,ERROR,revisar,403565
3264.0,sin fecha,SALAMANCA,,NORTE,15.0,Baja,31.0,,revisar,513558
3265.0,2024/12/09,SALAMANCA,,Sur,6.0,baja,54.0,ERROR,dato ingresado manualmente,751400
3266.0,Jan-29-2025,coquimbo,robo, NORTE ,5.0,ALTA,16.0,ERROR,,721199
3267.0,,ovalle,Hurto,Sur,1.0,ALTA,,TMP-002,dato ingresado manualmente,731703
3268.0,Sep-29-2025,ovalle,Robo,Norte,"15,0",media,32.0,ERROR,,828381
3269.0,Feb-18-2024,Illapel,robo,NORTE,1.0,ALTA,27.0,ERROR,revisar,150951
3270.0,12/02/2024,andacollo,Robo,,6.0,,66.0,ERROR,dato ingresado manualmente,146248
3271.0,2025/11/12,OVALLE,Hurto,centro,7.0,Baja,43.0,ERROR,sin validar,895158
3272.0,Jul-17-2025,Coquimbo,Accidente,,16.0,Baja,52.0,ERROR,dato ingresado manualmente,685694
3273.0,2025/11/04,vicuna,Violencia,Sur,14.0,Alta,5.0,TMP-002,,324932
3274.0,2024/12/28,VICUÑA,Violencia,Rural,16.0,,68.0,,ok,880906
3275.0,2025-11-14,illapel,Violencia,Sur,19.0,Baja,27.0,,,363629
3276.0,sin fecha,Serena,,NORTE,19.0,ALTA,27.0,,,865150
3277.0,Dec-15-2025,VICUÑA,Robo,,,baja,66.0,,dato ingresado manualmente,205705
3278.0,Jan-15-2025,illapel,,Norte,9.0,Alta,28.0,TMP-001,revisar,184473
3279.0,Oct-07-2025,VICUNA,Fraude,NORTE,4.0,Baja,"31,0",TMP-002,ok,558484
3280.0,2024/11/04,La Serena,Accidente, Rural ,1.0,baja,40.0,TMP-002,,556721
3281.0,2025/12/09,Salamanca,Hurto,NORTE,,,16.0,TMP-001,dato ingresado manualmente,923208
3282.0,Aug-04-2024,monte patria,Hurto,centro,7.0,ALTA,58.0,TMP-001,ok,188215
3283.0,2024/09/13,coquimbo,robo,centro,14.0,Alta,34.0,ERROR,revisar,837493
3284.0,Sep-28-2024,Andacollo,Robo,Centro,17.0,Media,23.0,TMP-001,ok,14398
3285.0,2025/08/20,LA SERENA,Accidente,Sur,2.0,,43.0,,dato ingresado manualmente,185572
3286.0,2025/08/06,ovalle,Robo,Sur,0.0,ALTA,57.0,TMP-001,,494205
3287.0,sin fecha,LA SERENA,Fraude,Norte,10.0,baja,39.0,,,360628
3288.0,2025-07-01,LaSerena,Hurto, NORTE ,3.0,Media,15.0,ERROR,,831138
3289.0,16/02/2024,illapel,Accidente,Norte,,,"33,0",,revisar,393040
3290.0,sin fecha,SALAMANCA,,,2.0,Media,18.0,TMP-001,,882372
3291.0,05/08/2024,coquimbo,Accidente, centro ,6.0,Alta,47.0,ERROR,sin validar,879067
3292.0,2025-06-05,VICUÑA,,,8.0,Baja,35.0,ERROR,,898096
3293.0,sin fecha,illapel,Fraude,Rural,11.0,BAJA,51.0,,,799600
3294.0,sin fecha,Salamanca,ACCIDENTE,Rural,17.0,,24.0,TMP-002,,695431
3295.0,,Coquimbo ,Fraude,,14.0,Baja,16.0,TMP-002,dato ingresado manualmente,321858
3296.0,Feb-14-2024,LASERENA,Accidente,Rural,5.0, Baja ,44.0,TMP-002,,76416
3297.0,sin fecha,La Serena,robo,Sur,19.0,Media,63.0,,dato ingresado manualmente,340293
3298.0,sin fecha,LaSerena,Accidente,Rural,6.0,,31.0,TMP-001,revisar,607234
3299.0,May-29-2025,Coquimbo,Accidente,Norte,17.0,Media,37.0,TMP-001,,158936
3300.0,2024/09/16,illapel,,Sur,,,"68,0",TMP-002,revisar,91163
3301.0,Feb-05-2024,ovalle,,Norte,3.0,baja,21.0,TMP-001,sin validar,457692
3302.0,May-16-2025,coquimbo,Fraude,,19.0,ALTA,31.0,,dato ingresado manualmente,664701
3303.0,22/09/2024,Vicuña,Accidente,,14.0,baja,57.0,ERROR,,73403
3304.0,22/10/2024,la serena,Hurto,NORTE,, Alta ,48.0,,sin validar,942727
3305.0,25/04/2024,ovalle,Robo,centro,1.0,,42.0,TMP-002,sin validar,849465
,2024/06/05,monte patria,Robo,Centro,2.0,baja,33.0,TMP-002,,873879
3307.0,Apr-28-2025,OVALLE,robo,NORTE,18.0, Baja ,53.0,ERROR,revisar,427696
3308.0,22/04/2024,coquimbo,Accidente,Sur,17.0,Media,60.0,TMP-001,,648037
3309.0,,VICUÑA,robo,Norte,9.0,,46.0,ERROR,,162414
3310.0,Dec-15-2024,salamanca,Accidente,Centro,2.0,Alta,"58,0",,dato ingresado manualmente,298618
3311.0,2025-05-28,vicuna,Violencia,centro,8.0,Media,50.0,TMP-001,ok,783029
,15/06/2025,andacollo,Violencia,centro,18.0,Baja,,,dato ingresado manualmente,36494
,2024/05/01,illapel,Robo,Centro,5.0,Media,67.0,,sin validar,641294
3314.0,,Coquimbo ,violencia,,9.0,Baja,50.0,TMP-001,,888763
,29/08/2025,VICUÑA,Fraude,Sur,8.0,Media,35.0,TMP-002,,372999
3316.0,,COQUIMBO,Fraude,Norte,15.0,ALTA,34.0,,,233689
3317.0,22/12/2025,VICUÑA,Hurto,Norte,14.0,ALTA,38.0,TMP-001,,520253
3318.0,2025/10/30,Salamanca,Violencia,,7.0,ALTA,69.0,,,124329
3319.0,Feb-28-2024,andacollo,robo,NORTE,15.0,baja,41.0,,ok,257522
3320.0,30/04/2025,Ovalle,Accidente,Rural,14.0, nan ,,TMP-002,revisar,220224
3321.0,2025-11-19,SALAMANCA,Fraude,Centro,1.0,BAJA,67.0,ERROR,sin validar,65766
3322.0,2024-12-31,SALAMANCA,robo,Norte,18.0,Media,25.0,ERROR,sin validar,916521
3323.0,06/08/2025,Serena,Fraude,Sur,11.0,,65.0,TMP-001,,839328
3324.0,,andacollo,robo,centro,4.0,Media,66.0,TMP-001,dato ingresado manualmente,169220
,2025/12/08,OVALLE,Fraude,Sur,16.0,Media,54.0,,,379089
3326.0,2024-11-14,Vicuña,robo,Centro,5.0,Alta,53.0,TMP-001,revisar,247325
3327.0,2025/12/09,OVALLE,Robo,Rural,,  ,"53,0",ERROR,revisar,416148
3328.0,,Monte Patria,Hurto,,7.0,Baja,46.0,TMP-001,dato ingresado manualmente,318654
3329.0,,ovalle,Fraude,Norte,6.0,,58.0,ERROR,,718341
3330.0,Feb-24-2025,Salamanca,Accidente,NORTE,16.0,,41.0,TMP-001,,535134
3331.0,,Vicuña,robo,Sur,17.0,,55.0,TMP-001,ok,316640
3332.0,2025/07/25,coquimbo, Accidente ,Sur,3.0,Media,57.0,ERROR,sin validar,434908
3333.0,2025-09-09,Coquimbo,Fraude,Sur,19.0,Alta,30.0,TMP-002,,764088
3334.0,26/08/2024,ovalle,Violencia,Sur,4.0,Baja,69.0,,,934063
3335.0,21/12/2024,andacollo,robo,Centro,4.0,Baja,64.0,ERROR,,969506
3336.0,2025/01/02,Montepatria,robo,,4.0,Baja,46.0,,sin validar,851565
3337.0,2024-08-11,coquimbo,Violencia,Centro,9.0,Media,54.0,,sin validar,124236
3338.0,2024-12-05,COQUIMBO,,Centro,13.0,,37.0,,revisar,394233
3339.0,Jan-14-2024,La Serena,Robo,Rural,12.0,,31.0,,dato ingresado manualmente,346512
3340.0,2024-09-10,coquimbo,Robo,Sur,2.0,Baja,69.0,TMP-001,sin validar,369180
3341.0,04/03/2024,SALAMANCA,Fraude,NORTE,19.0,Media,36.0,,sin validar,101291
3342.0,2024/01/31,ovalle,Fraude,rural,15.0,Media,,,,546460
3343.0,sin fecha,Illapel,Hurto,,"5,0",Baja,54.0,,sin validar,552069
3344.0,Jan-31-2024,vicuna,,Centro,5.0,Baja,33.0,ERROR,,569141
3345.0,sin fecha,Coquimbo,Accidente,NORTE,15.0,,58.0,,revisar,988132
3346.0,Apr-28-2025,coquimbo,,  ,18.0,Alta,29.0,TMP-002,,920546
3347.0,,Illapel,hurto,Centro,3.0,,42.0,TMP-001,revisar,220288
3348.0,,La Serena,Robo,Norte,15.0,Baja,61.0,TMP-002,ok,939101
3349.0,02/03/2025, Montepatria ,Violencia,,10.0, ALTA ,5.0,ERROR,,243167
3350.0,29/03/2025,Andacollo,Robo,Centro,2.0,baja,44.0,,ok,926521
,2024/07/17,SALAMANCA,,Rural,15.0,,61.0,TMP-001,revisar,773972
3352.0,Oct-10-2024,VICUÑA,Hurto,NORTE,5.0,Alta,55.0,,revisar,186817
3353.0,2025/10/06,andacollo,Violencia,Rural,1.0,baja,43.0,,,371597
3354.0,Dec-02-2025,VICUÑA,Robo,CENTRO,19.0,baja,31.0,TMP-001,dato ingresado manualmente,250778
3355.0,,Andacollo,,Norte,11.0,Alta,14.0,ERROR,dato ingresado manualmente,58842
3356.0,Sep-11-2024,VICUÑA,robo,Centro,500.0,baja,45.0,TMP-002,ok,143364
3357.0,2025-05-25,Vicuña,Hurto,Centro,3.0,Alta,17.0,,revisar,762498
3358.0,2025/10/14,Illapel,Hurto,Norte,15.0,ALTA,51.0,TMP-001,,471275
3359.0,2024/12/17,Coquimbo ,Fraude,Sur,14.0,,46.0,TMP-001,dato ingresado manualmente,155594
3360.0,2024-09-08,OVALLE,Accidente,centro,13.0,ALTA,16.0,TMP-001,,810334
3361.0,19/01/2025,OVALLE,Accidente,NORTE,4.0,baja,43.0,,ok,650633
3362.0,Apr-11-2025,SALAMANCA,robo,NORTE,12.0,Media,66.0,TMP-001,sin validar,769235
3363.0,2024/03/12,ovalle,,Centro,13.0,Baja,40.0,,sin validar,160887
3364.0,Dec-04-2024,Monte Patria,Robo,Rural,5.0,ALTA,57.0,,sin validar,839523
3365.0,2025/07/30,Ovalle,Hurto,Norte,"19,0",,25.0,TMP-001,,202271
3366.0,05/02/2025,la serena,Violencia,centro,18.0,baja,59.0,TMP-001,sin validar,891969
3367.0,,SALAMANCA,Hurto,Rural,6.0,,36.0,TMP-002,,827490
3368.0,2025-08-01,OVALLE,,,13.0,Baja,57.0,TMP-002,,462328
3369.0,2024-02-24,OVALLE,Hurto,,"5,0",Media,,TMP-001,revisar,508950
3370.0,2025-11-09,SALAMANCA,robo,,3.0,Baja,59.0,,,427448
3371.0,Apr-21-2025,Montepatria,Robo,Sur,19.0,ALTA,39.0,,ok,44707
3372.0,2024/06/30,COQUIMBO,Robo,NORTE,18.0,Alta,"20,0",ERROR,dato ingresado manualmente,761323
3373.0,,illapel,,Rural,9.0,Baja,66.0,,sin validar,383695
3374.0,2024-09-14,la serena,Fraude,centro,0.0,ALTA,49.0,,revisar,635389
3375.0,Feb-25-2025,LaSerena,Accidente,Rural,14.0,,45.0,TMP-002,sin validar,355887
3376.0,,illapel,Accidente,NORTE,5.0,ALTA,56.0,,revisar,302078
3377.0,,Andacollo,,Rural,3.0,ALTA,35.0,ERROR,revisar,867676
3378.0,,Illapel,robo,Centro,"7,0",ALTA,,TMP-002,revisar,339913
3379.0,2025/06/16,ovalle,,,5.0,Alta,46.0,TMP-002,dato ingresado manualmente,291634
3380.0,2024-03-18,monte patria,Robo,Centro,14.0,Baja,38.0,,sin validar,243664
3381.0,2024/10/02,La Serena,,Norte,3.0,Alta,68.0,,,115455
3382.0,2024-01-04,OVALLE,Violencia,centro,4.0,,47.0,TMP-001,,133462
3383.0,19/02/2024,Illapel,robo,,16.0,Media,46.0,,sin validar,721599
3384.0,sin fecha,la serena,Accidente,Norte,17.0,Baja,22.0,TMP-002,ok,492704
3385.0,07/08/2025,SALAMANCA,Robo,Sur,12.0,ALTA,48.0,TMP-002,sin validar,117973
3386.0,,Salamanca,Accidente,centro,18.0,Baja,57.0,TMP-002,,682951
3387.0,2024/03/15,Coquimbo ,Fraude,,8.0,Alta,51.0,ERROR,ok,845888
3388.0,,Coquimbo,Violencia,NORTE,7.0,,34.0,,,709056
3389.0,2025-05-18,Montepatria,,Sur,7.0,Baja,18.0,,revisar,580398
3390.0,10/06/2024,Andacollo,Violencia,Centro,19.0,baja,37.0,TMP-002,ok,836023
3391.0,24/09/2024,Serena,Hurto,Norte,11.0,Media,56.0,,,850408
3392.0,2025/11/02,Montepatria,Violencia,Rural,15.0,Baja,54.0,TMP-002,,114657
3393.0,sin fecha,andacollo,Violencia,Norte,6.0,Media,20.0,,dato ingresado manualmente,867692
3394.0,Aug-01-2024,illapel,Robo,NORTE,14.0,Media,40.0,TMP-001,,477101
3395.0,2024/12/19,OVALLE,robo,Norte,14.0,ALTA,18.0,TMP-002,dato ingresado manualmente,524836
3396.0,2025/05/13,Coquimbo ,Hurto,,19.0, Alta ,47.0,TMP-001,dato ingresado manualmente,878526
3397.0,Dec-15-2025,andacollo,hurto,NORTE,5.0,Alta,14.0,,revisar,749709
3398.0,2024/12/15,Vicuña,Hurto,Rural,4.0,Alta,39.0,,ok,272259
3399.0,2024-02-22,ovalle,Hurto,Centro,18.0,Alta,18.0,,dato ingresado manualmente,466416
3400.0,2025-05-17,Montepatria,Hurto,Rural,2.0,baja,53.0,ERROR,sin validar,368091
3401.0,Apr-21-2024,La Serena,Violencia,Sur,16.0,baja,24.0,TMP-001,dato ingresado manualmente,673317
3402.0,2024-02-17,Salamanca,Accidente,Sur,1.0,baja,30.0,,sin validar,760850
3403.0,2024/01/28,Ovalle,Hurto,Norte,10.0,Alta,67.0,ERROR,dato ingresado manualmente,338939
3404.0,21/07/2024,LaSerena,robo,NORTE,10.0,baja,,,,144731
3405.0,2025/05/03,andacollo,Fraude,Rural,7.0,Alta,57.0,,ok,989036
3406.0,2024/07/13,Ovalle,Hurto,,,,16.0,TMP-001,dato ingresado manualmente,342945
3407.0,12/11/2025,Serena,Fraude,Centro,16.0,Media,53.0,TMP-002,,513693
3408.0,2025/12/23,monte patria,Robo,Centro,12.0,baja,36.0,TMP-002,sin validar,356867
3409.0,2025-04-06,SALAMANCA,Hurto,NORTE,15.0,Media,38.0,TMP-002,dato ingresado manualmente,338224
3410.0,2025/01/17,monte patria,robo,Norte,10.0,baja,38.0,TMP-002,dato ingresado manualmente,290768
3411.0,27/12/2024,Ovalle,Hurto,Norte,9.0,,36.0,,revisar,798676
3412.0,2025-02-18,Coquimbo ,,centro,4.0,Alta,16.0,,,102564
3413.0,Oct-30-2025,Illapel,Hurto,Norte,8.0,Baja,60.0,ERROR,,678424
3414.0,Aug-08-2024,COQUIMBO,Accidente,Rural,16.0,Alta,52.0,ERROR,dato ingresado manualmente,447263
3415.0,2025-11-13,La Serena,robo,Centro,,ALTA,19.0,TMP-002,ok,991131
3416.0,Jan-10-2024,Montepatria,Robo,Norte,17.0,Alta,51.0,TMP-001,sin validar,582352
3417.0,2024/03/30,La Serena,Hurto, Norte ,19.0,ALTA,52.0,,dato ingresado manualmente,918162
3418.0,2024-02-29,Salamanca,robo,Norte,18.0,,,TMP-002,ok,343747
3419.0,2024/02/08,Coquimbo,Fraude,Sur,10.0,ALTA,25.0,ERROR,sin validar,345651
3420.0,23/03/2025,Coquimbo ,robo,Centro,17.0,baja,38.0,,,706115
3421.0,,Coquimbo,Accidente,Norte,4.0,,14.0,,sin validar,317820
3422.0,20/05/2024,Coquimbo,Robo,,"2,0",Alta,57.0,,,267157
3423.0,2024-01-24,LA SERENA,Violencia,Rural,3.0,baja,42.0,ERROR,,810754
3424.0,,SALAMANCA,Hurto,Centro,7.0,Media,46.0,TMP-001,revisar,956660
3425.0,03/06/2025,illapel,robo,Rural,5.0,Media,42.0,TMP-001,dato ingresado manualmente,178792
3426.0,2024/11/06,Coquimbo ,robo,Sur,5.0,,57.0,ERROR,sin validar,288813
3427.0,18/02/2024,ovalle,Accidente,,19.0,Baja,14.0,,dato ingresado manualmente,530481
3428.0,2025/09/06,Monte Patria,Hurto,Centro,13.0,,43.0,,,88489
3429.0,2024/06/15,monte patria,Violencia,,10.0,Baja,55.0,ERROR,,880585
3430.0,2024/04/04,SALAMANCA,robo,NORTE,17.0,Baja,45.0,ERROR,ok,980563
3431.0,,salamanca,,NORTE,9.0,Media,23.0,ERROR,ok,358877
3432.0,sin fecha,Monte Patria,Fraude,Norte,5.0,Baja,53.0,,dato ingresado manualmente,252710
3433.0,sin fecha,monte patria,,,6.0,ALTA,67.0,ERROR,ok,510590
3434.0,2024/04/04,LA SERENA,Violencia,Sur,10.0,,35.0,,dato ingresado manualmente,803706
3435.0,2025-09-19,Serena,robo,Centro,,,,,,95205
3436.0,2024/08/13,LA SERENA,,NORTE,9.0,,26.0,,dato ingresado manualmente,459550
3437.0,2024/08/09,la serena,Fraude,Centro,16.0,Baja,38.0,,dato ingresado manualmente,348431
3438.0,2025-04-30,LA SERENA,Fraude,Rural,1.0,ALTA,53.0,ERROR,sin validar,415581
3439.0,Nov-17-2024,ILLAPEL,Violencia,centro,8.0,,59.0,TMP-002,sin validar,4879
3440.0,2024-05-03,Coquimbo,Hurto,Centro,2.0,Alta,35.0,TMP-001,sin validar,647253
3441.0,2024-03-27,Andacollo,,NORTE,13.0,Media,57.0,,dato ingresado manualmente,704099
3442.0,, Montepatria ,Accidente,Rural,"14,0",Media,47.0,,dato ingresado manualmente,664146
3443.0,16/10/2025,illapel,robo,NORTE,9.0,Alta,15.0,,ok,121201
3444.0,Feb-04-2024, Illapel ,Fraude,,19.0,Alta,56.0,,,444990
3445.0,2025/10/01,Monte Patria, Hurto ,Norte,14.0,Media,"51,0",TMP-002,,322899
3446.0,27/12/2025,Vicuña,robo,Sur,8.0,ALTA,"20,0",ERROR,,781542
3447.0,Nov-02-2025,OVALLE,robo,Centro,12.0,Alta,29.0,,ok,229519
3448.0,Jan-02-2024,Coquimbo ,Fraude,Norte,5.0,Baja,19.0,,,873079
3449.0,01/01/2025,LaSerena,Robo,Centro,12.0,Media,50.0,TMP-001,ok,297423
3450.0,Aug-20-2024,COQUIMBO,Fraude,NORTE,7.0,Alta,31.0,ERROR,ok,637537
3451.0,2025/06/24,Serena,Accidente, Norte ,"10,0",Media,17.0,,sin validar,506227
3452.0,29/04/2024,la serena,Violencia,,11.0,Alta,32.0,TMP-001,dato ingresado manualmente,211369
,May-27-2025,Coquimbo ,,Norte,6.0,ALTA,14.0,TMP-001,dato ingresado manualmente,722486
3454.0,2025-04-21,Andacollo,Fraude,NORTE,13.0,ALTA,"52,0",ERROR,,897951
3455.0,Jan-21-2024,illapel,Hurto,NORTE,,Media,56.0,TMP-002,ok,700112
3456.0,2024/04/03,VICUÑA,Robo,Sur,9.0,baja,41.0,TMP-002,revisar,496660
3457.0,2025/01/30,la serena,robo,Sur,14.0,Alta,39.0,,dato ingresado manualmente,121739
3458.0,May-26-2024,La Serena,,Centro,"4,0",Media,-1.0,TMP-001,revisar,972135
3459.0,,SALAMANCA,Robo,,5.0,Baja,59.0,,,262784
3460.0,24/08/2025,Coquimbo,,centro,10.0,,46.0,TMP-002,revisar,588783
3461.0,2025/11/06,ovalle,Robo,,5.0,Baja,34.0,ERROR,sin validar,937992
3462.0,2024-03-19,LaSerena,Fraude,,18.0,baja,46.0,TMP-002,,689181
,Feb-12-2025,Coquimbo,Robo,,13.0,ALTA,67.0,ERROR,dato ingresado manualmente,101607
3464.0,2024/09/05,coquimbo,Violencia,Norte,16.0,ALTA,63.0,,sin validar,180547
3465.0,sin fecha,illapel,Hurto,NORTE,"18,0",Media,22.0,TMP-002,revisar,541266
3466.0,Feb-17-2025,LA SERENA,Fraude,NORTE,6.0,,63.0,ERROR,dato ingresado manualmente,981967
3467.0,06/08/2025,Coquimbo,Violencia,Sur,13.0,baja,35.0,TMP-001,,191635
3468.0,2024/05/29,LA SERENA,Violencia,Sur,3.0,Baja,"66,0",TMP-001,revisar,732605
3469.0,2024-04-27,Coquimbo,Accidente,NORTE,6.0,baja,64.0,TMP-001,revisar,770359
3470.0,,Illapel,Fraude,centro,9.0,Baja,57.0,TMP-001,dato ingresado manualmente,350736
3471.0,2025-09-18,andacollo,Accidente,Rural,10.0,ALTA,60.0,TMP-001,dato ingresado manualmente,931757
3472.0,,La Serena,Accidente,,17.0,,,ERROR,revisar,252442
3473.0,sin fecha,VICUÑA,Accidente, Norte ,,Media,47.0,,dato ingresado manualmente,49053
3474.0,Oct-13-2024,OVALLE,Hurto,NORTE,19.0,baja,34.0,TMP-002,revisar,434698
3475.0,2025/07/24,COQUIMBO,robo,centro,9.0,Alta,,,sin validar,477170
3476.0,28/02/2025,COQUIMBO,Hurto,,17.0,,24.0,,ok,907535
3477.0,,andacollo,Accidente,Centro,4.0,,15.0,TMP-001,ok,303146
3478.0,,La Serena,Accidente,Rural,7.0,Alta,48.0,TMP-001,revisar,785843
3479.0,2024-12-08,la serena,,NORTE,14.0,Media,49.0,TMP-002,,534903
3480.0,28/08/2025,la serena,Robo,Sur,4.0,,69.0,,,923582
3481.0,,VICUÑA,,NORTE,19.0,Baja,19.0,TMP-002,,141873
3482.0,2024/04/16, Montepatria ,Accidente,Rural,2.0,Baja,68.0,TMP-001,sin validar,685230
3483.0,2025-05-25,ovalle,Violencia,Sur,"1,0",,27.0,ERROR,,44593
3484.0,18/10/2024,Vicuña,Hurto,Rural,10.0,Alta,64.0,,dato ingresado manualmente,843867
3485.0,09/11/2024,Andacollo, Hurto ,Sur,17.0,  ,,,sin validar,968988
3486.0,2025/08/21,ovalle,robo,centro,11.0,ALTA,18.0,,sin validar,612056
3487.0,sin fecha,la serena,Hurto,,11.0,,28.0,,sin validar,398825
3488.0,,andacollo,Fraude,Rural,"4,0",Alta,67.0,,dato ingresado manualmente,69276
3489.0,2024-10-20,Illapel,robo,Sur,12.0,,34.0,,,103825
3490.0,Sep-26-2024,COQUIMBO,Hurto,Sur,,Media,60.0,,dato ingresado manualmente,328304
3491.0,2024/12/30,SALAMANCA,robo,centro,17.0,,38.0,TMP-001,dato ingresado manualmente,513714
3492.0,2024-10-15,vicuna,Hurto,,10.0,baja,15.0,TMP-001,revisar,47102
3493.0,Mar-02-2025,Salamanca,Accidente,Sur,15.0,MEDIA,37.0,TMP-001,dato ingresado manualmente,179623
3494.0,2025-07-10,OVALLE,,Norte,"4,0",,49.0,ERROR,ok,721271
3495.0,2025-12-04,Serena,,Sur,2.0,Media,53.0,,,51887
3496.0,2025-02-20,Vicuña,Robo,Centro,18.0, baja ,,TMP-002,ok,695310
3497.0,18/07/2024,OVALLE,robo,Norte,13.0,,25.0,TMP-001,,333772
3498.0,2024/09/13,OVALLE,Accidente,Sur,7.0,Baja,30.0,,ok,27577
3499.0,2025/11/05,Montepatria,,Centro,8.0,baja,55.0,,revisar,790440
3500.0,2024-07-17,Andacollo,Violencia,NORTE,4.0,,37.0,TMP-002,sin validar,133240
3501.0,Oct-03-2024,Coquimbo,Hurto,centro,18.0,ALTA,16.0,,dato ingresado manualmente,508909
3502.0,,Montepatria,Accidente,centro,1.0,ALTA,50.0,ERROR,sin validar,617632
3503.0,Sep-06-2024,Serena,robo,Norte,8.0,Baja,51.0,TMP-001,revisar,814171
3504.0,2024-09-25,Montepatria,robo,Centro,19.0,Media,44.0,,,163940
3505.0,05/06/2025,Coquimbo,,,11.0,,39.0,TMP-002,,619870
3506.0,Jan-21-2024,Vicuña,Violencia,Sur,16.0,Media,,,revisar,904262
3507.0,sin fecha,LA SERENA,Fraude,NORTE,9.0,,45.0,TMP-001,dato ingresado manualmente,175303
3508.0,Jul-20-2024,OVALLE,Fraude,Sur,7.0,BAJA,,TMP-002,sin validar,450609
3509.0,2024-09-21,Serena,Fraude,,5.0,Alta,56.0,,dato ingresado manualmente,366032
3510.0,2025/10/13,LaSerena,Fraude,NORTE,"5,0",ALTA,48.0,,,47658
,24/08/2025,ovalle,Fraude, centro ,17.0,baja,41.0,,dato ingresado manualmente,848941
3512.0,sin fecha,Montepatria,Robo,centro,3.0,Media,39.0,TMP-002,ok,168406
3513.0,,Andacollo,Violencia,Rural,3.0,baja,44.0,,revisar,617083
3514.0,,Illapel,Violencia,Centro,14.0,,66.0,TMP-001,revisar,421049
3515.0,27/01/2025,Salamanca,Robo,,3.0,Media,62.0,,ok,677767
3516.0,2025-02-05,Illapel,Hurto,RURAL,10.0,Baja,62.0,ERROR,,391082
3517.0,2025-11-14, ovalle ,Accidente,Norte,6.0,Alta,65.0,TMP-002,sin validar,694628
3518.0,2024/07/08,coquimbo,Violencia,Sur,18.0,Baja,22.0,,sin validar,905870
3519.0,2024/07/25,LaSerena,Hurto,centro,8.0,Media,"33,0",,revisar,671162
3520.0,2024/07/25,VICUÑA,Fraude,Sur,4.0,,57.0,ERROR,ok,76481
3521.0,2024-04-19,coquimbo,Fraude,,18.0,Media,23.0,ERROR,sin validar,511123
3522.0,2024-06-30,andacollo,Hurto,NORTE,1.0,,,,revisar,314825
3523.0,2025/01/27,la serena,Hurto,centro,8.0,,15.0,TMP-002,dato ingresado manualmente,350178
3524.0,2025/07/18,Vicuña,Violencia,centro,14.0,Alta,"66,0",TMP-001,sin validar,643120
3525.0,2024/05/19,coquimbo,Hurto,Centro,,ALTA,27.0,,ok,29144
3526.0,Feb-12-2025,Vicuña,Violencia,Rural,7.0,Alta,44.0,,sin validar,285981
3527.0,28/08/2025,ovalle,Violencia,Norte,3.0,baja,61.0,TMP-001,dato ingresado manualmente,589405
3528.0,2024-09-13,la serena,Violencia,Sur,11.0,Media,56.0,,revisar,204386
3529.0,,Ovalle,robo,Centro,3.0,Media,66.0,TMP-001,dato ingresado manualmente,248256
3530.0,,Illapel,Fraude, Sur ,2.0,Baja,25.0,,dato ingresado manualmente,230342
3531.0,Jan-16-2025,Coquimbo,Robo,Norte,7.0,,38.0,TMP-002,sin validar,48873
3532.0,Mar-29-2025,La Serena,Accidente,,,ALTA,31.0,,dato ingresado manualmente,215666
3533.0,12/11/2024,OVALLE,Hurto,Sur,6.0,,66.0,TMP-001,ok,477805
3534.0,2024/02/17,Salamanca,Violencia,NORTE,"4,0",Media,46.0,TMP-002,revisar,495147
3535.0,2025/06/27,la serena,,NORTE,9.0,ALTA,45.0,ERROR,,654980
,2025/04/13,LaSerena,Fraude,centro,3.0,,21.0,TMP-001,sin validar,726388
3537.0,2024/07/03,Serena,Robo,Norte,16.0,Baja,50.0,ERROR,,308778
3538.0,May-14-2025,Montepatria,Hurto,NORTE,13.0,baja,46.0,TMP-002,ok,774857
3539.0,24/04/2025,coquimbo ,Fraude,SUR,9.0,Baja,61.0,TMP-002,,753512
3540.0,01/05/2025,Monte Patria,Robo,Centro,9.0,,21.0,TMP-001,dato ingresado manualmente,715480
3541.0,2024-04-06,SALAMANCA,Violencia,centro,3.0,Media,"31,0",,ok,784276
3542.0,,Illapel,Robo,centro,19.0,ALTA,"49,0",TMP-001,,334791
3543.0,Nov-05-2025,MONTEPATRIA,robo,NORTE,18.0,Media,44.0,,,117998
3544.0,28/05/2025,Salamanca,,NORTE,10.0,Alta,39.0,,dato ingresado manualmente,195849
3545.0,,La Serena,Hurto,Centro,1.0,baja,58.0,TMP-001,revisar,840920
3546.0,sin fecha,monte patria,Accidente,Centro,9.0,NAN,26.0,TMP-002,dato ingresado manualmente,407586
3547.0,2024-03-30,monte patria,robo,Sur,-3.0,,41.0,,sin validar,722450
3548.0,,Salamanca,Violencia,centro,6.0,ALTA,23.0,,revisar,330075
3549.0,2025/07/27,Illapel,,NORTE,,Media,62.0,TMP-002,,313309
3550.0,Nov-21-2024,Andacollo,Hurto,Sur,17.0,Alta,46.0,,dato ingresado manualmente,715527
,2025/12/15,Montepatria,Fraude,Norte,12.0,Media,53.0,ERROR,,523489
3552.0,2024/05/28,vicuna,Fraude,Norte,8.0,Media,63.0,TMP-002,ok,299793
3553.0,Jun-20-2025,LA SERENA,Fraude,,4.0,ALTA,46.0,TMP-002,dato ingresado manualmente,419799
3554.0,12/05/2025,LA SERENA,Accidente,  ,9.0,,47.0,,,161385
3555.0,2024/09/04,Coquimbo,robo,centro,16.0,Alta,5.0,,sin validar,653551
3556.0,2024/02/02,SALAMANCA,Fraude,NORTE,2.0,Alta,38.0,TMP-001,ok,671796
3557.0,Mar-03-2025,illapel,Fraude,Centro,4.0,Baja,"50,0",,ok,514861
3558.0,May-14-2025,Vicuña,Hurto,Sur,9.0,Alta,68.0,,ok,255418
3559.0,11/11/2025,VICUÑA,Violencia,,1.0,Baja,59.0,TMP-001,sin validar,84545
3560.0,09/08/2024,Monte Patria,Accidente,Rural,14.0,Media,15.0,,,239962
3561.0,,coquimbo,fraude,centro,7.0,Baja,17.0,ERROR,dato ingresado manualmente,259387
3562.0,2025-05-15,andacollo,,Centro,15.0,ALTA,30.0,,dato ingresado manualmente,712451
3563.0,24/10/2024,OVALLE,Hurto,Norte,6.0,Media,54.0,ERROR,ok,182404
3564.0,,ovalle,Fraude,Centro,9.0,ALTA,56.0,TMP-002,ok,268918
3565.0,11/07/2025,LaSerena,Accidente,Centro,11.0,Baja,14.0,TMP-001,revisar,162257
3566.0,22/11/2024,illapel,Hurto,Norte,"10,0",Alta,52.0,,,136324
3567.0,,Monte Patria,robo,Rural,2.0,ALTA,17.0,TMP-001,revisar,927139
3568.0,31/07/2025,Andacollo,Fraude,NORTE,12.0,baja,19.0,TMP-002,dato ingresado manualmente,768122
3569.0,23/03/2024,SALAMANCA,Robo,Sur,16.0,Alta,19.0,,,347600
3570.0,May-27-2024,Montepatria,Robo,Rural,6.0,ALTA,"16,0",,,498284
3571.0,01/08/2024,la serena,robo,Rural,10.0,baja,67.0,ERROR,sin validar,679956
3572.0,2025/11/10,Andacollo,Robo,,14.0,Baja,31.0,TMP-001,sin validar,208834
3573.0,May-15-2025,monte patria,Robo,NORTE,9.0,Baja,55.0,,revisar,333154
3574.0,2025-06-04,andacollo,Hurto,Rural,8.0, ALTA ,41.0,ERROR,dato ingresado manualmente,650285
3575.0,2025-05-22,andacollo,Fraude,Sur,2.0,,57.0,TMP-002,sin validar,342367
3576.0,2025/03/29,SALAMANCA,Fraude,Sur,16.0,Alta,21.0,TMP-001,revisar,332273
3577.0,2025-08-03,monte patria,Fraude,,6.0,Baja,21.0,,sin validar,862507
3578.0,sin fecha, LA SERENA , Hurto ,Sur,3.0,Alta,50.0,,,398614
3579.0,,vicuna,Robo,Rural,19.0,ALTA,37.0,TMP-001,revisar,585948
3580.0,29/09/2024,VICUÑA,Fraude,Rural,15.0,Media,35.0,,dato ingresado manualmente,321532
3581.0,2025/12/16,ovalle,Robo,Centro,8.0,,40.0,,,517044
3582.0,sin fecha,La Serena,,Rural,"16,0",Alta,30.0,TMP-002,ok,482309
3583.0,Aug-02-2025,OVALLE,robo,NORTE,8.0,Alta,23.0,TMP-002,dato ingresado manualmente,285466
3584.0,sin fecha,coquimbo,Robo,SUR,5.0,baja,69.0,TMP-002,,71784
3585.0,2024/10/13,LA SERENA,Accidente,,7.0,Baja,41.0,TMP-002,dato ingresado manualmente,151798
,,Coquimbo ,Hurto,centro,19.0,MEDIA,54.0,,,345695
,11/09/2024,OVALLE,Accidente,centro,"8,0",ALTA,29.0,TMP-002,,307495
3588.0,,OVALLE,Fraude,Rural,0.0,Baja,33.0,ERROR,sin validar,480169
3589.0,Oct-06-2024,Coquimbo ,Fraude,Norte,11.0,Baja,49.0,,dato ingresado manualmente,134996
3590.0,Jan-20-2024,COQUIMBO, robo ,Centro,18.0,Media,20.0,,,80086
3591.0,2025/06/06,Salamanca,Accidente,Rural,12.0,baja,"20,0",,,692971
3592.0,Oct-26-2024,vicuna,Hurto,,14.0,,38.0,ERROR,ok,355402
3593.0,2025-10-13,LA SERENA,Accidente,Norte,3.0,ALTA,33.0,ERROR,revisar,218206
3594.0,2025/09/05,Salamanca,Accidente,Norte,18.0,baja,"69,0",TMP-002,revisar,833727
3595.0,2024/02/01,vicuna,Violencia,Sur,13.0,Alta,-1.0,,revisar,849487
3596.0,Jul-08-2024,Serena,Violencia,Sur,3.0,,33.0,ERROR,ok,936509
3597.0,2024-03-28,vicuna,Violencia, Norte ,4.0,Alta,,,,351678
3598.0,Apr-17-2025,Salamanca,Fraude,Rural,13.0,,37.0,ERROR,sin validar,494773
3599.0,2024/03/22,Illapel,Hurto,Sur,17.0,Media,27.0,,sin validar,683581
3600.0,2025/08/18,andacollo,Hurto,centro,3.0,baja,,,,470358
,Sep-27-2025,Coquimbo,robo,centro,2.0,Baja,57.0,,sin validar,994706
,2024-02-14, vicuna ,Violencia,centro,16.0,Baja,32.0,TMP-001,,636702
3603.0,Jul-08-2024,Coquimbo,robo,NORTE,16.0,,42.0,,dato ingresado manualmente,898717
3604.0,,COQUIMBO,Fraude,centro,2.0,baja,48.0,ERROR,dato ingresado manualmente,341114
3605.0,2024/08/23,ovalle,Violencia,Rural,5.0,Baja,62.0,,dato ingresado manualmente,270517
3606.0,2024/07/18,Andacollo,Accidente,Sur,"15,0",Alta,47.0,,,172374
3607.0,2024/01/13, COQUIMBO ,accidente, Centro ,10.0,Media,44.0,TMP-001,ok,114648
3608.0,Jun-22-2024,Illapel,Hurto,,4.0,Baja,69.0,TMP-002,,988848
3609.0,10/02/2025,Ovalle,Hurto,centro,5.0,Media,63.0,,ok,785655
3610.0,2025-02-17,coquimbo,,centro,5.0,Baja,68.0,,dato ingresado manualmente,632719
3611.0,2024-05-09,ovalle,hurto,,10.0,baja,,TMP-001,,850392
3612.0,21/03/2024,vicuna,Violencia,Centro,18.0,baja,"34,0",,sin validar,219851
3613.0,Mar-16-2024,vicuna,robo,NORTE,3.0,Baja,23.0,TMP-002,sin validar,262398
3614.0,Feb-27-2025,Vicuña,Hurto,Norte,7.0,Baja,55.0,TMP-001,ok,305407
3615.0,2024/04/11,coquimbo,robo,Rural,14.0,Media,29.0,ERROR,,167338
3616.0,2025/05/24,Montepatria,Hurto,NORTE,,baja,19.0,ERROR,dato ingresado manualmente,938943
3617.0,2025-07-24,illapel,Violencia,NORTE,3.0,,55.0,TMP-002,sin validar,605978
3618.0,sin fecha, COQUIMBO ,,centro,4.0,baja,29.0,,dato ingresado manualmente,115680
3619.0,Apr-05-2024,coquimbo,Fraude,,11.0,Alta,15.0,TMP-002,,29201
3620.0,2024/01/20,LaSerena,Hurto,Norte,15.0,,43.0,,ok,672262
3621.0,,la serena,Robo,Norte,"19,0",MEDIA,20.0,,revisar,281551
3622.0,18/05/2024,Salamanca, Hurto ,,15.0,Media,46.0,TMP-002,dato ingresado manualmente,838716
3623.0,,Vicuña,Violencia,NORTE,9.0,ALTA,48.0,TMP-002,revisar,566337
3624.0,2025-02-26,ovalle,Hurto,Centro,10.0, Alta ,17.0,ERROR,revisar,189863
3625.0,19/12/2024,Ovalle,Accidente,,"10,0",baja,18.0,TMP-002,dato ingresado manualmente,259383
3626.0,2024-07-23,illapel,Fraude,norte,10.0,Baja,24.0,TMP-001,,258471
3627.0,Jun-06-2024,Monte Patria,HURTO,Sur,,ALTA,28.0,TMP-001,,226274
3628.0,2025/05/24,coquimbo,robo,NORTE,14.0,baja,18.0,TMP-002,ok,562295
3629.0,,SALAMANCA,Hurto,,6.0,Baja,62.0,,,649562
3630.0,Jun-30-2025,Coquimbo ,Accidente,Centro,7.0,baja,34.0,ERROR,ok,606668
3631.0,2024/08/06, monte patria ,Violencia,NORTE,17.0,,"47,0",ERROR,,435744
3632.0,2024/04/22,La Serena,robo,,17.0,Media,51.0,ERROR,ok,130944
3633.0,Jun-14-2025,andacollo,Robo,NORTE,,Media,63.0,TMP-001,,351464
3634.0,,VICUÑA,,Sur,6.0,Baja,51.0,,ok,772823
3635.0,Feb-03-2025,coquimbo, robo ,Centro,6.0,Baja,24.0,TMP-001,,865450
3636.0,2025-10-13,illapel,Fraude,Sur,10.0,Alta,66.0,,ok,250018
3637.0,01/06/2024,Coquimbo,Hurto,Sur,14.0,Alta,64.0,,ok,779966
3638.0,2025/01/24,monte patria,robo,,6.0,Alta,59.0,TMP-002,dato ingresado manualmente,832211
3639.0,2025-07-07,OVALLE,Fraude,centro,8.0, Alta ,62.0,ERROR,,126665
3640.0,06/06/2024,Vicuña,robo,Rural,18.0,,39.0,TMP-001,,861672
3641.0,2024/11/30,VICUÑA,ROBO,NORTE,8.0,Alta,"16,0",TMP-001,ok,248091
3642.0,Apr-30-2024,SALAMANCA,Hurto,Norte,7.0,Media,21.0,,dato ingresado manualmente,643938
3643.0,sin fecha,Montepatria,,Norte,10.0,Baja,24.0,TMP-001,dato ingresado manualmente,428407
3644.0,sin fecha,Vicuña,VIOLENCIA,Norte,4.0,,,TMP-002,,284930
3645.0,02/07/2024,LaSerena,Accidente,Centro,2.0,Media,,,revisar,483194
3646.0,Dec-27-2024,Coquimbo ,Hurto,rural,15.0, Alta ,33.0,TMP-002,,119151
3647.0,2025-04-03,La Serena,Hurto, Centro ,5.0,baja,42.0,,ok,673209
3648.0,2024-07-19,La Serena,Hurto,Norte,16.0,Media,57.0,ERROR,revisar,188251
3649.0,,Illapel,ROBO,SUR,5.0,Media,46.0,ERROR,dato ingresado manualmente,219481
3650.0,2025-12-02,ovalle,Accidente,,2.0,ALTA,49.0,TMP-001,,776406
3651.0,07/03/2025,Serena,Hurto,NORTE,19.0,ALTA,62.0,,ok,412513
,07/06/2025,Serena,Accidente,Centro,17.0,Alta,55.0,,dato ingresado manualmente,411626
3653.0,04/02/2024,La Serena,Fraude,NORTE,18.0,,19.0,ERROR,ok,607614
3654.0,2024/03/09,andacollo,Fraude,Centro,3.0,,23.0,TMP-001,dato ingresado manualmente,155661
3655.0,2025-03-19,LASERENA,Violencia,,9.0,,18.0,,,305632
3656.0,26/10/2024,La Serena,Fraude,Rural,4.0,Media,67.0,,revisar,131917
3657.0,sin fecha, VICUÑA ,Robo,,12.0,Alta,15.0,TMP-001,dato ingresado manualmente,696855
3658.0,2024/06/07,Coquimbo,Fraude,Norte,15.0,,41.0,TMP-001,,766416
3659.0,02/07/2025,Monte Patria, Violencia ,Sur,,Media,25.0,,,15133
3660.0,2025/05/14,ovalle,Violencia,NORTE,3.0,Media,46.0,ERROR,dato ingresado manualmente,123017
3661.0,17/02/2025,vicuna,robo,Rural,2.0,Media,30.0,,revisar,331563
3662.0,19/02/2025,Andacollo,,Norte,16.0,,64.0,TMP-001,,753527
3663.0,2025/03/30,OVALLE,,centro,2.0,baja,"45,0",TMP-002,ok,444051
3664.0,Mar-06-2024,COQUIMBO,,,"16,0",Alta,40.0,,ok,49151
3665.0,,vicuna,Accidente,centro,9.0,ALTA,61.0,TMP-001,dato ingresado manualmente,684893
3666.0,16/02/2025,Monte Patria,Violencia,SUR,3.0,baja,44.0,TMP-002,ok,864624
,09/06/2025,COQUIMBO,Hurto,Rural,"9,0",Baja,,TMP-001,revisar,578244
3668.0,Oct-15-2025,coquimbo,Accidente,NORTE,14.0,,48.0,ERROR,,731738
3669.0,2024-09-18,Vicuña,Robo,Centro,2.0,ALTA,21.0,TMP-002,,261380
3670.0,2024-05-19,ANDACOLLO,Robo,Sur,2.0,baja,34.0,TMP-002,revisar,462791
3671.0,16/11/2024,SALAMANCA,Robo,NORTE,11.0,ALTA,40.0,TMP-002,,723189
3672.0,,Salamanca,robo,centro,11.0,baja,52.0,,,837622
3673.0,sin fecha,Illapel,Accidente,Norte,11.0,Media,41.0,,,619062
,,Ovalle,Robo,,3.0,,28.0,TMP-002,,381787
3675.0,2024/12/05,Coquimbo ,robo,centro,19.0,baja,29.0,TMP-001,dato ingresado manualmente,992355
3676.0,26/06/2025,Ovalle,Fraude, NORTE ,3.0,Baja,60.0,,dato ingresado manualmente,274694
3677.0,02/09/2025,Coquimbo,,centro,5.0,Media,14.0,TMP-002,,293870
3678.0,2024/12/09,la serena,Violencia,Centro,13.0,Alta,"32,0",TMP-002,revisar,862666
3679.0,22/01/2024,la serena,robo,Centro,19.0,ALTA,42.0,,,752162
3680.0,13/01/2025,vicuna,Fraude,NORTE,3.0,ALTA,53.0,TMP-001,,857152
3681.0,2025/06/10,Vicuña,Accidente,Rural,11.0,,58.0,,ok,173573
3682.0,sin fecha,Coquimbo ,nan,,13.0,Baja,33.0,,sin validar,309160
3683.0,2025/01/09,ovalle,robo,Sur,10.0,baja,68.0,TMP-002,,817529
3684.0,Oct-17-2025,MONTE PATRIA,robo,Rural,5.0,Alta,25.0,TMP-002,,762888
3685.0,Apr-08-2025,Monte Patria,Violencia,Rural,19.0,Baja,,,ok,813999
3686.0,20/10/2025,monte patria,Fraude,CENTRO,4.0,Media,64.0,,sin validar,488504
3687.0,14/02/2025,LaSerena,Accidente,,7.0,Media,27.0,,ok,913401
3688.0,2025-02-02,illapel,Fraude,Sur,5.0,Baja,25.0,,revisar,823570
3689.0,Sep-03-2024,Monte Patria,HURTO,SUR,7.0,alta,65.0,ERROR,revisar,301054
3690.0,2025/10/21,Andacollo,Accidente,centro,11.0,  ,59.0,TMP-002,ok,446884
3691.0,,vicuna,Fraude,Sur,12.0,Media,51.0,,dato ingresado manualmente,756363
3692.0,2025-07-11,Coquimbo,robo,NORTE,17.0,,27.0,TMP-001,,195177
3693.0,2024-02-18,OVALLE,Violencia,Rural,11.0,Alta,24.0,ERROR,dato ingresado manualmente,305810
3694.0,Apr-24-2025,La Serena,robo,Norte,2.0,Media,63.0,ERROR,,660352
3695.0,28/01/2025,coquimbo,Violencia,centro,14.0,baja,14.0,,,1340
3696.0,Apr-05-2024,OVALLE,Robo,Centro,nan,Baja,35.0,,sin validar,942883
3697.0,,VICUÑA,robo,Rural,5.0,baja,35.0,TMP-001,dato ingresado manualmente,217637
3698.0,Jan-19-2024,Coquimbo ,Hurto,centro,1.0,,63.0,TMP-002,revisar,677483
3699.0,,andacollo,robo,Sur,"4,0",Baja,62.0,,revisar,345517
,sin fecha,Illapel,Accidente,,"1,0",baja,69.0,,ok,315327
3701.0,25/02/2025,la serena,,Rural,11.0,baja,42.0,TMP-001,,223972
3702.0,Mar-23-2025,vicuna,Violencia,Sur,17.0,Alta,66.0,TMP-002,dato ingresado manualmente,195751
3703.0,,OVALLE,,Sur,3.0,,46.0,ERROR,revisar,591001
3704.0,Jul-08-2025,Monte Patria,Accidente,Rural,7.0,Media,56.0,TMP-002,dato ingresado manualmente,629423
3705.0,2025-12-31,Illapel,Accidente, Centro ,18.0,,67.0,,dato ingresado manualmente,633083
3706.0,2025/11/09, LaSerena ,Hurto,Rural,18.0,Baja,14.0,TMP-001,dato ingresado manualmente,278127
3707.0,2024/01/21,Vicuña,Fraude,centro,,Media,38.0,,dato ingresado manualmente,57039
3708.0,,Coquimbo,robo,NORTE,7.0,ALTA,64.0,TMP-002,,864023
,2024/12/27,andacollo,robo,Rural,0.0,baja,46.0,TMP-002,sin validar,218228
3710.0,18/03/2025,ANDACOLLO,Violencia,Centro,6.0,ALTA,57.0,,,2065
3711.0,17/04/2025,illapel,Accidente,,5.0,,24.0,ERROR,ok,341629
3712.0,Apr-11-2025,monte patria,Accidente,Rural,8.0,Baja,21.0,,dato ingresado manualmente,932640
3713.0,05/01/2024,vicuna,Hurto, NORTE ,14.0,,50.0,TMP-001,ok,297856
,Jan-17-2025,SALAMANCA, Robo ,Centro,12.0,Baja,26.0,,,16341
3715.0,sin fecha,OVALLE,robo,Rural,5.0,Baja,31.0,,revisar,364270
3716.0,2025/08/03,Ovalle,,Centro,18.0,baja,51.0,TMP-001,dato ingresado manualmente,183918
3717.0,2024-01-07,andacollo,Robo,Sur,6.0,baja,62.0,TMP-002,,884587
3718.0,sin fecha,Ovalle,robo,NORTE,6.0,Baja,40.0,,dato ingresado manualmente,8198
3719.0,2024/08/24,Montepatria,Hurto,Sur,3.0,baja,21.0,,,596113
3720.0,2025-12-03,La Serena,,,4.0,Media,69.0,,sin validar,248395
3721.0,2024-11-26,Andacollo,Violencia,,3.0,Baja,42.0,TMP-002,,471504
3722.0,2025/04/01,Salamanca,Robo,Centro,"16,0",nan,16.0,,revisar,296137
3723.0,2024-12-27,illapel,Hurto,centro,11.0,ALTA,40.0,TMP-001,,704817
3724.0,2025/10/16,Montepatria,Hurto,Rural,13.0,,37.0,,ok,458050
3725.0,Jan-21-2025,ovalle, Accidente ,,2.0,Alta,24.0,,dato ingresado manualmente,215423
3726.0,2024-09-05,Andacollo,Robo,NORTE,12.0,baja,22.0,,dato ingresado manualmente,550435
3727.0,,Coquimbo,Fraude,NORTE,19.0,Alta,43.0,TMP-002,,453250
3728.0,,OVALLE,robo, Sur ,3.0,Media,26.0,,sin validar,238274
3729.0,07/11/2024,Coquimbo ,Accidente,,7.0,Baja,46.0,ERROR,,770815
3730.0,,OVALLE,Accidente,Rural,12.0,Media,23.0,,,452280
3731.0,2025/03/29,monte patria,Violencia,centro,6.0,ALTA,42.0,,,409169
3732.0,,Coquimbo ,,centro,5.0,baja,19.0,TMP-001,dato ingresado manualmente,423373
3733.0,2024-05-24,Coquimbo ,Fraude,NORTE,4.0,,26.0,TMP-002,,612874
3734.0,03/08/2024,Vicuña,Accidente,Rural,4.0,,30.0,ERROR,sin validar,947023
3735.0,2025/01/31,Ovalle,Violencia,Norte,3.0,Media,47.0,TMP-001,ok,748294
3736.0,2024/01/12,COQUIMBO ,robo,NORTE,19.0,Alta,130.0,TMP-002,,288458
3737.0,2024-01-21,Illapel,Accidente,centro,12.0,baja,33.0,,,453032
3738.0,29/01/2024,Montepatria,Robo,Sur,18.0,ALTA,30.0,TMP-002,ok,969328
3739.0,06/10/2025,Coquimbo,Violencia,Norte,4.0,,31.0,ERROR,ok,528080
3740.0,2024/12/19,coquimbo,Accidente,,17.0,,57.0,,,244274
3741.0,sin fecha,LaSerena,Robo,Norte,"6,0",Media,50.0,TMP-001,dato ingresado manualmente,510831
3742.0,2024/10/27,andacollo,Hurto,Sur,, Baja ,60.0,TMP-001,dato ingresado manualmente,261611
3743.0,Mar-14-2024,Ovalle,Fraude,,10.0, ALTA ,46.0,TMP-001,sin validar,804056
,2025/05/25,ovalle,Violencia,NORTE,7.0,Baja,67.0,TMP-002,dato ingresado manualmente,181297
3745.0,2024/08/17,Salamanca,Hurto,Norte,12.0,baja,"53,0",TMP-001,sin validar,636972
3746.0,2024-02-26,SALAMANCA,Hurto,Centro,11.0,,26.0,TMP-002,ok,736124
3747.0,Aug-06-2025,LA SERENA,Accidente,Norte,11.0, Alta ,50.0,TMP-001,,972881
3748.0,2025/06/20,vicuna,Hurto,centro,19.0,Baja,48.0,TMP-001,revisar,893714
3749.0,2024-06-01,Monte Patria,Violencia,,3.0,Alta,25.0,,,338780
3750.0,2024-11-11,la serena,Fraude,Norte,"16,0",ALTA,50.0,,,410101
3751.0,21/04/2024,Coquimbo ,,Rural,17.0,Baja,,ERROR,sin validar,535657
3752.0,2024/12/09,LA SERENA,Violencia,centro,1.0,Baja,52.0,,,358589
3753.0,2025-07-19,Vicuña,Fraude,Centro,9.0,ALTA,"54,0",TMP-002,ok,491511
3754.0,12/03/2024,ovalle,Robo,Norte,18.0,,,ERROR,dato ingresado manualmente,888528
3755.0,Jul-08-2025,Vicuña,Fraude,centro,10.0,baja,21.0,,,409675
3756.0,2024-06-07,OVALLE,Hurto,Norte,7.0,Alta,"29,0",,dato ingresado manualmente,339745
3757.0,,Vicuña,Fraude,Sur,16.0,Media,21.0,,dato ingresado manualmente,985094
3758.0,28/07/2024,VICUÑA,Violencia,,18.0,baja,61.0,ERROR,ok,694063
3759.0,2024/01/21,vicuna,,NORTE,12.0,ALTA,43.0,TMP-001,sin validar,864429
3760.0,Jan-10-2024,Ovalle,Hurto,Centro,19.0,ALTA,15.0,ERROR,ok,622360
3761.0,,Serena,Robo,Centro,15.0,Media,38.0,TMP-002,sin validar,810865
3762.0,Nov-05-2025,Montepatria,Accidente,NORTE,9.0,Baja,35.0,,dato ingresado manualmente,373252
3763.0,2025-12-20,Salamanca,,Sur,16.0,baja,34.0,,ok,255149
3764.0,13/06/2025,COQUIMBO,Fraude,Sur,15.0,baja,46.0,TMP-002,,901826
3765.0,Dec-16-2024,La Serena,Accidente,NORTE,8.0,Media,45.0,TMP-002,sin validar,915575
3766.0,2025/07/26,Coquimbo,Accidente,Norte,13.0,ALTA,63.0,TMP-002,dato ingresado manualmente,283900
3767.0,2024/11/30,monte patria,robo,,4.0,Media,55.0,,dato ingresado manualmente,640235
3768.0,Sep-10-2024,Ovalle,Robo,Centro,4.0,Media,59.0,,ok,960497
3769.0,10/07/2024,ovalle,Robo,Norte,8.0,baja,14.0,ERROR,revisar,954452
3770.0,,SALAMANCA,,NORTE,,Alta,58.0,,sin validar,581031
3771.0,Jul-11-2025,coquimbo,Violencia,centro,18.0,Baja,44.0,,revisar,2291
3772.0,07/05/2025,ovalle,robo,Norte,2.0,Baja,26.0,TMP-002,,181006
3773.0,2025/11/19,illapel,Robo,centro,1.0,Alta,46.0,,ok,744521
3774.0,May-17-2025,Salamanca,Robo,Rural,17.0,ALTA,"48,0",ERROR,,949174
3775.0,Feb-26-2025,Coquimbo,Accidente,NORTE,13.0,Alta,62.0,,revisar,177084
3776.0,Feb-22-2024,Monte Patria,Robo,Sur,14.0,Baja,23.0,TMP-002,,407699
3777.0,2025-06-11,LA SERENA,Robo,,10.0,baja,"47,0",ERROR,sin validar,64971
3778.0,2024-10-12,OVALLE,Fraude,Rural,5.0,Baja,37.0,,revisar,683151
3779.0,26/03/2024,la serena,Fraude,Centro,7.0,baja,,TMP-002,ok,150535
3780.0,,ovalle,Hurto,Centro,1.0,nan,63.0,,,438460
3781.0,May-29-2025,VICUÑA,Robo,Sur,"2,0",,,ERROR,revisar,683271
3782.0,, COQUIMBO ,Violencia,,14.0,baja,51.0,TMP-002,sin validar,151410
3783.0,2024-07-17,coquimbo ,Hurto,Norte,2.0,  ,64.0,,ok,183810
3784.0,2025-02-26,SALAMANCA,robo,centro,12.0,Baja,63.0,TMP-002,ok,975536
3785.0,2025-12-16,Serena,Violencia,,14.0,ALTA,41.0,TMP-002,,794108
3786.0,Jun-16-2025,Montepatria,Accidente,Rural,3.0,Media,60.0,TMP-001,revisar,499584
3787.0,Jul-17-2025,LA SERENA,Fraude,NORTE,4.0,Baja,61.0,,,70941
3788.0,26/03/2025,Vicuña,Hurto,Rural,14.0,,43.0,,revisar,520789
3789.0,05/04/2024,Ovalle,,NORTE,4.0,Alta,19.0,ERROR,revisar,846018
3790.0,2024-01-05,andacollo,Robo,centro,3.0,Media,61.0,,,801375
3791.0,Nov-11-2024,Montepatria,Fraude,Sur,16.0,ALTA,15.0,,ok,418804
3792.0,2024/10/12,OVALLE,,Norte,5.0,Media,27.0,TMP-001,dato ingresado manualmente,757853
3793.0,31/01/2024,SALAMANCA,,Rural,10.0,,61.0,TMP-001,dato ingresado manualmente,278745
3794.0,2025-10-28,monte patria,  ,Norte,7.0,Alta,67.0,TMP-002,,476487
3795.0,2025-05-17,Illapel,Hurto,centro,0.0,Alta,58.0,TMP-001,,56036
3796.0,Dec-06-2025,la serena,Fraude,Centro,12.0,ALTA,57.0,,,475629
3797.0,Mar-02-2025,andacollo,Fraude,Centro,6.0,Media,59.0,ERROR,,667064
3798.0,16/05/2025,Ovalle,Fraude,NORTE,6.0,Alta,34.0,,sin validar,560038
,,SALAMANCA,robo,Sur,-3.0,Alta,52.0,TMP-001,,960804
3800.0,sin fecha,Montepatria,,NORTE,18.0,baja,49.0,ERROR,dato ingresado manualmente,652829
3801.0,13/06/2024, illapel ,Fraude,Rural,6.0,Baja,49.0,,revisar,3592
,2024/11/26,LaSerena,Fraude,,7.0,Baja,52.0,,sin validar,969742
3803.0,2025/12/29,Ovalle,Accidente,centro,8.0,,19.0,ERROR,revisar,570409
3804.0,2024-07-08,OVALLE,,,"10,0",baja,56.0,,,5649
3805.0,2025/07/21,COQUIMBO,Robo,,13.0,,69.0,TMP-002,,883475
3806.0,2025/06/13,salamanca,Accidente,NORTE,15.0,baja,23.0,,dato ingresado manualmente,857601
3807.0,,Vicuña,HURTO,Rural,7.0,Baja,68.0,TMP-001,sin validar,496882
3808.0,,SALAMANCA,,Rural,18.0,,64.0,TMP-002,ok,58188
,Oct-16-2025,Serena,,Norte,7.0,Alta,38.0,,sin validar,515956
3810.0,Dec-20-2024,Vicuña,robo,Rural,3.0,,37.0,TMP-001,dato ingresado manualmente,587513
3811.0,Oct-11-2025,LA SERENA,Fraude,Sur,5.0,ALTA,23.0,TMP-001,,142853
3812.0,Aug-11-2025,la serena,Robo,Rural,,Baja,130.0,ERROR,,237064
3813.0,2024-05-15,Vicuña,Violencia,Rural,9.0,ALTA,40.0,,dato ingresado manualmente,628068
3814.0,2024/01/24,Serena,Robo,Centro,13.0,Media,47.0,TMP-001,dato ingresado manualmente,108641
3815.0,Jan-02-2024,illapel,Accidente,Norte,8.0,,68.0,,sin validar,272471
,,Serena,Accidente,,3.0,Alta,28.0,TMP-001,sin validar,415710
,Feb-17-2024,COQUIMBO,Robo,centro,"3,0",Baja,30.0,ERROR,,490411
3818.0,Feb-02-2025,la serena,,Sur,6.0,Baja,20.0,,sin validar,169961
,2024/03/31,la serena,robo,Sur,12.0,ALTA,33.0,,,369544
3820.0,2025-04-27,vicuna,Hurto,centro,16.0,Media,37.0,,ok,350570
3821.0,2024-08-04,Monte Patria,Fraude,Rural,4.0,baja,30.0,TMP-002,,874189
3822.0,08/10/2025,OVALLE,,Norte,14.0,Media,64.0,TMP-002,,497014
3823.0,22/06/2024,Vicuña,FRAUDE,Sur,6.0,Media,66.0,TMP-002,dato ingresado manualmente,681241
,Sep-29-2025,LA SERENA,Accidente,Sur,-3.0,,22.0,TMP-002,sin validar,760769
3825.0,Apr-06-2025,COQUIMBO,Hurto,NORTE,13.0,,43.0,TMP-002,ok,742208
3826.0,14/06/2024,La Serena,Robo,Centro,18.0,ALTA,41.0,TMP-002,dato ingresado manualmente,666052
3827.0,2024/12/14,andacollo,Robo,Norte,10.0,Baja,38.0,,dato ingresado manualmente,714891
3828.0,Nov-22-2024,ovalle,Hurto,Norte,14.0,Baja,,ERROR,,66823
3829.0,2025-01-26,OVALLE,Robo,Norte,13.0,,41.0,,dato ingresado manualmente,287176
3830.0,Mar-31-2024,LA SERENA,,Centro,10.0,Media,39.0,,sin validar,949921
3831.0,,Illapel,  ,Norte,17.0,Alta,46.0,,revisar,28258
3832.0,06/08/2024,Coquimbo ,,NORTE,19.0,Media,55.0,ERROR,sin validar,672303
3833.0,Dec-16-2025,Coquimbo,,,19.0,Alta,65.0,ERROR,,194323
3834.0,09/09/2024,coquimbo,Accidente,Centro,9.0,Baja,64.0,TMP-002,revisar,286239
3835.0,2024/12/31,coquimbo,Fraude,Rural,nan,  ,53.0,,sin validar,824733
3836.0,12/01/2024,LaSerena,Fraude,centro,12.0,Media,25.0,,sin validar,803257
3837.0,2024/11/18,Coquimbo ,Fraude,Centro,4.0,Alta,20.0,TMP-001,revisar,563553
3838.0,,ovalle,Hurto,Centro,17.0,Alta,27.0,TMP-001,revisar,414614
3839.0,25/07/2025, Andacollo ,Robo,centro,16.0,,nan,TMP-001,dato ingresado manualmente,286137
3840.0,Apr-30-2024,SALAMANCA,Hurto,NORTE,12.0,,29.0,ERROR,revisar,293086
3841.0,Mar-19-2024,COQUIMBO,Hurto,,1.0,baja,49.0,ERROR,,365378
3842.0,Jan-20-2024,monte patria,robo,Sur,3.0,ALTA,33.0,TMP-002,sin validar,452986
3843.0,2024-07-16,Vicuña,,centro,1.0,alta,48.0,TMP-002,,594894
3844.0,Nov-29-2024,coquimbo,robo,Sur,16.0,  ,32.0,,,246827
3845.0,2024/08/12,MONTEPATRIA,Robo,Rural,"18,0",baja,29.0,,,288904
3846.0,Apr-03-2024,Ovalle,Hurto,Norte,9.0,,22.0,,,524066
3847.0,Nov-05-2024,Serena,Hurto, Centro ,1.0,Alta,60.0,TMP-002,,70397
3848.0,2024-05-03,Monte Patria,, NORTE ,12.0,baja,25.0,TMP-001,ok,799419
3849.0,2025/09/07,ovalle,Violencia,,17.0,Alta,"52,0",,sin validar,421879
3850.0,2024-12-01,Illapel,Accidente,Sur,15.0,,42.0,,,33903
3851.0,2025-12-24,LA SERENA,Robo, Centro ,18.0,Media,41.0,,,420439
3852.0,15/05/2025,la serena,robo,Norte,10.0,,15.0,TMP-001,revisar,770772
3853.0,2025/07/19,SALAMANCA,Hurto,Rural,16.0,Alta,50.0,ERROR,dato ingresado manualmente,33108
,2025-04-20,OVALLE,,Centro,4.0,,34.0,ERROR,,479710
3855.0,2025-05-26,vicuna,Robo,Centro,4.0,,22.0,ERROR,revisar,363922
,Oct-14-2025,monte patria,,Centro,9.0,,"59,0",ERROR,dato ingresado manualmente,681690
3857.0,19/05/2024,SALAMANCA,robo,Centro,"5,0",ALTA,29.0,,,278562
3858.0,2024-01-05,LA SERENA,Hurto,Centro,9.0,Baja,20.0,TMP-002,revisar,357216
3859.0,Jul-11-2025,OVALLE,,Centro,10.0,ALTA,58.0,,,237901
3860.0,sin fecha,andacollo,,centro,8.0,Baja,28.0,ERROR,revisar,248614
3861.0,May-27-2024,VICUÑA,Robo,Norte,2.0,,52.0,TMP-002,revisar,501548
3862.0,,Coquimbo ,Hurto,Norte,9.0,,21.0,,,407452
3863.0,,ovalle,,Norte,19.0,,55.0,ERROR,dato ingresado manualmente,763703
3864.0,2024-04-25,Salamanca,Violencia,Norte,5.0,baja,14.0,,ok,955101
3865.0,2025-04-21,Monte Patria,Robo,Centro,3.0,Baja,30.0,ERROR,,674029
3866.0,sin fecha,Illapel,robo,,14.0,baja,16.0,TMP-002,dato ingresado manualmente,239652
3867.0,2025/02/12,vicuna,,Centro,3.0,Baja,55.0,TMP-002,,550651
3868.0,2025/12/31,la serena,Robo, centro ,3.0,ALTA,27.0,TMP-002,,359088
3869.0,sin fecha,ovalle,Fraude,Sur,17.0,,45.0,TMP-001,revisar,601571
3870.0,,Coquimbo,Violencia,Rural,3.0,ALTA,25.0,,,3085
3871.0,22/09/2024,Monte Patria,Hurto,centro,8.0,Alta,,TMP-002,dato ingresado manualmente,308206
3872.0,Oct-23-2024,Salamanca,,,7.0,ALTA,52.0,ERROR,dato ingresado manualmente,205706
3873.0,2025-09-22,Montepatria,Robo,Norte,9.0,Baja,49.0,,,410395
3874.0,2024-11-09,Illapel,Violencia,centro,4.0,Baja,69.0,ERROR,,700296
3875.0,2025-12-17,COQUIMBO,robo,,17.0,Alta,58.0,ERROR,revisar,446268
3876.0,01/12/2024,LA SERENA,,Rural,4.0,Media,55.0,TMP-002,revisar,746230
3877.0,Dec-04-2024,La Serena,Violencia,Norte,13.0,Media,62.0,,sin validar,282450
3878.0,Jul-16-2024,ovalle,Robo,Sur,13.0,baja,58.0,ERROR,,140886
3879.0,2025-09-22,Monte Patria,,,10.0,,68.0,TMP-001,revisar,678502
3880.0,24/09/2025,VICUÑA, robo ,Rural,12.0,Baja,31.0,,,952107
3881.0,,vicuna,Accidente, NORTE ,14.0,Alta,20.0,ERROR,dato ingresado manualmente,362427
3882.0,sin fecha,LaSerena,,,13.0,ALTA,54.0,ERROR,ok,464925
3883.0,sin fecha,SALAMANCA,robo,Sur,2.0,Alta,53.0,TMP-001,dato ingresado manualmente,798255
3884.0,sin fecha,MONTE PATRIA,,Rural,12.0,Media,59.0,,revisar,614392
3885.0,2025-03-17,Monte Patria,Fraude,NORTE,13.0,ALTA,55.0,ERROR,,561413
3886.0,2025/12/08,vicuna,,centro,14.0,ALTA,17.0,TMP-002,dato ingresado manualmente,734777
3887.0,2025-04-24,Andacollo,Fraude,,7.0,,66.0,,,288684
3888.0,2024/09/05,VICUÑA,Accidente,NORTE,6.0,ALTA,37.0,,sin validar,264402
3889.0,Sep-20-2025,vicuna,Accidente,Norte,4.0,ALTA,31.0,TMP-002,,821561
3890.0,May-21-2025,Illapel,robo,centro,13.0,baja,38.0,ERROR,revisar,988955
3891.0,2024-07-01,SALAMANCA,,Centro,2.0,,33.0,TMP-002,,982100
3892.0,2025-08-21,LA SERENA,Violencia,Norte,15.0,ALTA,47.0,,ok,159517
3893.0,2025/01/26,la serena,,NORTE,6.0,baja,22.0,,ok,254097
3894.0,2024/07/20,illapel,robo,NORTE,"4,0",Media,22.0,,,446115
3895.0,sin fecha,OVALLE,robo,centro,8.0,Alta,27.0,ERROR,,486695
3896.0,2024/05/31,Andacollo,,Norte,13.0,baja,66.0,,dato ingresado manualmente,664967
3897.0,,Illapel,Fraude,NORTE,11.0,Alta,60.0,TMP-001,ok,670429
3898.0,Apr-03-2024,Andacollo,,Rural,2.0,baja,17.0,TMP-002,sin validar,21658
3899.0,05/11/2025,montepatria,robo,Centro,14.0,Alta,42.0,,sin validar,795350
3900.0,sin fecha,Salamanca,Fraude,centro,,Media,48.0,TMP-002,dato ingresado manualmente,355927
3901.0,2024-09-10,Vicuña,Fraude,Rural,6.0,Alta,26.0,,,106696
3902.0,Jul-10-2024,Serena,robo,Centro,11.0,,,,revisar,941718
,Mar-05-2024,vicuna,,,13.0,ALTA,24.0,TMP-001,dato ingresado manualmente,750642
3904.0,2025-02-06,Ovalle,,Rural,11.0,,39.0,,sin validar,815443
,2024/05/31,Coquimbo,Accidente, NORTE ,10.0,,55.0,,,380487
3906.0,Feb-19-2024,la serena,robo,,1.0,ALTA,57.0,TMP-001,dato ingresado manualmente,156907
,2025/12/10,LaSerena,Accidente,Norte,5.0,ALTA,62.0,TMP-001,sin validar,962921
3908.0,2024-09-08,OVALLE,robo,NORTE,4.0,ALTA,24.0,TMP-002,revisar,330419
3909.0,2024-08-18,Andacollo,,Rural,6.0,baja,22.0,ERROR,dato ingresado manualmente,780605
3910.0,26/05/2024,Andacollo,Accidente,centro,2.0,,16.0,,dato ingresado manualmente,739738
3911.0,2025/02/13,Serena,,Centro,9.0,Alta,-1.0,TMP-001,revisar,828305
3912.0,2024-02-03,Coquimbo ,ROBO,Norte,11.0,Alta,52.0,TMP-001,sin validar,752811
3913.0,,SALAMANCA,,NORTE,19.0,Media,53.0,TMP-002,,872592
3914.0,14/09/2024,LA SERENA,robo,Centro,9.0,Baja,"14,0",TMP-002,,459101
3915.0,,ovalle,Accidente,centro,11.0,ALTA,,,revisar,161219
3916.0,2025-05-01,Salamanca,,Norte,,Baja,26.0,ERROR,,104072
3917.0,2024-10-31,Salamanca,Fraude,Norte,18.0,,54.0,TMP-001,,209467
3918.0,2025-03-03,Illapel,robo,Rural,13.0,ALTA,17.0,TMP-002,ok,439198
3919.0,2025-01-06,Salamanca,robo,NORTE,5.0,Alta,"33,0",,revisar,829013
3920.0,2025-10-28,Andacollo,Fraude,Norte,17.0,Media,43.0,TMP-002,ok,35294
3921.0,Jun-03-2024,vicuna,robo,Centro,5.0,ALTA,14.0,TMP-001,ok,291805
3922.0,2025/07/07,la serena,Fraude,centro,14.0,ALTA,21.0,TMP-002,,15572
3923.0,02/09/2025,Salamanca,Robo,Norte,7.0,Alta,59.0,,ok,88748
3924.0,06/03/2025,monte patria,robo,Centro,,ALTA,45.0,TMP-002,,395124
3925.0,Jan-23-2024,La Serena,robo,Rural,16.0,Media,18.0,TMP-001,,395900
3926.0,2025-05-06,SALAMANCA,Violencia,NORTE,1.0,baja,66.0,TMP-001,revisar,698407
3927.0,2024-04-16,LA SERENA,  ,Rural,"4,0", ALTA ,34.0,,ok,231494
3928.0,2024-07-05,Ovalle,Accidente,,2.0,,47.0,,revisar,352153
3929.0,18/05/2025,Coquimbo,Fraude,NORTE,13.0,Baja,55.0,TMP-001,dato ingresado manualmente,348475
3930.0,,La Serena,Robo,,6.0,ALTA,29.0,ERROR,dato ingresado manualmente,104422
3931.0,2025/02/13,Montepatria,robo,Centro,13.0,baja,48.0,TMP-002,revisar,707494
3932.0,2025/07/29,andacollo,Violencia,,10.0,Alta,56.0,,dato ingresado manualmente,134816
3933.0,30/12/2024,vicuna,robo,Norte,19.0,Alta,,TMP-001,dato ingresado manualmente,28685
,28/06/2024,Montepatria,,Rural,6.0,ALTA,24.0,,revisar,816964
3935.0,2025/10/23,La Serena,robo,Norte,,,20.0,,dato ingresado manualmente,20843
3936.0,22/09/2024,montepatria,Robo,,,baja,31.0,,dato ingresado manualmente,155951
3937.0,07/08/2025,coquimbo,Accidente,Rural,"18,0",Baja,"56,0",,,175683
3938.0,2025/11/11,Serena,Fraude,Sur,5.0,baja,54.0,TMP-002,revisar,514481
3939.0,2025/08/17,VICUÑA,,,5.0,baja,57.0,,sin validar,708043
,2024/01/29,LA SERENA,Hurto,NORTE,14.0,ALTA,69.0,TMP-001,ok,378084
3941.0,2025-01-09,monte patria,,Centro,17.0,Media,"14,0",,,861133
3942.0,sin fecha,Ovalle,Fraude,NORTE,8.0,Media,130.0,TMP-002,,324331
3943.0,Oct-17-2024,monte patria,robo,Centro,19.0,Media,18.0,,sin validar,901681
3944.0,Aug-04-2024, vicuna ,Violencia,Rural,6.0,Media,21.0,TMP-001,,477741
3945.0,01/05/2025,Monte Patria,Violencia,Sur,19.0,Media,27.0,ERROR,revisar,209829
3946.0,Nov-12-2024, Coquimbo  ,Accidente,Rural,13.0,Media,52.0,TMP-001,dato ingresado manualmente,678112
3947.0,Dec-01-2024,Coquimbo ,Violencia,centro,2.0,,60.0,ERROR,,797966
3948.0,2025/07/04,LaSerena,robo,Sur,14.0,ALTA,36.0,TMP-001,sin validar,308707
3949.0,Oct-26-2025,LaSerena,Violencia,Centro,15.0,Alta,31.0,ERROR,dato ingresado manualmente,233589
3950.0,2025/01/08,OVALLE,Hurto,Centro,9.0,ALTA,41.0,,revisar,333556
3951.0,Mar-14-2025,Coquimbo,Hurto,NORTE,10.0,,39.0,TMP-002,dato ingresado manualmente,270768
3952.0,Nov-02-2024,Monte Patria,,centro,13.0,baja,18.0,,sin validar,35817
3953.0,2024-12-09,monte patria,Accidente,Rural,4.0,Media,-1.0,,,787141
3954.0,2024/08/27,coquimbo,Accidente,Rural,"10,0",baja,46.0,TMP-002,revisar,679070
3955.0,Jan-09-2025,VICUÑA,,,14.0,,17.0,TMP-001,revisar,23110
3956.0,2025-09-09,Montepatria,Hurto,,6.0,ALTA,65.0,,,383945
3957.0,10/02/2025,Ovalle,Accidente,NORTE,5.0,ALTA,62.0,ERROR,dato ingresado manualmente,710260
3958.0,,VICUÑA, nan ,Rural,13.0,Alta,27.0,TMP-002,,306110
3959.0,2025/06/06,Montepatria,Fraude,Sur,17.0,Baja,49.0,,,300693
3960.0,2024/05/13,LA SERENA,Violencia,Norte,8.0,ALTA,16.0,TMP-002,sin validar,484618
3961.0,2025-05-19, Coquimbo ,,,,Media,51.0,,,91110
3962.0,21/11/2025,monte patria,Fraude,Norte,5.0,ALTA,48.0,TMP-002,sin validar,192277
3963.0,2025/06/08,COQUIMBO,Accidente,centro,5.0,baja,65.0,ERROR,,605502
3964.0,sin fecha, OVALLE ,Violencia,Norte,2.0,baja,"66,0",TMP-002,revisar,313894
3965.0,Nov-02-2024,VICUÑA,Violencia,NORTE,14.0,Media,15.0,TMP-001,revisar,575637
3966.0,22/08/2025,Coquimbo,Fraude,Sur,10.0,,46.0,TMP-001,revisar,655208
3967.0,2025/04/24,ovalle,robo,Norte,18.0,,55.0,ERROR,revisar,112130
3968.0,2025/08/04, Salamanca ,robo,Sur,15.0,Alta,38.0,TMP-002,dato ingresado manualmente,860216
3969.0,sin fecha,vicuna,Accidente, Sur ,14.0,ALTA,56.0,ERROR,ok,95610
3970.0,Jul-01-2024,Andacollo,Fraude,NORTE,15.0,Alta,53.0,,,313435
3971.0,2025-03-05,Vicuña,Hurto,Rural,15.0,Media,52.0,,,904167
3972.0,05/06/2024,SERENA,Robo,Rural,3.0,Alta,,,sin validar,628037
3973.0,2025-03-07,illapel,robo, Rural ,5.0,Media,53.0,ERROR,,927362
3974.0,08/04/2024,Illapel,robo,Norte,2.0,ALTA,33.0,TMP-001,ok,488302
,2025-10-14,ovalle,Fraude,NORTE,14.0,baja,28.0,,ok,332802
3976.0,2025-02-12,La Serena,Violencia,Sur,1.0,baja,"69,0",ERROR,ok,156086
3977.0,21/09/2024,Andacollo,VIOLENCIA,,14.0,baja,17.0,TMP-002,,776497
3978.0,01/04/2025,Coquimbo,Accidente,Sur,, ALTA ,59.0,TMP-001,,141059
3979.0,,Andacollo,Robo,Norte,15.0,Alta,69.0,,,575684
3980.0,2025-03-02,Coquimbo,Robo,,3.0,baja,22.0,TMP-001,sin validar,318908
3981.0,13/06/2024,LA SERENA,Fraude,Norte,nan,Alta,31.0,,,685928
3982.0,,vicuna,Fraude,SUR,19.0,Alta,45.0,,revisar,553681
3983.0,Jan-10-2024,vicuna,robo,Rural,10.0,Alta,66.0,TMP-002,,412801
3984.0,Nov-29-2025,Vicuña,Violencia,NORTE,9.0,,36.0,TMP-002,revisar,209208
3985.0,2024-06-11,illapel,ROBO,NORTE,3.0,,17.0,,revisar,939022
3986.0,2024-08-09,monte patria,accidente,Sur,17.0,ALTA,48.0,TMP-001,dato ingresado manualmente,486243
3987.0,03/06/2025, COQUIMBO ,Fraude,NORTE,12.0,,40.0,TMP-002,,253339
3988.0,,Andacollo,,centro,13.0,,54.0,,,460330
3989.0,2025-05-10,monte patria,robo,Rural,19.0,Alta,16.0,TMP-002,,133559
3990.0,16/04/2024,LaSerena,Fraude,,8.0,,69.0,TMP-001,revisar,565728
3991.0,2024-04-11,Vicuña,Hurto,Norte,10.0,Media,44.0,TMP-002,revisar,930825
3992.0,27/03/2025,VICUÑA,Robo,NORTE,14.0,BAJA,40.0,ERROR,sin validar,689894
3993.0,2024-01-01,VICUÑA,Hurto,Rural,3.0,ALTA,17.0,,ok,492851
3994.0,2024/01/09,La Serena,Accidente,Centro,7.0,ALTA,37.0,,revisar,515544
3995.0,sin fecha,Vicuña,Violencia,centro,9.0,ALTA,26.0,TMP-002,sin validar,147632
3996.0,2025-02-01,Coquimbo ,,Rural,19.0,Media,"67,0",,ok,263939
,10/05/2025,LA SERENA,Violencia,Centro,9.0,Baja,50.0,,sin validar,970985
3998.0,2024/06/24,Andacollo,Hurto,Rural,9.0,,23.0,ERROR,sin validar,507903
3999.0,,Coquimbo ,Hurto,Centro,10.0,baja,64.0,,,915049
4000.0,2025/01/20,SALAMANCA,Accidente,NORTE,7.0,baja,26.0,ERROR,dato ingresado manualmente,886404
4001.0,,SALAMANCA,Fraude,NORTE,2.0,,20.0,,ok,686549
4002.0,sin fecha,COQUIMBO,Hurto,Rural,16.0,Baja,19.0,,,554600
4003.0,06/03/2025,illapel,Fraude,Rural,8.0,,20.0,ERROR,,951638
4004.0,Jun-08-2024, ovalle ,,Centro,16.0,Alta,19.0,TMP-001,revisar,357833
,22/08/2024,monte patria,Robo,Centro,4.0,baja,56.0,TMP-002,dato ingresado manualmente,795590
4006.0,Sep-01-2024,Vicuña,Hurto,,18.0,baja,50.0,,ok,300273
4007.0,13/04/2024,Coquimbo ,Accidente,Norte,1.0,Alta,51.0,TMP-001,dato ingresado manualmente,755271
4008.0,Aug-27-2024,vicuña,robo,,2.0,Baja,43.0,ERROR,sin validar,607433
4009.0,2025/06/09,Vicuña,Hurto,NORTE,1.0,,17.0,TMP-002,dato ingresado manualmente,887565
4010.0,2024-11-12,Monte Patria,,NORTE,16.0,Alta,28.0,TMP-001,,795933
4011.0,Jan-07-2025,Coquimbo,Hurto,Norte,"11,0",,30.0,TMP-001,sin validar,16819
4012.0,Jul-05-2025,monte patria,Robo,centro,3.0,baja,52.0,TMP-002,ok,46665
4013.0,,monte patria,,Centro,9.0,Media,64.0,ERROR,ok,983632
4014.0,2024-11-07,OVALLE,, Centro ,16.0,ALTA,51.0,TMP-002,revisar,574899
4015.0,Dec-11-2024,vicuna, Accidente ,Sur,0.0,ALTA,37.0,TMP-001,sin validar,298188
4016.0,02/03/2025,illapel,HURTO,Rural,8.0,ALTA,67.0,TMP-001,dato ingresado manualmente,427202
4017.0,2025/11/05,Serena, Violencia ,NORTE,19.0,Baja,23.0,,,177578
4018.0,2025-07-23,Montepatria,Accidente,Norte,5.0,baja,52.0,TMP-002,sin validar,67792
4019.0,2024-10-10,Coquimbo ,Hurto,Sur,7.0,ALTA,16.0,TMP-002,,608011
4020.0,Mar-06-2024,COQUIMBO,,Sur,nan,,48.0,TMP-001,revisar,651149
4021.0,,Montepatria,Hurto,centro,16.0,Baja,20.0,ERROR,,997087
4022.0,2025-11-17,LaSerena,Fraude,centro,12.0,baja,53.0,ERROR,ok,666005
4023.0,Aug-21-2025,illapel,,centro,14.0,baja,51.0,ERROR,ok,731746
4024.0,Jan-12-2025, VICUÑA ,Violencia,centro,14.0,Media,38.0,TMP-002,sin validar,849615
4025.0,,vicuna,Fraude,Centro,15.0,ALTA,64.0,ERROR,,31227
4026.0,,vicuna,Accidente,Rural,7.0,baja,23.0,TMP-002,,717969
4027.0,,Illapel,Robo,Sur,4.0,,53.0,TMP-002,,181225
4028.0,2025-10-16,Vicuña,,centro,15.0,,36.0,ERROR,revisar,392689
4029.0,Mar-11-2024,VICUÑA,Robo,centro,"16,0",Baja,56.0,ERROR,,563681
4030.0,2024/11/21,monte patria,,,6.0,Media,61.0,TMP-001,ok,998099
4031.0,2025-08-02,monte patria,VIOLENCIA,Norte,10.0,Alta,27.0,TMP-002,,103481
4032.0,03/04/2025,ovalle,,Centro,10.0, Media ,41.0,,dato ingresado manualmente,694480
4033.0,,illapel,Violencia,Rural,8.0,,61.0,,,887637
4034.0,2025-05-13,andacollo,robo,,10.0,baja,42.0,TMP-002,revisar,914470
4035.0,2024-01-04,Montepatria,robo,Centro,5.0,ALTA,62.0,TMP-002,sin validar,850118
4036.0,06/03/2024,la serena,Accidente,centro,3.0,baja,43.0,TMP-002,ok,567700
4037.0,Mar-22-2024,Salamanca,Hurto,Norte,6.0,Baja,63.0,TMP-001,sin validar,820404
4038.0,11/09/2024,Coquimbo ,,centro,11.0,BAJA,47.0,TMP-002,revisar,28411
4039.0,12/09/2024,andacollo,Accidente,Norte,8.0,Media,37.0,,,10956
4040.0,21/02/2025,Montepatria,robo,Sur,10.0,Media,62.0,TMP-002,revisar,138108
4041.0,2024/08/15,la serena,,Rural,3.0,Alta,49.0,,,991384
4042.0,2025/09/11,coquimbo,Hurto,Centro,1.0,baja,68.0,TMP-001,dato ingresado manualmente,490576
4043.0,,LaSerena,Fraude,CENTRO,3.0,Baja,17.0,,,55481
4044.0,Dec-02-2024,Monte Patria,Robo,Centro,2.0,baja,48.0,TMP-002,dato ingresado manualmente,524676
4045.0,sin fecha,OVALLE,robo,Centro,4.0,,40.0,TMP-001,revisar,629439
4046.0,Dec-06-2024,Vicuña,Accidente,Rural,12.0,,24.0,,ok,207026
4047.0,12/08/2024,la serena,,centro,,,23.0,TMP-002,,807410
4048.0,11/10/2024,LaSerena,Violencia,,3.0,,15.0,ERROR,sin validar,16097
4049.0,2025/03/17,Salamanca,Violencia,Norte,4.0,,56.0,,,454042
4050.0,2025/08/10,illapel,Accidente,Rural,2.0,Baja,64.0,,ok,802645
4051.0,20/07/2024,LA SERENA,ROBO,Norte,10.0,ALTA,46.0,TMP-001,revisar,28620
4052.0,,Serena,Fraude,Norte,19.0,Media,41.0,,ok,324258
4053.0,,Salamanca,,centro,9.0,baja,49.0,TMP-001,,813441
4054.0,2025/09/03,la serena,ROBO,centro,1.0,Alta,65.0,TMP-001,revisar,330848
4055.0,2024-11-17,la serena,,Rural,6.0,Baja,65.0,TMP-001,,2988
4056.0,2025-02-03,illapel,Robo,Sur,,Alta,58.0,TMP-002,,559207
4057.0,,ovalle,Robo,centro,"13,0",Baja,,TMP-001,,73253
4058.0,2025/09/03,Andacollo,,,19.0,Baja,14.0,,ok,130284
4059.0,2025/02/27,andacollo,Hurto,sur,14.0, nan ,36.0,,revisar,858477
4060.0,31/12/2024,SALAMANCA,Fraude,Sur,1.0,Media,51.0,TMP-002,,725020
4061.0,2024/07/18,Salamanca, robo ,Norte,10.0,ALTA,37.0,ERROR,,368777
4062.0,2024/11/28,OVALLE,Violencia,Rural,16.0,,"26,0",ERROR,sin validar,95495
4063.0,Jul-16-2025,VICUÑA,Hurto,Sur,12.0,,35.0,,,166276
4064.0,,la serena,Hurto,Centro,5.0,Media,39.0,,,493416
4065.0,28/01/2024,illapel,robo,Rural,,,,ERROR,ok,972174
4066.0,Feb-01-2025,la serena,Hurto,centro,1.0,Baja,51.0,TMP-001,,385220
4067.0,,LA SERENA,Accidente,centro,19.0,Baja,61.0,TMP-001,ok,487274
4068.0,2024-10-01,Ovalle,Fraude,centro,13.0,Media,48.0,TMP-001,sin validar,394673
4069.0,2025/01/18,Vicuña,violencia,Centro,7.0,baja,66.0,TMP-001,dato ingresado manualmente,336269
4070.0,,Vicuña,,Sur,12.0,ALTA,46.0,,,184273
4071.0,2025-10-23,ovalle,,,4.0,Alta,19.0,TMP-001,ok,694151
4072.0,2024-01-15,LA SERENA,ROBO,Sur,15.0,,57.0,,,513409
4073.0,,andacollo,robo,Rural,,Media,56.0,ERROR,revisar,815514
4074.0,21/04/2025,La Serena,,,4.0,Baja,53.0,,sin validar,341643
4075.0,02/07/2025,OVALLE,Robo,centro,15.0,Alta,62.0,TMP-002,,416274
4076.0,Oct-23-2024,LaSerena,Violencia,centro,19.0,,35.0,,ok,913853
4077.0,20/03/2024, Montepatria ,Robo,NORTE,6.0,Alta,69.0,,sin validar,899400
4078.0,Aug-10-2025,Ovalle,Fraude,Norte,11.0,ALTA,29.0,,ok,223828
4079.0,13/11/2024,Salamanca,robo,Sur,10.0,ALTA,55.0,TMP-001,sin validar,171771
4080.0,2024/02/11,vicuna,Accidente,Sur,7.0,Baja,66.0,TMP-001,sin validar,875768
4081.0,06/03/2025,LaSerena,Violencia,,"19,0",Baja,47.0,TMP-001,sin validar,647734
4082.0,2025-02-09,Coquimbo ,robo,Rural,15.0,Alta,23.0,,sin validar,720095
4083.0,2025-04-22,andacollo,Hurto,Sur,13.0,baja,45.0,TMP-002,dato ingresado manualmente,992956
4084.0,2024/07/05,andacollo,Hurto,Centro,9.0,Baja,20.0,,dato ingresado manualmente,380900
4085.0,02/07/2024,Coquimbo,,NORTE,19.0,NAN,14.0,TMP-002,revisar,569831
4086.0,Aug-08-2025,Ovalle,,Centro,9.0,Alta,51.0,,,62912
4087.0,04/02/2025,VICUÑA,Hurto,Rural,14.0,ALTA,28.0,,dato ingresado manualmente,821854
4088.0,sin fecha,andacollo,Robo,Centro,5.0,baja,63.0,,ok,732128
4089.0,,Montepatria,robo,NORTE,11.0,Baja,,,revisar,704726
4090.0,Jan-27-2025,la serena,Fraude,,1.0,,42.0,,dato ingresado manualmente,347306
4091.0,,Andacollo,Robo,Rural,18.0,baja,31.0,,dato ingresado manualmente,483769
4092.0,2024/11/30,illapel,robo,Centro,13.0,Baja,"39,0",TMP-001,dato ingresado manualmente,628231
4093.0,,andacollo,,Sur,19.0,ALTA,41.0,ERROR,,403484
4094.0,04/06/2024,Montepatria,hurto,,14.0,Alta,40.0,,,481483
4095.0,,Vicuña,Robo,Sur,10.0, Alta ,30.0,,revisar,429499
4096.0,06/06/2024,Coquimbo,Accidente,NORTE,19.0,Baja,45.0,ERROR,revisar,128930
4097.0,2025-04-26,Ovalle,Hurto,NORTE,4.0,ALTA,42.0,TMP-002,sin validar,480701
,2025/11/21,Salamanca,Robo,Centro,13.0,Media,5.0,,sin validar,320979
4099.0,12/07/2024,andacollo,,Centro,4.0,baja,33.0,,sin validar,927598
4100.0,Oct-08-2024,coquimbo,robo,Sur,5.0,ALTA,67.0,,revisar,111229
4101.0,2024-11-22,monte patria,Violencia,Rural,13.0,Alta,57.0,TMP-002,,888706
4102.0,Jun-04-2024,ovalle,Hurto,Norte,14.0,,63.0,TMP-001,sin validar,270221
,2024-08-23,Andacollo,robo,Norte,1.0,,,ERROR,,285759
4104.0,02/06/2025,LASERENA,Hurto,Norte,17.0,baja,57.0,TMP-001,,705145
4105.0,2024/03/05,La Serena,Violencia,Norte,,,53.0,TMP-002,sin validar,586615
4106.0,sin fecha,Salamanca,Violencia,Sur,3.0,ALTA,22.0,TMP-001,sin validar,124202
4107.0,Nov-12-2024,Ovalle,Fraude,Rural,3.0,Alta,60.0,TMP-002,,973131
4108.0,28/06/2025,Montepatria,robo,Sur,9.0,Alta,26.0,ERROR,ok,618646
4109.0,2025/11/09,Andacollo,Violencia,centro,5.0,Alta,51.0,TMP-002,dato ingresado manualmente,255811
4110.0,Jul-30-2024,Montepatria,Accidente,,16.0,Baja,34.0,TMP-002,ok,891065
4111.0,sin fecha,Coquimbo,,NORTE,5.0,Media,58.0,,,372897
4112.0,2025/03/02,Montepatria,Fraude,Rural,"16,0",ALTA,35.0,,ok,268078
4113.0,2025-04-25,la serena,Accidente,Centro,5.0,Baja,67.0,,dato ingresado manualmente,935899
4114.0,24/04/2024,VICUÑA,Fraude,Centro,3.0,ALTA,20.0,TMP-001,ok,243522
4115.0,Sep-14-2025,Coquimbo ,Violencia,,19.0,Media,29.0,,dato ingresado manualmente,517784
4116.0,2025/01/01,Andacollo,,,18.0,Baja,41.0,TMP-002,dato ingresado manualmente,737145
4117.0,,Vicuña,Fraude,Centro,10.0,Alta,45.0,,ok,470827
4118.0,2025/07/27,Vicuña,Robo,Rural,18.0,baja,22.0,,,96844
4119.0,sin fecha,Andacollo,,Rural,7.0,Alta,"31,0",TMP-002,ok,382413
4120.0,2025-10-20,illapel,Robo,Centro,4.0,Media,54.0,TMP-002,dato ingresado manualmente,455821
4121.0,2025/07/06,VICUÑA,Accidente,Rural,13.0,,59.0,ERROR,dato ingresado manualmente,655316
4122.0,26/12/2025, COQUIMBO ,,centro,7.0,,33.0,,dato ingresado manualmente,357286
4123.0,2025-08-05,monte patria,Accidente,Rural,6.0,,"48,0",TMP-002,,997748
4124.0,05/04/2024,Vicuña,,Centro,,,35.0,TMP-002,sin validar,641685
4125.0,May-19-2025,vicuna,Accidente,Norte,8.0,,44.0,ERROR,,586709
,2025/08/26,Coquimbo,Fraude,Sur,"9,0",ALTA,54.0,,,814330
4127.0,2025/12/24,COQUIMBO,,Centro,16.0,Baja,28.0,TMP-002,,976186
4128.0,2025/09/07,LaSerena,Fraude,centro,"16,0",Baja,17.0,TMP-001,revisar,724393
4129.0,07/10/2025,andacollo,,Sur,16.0,ALTA,"35,0",,sin validar,160491
4130.0,2024/09/18,Vicuña,Hurto,Centro,,,56.0,TMP-001,,982360
4131.0,,Monte Patria,Robo,,8.0,ALTA,41.0,ERROR,revisar,403284
4132.0,2025/04/10,coquimbo,robo,RURAL,16.0,Baja,60.0,,sin validar,444005
4133.0,,Monte Patria,,,14.0,Alta,63.0,,,120747
4134.0,sin fecha,vicuna,Fraude,Centro,17.0,,25.0,TMP-002,sin validar,115177
4135.0,2025-08-06,Coquimbo,robo,Rural,5.0,,40.0,TMP-002,sin validar,523575
4136.0,2025/04/10,vicuna,Robo,Sur,500.0,,58.0,,dato ingresado manualmente,340459
4137.0,2024/03/01,VICUÑA,Hurto,Sur,,Media,20.0,TMP-001,,794981
4138.0,19/05/2025,OVALLE,Fraude,Norte,1.0,,37.0,TMP-002,,690077
4139.0,05/01/2024,Illapel,Accidente,Norte,,Alta,29.0,,ok,428086
4140.0,,Salamanca,Fraude,centro,17.0,,40.0,TMP-001,sin validar,126981
4141.0,2025/07/12,LA SERENA,Robo,centro,11.0,,46.0,,ok,564940
4142.0,12/09/2025,Illapel,Violencia,Rural,17.0,Alta,24.0,,,72583
4143.0,17/11/2025,Monte Patria,Hurto,,1.0,Alta,33.0,TMP-002,sin validar,233560
4144.0,2025/10/31,Monte Patria,Robo,Sur,2.0,baja,25.0,ERROR,sin validar,564956
4145.0,2025-03-29,LA SERENA,Violencia,,6.0,baja,56.0,ERROR,revisar,927084
4146.0,2024/03/05,Vicuña,Violencia, Centro ,10.0,,41.0,ERROR,revisar,298989
4147.0,Oct-15-2025,COQUIMBO,Fraude,RURAL,3.0,,18.0,,,660189
4148.0,18/01/2024,coquimbo,Hurto,Centro,9.0,Baja,69.0,TMP-001,sin validar,291180
4149.0,2024/10/31,La Serena,ACCIDENTE,,13.0,ALTA,"59,0",ERROR,ok,819412
4150.0,Apr-04-2024,Coquimbo,Hurto,,15.0,baja,69.0,,,491730
4151.0,May-28-2025,Monte Patria,robo,NORTE,3.0,Media,22.0,TMP-001,,901939
4152.0,Dec-14-2024,Coquimbo,,CENTRO,18.0,Media,"28,0",TMP-001,ok,121580
4153.0,sin fecha,Coquimbo,Hurto,,8.0,Alta,19.0,TMP-002,,890757
4154.0,2025-11-16,Salamanca,robo,Sur,2.0,Alta,32.0,,sin validar,221834
4155.0,2024-02-29,Coquimbo ,,NORTE,4.0,baja,20.0,,dato ingresado manualmente,335957
4156.0,Oct-26-2025,andacollo,,Centro,3.0,Baja,60.0,,ok,49906
4157.0,,Coquimbo ,,Norte,8.0,Media,36.0,,sin validar,916732
4158.0,2024-05-21,SALAMANCA,ROBO,Centro,17.0,Alta,59.0,,revisar,584563
4159.0,2024-06-10,Salamanca,Accidente,centro,2.0,Media,26.0,TMP-002,dato ingresado manualmente,298287
4160.0,2024/10/27,Monte Patria,, NORTE ,12.0,,32.0,,revisar,618799
4161.0,2025/11/03,OVALLE,Hurto,centro,8.0,Baja,35.0,,,603758
4162.0,Mar-25-2024,Coquimbo ,Violencia,Sur,16.0,ALTA,47.0,TMP-001,sin validar,653556
4163.0,sin fecha,la serena,Fraude,,9.0,media,27.0,,,56468
,10/01/2025,La Serena,Violencia,Rural,8.0,Alta,41.0,ERROR,,638513
4165.0,2025/06/17,serena,Accidente,Sur,9.0,Alta,49.0,TMP-002,,38605
4166.0,2025/05/16,illapel,Fraude,Sur,18.0,,61.0,,,429835
4167.0,2025/08/16,Vicuña,Robo,  ,15.0,,58.0,,ok,977823
4168.0,2025/10/04,la serena,Fraude,Rural,6.0,Baja,22.0,TMP-002,revisar,993242
4169.0,2025-03-19,Coquimbo,Robo,Centro,8.0,Alta,34.0,,ok,343347
4170.0,Nov-04-2025,Coquimbo, Violencia ,,14.0,,41.0,,,381424
4171.0,11/06/2025,illapel,Hurto,Sur,12.0,,40.0,ERROR,revisar,615225
4172.0,2025/12/02,ovalle,Hurto,centro,8.0,,46.0,,sin validar,968083
,21/02/2024,monte patria,Hurto,,12.0,Baja,37.0,ERROR,,40918
4174.0,,la serena,robo,Norte,15.0,ALTA,15.0,,sin validar,129837
4175.0,Nov-11-2025,Coquimbo ,Robo,centro,1.0,,"55,0",,dato ingresado manualmente,731073
4176.0,10/03/2024,Serena,robo,,19.0,Alta,23.0,TMP-001,ok,403965
4177.0,2024/03/17,Andacollo,Violencia,Sur,1.0,ALTA,66.0,ERROR,revisar,836132
4178.0,31/07/2024,SALAMANCA,Violencia,NORTE,2.0,baja,,ERROR,sin validar,525924
4179.0,sin fecha,Vicuña,Hurto,centro,4.0,Media,29.0,ERROR,dato ingresado manualmente,861547
4180.0,sin fecha,OVALLE,FRAUDE,Sur,11.0,Media,52.0,,revisar,711254
4181.0,09/08/2024,Salamanca,Hurto,Norte,16.0,Media,46.0,,,20543
4182.0,,coquimbo,Hurto,Rural,4.0,baja,69.0,ERROR,ok,21321
4183.0,17/07/2025,vicuna,Violencia,centro,13.0,,27.0,,revisar,49575
4184.0,Nov-10-2025,Ovalle,Robo,centro,10.0,Alta,34.0,TMP-002,sin validar,356649
4185.0,2024/01/05,La Serena,robo,Rural,2.0, baja ,48.0,,,177360
4186.0,27/10/2024,Vicuña,Accidente,Sur,7.0,ALTA,41.0,,ok,504295
4187.0,20/01/2024,Montepatria,Violencia,,3.0,ALTA,"34,0",,ok,943285
,17/07/2024,Ovalle,Fraude,  ,3.0,ALTA,40.0,,,938830
4189.0,,SALAMANCA,Hurto,Centro,6.0,baja,65.0,,dato ingresado manualmente,556530
4190.0,03/11/2024,monte patria,,centro,7.0,baja,37.0,,revisar,472154
4191.0,2024/03/19,la serena,Hurto,Centro,11.0,baja,"24,0",ERROR,dato ingresado manualmente,25840
4192.0,2025-09-26,La Serena,Fraude,Norte,nan,Media,22.0,ERROR,dato ingresado manualmente,362223
4193.0,,SALAMANCA,Violencia,Centro,13.0,Alta,37.0,TMP-001,,533237
4194.0,2024/12/23,VICUÑA,Violencia,Rural,8.0,ALTA,20.0,,sin validar,729990
4195.0,,Serena,Robo,Norte,19.0,,63.0,,revisar,908759
4196.0,Sep-04-2024,LaSerena,Fraude,Rural,19.0,,29.0,ERROR,,204706
4197.0,,LaSerena,,Sur,"16,0",baja,38.0,TMP-002,,16076
4198.0,2024/10/02,ovalle,fraude,NORTE,10.0,baja,20.0,TMP-001,,503195
4199.0,May-05-2025,illapel,,Norte,11.0,,55.0,,,646689
4200.0,sin fecha,Montepatria,Hurto,,8.0,Media,41.0,,ok,248732
4201.0,2024/09/27,la serena,Robo,,5.0,baja,57.0,,dato ingresado manualmente,890884
4202.0,05/07/2025,VICUÑA,Hurto,Centro,"15,0",baja,15.0,TMP-002,,610753
4203.0,Oct-29-2025,ovalle,robo,Sur,"14,0",Baja,60.0,TMP-001,ok,324580
4204.0,2025-01-26,Ovalle,Accidente,,3.0,Baja,44.0,,,397931
4205.0,2024-11-19,Ovalle,robo,Rural,1.0,Alta,15.0,,revisar,887862
4206.0,16/11/2024,Ovalle,,Norte,15.0,Alta,48.0,TMP-002,,748772
4207.0,2024/12/26,Ovalle,Robo,centro,12.0,,33.0,ERROR,ok,466227
4208.0,Jan-16-2024,Salamanca,robo,Norte,19.0,Alta,59.0,,,229339
4209.0,Aug-23-2024,andacollo,,,15.0,Baja,15.0,TMP-002,,955648
4210.0,,Coquimbo,Hurto,Norte,1.0, Baja ,35.0,ERROR,revisar,705509
4211.0,07/02/2025,Monte Patria,robo,Norte,18.0,ALTA,57.0,,ok,664966
4212.0,09/10/2025,Coquimbo,Violencia,Centro,12.0,Alta,60.0,ERROR,sin validar,609906
4213.0,2025/07/28,La Serena,Violencia,Norte,"18,0",baja,46.0,TMP-002,dato ingresado manualmente,957136
4214.0,05/11/2024,Serena,,Centro,11.0,Media,130.0,ERROR,ok,134134
4215.0,sin fecha,OVALLE,Hurto,sur,18.0,baja,24.0,,dato ingresado manualmente,979183
4216.0,2024-10-16,LaSerena,Hurto,CENTRO,15.0,ALTA,55.0,,sin validar,334929
4217.0,,LA SERENA,NAN,Sur,1.0,ALTA,24.0,,ok,299024
4218.0,2024/09/20,Monte Patria,,,15.0,,38.0,TMP-001,ok,805150
4219.0,2024/10/19,Salamanca,Hurto,Centro,9.0,Baja,43.0,TMP-002,revisar,311641
4220.0,,Illapel,Robo,Centro,12.0,Baja,30.0,TMP-001,,125728
4221.0,12/11/2025,Coquimbo,Accidente,,8.0,ALTA,,TMP-001,dato ingresado manualmente,396038
4222.0,2025-06-22,Coquimbo,Fraude,Norte,11.0,baja,54.0,,revisar,48201
4223.0,2024-05-21,Monte Patria,Hurto,Sur,11.0,,21.0,TMP-001,sin validar,776769
4224.0,sin fecha,La Serena,Accidente,Norte,15.0,BAJA,42.0,,ok,479322
4225.0,2024/02/08,Montepatria,Fraude,Norte,16.0,baja,46.0,TMP-002,,522319
4226.0,,Monte Patria,Accidente,Sur,9.0,,33.0,ERROR,revisar,902513
4227.0,Oct-12-2024,OVALLE,,,3.0,Media,62.0,ERROR,sin validar,412189
4228.0,29/07/2025,monte patria,Robo,Sur,"17,0",Alta,19.0,,ok,833721
4229.0,2024-10-25,andacollo,Hurto,centro,3.0,Baja,38.0,,,988377
4230.0,sin fecha,Monte Patria, Robo ,Sur,1.0,Baja,"49,0",TMP-001,ok,986977
4231.0,16/04/2025,coquimbo,,Norte,5.0,Media,44.0,,,374109
,2024-07-08,la serena, Robo ,Rural,1.0,Media,59.0,TMP-002,revisar,231879
4233.0,08/11/2024,Coquimbo,Accidente,NORTE,,Alta,36.0,,ok,905188
4234.0,2024-11-01,Andacollo,Violencia,Norte,8.0,Baja,33.0,ERROR,dato ingresado manualmente,670946
4235.0,29/03/2025,illapel,Accidente,Sur,13.0,Baja,54.0,,dato ingresado manualmente,665175
4236.0,2024-07-01,Vicuña,ACCIDENTE,,10.0,ALTA,,,ok,882133
4237.0,Mar-05-2025,Ovalle,Violencia,Rural,6.0,,19.0,ERROR,ok,623892
4238.0,Jan-18-2024,illapel,Violencia,centro,10.0,,14.0,,,193337
4239.0,18/10/2025,LA SERENA,Hurto,Centro,,ALTA,14.0,TMP-002,,843852
4240.0,Jul-23-2024,La Serena,robo,NORTE,6.0,Alta,63.0,ERROR,sin validar,630937
4241.0,,Ovalle,Fraude,Sur,3.0,Alta,nan,TMP-001,revisar,357920
4242.0,2025-02-21,Vicuña,Accidente,Centro,9.0,Alta,66.0,,sin validar,71787
4243.0,2024-02-12,Illapel,Fraude,centro,,,44.0,ERROR,,355516
4244.0,Apr-04-2024,vicuna,Hurto,NORTE,15.0,ALTA,38.0,ERROR,,823024
4245.0,Aug-03-2024,andacollo,Accidente,NORTE,18.0,Media,68.0,ERROR,,186362
4246.0,05/08/2025,Illapel,robo,Centro,5.0,Alta,26.0,ERROR,,58321
4247.0,2025-06-28,Serena,Violencia,centro,19.0,,36.0,,revisar,593421
4248.0,,Illapel,Robo,Centro,8.0,,33.0,,,164104
4249.0,Feb-06-2024,Montepatria,Fraude,,2.0,ALTA,37.0,TMP-001,,377804
4250.0,May-02-2024,Vicuña,robo,,19.0,Alta,42.0,,revisar,813616
4251.0,08/04/2025,Salamanca,Violencia,Centro,19.0,,30.0,TMP-001,,654029
4252.0,2025-12-30,VICUÑA,Violencia,Centro,3.0,,24.0,ERROR,ok,24779
4253.0,,Ovalle,Accidente,centro,7.0,Alta,69.0,,,477453
4254.0,sin fecha,vicuna,,,6.0,baja,44.0,,revisar,908566
4255.0,2025-07-23,Illapel,Hurto,Rural,5.0,ALTA,44.0,TMP-002,,751750
4256.0,2024/12/13,Ovalle,Hurto,Centro,6.0,Baja,32.0,TMP-001,dato ingresado manualmente,265882
4257.0,Apr-17-2025,coquimbo,Hurto,Sur,15.0,Baja,44.0,TMP-002,ok,272109
4258.0,,Monte Patria,,NORTE,5.0,,40.0,ERROR,dato ingresado manualmente,322190
,,SALAMANCA,Fraude,NORTE,12.0,Alta,29.0,,,36319
4260.0,2024-05-10,monte patria,Fraude,,7.0,,40.0,,sin validar,738161
4261.0,11/12/2025,illapel,Violencia,Rural,10.0,Media,59.0,ERROR,sin validar,660192
4262.0,2024-11-15,Coquimbo,,centro,14.0,Baja,33.0,TMP-001,sin validar,420095
4263.0,2024/04/29, coquimbo ,,Norte,2.0,Alta,33.0,,ok,325605
4264.0,Aug-26-2024,COQUIMBO,Accidente,,"14,0",Alta,"18,0",,revisar,412056
4265.0,2024-02-24,coquimbo,robo,,7.0,,30.0,ERROR,sin validar,143217
4266.0,sin fecha,OVALLE,,Rural,8.0,ALTA,23.0,,,765578
4267.0,2025-08-19,VICUÑA,Accidente,centro,18.0,,36.0,TMP-002,revisar,552084
4268.0,19/06/2024,Ovalle,robo,Sur,14.0,Alta,51.0,,ok,78020
4269.0,2024/10/25, Coquimbo ,Fraude,centro,8.0,Baja,32.0,,revisar,38471
4270.0,Nov-02-2025,Ovalle,Accidente,Norte,12.0,baja,14.0,ERROR,,7355
4271.0,Feb-18-2025,LaSerena,,,11.0,Alta,40.0,ERROR,,137952
4272.0,2024/07/29,COQUIMBO,robo,Sur,"13,0",baja,47.0,,dato ingresado manualmente,5684
4273.0,Apr-11-2025,OVALLE,Fraude,NORTE,12.0,baja,28.0,ERROR,,816251
4274.0,sin fecha,Serena,robo,centro,16.0, baja ,46.0,,,924307
4275.0,Mar-26-2024,Serena,,Norte,11.0,baja,23.0,TMP-002,,31311
4276.0,2025-09-23,coquimbo,Violencia,,4.0,Media,35.0,TMP-001,revisar,607055
4277.0,22/12/2024,La Serena,Fraude, Centro ,,ALTA,43.0,ERROR,sin validar,348126
4278.0,2024-06-28,monte patria,Robo,,19.0,baja,55.0,,,195586
4279.0,2024/03/07,andacollo,,,3.0,Media,58.0,ERROR,,550785
,2024-08-01,VICUÑA,Violencia,Rural,8.0,,37.0,,,679424
,,monte patria,fraude,Rural,2.0,ALTA,69.0,,sin validar,336111
4282.0,,Andacollo,Violencia,,1.0,Media,52.0,TMP-001,dato ingresado manualmente,891502
4283.0,25/07/2025,illapel,Hurto,Rural,"19,0",alta,35.0,TMP-002,,576574
4284.0,May-26-2024,SALAMANCA,Accidente,Sur,13.0,Media,,,dato ingresado manualmente,63996
4285.0,03/10/2024,Andacollo,,Sur,18.0,,57.0,TMP-002,,198482
4286.0,2024/03/28,coquimbo,Fraude,Sur,12.0,ALTA,56.0,TMP-002,ok,50562
4287.0,sin fecha,LA SERENA,Hurto,Norte,14.0,BAJA,29.0,ERROR,,918967
4288.0,,COQUIMBO,Robo,Sur,17.0,Baja,47.0,,,401012
4289.0,2025-12-09,VICUÑA,Fraude,Norte,6.0,baja,,,revisar,183198
4290.0,Nov-16-2025,La Serena,Violencia,,15.0,Media,,,sin validar,563413
4291.0,14/08/2025,illapel,Hurto,Rural,1.0,Alta,47.0,,revisar,801682
4292.0,01/04/2025,coquimbo,Fraude,Norte,15.0,baja,58.0,TMP-001,dato ingresado manualmente,479135
4293.0,Mar-13-2025,Montepatria,Violencia,,5.0,,42.0,TMP-001,dato ingresado manualmente,50030
4294.0,2025-09-01,coquimbo,Robo,centro,3.0,baja,16.0,TMP-001,sin validar,590790
4295.0,2024/01/26,Coquimbo ,robo,Sur,16.0,baja,19.0,TMP-001,,614849
4296.0,May-01-2024,andacollo,Accidente,Centro,1.0, baja ,48.0,TMP-001,ok,347661
4297.0,16/11/2024,illapel,Hurto,Norte,8.0,Media,14.0,ERROR,sin validar,864649
4298.0,25/05/2024,Ovalle,,,7.0,Baja,52.0,,revisar,939101
4299.0,Mar-27-2025,Montepatria,Violencia,NORTE,3.0,Alta,38.0,TMP-001,dato ingresado manualmente,574855
4300.0,2025/02/27,andacollo,Robo,Sur,9.0,Alta,130.0,,,909018
4301.0,,SALAMANCA,,NORTE,14.0,ALTA,30.0,ERROR,ok,330005
4302.0,01/11/2025,Coquimbo ,Fraude,Sur,6.0,,19.0,TMP-001,,102092
4303.0,2024/01/04,LaSerena,Fraude,Rural,15.0,media,46.0,TMP-001,ok,966189
4304.0,,COQUIMBO,Accidente,Centro,11.0,,nan,TMP-002,dato ingresado manualmente,397434
4305.0,2025-04-07,Montepatria,Accidente,,"19,0",ALTA,38.0,TMP-002,ok,195990
4306.0,18/11/2025,Coquimbo ,Hurto,Norte,"2,0",,16.0,TMP-001,revisar,813846
4307.0,2024/06/20,Andacollo,,Norte,17.0,baja,30.0,TMP-001,sin validar,472338
4308.0,2024-02-01,LA SERENA,Hurto,NORTE,13.0,Media,49.0,ERROR,dato ingresado manualmente,349460
4309.0,2024-11-20, Andacollo ,Accidente,Sur,,baja,14.0,TMP-001,,712397
4310.0,,La Serena,Accidente,,8.0,ALTA,25.0,,,330697
4311.0,2025-05-26,Monte Patria,robo,Rural,"7,0",ALTA,52.0,TMP-002,ok,137183
4312.0,sin fecha,Illapel,Robo,Rural,7.0,baja,55.0,,ok,943954
4313.0,2025-07-14,illapel,Violencia,centro,3.0,Alta,31.0,,ok,479152
4314.0,sin fecha,Ovalle,,NORTE,12.0,baja,52.0,ERROR,,332874
4315.0,,SALAMANCA,,Norte,14.0,Media,69.0,ERROR,,806938
4316.0,,LA SERENA,Robo,RURAL,10.0,ALTA,47.0,,sin validar,868905
4317.0,Sep-19-2025,La Serena,,Centro,17.0,,66.0,,revisar,833982
4318.0,sin fecha,coquimbo,Accidente,centro,18.0,Alta,50.0,TMP-002,revisar,211528
4319.0,12/11/2024,Serena,Violencia,NORTE,11.0,Baja,23.0,,sin validar,294695
4320.0,Jan-30-2025,LA SERENA,Violencia,Centro,12.0,baja,20.0,TMP-002,revisar,498345
4321.0,2024-02-19,La Serena,Robo,Rural,17.0,ALTA,130.0,,revisar,227084
4322.0,2024/11/26,LaSerena,Violencia,centro,13.0,,64.0,ERROR,,519727
4323.0,2024/08/26,Coquimbo ,,Sur,4.0,ALTA,42.0,,,380118
4324.0,2024/09/29,Montepatria,robo,NORTE,,,48.0,,sin validar,279788
4325.0,2024-06-17,COQUIMBO,Hurto,Centro,,Baja,64.0,TMP-002,revisar,967717
4326.0,2024/07/12,La Serena, Robo ,centro,8.0,ALTA,51.0,ERROR,,206905
4327.0,2024-06-17,Andacollo,Fraude,centro,3.0,Alta,42.0,,sin validar,451145
4328.0,Sep-12-2024,coquimbo,Fraude,Sur,14.0,,59.0,,revisar,223219
4329.0,Jul-08-2024,andacollo,robo,Centro,"16,0",,60.0,,,223033
4330.0,2024/12/20,VICUÑA,Violencia,,15.0,Alta,14.0,TMP-001,dato ingresado manualmente,571936
4331.0,,Coquimbo ,Violencia,Norte,1.0,BAJA,39.0,ERROR,dato ingresado manualmente,824449
4332.0,2025/03/26,LaSerena,,,19.0,Baja,53.0,ERROR,,327699
4333.0,sin fecha,andacollo,Hurto,Rural,1.0,baja,48.0,TMP-002,sin validar,397874
4334.0,2024/10/26,Coquimbo ,accidente,NORTE,10.0,Media,50.0,,,635226
4335.0,2025/05/29,coquimbo,robo,Centro,6.0,Baja,56.0,,,157716
4336.0,2025/06/15,monte patria,robo,centro,12.0,Media,39.0,ERROR,ok,527678
4337.0,Apr-03-2024,SALAMANCA,,,5.0,,69.0,,revisar,208467
4338.0,Jul-10-2025,andacollo,Accidente,centro,2.0,,28.0,TMP-001,,176947
4339.0,sin fecha,vicuna,Robo,Sur,7.0,baja,33.0,TMP-002,dato ingresado manualmente,167637
4340.0,05/04/2024,vicuna,Fraude,Rural,3.0,ALTA,33.0,ERROR,ok,416891
4341.0,2025/02/12,Vicuña,Hurto,Rural,6.0,baja,41.0,TMP-001,ok,8754
4342.0,03/01/2025,Vicuña,Hurto,norte,9.0,Media,15.0,,sin validar,768997
4343.0,,vicuna,Fraude,Centro,8.0,baja,54.0,ERROR,sin validar,919478
4344.0,2025/03/29, illapel ,Hurto,Centro,16.0,ALTA,41.0,TMP-001,revisar,214642
4345.0,2025-03-16,illapel,,Norte,6.0,Baja,48.0,TMP-001,ok,554923
4346.0,2025-05-03,Vicuña,Hurto,centro,,,28.0,ERROR,,883261
4347.0,18/08/2025, Salamanca ,Robo,Norte,1.0,,46.0,,revisar,684185
4348.0,06/02/2024,COQUIMBO,Accidente,centro,13.0,Media,36.0,ERROR,ok,884644
4349.0,2025-12-10,la serena,Hurto,Sur,18.0,ALTA,42.0,ERROR,sin validar,351653
4350.0,,SALAMANCA,,,16.0,ALTA,30.0,TMP-001,,99540
4351.0,2025-06-26,VICUÑA,Fraude,Centro,3.0,ALTA,28.0,,,370961
4352.0,2024-06-07,LaSerena,Violencia,Sur,1.0,ALTA,48.0,TMP-001,dato ingresado manualmente,164808
4353.0,,Montepatria,Violencia,,1.0,,48.0,ERROR,,358544
4354.0,09/08/2025,ovalle,Accidente,NORTE,1.0,baja,44.0,,revisar,451900
,Feb-17-2024,Montepatria,Hurto,Centro,4.0,Alta,28.0,TMP-002,dato ingresado manualmente,394394
4356.0,2025/03/08,Salamanca,Robo,Norte,15.0,Baja,19.0,TMP-001,sin validar,119706
4357.0,09/09/2025,Salamanca,,,15.0,ALTA,65.0,TMP-001,dato ingresado manualmente,346588
4358.0,02/02/2024,Serena,Accidente,Norte,12.0,Alta,29.0,,revisar,938246
4359.0,2025/05/20,la serena,Violencia,centro,18.0,Alta,24.0,,,93930
4360.0,22/08/2024,monte patria, nan ,Sur,13.0, nan ,29.0,ERROR,sin validar,535795
4361.0,08/05/2024,LaSerena,,Rural,15.0,baja,,,dato ingresado manualmente,8038
4362.0,28/05/2025,Ovalle,Hurto,NORTE,3.0,,31.0,TMP-002,dato ingresado manualmente,462988
4363.0,sin fecha,COQUIMBO,Accidente,Centro,10.0,,38.0,ERROR,,417181
4364.0,2025/03/16,Andacollo,Fraude,NORTE,1.0,Media,62.0,TMP-002,,805522
4365.0,20/12/2025,Andacollo,robo,NORTE,1.0,  ,60.0,TMP-001,dato ingresado manualmente,852836
4366.0,2024-07-02,La Serena,hurto,centro,9.0,Alta,17.0,TMP-001,sin validar,950935
4367.0,2025-08-17,SALAMANCA,hurto,Rural,14.0,Baja,63.0,,,336710
4368.0,04/05/2025,Illapel,robo,Sur,"17,0",Media,37.0,TMP-002,dato ingresado manualmente,272387
4369.0,2025-03-19,Serena,robo,Norte,19.0,ALTA,47.0,,,697642
4370.0,2025-11-05,Monte Patria,Robo,,5.0,baja,62.0,TMP-001,,832659
4371.0,2025/05/15,COQUIMBO,robo,,11.0,ALTA,55.0,ERROR,sin validar,49483
4372.0,,monte patria,Hurto,NORTE,3.0,baja,16.0,,,393063
4373.0,2025/05/11,Andacollo,Accidente,Rural,4.0,baja,54.0,,sin validar,694340
4374.0,2024/01/01,La Serena,, Rural ,5.0,Media,66.0,TMP-001,,340003
4375.0,,Coquimbo ,robo,Norte,10.0,ALTA,32.0,ERROR,,81757
4376.0,23/01/2024,Andacollo,robo,NORTE,6.0,Baja,52.0,,sin validar,336194
4377.0,30/09/2024,Coquimbo,Violencia,Rural,8.0,Media,17.0,TMP-002,,591492
4378.0,2025/02/15,COQUIMBO,Robo,centro,16.0,baja,69.0,TMP-001,revisar,652392
4379.0,2025/07/16,Coquimbo,Hurto,Rural,,ALTA,50.0,,ok,193541
4380.0,01/08/2024,LA SERENA,Fraude,Sur,16.0,Baja,45.0,,revisar,539251
4381.0,Jun-27-2024,vicuna,Fraude,Rural,15.0,Baja,29.0,,ok,150803
4382.0,,LaSerena,Violencia,NORTE,1.0,Media,64.0,ERROR,,429912
4383.0,2024/04/18,Salamanca,robo,NORTE,9.0,Alta,67.0,TMP-002,sin validar,867589
4384.0,2024/08/06,LaSerena,Accidente,Rural,8.0,Alta,56.0,TMP-001,dato ingresado manualmente,643713
4385.0,25/04/2025,illapel,robo,Rural,8.0,ALTA,54.0,,sin validar,262025
4386.0,2024-01-12,SALAMANCA,Accidente,Centro,3.0,Baja,"37,0",TMP-002,,888886
4387.0,2024-12-04,Coquimbo ,Robo,Sur,18.0,,50.0,TMP-002,revisar,35101
4388.0,2024/04/09,Serena,Robo,Norte,14.0,Media,36.0,TMP-001,,74352
4389.0,Jan-20-2024,COQUIMBO,,NORTE,13.0,,"56,0",TMP-001,revisar,89579
4390.0,sin fecha,monte patria,robo,centro,5.0,,64.0,TMP-001,dato ingresado manualmente,696248
4391.0,Aug-07-2024,illapel,,Norte,4.0,baja,35.0,ERROR,sin validar,870053
4392.0,2025/02/20,VICUÑA,Robo,Rural,17.0,baja,29.0,ERROR,revisar,243965
4393.0,Jan-14-2024,LaSerena,,Sur,14.0,baja,25.0,TMP-001,,783217
4394.0,06/07/2024,OVALLE,Violencia,Norte,16.0,Media,57.0,TMP-001,sin validar,585839
4395.0,2025-02-17,Montepatria,Accidente,NORTE,14.0,Alta,36.0,,,605976
4396.0,2024-06-07,VICUÑA,Violencia,Sur,5.0,baja,45.0,ERROR,,180593
4397.0,Sep-06-2024,Salamanca,Violencia,CENTRO,15.0,Baja,66.0,,,132966
4398.0,2024-08-30,LaSerena,Hurto,Centro,19.0,baja,50.0,,,121815
4399.0,2024-01-11,LaSerena,Hurto,,4.0,baja,45.0,TMP-002,sin validar,954514
4400.0,2024/05/15,VICUÑA,Hurto,Rural,12.0,baja,55.0,,sin validar,989362
4401.0,2024/01/10,monte patria,violencia,rural,500.0,,26.0,,,330034
,May-29-2024,ovalle,,Rural,500.0,,28.0,,sin validar,217390
4403.0,11/03/2025,monte patria,Accidente,centro,14.0,ALTA,14.0,,dato ingresado manualmente,293377
4404.0,Jun-30-2024,Vicuña,Accidente,centro,,Baja,57.0,,ok,891712
4405.0,,Salamanca,robo,Norte,19.0,Media,"39,0",TMP-002,,755709
4406.0,sin fecha,illapel, Violencia ,Rural,10.0,Alta,16.0,TMP-001,,282967
4407.0,2024-07-24,La Serena,Accidente,Sur,7.0,Baja,21.0,,sin validar,692677
,23/02/2025,Ovalle,Robo,,11.0,ALTA,63.0,,,889125
4409.0,Jul-03-2024,SALAMANCA,robo,Rural,19.0,,35.0,,revisar,964927
4410.0,16/10/2025,Coquimbo,Accidente,Norte,7.0,Baja,23.0,,revisar,516257
4411.0,04/12/2025,andacollo,Accidente,NORTE,2.0,Alta,58.0,,ok,930164
4412.0,2024-07-17,VICUÑA,,centro,18.0,Baja,31.0,TMP-002,dato ingresado manualmente,767523
4413.0,2025/06/07,coquimbo,Violencia,Rural,2.0,Baja,53.0,,,467074
4414.0,Jun-19-2025,Coquimbo,Accidente,,1.0,Media,47.0,TMP-001,,584666
4415.0,2025/05/03,andacollo,Hurto,Sur,"12,0",Media,48.0,TMP-001,revisar,457826
4416.0,30/10/2025,illapel,Accidente,centro,1.0,baja,62.0,,,632400
4417.0,2024/06/04,la serena,Violencia,NORTE,10.0,Baja,30.0,,,278103
,,ovalle,robo,NORTE,5.0,baja,,ERROR,sin validar,300624
4419.0,,Ovalle,Accidente,Rural,3.0,Alta,52.0,ERROR,,881389
4420.0,2024-12-12,Illapel,, Norte ,7.0,Media,50.0,TMP-002,,990049
4421.0,,Coquimbo ,Robo,centro,16.0,Media,64.0,TMP-001,sin validar,465976
4422.0,Apr-14-2025,vicuna,Fraude,centro,2.0,baja,37.0,TMP-001,revisar,940259
4423.0,2025-09-25,Montepatria,robo,NORTE,"1,0",Alta,"67,0",TMP-001,ok,608247
4424.0,Feb-18-2025,La Serena,Violencia,Sur,18.0,Baja,27.0,TMP-001,revisar,537535
4425.0,Oct-24-2024,coquimbo,Accidente,Sur,19.0,,58.0,,dato ingresado manualmente,224872
4426.0,Nov-22-2025,Coquimbo,Violencia,Rural,18.0,Media,57.0,,dato ingresado manualmente,630117
4427.0,2024-11-21,coquimbo,,NORTE,5.0,,55.0,TMP-002,,30301
4428.0,May-06-2025,COQUIMBO,,centro,3.0,media,41.0,TMP-002,sin validar,715608
4429.0,sin fecha,Serena,Accidente,Sur,13.0,Alta,68.0,,ok,782194
4430.0,2024-06-30,OVALLE,Hurto,NORTE,5.0,ALTA,15.0,TMP-001,sin validar,25999
4431.0,Oct-29-2025,Montepatria,Fraude,Sur,14.0,,61.0,ERROR,revisar,567734
4432.0,07/07/2025,LaSerena,Violencia,Norte,5.0,baja,56.0,ERROR,sin validar,129015
4433.0,21/12/2025,Coquimbo ,Fraude,Norte,16.0,baja,47.0,,,248215
4434.0,22/06/2024,LaSerena,Fraude,NORTE,15.0,Alta,47.0,TMP-002,dato ingresado manualmente,305790
4435.0,Feb-08-2025,Ovalle,,centro,8.0,Media,"39,0",ERROR,revisar,66723
4436.0,13/10/2024,Vicuña,robo,Norte,19.0,,31.0,,,919693
4437.0,2025-05-15,coquimbo,Hurto,Norte,18.0,ALTA,64.0,TMP-002,revisar,462544
4438.0,,La Serena,,centro,5.0,Media,57.0,,ok,819118
4439.0,2024-08-12,Serena,,Sur,,Alta,30.0,TMP-002,ok,352320
4440.0,2025/12/27,LA SERENA,Hurto,Sur,"7,0",Alta,68.0,,revisar,181866
4441.0,16/05/2025,Vicuña,Robo,NORTE,19.0,baja,44.0,TMP-002,sin validar,28346
4442.0,,ILLAPEL,Violencia,Sur,,Baja,17.0,TMP-001,ok,737962
4443.0,19/02/2025,Ovalle,Fraude,Rural,15.0,Alta,53.0,,revisar,715171
,,monte patria,Robo,Rural,15.0,ALTA,42.0,,ok,75154
4445.0,Mar-14-2025,Andacollo,robo,NORTE,5.0,Media,62.0,,sin validar,718177
4446.0,Jun-25-2025,Monte Patria, Hurto ,,4.0,baja,53.0,TMP-001,dato ingresado manualmente,355690
4447.0,2025/12/05,andacollo,accidente,norte,5.0,Baja,28.0,ERROR,ok,942143
4448.0,13/06/2025,Serena,Accidente,,6.0,Baja,60.0,ERROR,ok,570460
4449.0,sin fecha,monte patria,Violencia,Sur,15.0,ALTA,48.0,TMP-002,dato ingresado manualmente,213762
4450.0,05/03/2024,Salamanca,Violencia,Norte,2.0,Media,65.0,TMP-001,,364243
4451.0,2024/01/13,COQUIMBO,,Centro,2.0,Baja,"44,0",TMP-002,dato ingresado manualmente,689986
4452.0,12/04/2024,illapel,Fraude,Norte,14.0,Media,68.0,,dato ingresado manualmente,844757
4453.0,2025-02-28,Andacollo,robo,centro,5.0, ALTA ,23.0,,dato ingresado manualmente,973581
4454.0,2024-08-02,ovalle,Fraude,Centro,12.0,Media,63.0,TMP-002,,277768
4455.0,Apr-23-2024,andacollo,Fraude,Norte,9.0,Baja,5.0,TMP-002,dato ingresado manualmente,964885
4456.0,,andacollo,,NORTE,16.0,Alta,66.0,,dato ingresado manualmente,505477
4457.0,,LA SERENA,Robo,NORTE,11.0,Media,37.0,TMP-002,,790656
4458.0,2024-01-21,Monte Patria,,Rural,8.0,,19.0,,sin validar,38058
4459.0,2025/02/16,La Serena,robo,Rural,12.0,,39.0,ERROR,,12118
4460.0,sin fecha,Vicuña,Violencia,,"9,0",ALTA,24.0,ERROR,,234704
4461.0,Jan-27-2025,vicuna,Fraude,Rural,18.0,,67.0,TMP-001,revisar,471047
4462.0,2024/06/08,ovalle,Violencia,Centro,13.0,Alta,"45,0",ERROR,dato ingresado manualmente,179299
4463.0,05/04/2024,monte patria,violencia,NORTE,16.0,,20.0,TMP-002,dato ingresado manualmente,125939
4464.0,,Montepatria,,Centro,18.0,Alta,39.0,TMP-001,,66521
4465.0,Jul-07-2025,Ovalle,,NORTE,3.0,ALTA,44.0,,,727132
4466.0,24/04/2025,Andacollo,Accidente,Centro,10.0,ALTA,27.0,,dato ingresado manualmente,718618
4467.0,15/12/2025,Salamanca,Accidente,NORTE,13.0,Alta,29.0,ERROR,,582357
4468.0,Apr-02-2024,COQUIMBO,Robo,CENTRO,6.0,Media,17.0,TMP-001,dato ingresado manualmente,395186
4469.0,2024-12-31,Illapel,,Norte,8.0,Baja,28.0,TMP-002,,435724
4470.0,sin fecha,Monte Patria,Violencia,,8.0,ALTA,57.0,,revisar,984018
4471.0,2024/05/08,Coquimbo ,Accidente,,13.0, ALTA ,,,ok,243190
4472.0,2025-09-29,Coquimbo ,Fraude,centro,3.0,Media,25.0,,,609228
4473.0,2025-03-06,ovalle,,Centro,"6,0",ALTA,35.0,TMP-001,revisar,493508
4474.0,sin fecha,COQUIMBO,Robo,CENTRO,9.0,Alta,"60,0",TMP-002,,247311
4475.0,2025/01/31,Monte Patria,Accidente,Rural,15.0,Alta,49.0,,,285301
4476.0,sin fecha,COQUIMBO,Accidente,Centro,"1,0",,16.0,TMP-001,,741074
4477.0,sin fecha,LaSerena,Violencia,Sur,17.0,,55.0,,revisar,53235
4478.0,Dec-24-2024,SALAMANCA,Accidente,,3.0,Baja,61.0,,sin validar,34685
4479.0,2025-07-17,vicuna,,,8.0,,25.0,ERROR,,75870
4480.0,2024-11-30,Coquimbo ,Violencia,NORTE,16.0,Alta,49.0,ERROR,revisar,379036
4481.0,Oct-04-2025,Coquimbo ,Robo,Sur,14.0,Baja,54.0,TMP-002,sin validar,830034
4482.0,Nov-27-2024,Vicuña,Violencia,Sur,19.0,Media,"37,0",TMP-002,ok,846978
4483.0,05/06/2025,andacollo,Accidente,Norte,19.0,Baja,43.0,,revisar,707911
4484.0,2024-12-02,andacollo, Hurto ,Norte,6.0,baja,20.0,ERROR,sin validar,96694
4485.0,,Coquimbo,Hurto,,11.0,Media,15.0,TMP-002,,336199
4486.0,2025-09-11,monte patria,robo,,,Alta,46.0,TMP-002,dato ingresado manualmente,523926
4487.0,12/01/2025,OVALLE,Robo,NORTE,6.0,Alta,53.0,,ok,951767
4488.0,Sep-11-2024,Andacollo,Fraude,Centro,5.0,Baja,14.0,,ok,355000
4489.0,2024-05-21,Monte Patria,Fraude,centro,2.0,Baja,59.0,ERROR,ok,270462
4490.0,sin fecha,vicuna,Hurto,Centro,1.0,Baja,61.0,TMP-002,dato ingresado manualmente,776707
4491.0,20/01/2025,Serena,Violencia,NORTE,,Media,42.0,ERROR,,365678
4492.0,2024/11/23,MONTE PATRIA, Hurto ,Sur,7.0,ALTA,60.0,TMP-002,,711642
4493.0,Jul-13-2024,Ovalle,Violencia,Norte,9.0,,60.0,TMP-002,,356750
4494.0,Feb-06-2025,monte patria,Accidente,Rural,,Baja,36.0,,dato ingresado manualmente,48160
4495.0,2025/05/21, andacollo ,,centro,12.0,Baja,38.0,,dato ingresado manualmente,646194
4496.0,2025/01/23,Vicuña,Accidente,centro,16.0,,66.0,,,155030
4497.0,Mar-31-2024,andacollo,Fraude,Norte,8.0,Media,49.0,TMP-001,dato ingresado manualmente,756168
4498.0,Dec-21-2025,Coquimbo,,,500.0,Baja,27.0,,,665376
4499.0,sin fecha,LaSerena,,Norte,4.0,,31.0,TMP-001,ok,272703
4500.0,Jun-05-2024,coquimbo,Hurto,NORTE,4.0,Alta,34.0,,,350571
4501.0,,vicuna,Violencia,Sur,10.0,Media,32.0,,revisar,754351
4502.0,Apr-20-2025,VICUÑA,robo,NORTE,4.0,baja,41.0,,revisar,813214
4503.0,15/02/2025,SALAMANCA,,,10.0,Media,61.0,ERROR,,13724
4504.0,2024-02-02,Montepatria,hurto,NORTE,,Alta,17.0,ERROR,,477590
4505.0,sin fecha,Andacollo,robo,Rural,2.0,ALTA,38.0,ERROR,ok,588142
4506.0,2024-12-15,Ovalle,Accidente,Centro,4.0,Baja,22.0,,dato ingresado manualmente,552565
4507.0,2025/11/23,la serena,Accidente,NORTE,9.0,,33.0,,sin validar,878662
4508.0,,Coquimbo,,NORTE,19.0,ALTA,34.0,,ok,330026
4509.0,2025-07-02,salamanca,,NORTE,6.0,ALTA,,TMP-002,revisar,212393
4510.0,,LaSerena,Robo,,1.0,alta,56.0,TMP-001,sin validar,2625
4511.0,2025/07/28,VICUÑA,Accidente,Centro,,Baja,55.0,TMP-001,revisar,445918
4512.0,2024-12-30,la serena,Violencia,Norte,12.0,baja,66.0,,,706689
,05/10/2024,ovalle,Accidente,NORTE,11.0,Baja,64.0,ERROR,revisar,569794
,2025/09/27,ovalle,robo,Rural,10.0,ALTA,53.0,TMP-002,revisar,446475
4515.0,sin fecha,Salamanca,Robo,,10.0,ALTA,32.0,TMP-002,dato ingresado manualmente,824382
4516.0,Dec-27-2024,Montepatria,Fraude,Norte,7.0,Media,"46,0",,ok,240215
4517.0,2025/03/28,vicuna,Fraude,,3.0,Alta,,,,619105
4518.0,,Coquimbo,Hurto,,5.0,Media,61.0,,ok,618406
4519.0,2025-01-07,coquimbo,Violencia,Sur,6.0,Baja,45.0,TMP-002,,153844
4520.0,03/07/2025,la serena,Fraude,Sur,9.0,Alta,27.0,,dato ingresado manualmente,22819
4521.0,2024-02-02,ovalle,robo,NORTE,7.0,Media,48.0,TMP-001,,482374
4522.0,sin fecha,Vicuña,Hurto,NORTE,8.0,,41.0,TMP-001,revisar,24916
4523.0,12/02/2024,Serena,Hurto,centro,9.0,ALTA,26.0,TMP-002,revisar,488708
4524.0,2024-10-21,Ovalle,Fraude,Centro,15.0,,42.0,,sin validar,49008
4525.0,17/02/2025,Vicuña,,Centro,2.0,ALTA,"42,0",ERROR,,647968
4526.0,2025/01/15,SALAMANCA,Robo,centro,12.0,Baja,67.0,,revisar,857153
4527.0,sin fecha,illapel,Violencia,Norte,11.0,Alta,26.0,ERROR,sin validar,813316
4528.0,2024/04/18,Coquimbo ,robo,Sur,14.0,,66.0,TMP-001,sin validar,858771
4529.0,2025/03/15,SALAMANCA,robo,,16.0,alta,,TMP-002,,706563
4530.0,2025/11/04,VICUÑA,violencia,,12.0,baja,41.0,,dato ingresado manualmente,280893
4531.0,2025/11/12,Ovalle,Robo,NORTE,19.0, Baja ,24.0,,revisar,845708
4532.0,23/03/2024,Coquimbo,,Sur,2.0,Media,,TMP-002,,434285
4533.0,12/07/2025,Serena,Robo,Centro,16.0,,57.0,,,450781
4534.0,2025-02-02,vicuna,Robo,Rural,13.0,Baja,55.0,TMP-002,revisar,580737
4535.0,,OVALLE,Fraude,Centro,8.0,ALTA,14.0,TMP-001,dato ingresado manualmente,140507
4536.0,Aug-01-2024,Vicuña,Robo,Rural,8.0,Media,55.0,ERROR,ok,839656
4537.0,sin fecha,VICUÑA,Fraude,,3.0,Baja,18.0,TMP-001,,596720
4538.0,Aug-06-2024,COQUIMBO,robo,Rural,14.0,Baja,41.0,TMP-002,ok,877414
4539.0,sin fecha,COQUIMBO,Fraude,norte,15.0,,57.0,,,564213
4540.0,2024-12-18,Andacollo,Accidente,Sur,17.0,,61.0,ERROR,revisar,837278
4541.0,06/04/2024,Montepatria,Robo,Sur,8.0,,53.0,ERROR,sin validar,885802
4542.0,sin fecha,Coquimbo ,robo,centro,14.0,,24.0,TMP-002,sin validar,567393
4543.0,Nov-09-2025,SALAMANCA,robo,,4.0,Alta,46.0,,,721401
,2025/04/11,Serena,robo,Norte,7.0,baja,14.0,,revisar,827767
4545.0,2025-01-19,Coquimbo ,fraude,Centro,9.0,Baja,60.0,TMP-002,sin validar,425004
4546.0,Aug-14-2024,coquimbo,Fraude,Norte,19.0,,41.0,TMP-001,revisar,220113
4547.0,,Montepatria,,Norte,12.0,ALTA,31.0,,,640492
4548.0,sin fecha,andacollo,Fraude,Rural,19.0,,50.0,TMP-001,,220982
4549.0,Sep-01-2024,COQUIMBO,Violencia,Rural,"11,0",baja,44.0,TMP-002,,646046
4550.0,Oct-13-2024,ovalle,Accidente,NORTE,14.0,Media,29.0,,revisar,332536
4551.0,2025/09/28,Serena,Hurto,centro,"6,0",Media,24.0,ERROR,dato ingresado manualmente,326958
4552.0,sin fecha,andacollo,,Sur,19.0,,"68,0",,revisar,558585
4553.0,,Illapel,Violencia,centro,8.0,baja,52.0,TMP-001,sin validar,919359
4554.0,2024/09/12,Monte Patria,Violencia,NORTE,15.0,Alta,61.0,,,489032
4555.0,2024/01/10,La Serena,Hurto,NORTE,18.0,Media,40.0,TMP-002,sin validar,108895
4556.0,02/11/2024,ovalle,Robo,Rural,8.0,,5.0,,ok,934514
4557.0,,andacollo,accidente,Norte,13.0,baja,14.0,ERROR,ok,467264
4558.0,2024-06-03, Vicuña ,Fraude,Rural,6.0,Baja,59.0,ERROR,,58124
4559.0,Apr-13-2025,Andacollo,robo,,0.0,baja,32.0,ERROR,dato ingresado manualmente,414409
4560.0,,coquimbo,robo,,5.0,,30.0,,revisar,818848
4561.0,26/09/2025,SALAMANCA,,Centro,15.0,ALTA,57.0,TMP-002,,181853
4562.0,2025-11-08,la serena,Fraude,Norte,1.0,,17.0,,dato ingresado manualmente,75033
4563.0,2025-12-16,Coquimbo ,Robo,centro,19.0,ALTA,50.0,,,856728
4564.0,,coquimbo,Accidente,Centro,18.0,ALTA,20.0,,revisar,340375
4565.0,18/11/2025,ovalle,Hurto,NORTE,"17,0",ALTA,59.0,,ok,710570
4566.0,,VICUÑA,Accidente,NORTE,4.0, Baja ,"27,0",ERROR,,741436
4567.0,2024/01/04,SALAMANCA,robo,Centro,13.0,Baja,33.0,TMP-001,ok,445031
4568.0,27/03/2024,Monte Patria,Hurto,NORTE,3.0,,48.0,,revisar,674021
4569.0,28/06/2025,vicuna,,centro,"6,0",Alta,69.0,,revisar,109318
4570.0,,ovalle,,norte,7.0,Baja,26.0,TMP-002,revisar,919296
4571.0,2024/11/19,ovalle,,Centro,,ALTA,57.0,TMP-001,ok,18101
4572.0,sin fecha,monte patria,fraude,Sur,5.0,Alta,29.0,TMP-002,,879287
4573.0,May-27-2025,vicuna,Accidente,Rural,11.0,ALTA,16.0,,ok,164187
4574.0,2024/11/15,andacollo,robo,Norte,16.0,ALTA,33.0,ERROR,,582281
4575.0,2025-02-13, ovalle ,Robo,Sur,18.0,Alta,21.0,ERROR,,959680
4576.0,,Ovalle,robo,Sur,17.0,baja,28.0,,revisar,424787
4577.0,2024/01/08,Serena,,,8.0,Alta,63.0,ERROR,revisar,820264
4578.0,,illapel,Robo,Rural,3.0,Media,41.0,,dato ingresado manualmente,506440
4579.0,sin fecha,LaSerena,Accidente,Norte,3.0,Baja,63.0,,,700106
4580.0,2025/06/23,la serena,Fraude,Centro,,baja,16.0,TMP-002,ok,729120
4581.0,2024/12/26,COQUIMBO,robo,centro,13.0,Alta,34.0,TMP-002,,122008
4582.0,03/04/2025,La Serena,Violencia,Sur,6.0,baja,"14,0",TMP-001,ok,526069
4583.0,17/11/2025, vicuna ,,Norte,4.0,Alta,66.0,,,857644
4584.0,2024-05-15,illapel,robo,centro,10.0,baja,66.0,ERROR,dato ingresado manualmente,283111
4585.0,2025/08/27,Montepatria,Fraude,Sur,12.0,,60.0,,revisar,377172
4586.0,2025-07-19, LaSerena ,Accidente,Norte,16.0,,14.0,,dato ingresado manualmente,886745
,May-03-2025,Illapel,Accidente,NORTE,10.0,Media,30.0,,,839678
4588.0,2025-09-16,Andacollo,hurto,Rural,14.0,ALTA,55.0,ERROR,sin validar,936237
4589.0,2025/06/24,VICUÑA,,,,,21.0,TMP-001,sin validar,517270
4590.0,,LaSerena,robo,centro,8.0,Baja,,TMP-002,sin validar,141948
4591.0,28/07/2024,coquimbo,,centro,7.0,ALTA,,,dato ingresado manualmente,454929
4592.0,,monte patria,Robo,Sur,10.0,,34.0,,,187056
4593.0,2025-09-04,coquimbo,,centro,8.0,ALTA,48.0,TMP-001,dato ingresado manualmente,963379
4594.0,2024/06/23,OVALLE,Accidente,Norte,"2,0",  ,23.0,ERROR,ok,211464
4595.0,Oct-16-2024,OVALLE,robo,Rural,3.0,Baja,45.0,,dato ingresado manualmente,495916
4596.0,,andacollo,Robo,Sur,6.0,,43.0,,dato ingresado manualmente,819212
4597.0,,Coquimbo,,Norte,19.0,ALTA,56.0,TMP-002,sin validar,807544
4598.0,2025/08/29, Vicuña ,Violencia,Sur,,Baja,51.0,TMP-001,ok,202906
4599.0,26/07/2024,La Serena,hurto,Sur,"14,0",baja,65.0,ERROR,ok,887612
4600.0,18/03/2025,OVALLE,,Centro,2.0,Alta,24.0,TMP-002,,563481
4601.0,Jun-22-2025,LaSerena,Fraude,Rural,2.0,,41.0,TMP-001,revisar,760032
4602.0,2025/07/05,Illapel,Violencia,Centro,19.0,Baja,18.0,TMP-002,dato ingresado manualmente,137258
4603.0,,Salamanca,,Sur,2.0,baja,18.0,,,399695
4604.0,Jan-27-2025,Coquimbo,Robo,NORTE,17.0,baja,16.0,TMP-001,,959789
4605.0,Jun-01-2024,ovalle,Accidente,centro,6.0,baja,17.0,,,32019
4606.0,05/11/2025,illapel,robo,Sur,2.0,ALTA,63.0,ERROR,,469180
4607.0,Jan-10-2025,Coquimbo ,Fraude,Rural,4.0,Alta,25.0,,sin validar,157933
4608.0,Dec-11-2024,SALAMANCA,Accidente,,,Alta,65.0,ERROR,sin validar,732745
,Nov-03-2024,VICUÑA,Accidente,NORTE,"2,0",Media,66.0,TMP-001,sin validar,18537
,sin fecha,coquimbo,Hurto,Sur,13.0,Baja,28.0,TMP-001,,900009
4611.0,2024/02/16,Monte Patria,,Norte,19.0,baja,37.0,ERROR,dato ingresado manualmente,716854
4612.0,2024/11/11,COQUIMBO,,,12.0,Media,26.0,,ok,480282
4613.0,19/12/2025,Salamanca,Accidente,centro,18.0,ALTA,57.0,ERROR,sin validar,298403
4614.0,sin fecha,Salamanca,Hurto,Norte,3.0,,18.0,,,92352
4615.0,Jun-21-2025,La Serena,Fraude,Norte,15.0,Alta,65.0,,dato ingresado manualmente,852823
4616.0,Apr-11-2025,VICUÑA,Violencia,Rural,,ALTA,26.0,TMP-001,,842835
4617.0,22/08/2024,Andacollo,Fraude,Rural,13.0,,26.0,,ok,3797
4618.0,25/04/2024,VICUÑA,Accidente,NORTE,5.0,Media,37.0,TMP-002,,844867
4619.0,2024/09/08,vicuna,,centro,-3.0,baja,32.0,,sin validar,575934
4620.0,sin fecha,SALAMANCA,Fraude,centro,1.0,Media,61.0,,revisar,590061
4621.0,2024-03-10,Monte Patria,,Sur,11.0,ALTA,20.0,,,225991
4622.0,,La Serena,Violencia,NORTE,6.0,baja,46.0,TMP-002,sin validar,33856
4623.0,2024/12/30,andacollo,robo,Centro,18.0,ALTA,48.0,,revisar,724612
4624.0,07/10/2025,OVALLE,robo,NORTE,9.0,Baja,52.0,TMP-001,ok,482676
4625.0,,ovalle,Robo,NORTE,15.0,baja,41.0,TMP-001,,20077
4626.0,,SALAMANCA,Robo,centro,5.0,Alta,32.0,TMP-002,ok,580733
4627.0,2024/05/01,Illapel,Accidente, NORTE ,11.0,baja,26.0,,sin validar,685825
4628.0,,monte patria,Hurto,NORTE,16.0,Media,66.0,,ok,480867
4629.0,2024/04/04,COQUIMBO,Violencia,Centro,15.0,baja,"50,0",TMP-001,,522744
4630.0,Jun-04-2025,OVALLE,Accidente,,13.0,Baja,68.0,,ok,308702
4631.0,sin fecha,monte patria,Hurto,NORTE,10.0,Media,18.0,TMP-001,ok,200464
4632.0,22/06/2024,SALAMANCA,Robo,,13.0,Media,53.0,TMP-001,,243028
4633.0,18/01/2025,COQUIMBO,,NORTE,9.0,Baja,66.0,TMP-002,,869726
4634.0,07/09/2025,La Serena,robo,centro,8.0,Alta,59.0,TMP-002,revisar,549550
4635.0,May-05-2024,Illapel,Fraude,Centro,6.0,,22.0,TMP-002,sin validar,469809
4636.0,,illapel,,Norte,7.0,baja,57.0,TMP-001,revisar,324219
4637.0,2024/12/25,illapel,robo,Centro,15.0,ALTA,60.0,TMP-001,,867901
4638.0,27/09/2024,COQUIMBO,Accidente,NORTE,13.0,Baja,33.0,TMP-002,ok,665212
4639.0,,vicuna,Fraude,Norte,18.0,baja,,ERROR,dato ingresado manualmente,66168
4640.0,Apr-18-2025,Andacollo,Fraude,,12.0,,-1.0,TMP-001,sin validar,871953
4641.0,,La Serena,Accidente,Centro,1.0, Media ,56.0,TMP-001,sin validar,370195
4642.0,29/12/2025,Andacollo,,centro,4.0,,69.0,,,155017
4643.0,2025/09/25,andacollo,,,18.0,Alta,46.0,ERROR,sin validar,857876
4644.0,May-24-2024,ovalle,Hurto,centro,,Media,60.0,ERROR,,109186
4645.0,sin fecha,SALAMANCA,Hurto,centro,10.0,Alta,130.0,TMP-002,ok,527467
4646.0,sin fecha,ovalle,,centro,14.0,Media,68.0,,,141156
4647.0,2024/08/13,Andacollo,Accidente,centro,8.0,baja,25.0,,dato ingresado manualmente,351015
4648.0,,VICUÑA,Violencia,Centro,11.0,baja,33.0,,,984054
4649.0,2025/05/06,Monte Patria,Hurto,,8.0,baja,"17,0",TMP-001,,674500
,15/09/2025,monte patria,Hurto,Norte,3.0,Alta,"44,0",,ok,444701
4651.0,,andacollo,Fraude,Centro,7.0,Media,39.0,,dato ingresado manualmente,12787
4652.0,2025-06-26,andacollo,robo,NORTE,4.0,Alta,19.0,TMP-001,revisar,807817
4653.0,2025/07/20,COQUIMBO,Accidente,Rural,2.0,Media,41.0,TMP-002,revisar,648359
4654.0,sin fecha,Andacollo,Hurto,Norte,14.0,Baja,30.0,TMP-001,revisar,312641
4655.0,2025-10-25,vicuna,Violencia,Norte,,Media,39.0,,revisar,546151
4656.0,07/11/2024,VICUÑA,Accidente,Norte,1.0,,15.0,,revisar,294741
4657.0,2025-10-23,Illapel,Hurto,NORTE,7.0,,21.0,TMP-001,sin validar,36512
4658.0,2025-03-19,Coquimbo,Fraude,,5.0,baja,17.0,TMP-002,ok,466275
4659.0,Oct-25-2024,coquimbo,Fraude,Rural,8.0,Media,48.0,,dato ingresado manualmente,763162
4660.0,Dec-19-2024,LaSerena,robo,Rural,3.0,Alta,26.0,TMP-001,sin validar,621344
4661.0,2025-08-24,la serena,,Rural,19.0,,50.0,TMP-001,,810170
4662.0,2025-09-11,Salamanca,Hurto,Sur,1.0,baja,69.0,TMP-002,,703316
4663.0,24/06/2024,Monte Patria,Accidente,,19.0,,40.0,TMP-001,revisar,298584
4664.0,09/05/2024,SALAMANCA,Fraude,centro,11.0,Baja,60.0,,revisar,158350
4665.0,Jan-08-2025,LaSerena,Fraude,NORTE,15.0,baja,24.0,,ok,553132
4666.0,24/07/2025,Ovalle,Violencia,,16.0,Alta,44.0,,,979825
4667.0,2025-01-02,Salamanca,Hurto,Centro,4.0,,36.0,TMP-002,sin validar,8478
4668.0,,Serena,robo,Rural,13.0,,68.0,,revisar,482562
,05/04/2025,andacollo,robo,Sur,10.0,Alta,18.0,,sin validar,340269
4670.0,2024/07/11,Ovalle,Accidente,centro,13.0,Baja,60.0,,,228275
4671.0,2025-12-01,ovalle,Fraude,centro,3.0,Alta,30.0,,revisar,323441
4672.0,2025/11/24,Salamanca,Accidente,NORTE,16.0,,37.0,,revisar,952349
4673.0,2025-02-26,COQUIMBO,Accidente,centro,14.0,ALTA,65.0,TMP-002,revisar,198816
4674.0,Jan-27-2024,COQUIMBO,Hurto,NORTE,10.0,ALTA,19.0,TMP-002,,507870
4675.0,2024/12/19,la serena,VIOLENCIA,,9.0,Alta,47.0,TMP-001,,451422
4676.0,Aug-14-2025,Illapel,Hurto,NORTE,1.0,Alta,26.0,ERROR,dato ingresado manualmente,977162
4677.0,2025-03-09,Salamanca,Robo,Rural,"3,0",,43.0,TMP-001,,537320
4678.0,28/03/2024,Vicuña,Fraude,Rural,7.0,Media,28.0,TMP-002,ok,107348
4679.0,2025/12/11,LA SERENA,Hurto,Rural,6.0,,16.0,TMP-001,revisar,306016
4680.0,,COQUIMBO, Robo ,Rural,13.0,baja,34.0,ERROR,ok,602673
4681.0,,OVALLE,robo, centro ,12.0,ALTA,66.0,,ok,899794
4682.0,26/07/2024,coquimbo,,NORTE,17.0,Media,59.0,,,539481
4683.0,,illapel,robo,,8.0,Alta,16.0,,dato ingresado manualmente,836540
4684.0,Nov-09-2024,Monte Patria,Robo,NORTE,2.0,ALTA,40.0,,ok,502063
4685.0,Feb-09-2025,la serena,Accidente,Centro,17.0,,"49,0",TMP-001,dato ingresado manualmente,563482
4686.0,,Montepatria,,CENTRO,13.0,baja,65.0,ERROR,,18176
4687.0,,Coquimbo ,Hurto,centro,12.0,ALTA,37.0,,,535131
4688.0,Jun-25-2024,Coquimbo ,Fraude,Centro,12.0,Media,41.0,,sin validar,700492
4689.0,2025-01-08,COQUIMBO,,Rural,14.0,Baja,20.0,ERROR,revisar,678277
4690.0,,Illapel,,centro,18.0,Baja,60.0,TMP-001,revisar,833340
4691.0,2024/03/02,Vicuña,,centro,19.0,Baja,20.0,ERROR,dato ingresado manualmente,982704
4692.0,2025/04/22,La Serena,Hurto,centro,13.0,baja,48.0,TMP-002,dato ingresado manualmente,976573
4693.0,03/12/2024,Coquimbo,,Centro,13.0,Alta,15.0,TMP-002,dato ingresado manualmente,143922
4694.0,2025/02/22,Montepatria,Fraude,Rural,9.0,baja,25.0,,,496483
4695.0,Mar-07-2025,VICUÑA,Fraude,centro,15.0,Media,24.0,TMP-001,revisar,21049
4696.0,2025/04/22,vicuna,robo,NORTE,19.0,ALTA,27.0,TMP-002,dato ingresado manualmente,183478
4697.0,17/02/2024,Montepatria,Robo,  ,16.0,Alta,21.0,TMP-001,ok,644126
4698.0,Jul-02-2025,Vicuña,robo,Rural,4.0,Baja,31.0,,,226120
4699.0,Jun-30-2024,ovalle,Violencia,Norte,7.0,Alta,52.0,TMP-001,ok,391045
4700.0,02/03/2024,SALAMANCA,HURTO,Norte,15.0,,53.0,TMP-002,revisar,677453
4701.0,Mar-16-2025,vicuna,robo,Centro,17.0,baja,52.0,ERROR,ok,954186
4702.0,2025/01/07,VICUÑA,Fraude,,3.0,,26.0,TMP-002,,656364
4703.0,sin fecha,Andacollo,Fraude,,7.0,Media,56.0,ERROR,ok,168998
,2024/06/25,la serena,Hurto,Norte,"8,0",Media,20.0,,,532170
4705.0,,andacollo,Robo,centro,6.0,,49.0,ERROR,dato ingresado manualmente,151115
4706.0,Jul-05-2024,ILLAPEL,,sur,1.0,ALTA,29.0,,revisar,83792
4707.0,09/07/2024,Montepatria,Robo,NORTE,"4,0",,53.0,ERROR,sin validar,532679
4708.0,2025-05-06,La Serena,Violencia,Centro,10.0,,34.0,,dato ingresado manualmente,853391
4709.0,Apr-06-2024,OVALLE,Robo,centro,17.0,ALTA,59.0,TMP-002,,490080
4710.0,sin fecha,Monte Patria,Robo,centro,17.0,baja,16.0,,revisar,733463
4711.0,2025-08-30,Montepatria,Fraude,NORTE,5.0,ALTA,58.0,,sin validar,343651
4712.0,, La Serena ,Hurto,centro,15.0,ALTA,59.0,TMP-002,,644729
4713.0,14/05/2025,Coquimbo,,Rural,16.0,,63.0,,,904197
4714.0,2024/08/03,LA SERENA,,NORTE,7.0,ALTA,18.0,ERROR,revisar,669655
4715.0,2025/01/26,la serena,robo,Rural,11.0,alta,57.0,,sin validar,9373
4716.0,2025/02/13,OVALLE,robo,Sur,9.0,Alta,33.0,,revisar,518384
4717.0,Mar-18-2024,VICUÑA,Fraude,Centro,16.0,,35.0,TMP-001,dato ingresado manualmente,855428
,2024/01/26,LaSerena,Accidente,Centro,6.0,ALTA,"22,0",TMP-002,,745418
4719.0,2024/06/04,Serena,Fraude,Centro,10.0,,48.0,ERROR,dato ingresado manualmente,244989
4720.0,2025/07/24,SALAMANCA,Violencia,centro,12.0,,46.0,TMP-002,revisar,670355
4721.0,,LaSerena,Hurto,Centro,10.0,Baja,65.0,TMP-001,dato ingresado manualmente,914594
4722.0,,SALAMANCA,Fraude,,13.0,ALTA,47.0,TMP-001,dato ingresado manualmente,265561
4723.0,2024/04/21,Coquimbo ,,Sur,10.0,ALTA,64.0,,,240554
4724.0,May-09-2025,VICUÑA,Hurto,Sur,19.0,Alta,56.0,TMP-002,dato ingresado manualmente,870598
4725.0,13/05/2025,OVALLE,,Centro,,baja,"66,0",TMP-002,,610840
4726.0,06/12/2025,Vicuña,,Centro,1.0,Baja,28.0,,dato ingresado manualmente,376996
4727.0,2024/09/17,la serena,,Centro,5.0,Baja,24.0,,dato ingresado manualmente,113126
4728.0,2024-04-24,LaSerena,robo,Norte,15.0,Baja,63.0,,revisar,907355
4729.0,sin fecha,Vicuña,Hurto,Centro,11.0,baja,66.0,ERROR,dato ingresado manualmente,374545
4730.0,2025-08-29,monte patria,,Centro,10.0,Alta,24.0,,revisar,390166
4731.0,2024/09/08,ovalle,Violencia,Centro,14.0,baja,17.0,TMP-001,,193632
,,Ovalle,Robo,centro,16.0,ALTA,48.0,TMP-001,revisar,846923
4733.0,22/11/2024,La Serena,Hurto,Norte,,MEDIA,"36,0",TMP-002,,721146
4734.0,Jun-08-2025,Salamanca,robo,Rural,2.0,baja,55.0,,revisar,687997
4735.0,29/08/2024,la serena,Fraude,Rural,6.0,Media,65.0,TMP-002,,978730
4736.0,May-09-2025,LA SERENA,Hurto,Centro,5.0,Baja,35.0,,dato ingresado manualmente,649314
4737.0,,SALAMANCA,Fraude,Rural,19.0,Alta,60.0,TMP-002,dato ingresado manualmente,680147
4738.0,2025/03/21,Serena,Accidente,,5.0,Baja,,ERROR,revisar,101640
4739.0,20/04/2024,Illapel,Hurto,Rural,,Baja,17.0,TMP-001,ok,440362
4740.0,03/03/2024,Illapel,Accidente,,8.0,Media,20.0,TMP-001,dato ingresado manualmente,199915
4741.0,27/04/2025,Illapel,Fraude,Norte,19.0,,"59,0",TMP-001,dato ingresado manualmente,821616
4742.0,13/04/2024,Ovalle,robo,Centro,12.0,Baja,"46,0",ERROR,sin validar,147834
4743.0,Oct-06-2025,VICUÑA,robo,Centro,8.0,Alta,17.0,TMP-001,,278714
4744.0,Oct-16-2025,Coquimbo,Accidente,Sur,8.0,Alta,130.0,TMP-001,,84920
4745.0,2025/06/05,Illapel,Accidente,centro,9.0,Alta,,TMP-002,ok,327714
4746.0,2024-08-26,ovalle,Robo,centro,13.0,baja,19.0,TMP-002,revisar,144734
4747.0,2024/05/08,vicuña,Accidente,NORTE,19.0,ALTA,"22,0",TMP-002,,269340
4748.0,2024/06/19,COQUIMBO,Fraude,Centro,7.0,,"65,0",,sin validar,43324
4749.0,2024-04-30,ovalle,Fraude,,3.0,,32.0,TMP-002,,903748
4750.0,22/07/2024,vicuna,Robo,NORTE,19.0,baja,17.0,TMP-002,,224789
4751.0,,vicuna,robo,Centro,9.0,,58.0,,,286313
4752.0,2025-05-07,la serena,robo,,13.0,Baja,60.0,TMP-001,,376305
4753.0,,Monte Patria,robo,,6.0,baja,"54,0",TMP-002,dato ingresado manualmente,905675
4754.0,sin fecha,Vicuña,Robo,Rural,15.0,Baja,34.0,,,512232
,Apr-02-2024,la serena,robo,Sur,9.0,baja,28.0,,,980613
4756.0,03/07/2025,ovalle,,Centro,14.0,baja,34.0,TMP-001,ok,168199
4757.0,2025/09/23,LA SERENA,Hurto,Sur,17.0,,54.0,TMP-001,ok,851991
4758.0,2024/02/27,Illapel,Fraude,centro,11.0,ALTA,59.0,TMP-001,,149728
4759.0,,LA SERENA,Accidente,Sur,16.0,,43.0,TMP-002,sin validar,388502
4760.0,Jun-09-2024,Vicuña,robo,centro,13.0,,29.0,TMP-001,,254236
4761.0,2025/04/02,ovalle,,Sur,7.0,,43.0,,,481208
4762.0,,VICUNA,Fraude,Rural,3.0,Baja,22.0,,dato ingresado manualmente,935177
4763.0,2025-02-16,ILLAPEL,robo,Norte,12.0,,18.0,ERROR,,420484
4764.0,Dec-06-2025,LA SERENA,Violencia,Centro,13.0,baja,46.0,,sin validar,66828
4765.0,2024/12/16,illapel,Hurto,Sur,14.0,ALTA,15.0,TMP-002,sin validar,276184
4766.0,Dec-07-2025,Monte Patria,Violencia,Sur,6.0,Baja,52.0,,ok,980311
4767.0,16/07/2024,Ovalle,Accidente,,19.0,Media,49.0,ERROR,,211195
4768.0,2024/08/04,Ovalle,Accidente,NORTE,12.0,,15.0,,ok,780494
,Feb-19-2025,Ovalle,Robo,Sur,"8,0", ALTA ,68.0,TMP-002,,465849
4770.0,18/05/2024,Coquimbo ,,Rural,15.0,ALTA,29.0,TMP-002,,690136
4771.0,21/12/2024, Coquimbo ,,,5.0,baja,61.0,TMP-001,revisar,709478
4772.0,2024-10-30,vicuna,Hurto,Norte,3.0,ALTA,62.0,,ok,818240
4773.0,27/03/2024,Ovalle,robo,NORTE,3.0,Baja,21.0,TMP-002,revisar,42887
4774.0,19/11/2025,la serena,,NORTE,19.0,baja,55.0,TMP-001,revisar,256845
4775.0,,Coquimbo, Hurto ,centro,,,68.0,ERROR,revisar,26014
4776.0,08/10/2024,Serena,Violencia,Sur,3.0,Baja,19.0,,,501356
4777.0,sin fecha,illapel,Accidente,,2.0,Baja,19.0,ERROR,revisar,681248
4778.0,2024-04-08,OVALLE,,Rural,9.0,ALTA,53.0,,revisar,459476
4779.0,,Ovalle,,Norte,13.0,Media,33.0,,,818897
4780.0,2024/04/11,LaSerena,,centro,2.0,Baja,36.0,,sin validar,627129
4781.0,sin fecha,VICUÑA,,Sur,12.0,baja,54.0,,,797089
4782.0,,SALAMANCA,Violencia,centro,2.0,,68.0,,ok,599334
4783.0,,andacollo,Violencia,Norte,6.0,,14.0,ERROR,revisar,899149
4784.0,2024-08-19,coquimbo,Accidente,Rural,nan,  ,47.0,TMP-002,dato ingresado manualmente,753455
4785.0,,LA SERENA,Hurto,Sur,5.0,baja,49.0,TMP-002,dato ingresado manualmente,560266
4786.0,Dec-14-2025,Andacollo,,,18.0,Alta,25.0,TMP-001,,212761
4787.0,2024-01-17,illapel,Fraude,Centro,17.0,Alta,29.0,,revisar,717658
4788.0,2025-05-18,Vicuña,,Centro,11.0,ALTA,29.0,,,244574
4789.0,2024/04/03,Andacollo,Robo,,7.0,,65.0,TMP-002,,358492
4790.0,2024-01-18,COQUIMBO,Hurto,Rural,17.0,,48.0,,sin validar,824167
4791.0,2025-02-15,SALAMANCA,Violencia,,18.0,baja,14.0,ERROR,,329637
4792.0,2024-07-05,OVALLE,,NORTE,,Baja,42.0,,dato ingresado manualmente,475584
4793.0,2025/04/28,Salamanca,,Rural,7.0,ALTA,52.0,,sin validar,753628
4794.0,28/06/2025,monte patria,,Rural,17.0,baja,20.0,TMP-001,,133438
4795.0,, andacollo ,Violencia,Sur,5.0,Media,48.0,TMP-001,ok,528726
4796.0,,Montepatria,Hurto,Centro,13.0,Alta,25.0,TMP-002,,701039
4797.0,2024-04-23,VICUÑA,Hurto,centro,5.0,ALTA,20.0,,ok,763489
4798.0,2024-12-23,andacollo,Robo,rural,15.0,,32.0,TMP-002,ok,100431
4799.0,Apr-23-2024,Coquimbo,Violencia,Norte,7.0,,51.0,TMP-001,dato ingresado manualmente,892437
4800.0,2025/11/01,monte patria,Fraude,centro,11.0,ALTA,23.0,,ok,926045
4801.0,2024-04-23,monte patria,,Norte,13.0,ALTA,61.0,TMP-001,ok,244480
4802.0,16/02/2025,La Serena,Violencia,centro,14.0,Media,18.0,TMP-002,,280949
,,Serena,Robo,,"14,0",Alta,19.0,,,760917
4804.0,,Montepatria,robo,,7.0,,21.0,,,638133
4805.0,2025-05-01,VICUÑA,,NORTE,14.0,,34.0,TMP-002,dato ingresado manualmente,678427
4806.0,,Vicuña,Hurto,Sur,7.0,Media,35.0,TMP-002,sin validar,268013
4807.0,11/10/2024,Coquimbo ,Hurto,Rural,2.0,Media,33.0,TMP-001,revisar,297322
4808.0,sin fecha,LaSerena,Fraude,Sur,18.0,,49.0,,dato ingresado manualmente,331710
4809.0,19/07/2025,Monte Patria,,Rural,10.0,,49.0,ERROR,,870703
4810.0,2025-03-23,vicuna,Fraude,Rural,8.0,,46.0,TMP-001,dato ingresado manualmente,756487
4811.0,2025/07/21,LaSerena,Accidente,Sur,,Alta,15.0,,,592175
4812.0,2025-09-15,SALAMANCA,Robo,,7.0,Baja,62.0,,,809235
4813.0,,andacollo,robo,centro,,Baja,38.0,,dato ingresado manualmente,369614
4814.0,19/08/2024,Montepatria,Fraude,centro,10.0,Media,61.0,TMP-002,revisar,829355
4815.0,05/04/2025,illapel,robo,centro,4.0,Alta,60.0,,,52523
4816.0,sin fecha,vicuna,Fraude,centro,5.0,ALTA,21.0,ERROR,,688216
4817.0,2025-11-15,La Serena,Hurto,Centro,4.0,Baja,31.0,TMP-002,,435876
4818.0,,Serena,Violencia,NORTE,14.0,Media,34.0,,,293044
4819.0,2025-05-21,COQUIMBO,Accidente,centro,19.0,media,22.0,ERROR,revisar,333612
4820.0,2024-06-25,VICUÑA,Fraude,,10.0,Alta,26.0,TMP-002,revisar,619349
4821.0,2025-01-06,Montepatria,,Rural,9.0,,21.0,,ok,350240
4822.0,Aug-14-2024,Illapel,Violencia,NORTE,10.0,baja,20.0,,,592248
4823.0,2025/04/16,coquimbo,Accidente,Sur,2.0,ALTA,31.0,TMP-001,sin validar,450863
4824.0,2025/12/29,monte patria,,Norte,19.0,baja,41.0,TMP-001,,174280
4825.0,Mar-26-2024,SALAMANCA,robo,centro,8.0, Alta ,"21,0",,dato ingresado manualmente,517563
4826.0,2025-05-13,La Serena,Robo,NORTE,11.0,,26.0,,,209172
,2025-09-14,illapel,Fraude,NORTE,16.0,,,,,95311
4828.0,sin fecha,SALAMANCA,Violencia,Sur,6.0,Media,52.0,TMP-001,dato ingresado manualmente,774555
4829.0,sin fecha,Montepatria,Fraude,centro,8.0,,33.0,TMP-001,ok,636198
4830.0,sin fecha,Coquimbo ,Hurto,Sur,9.0,ALTA,21.0,,,999100
4831.0,2024/06/16,COQUIMBO,FRAUDE,Norte,2.0,,66.0,TMP-001,dato ingresado manualmente,858698
4832.0,2024/02/04,Coquimbo,Violencia,Rural,8.0,NAN,51.0,,sin validar,482942
4833.0,,La Serena,Fraude,Sur,2.0,,61.0,TMP-002,sin validar,252224
4834.0,Oct-02-2024,Salamanca,Hurto,Sur,1.0,Baja,33.0,TMP-001,,632266
4835.0,Oct-31-2024,vicuna,,NORTE,1.0,,63.0,TMP-002,,452673
4836.0,Mar-17-2025,Ovalle,Hurto,centro,18.0,Media,-1.0,ERROR,revisar,126481
4837.0,2024/11/01,illapel,robo,Centro,19.0,,33.0,ERROR,,10834
4838.0,28/04/2024,SALAMANCA,Accidente,Rural,"16,0",Baja,65.0,TMP-001,dato ingresado manualmente,660348
4839.0,21/07/2024,Coquimbo ,,NORTE,16.0,Baja,21.0,TMP-002,sin validar,717983
,Oct-10-2025,La Serena,robo,Sur,7.0,Alta,46.0,TMP-002,,905336
4841.0,01/04/2025,vicuna,Violencia,,17.0,Media,45.0,TMP-002,ok,941647
4842.0,2025-01-18,Coquimbo ,Robo,Rural,15.0,Baja,49.0,,sin validar,814917
4843.0,2025-08-11,ovalle,robo,Rural,9.0,Baja,,,revisar,992941
4844.0,May-30-2025,SALAMANCA,Accidente,Sur,4.0,ALTA,25.0,ERROR,ok,60301
4845.0,2025/02/04,La Serena,Hurto,NORTE,6.0,Baja,69.0,,,45196
4846.0,2024-02-21,la serena,Hurto,NORTE,2.0,baja,25.0,,sin validar,119974
4847.0,Jul-09-2024,la serena,,Rural,6.0,,18.0,,,625360
4848.0,12/09/2025,LaSerena,,Rural,7.0,Baja,52.0,ERROR,sin validar,877048
4849.0,2025-03-27,Andacollo,robo,Sur,9.0,,36.0,,,159645
4850.0,18/12/2025,LaSerena,,Sur,13.0,Media,67.0,TMP-002,,943967
4851.0,26/01/2025,Illapel,,,3.0,Media,46.0,TMP-001,sin validar,295484
4852.0,29/02/2024,La Serena,Fraude,Rural,13.0,Alta,,ERROR,,123231
4853.0,2024/11/19,Serena,robo,,4.0,ALTA,29.0,ERROR,ok,433792
4854.0,2024-09-21,ovalle,robo,Norte,1.0,BAJA,63.0,,ok,713364
4855.0,2025-11-12,vicuna,Accidente,Norte,2.0,Media,42.0,TMP-002,revisar,175904
4856.0,2024/09/28,Andacollo,Fraude,NORTE,13.0,baja,38.0,TMP-001,revisar,797909
4857.0,30/03/2024,Ovalle,Fraude,Norte,16.0,Baja,44.0,TMP-002,sin validar,594758
4858.0,2025/09/02,COQUIMBO,, Sur ,15.0,,,ERROR,sin validar,15923
4859.0,Jul-28-2024,Ovalle,robo,Norte,7.0,,50.0,TMP-001,sin validar,238082
4860.0,2025-10-29,Salamanca,Hurto,Sur,14.0,baja,33.0,TMP-002,,634305
4861.0,May-08-2025,LaSerena,Fraude,Sur,11.0,ALTA,,ERROR,dato ingresado manualmente,591181
4862.0,Oct-10-2025,COQUIMBO,robo,Centro,6.0,ALTA,"69,0",,sin validar,499013
4863.0,May-19-2024,VICUÑA,Accidente,centro,12.0,Alta,,ERROR,sin validar,227882
4864.0,2024-11-21,Montepatria,,CENTRO,9.0,Baja,34.0,,revisar,575082
4865.0,,LaSerena,,Sur,8.0,baja,130.0,ERROR,ok,892690
4866.0,Jul-01-2024,Illapel,Fraude,CENTRO,3.0,Baja,65.0,,revisar,688179
4867.0,04/04/2025,Illapel,Robo,,7.0,ALTA,68.0,ERROR,,482068
4868.0,03/04/2025,Andacollo,Fraude,,4.0,,33.0,,sin validar,523318
4869.0,sin fecha,andacollo,Violencia,Sur,18.0,ALTA,34.0,,,174509
4870.0,sin fecha, La Serena ,robo,Norte,8.0,,23.0,ERROR,dato ingresado manualmente,255327
4871.0,2025-03-29,Montepatria,Robo,NORTE,10.0,Media,59.0,,revisar,625265
4872.0,2025-07-18,la serena,,centro,6.0,baja,130.0,,ok,36909
4873.0,27/04/2024,Monte Patria,Fraude, Rural ,3.0,Alta,47.0,,dato ingresado manualmente,206034
4874.0,16/12/2025,LaSerena,,,5.0,Baja,36.0,,revisar,988112
4875.0,23/10/2025,Vicuña,,CENTRO,8.0,,56.0,,,696499
4876.0,2024-11-11,Montepatria,Hurto,Centro,2.0,Baja,59.0,,ok,614126
4877.0,18/12/2025,coquimbo,Accidente,centro,19.0,Alta,22.0,,dato ingresado manualmente,12774
4878.0,20/08/2024,Ovalle,Accidente,Norte,3.0,Media,57.0,ERROR,dato ingresado manualmente,461137
4879.0,Apr-02-2025,Serena,Hurto,centro,7.0,baja,"23,0",TMP-002,,206356
4880.0,08/02/2024,coquimbo,ROBO,Rural,6.0,Alta,24.0,ERROR,sin validar,158038
4881.0,2024/08/30,coquimbo,Accidente,,1.0,Baja,50.0,TMP-001,ok,606364
4882.0,2025-11-27,coquimbo,Fraude,NORTE,15.0,MEDIA,25.0,TMP-002,sin validar,99577
4883.0,2024/02/18,Serena,robo,Centro,11.0,,26.0,TMP-001,,583042
4884.0,,andacollo,Fraude,NORTE,10.0,Media,18.0,,revisar,741172
4885.0,2024-09-28,Serena,Fraude,Sur,6.0,baja,,ERROR,dato ingresado manualmente,882710
4886.0,,LA SERENA,Robo,Centro,17.0,ALTA,32.0,,sin validar,531139
4887.0,Oct-08-2025,LaSerena,Robo,Sur,13.0,Alta,67.0,TMP-002,,342540
4888.0,17/01/2025,Coquimbo,robo,centro,15.0,,45.0,TMP-002,ok,568853
4889.0,31/03/2025,la serena,Violencia,Norte,7.0,Baja,50.0,TMP-001,,387426
4890.0,02/05/2025,la serena,,Sur,13.0,,19.0,ERROR,dato ingresado manualmente,958924
4891.0,2025/10/21,ovalle,robo,,3.0,Media,25.0,TMP-002,revisar,402454
4892.0,21/07/2025,Vicuña,robo,Rural,19.0,Alta,18.0,ERROR,,400713
4893.0,12/10/2025,SALAMANCA,robo,Norte,8.0,baja,37.0,,dato ingresado manualmente,228880
4894.0,24/03/2024,Monte Patria,Hurto,Rural,13.0,,29.0,,revisar,422839
4895.0,,OVALLE,,Norte,,baja,69.0,TMP-001,revisar,75396
4896.0,2025-07-09,ovalle,accidente,Rural,4.0,,24.0,,sin validar,337341
4897.0,2025-04-30,VICUÑA,Fraude,Norte,11.0,ALTA,57.0,,,980615
4898.0,2025/10/03,monte patria,robo,NORTE,16.0,Baja,68.0,TMP-001,dato ingresado manualmente,993681
4899.0,01/03/2025,vicuna,Robo,Sur,5.0,,,,sin validar,270742
4900.0,2025/05/07,ovalle,  ,NORTE,12.0,baja,66.0,TMP-002,ok,48863
4901.0,2025/01/12,Monte Patria,Accidente,Centro,2.0,Media,68.0,,sin validar,18016
4902.0,sin fecha,la serena,Fraude,Norte,10.0, baja ,46.0,ERROR,sin validar,276469
4903.0,Sep-19-2024,COQUIMBO,Robo, centro ,4.0,baja,29.0,,dato ingresado manualmente,529819
4904.0,2025/07/02,andacollo,Violencia,Sur,15.0,Alta,67.0,,dato ingresado manualmente,788057
4905.0,2024/05/11,ovalle,,,11.0,Alta,23.0,,ok,438434
4906.0,2024/09/14,Coquimbo, Violencia ,Centro,9.0,Media,41.0,,,440749
,Aug-17-2024,Serena,Robo,NORTE,18.0,Baja,"31,0",,ok,417102
4908.0,2024/07/11,la serena,Fraude,Norte,13.0,Alta,58.0,,,711466
4909.0,12/11/2025, VICUÑA ,robo,Sur,16.0,Baja,35.0,,revisar,214805
4910.0,2025-08-24,VICUÑA,VIOLENCIA,centro,15.0,,33.0,TMP-001,sin validar,987716
4911.0,,monte patria,robo,Norte,1.0,baja,27.0,TMP-002,,952721
4912.0,Aug-23-2025,la serena,,Norte,"16,0",Alta,36.0,TMP-002,revisar,617672
4913.0,17/07/2024,OVALLE,robo,Norte,13.0,Alta,68.0,TMP-002,dato ingresado manualmente,598381
4914.0,sin fecha,andacollo,Robo,centro,4.0,media,64.0,TMP-001,,277329
,,SALAMANCA,Hurto,,19.0, Alta ,47.0,ERROR,sin validar,772592
4916.0,Dec-20-2025,VICUÑA,Robo,centro,19.0,ALTA,"22,0",,dato ingresado manualmente,99847
4917.0,23/02/2025,COQUIMBO,,Sur,7.0,Media,39.0,,revisar,375366
4918.0,Apr-05-2025,COQUIMBO,,Sur,2.0,Alta,21.0,TMP-001,ok,255889
4919.0,2025-02-02,la serena,Hurto,norte,18.0,,57.0,,revisar,656519
4920.0,2024-09-07, Illapel ,Robo,Centro,7.0,Alta,25.0,TMP-001,,673449
4921.0,,monte patria,Violencia,Sur,13.0,ALTA,54.0,TMP-001,,836566
4922.0,Apr-30-2024,LaSerena,Robo,,4.0,Alta,,,revisar,42755
,Mar-23-2024,La Serena,,Sur,9.0,baja,68.0,TMP-002,revisar,718608
4924.0,18/01/2025,Andacollo,Fraude,Sur,,Media,49.0,,revisar,865078
4925.0,Mar-01-2024,coquimbo,Violencia,Rural,16.0,baja,57.0,,dato ingresado manualmente,660316
4926.0,,Vicuña,  ,Norte,16.0,baja,55.0,TMP-002,ok,372419
4927.0,sin fecha,Serena,,NORTE,2.0,baja,,ERROR,dato ingresado manualmente,94602
4928.0,2024/10/15,Montepatria,Accidente,centro,13.0,ALTA,45.0,,,864935
4929.0,2024/03/22,la serena,Hurto,,10.0,Baja,39.0,,dato ingresado manualmente,498767
4930.0,15/11/2024,Salamanca,,Norte,12.0,Media,51.0,TMP-002,sin validar,593637
4931.0,10/06/2025,monte patria,Hurto,NORTE,1.0,Media,56.0,TMP-001,ok,585536
4932.0,2025/04/29,coquimbo,Violencia,Norte,7.0,ALTA,17.0,,ok,306728
4933.0,sin fecha,VICUÑA,Fraude,centro,11.0,baja,60.0,ERROR,dato ingresado manualmente,660668
4934.0,2024-06-10,Andacollo,Violencia,,10.0,Media,42.0,TMP-001,sin validar,2377
4935.0,sin fecha,Vicuña,Robo,centro,14.0,ALTA,36.0,ERROR,revisar,164676
4936.0,2025/06/06,OVALLE,Hurto,centro,14.0,Media,18.0,TMP-001,revisar,302711
4937.0,Oct-22-2025,andacollo,Robo,centro,9.0,Media,59.0,,sin validar,223541
4938.0,2025/06/20,illapel,,Rural,6.0,Media,,,ok,545786
4939.0,Aug-16-2024,La Serena,ROBO,Centro,6.0,Alta,40.0,TMP-002,sin validar,112331
4940.0,Mar-07-2025,LaSerena,Accidente,,18.0,Alta,33.0,,revisar,441154
4941.0,07/06/2024,LA SERENA,violencia,Sur,4.0,,40.0,,revisar,748839
4942.0,2024/07/20,Vicuña,Accidente,centro,15.0,baja,28.0,ERROR,dato ingresado manualmente,846906
4943.0,19/05/2024,Illapel,Violencia,Centro,18.0,Alta,15.0,,revisar,195955
4944.0,Apr-23-2025,COQUIMBO,,centro,11.0,Baja,53.0,,sin validar,887839
4945.0,2024/01/22,andacollo,,Centro,4.0,Media,25.0,,dato ingresado manualmente,134956
4946.0,07/01/2024,SALAMANCA,nan,Rural,10.0,ALTA,"52,0",,ok,9213
4947.0,2025/06/08,Andacollo,Accidente,Sur,19.0,baja,17.0,,dato ingresado manualmente,50449
4948.0,2025-03-08,La Serena,Hurto,Rural,16.0,Baja,,TMP-002,dato ingresado manualmente,203118
4949.0,2025-11-03,Vicuña,robo,Centro,7.0,ALTA,39.0,ERROR,revisar,72884
4950.0,,Coquimbo,Robo,Rural,13.0,Media,"33,0",,,42320
4951.0,sin fecha,vicuña,Violencia,NORTE,3.0,Media,17.0,TMP-002,ok,844931
4952.0,2025/04/03,Andacollo,Fraude,NORTE,3.0,ALTA,55.0,TMP-002,,366708
4953.0,2025/06/06,COQUIMBO,robo,centro,7.0,,64.0,,dato ingresado manualmente,411349
4954.0,08/03/2024,Montepatria,Hurto,NORTE,10.0,ALTA,67.0,TMP-002,revisar,491994
4955.0,2025-06-20,Illapel,robo,Centro,10.0,,62.0,ERROR,dato ingresado manualmente,740756
4956.0,Sep-24-2024,Monte Patria,Violencia,Rural,6.0,Baja,60.0,ERROR,,479020
4957.0,2025-05-31,Serena,Hurto,NORTE,19.0,Media,46.0,ERROR,dato ingresado manualmente,937692
4958.0,sin fecha,SALAMANCA,Accidente,Norte,3.0,baja,47.0,,revisar,982190
4959.0,2024/08/10,Coquimbo,robo,centro,11.0,Baja,"47,0",TMP-002,ok,970676
4960.0,2025-08-22,La Serena,Hurto,Sur,5.0,Media,59.0,ERROR,,889881
,02/08/2024,Ovalle,Robo,NORTE,2.0,Baja,30.0,,sin validar,162779
,,SALAMANCA,Violencia,Centro,14.0,ALTA,41.0,,,133711
4963.0,2025/12/15,La Serena,Fraude,,11.0,Media,19.0,TMP-002,sin validar,397818
4964.0,2024-12-27,vicuna,Hurto,,15.0,Alta,65.0,ERROR,,768886
4965.0,06/10/2025, monte patria ,Accidente,,17.0,Alta,38.0,ERROR,,777948
4966.0,2024/04/13,Coquimbo ,Fraude,,13.0,  ,48.0,,ok,959258
4967.0,Apr-01-2025,Serena,Violencia,Sur,,baja,32.0,TMP-002,sin validar,819489
4968.0,2024-07-10,OVALLE,Fraude,,7.0,,27.0,TMP-001,,957771
4969.0,Jan-29-2024,LaSerena,FRAUDE,centro,15.0,Media,61.0,ERROR,revisar,924713
4970.0,2024-11-07,VICUÑA,robo,NORTE,7.0,ALTA,43.0,,,623662
,sin fecha,Illapel,Hurto,centro,5.0,ALTA,16.0,,dato ingresado manualmente,321898
4972.0,2025-11-08,monte patria,,Rural,19.0,Baja,27.0,ERROR,revisar,64804
4973.0,15/06/2024,illapel,Hurto,,16.0,Alta,57.0,,,972384
4974.0,11/03/2025,andacollo,Robo,Centro,6.0,ALTA,64.0,ERROR,dato ingresado manualmente,159119
4975.0,,andacollo, robo ,,2.0,baja,32.0,TMP-002,dato ingresado manualmente,516017
4976.0,,Coquimbo,Fraude, Norte ,3.0,baja,62.0,ERROR,,205217
4977.0,02/09/2024,VICUÑA,,centro,4.0,baja,36.0,TMP-001,,893614
4978.0,,Illapel,robo,Sur,16.0,Alta,20.0,ERROR,revisar,905975
4979.0,2024/04/02,MONTE PATRIA,robo,Norte,15.0,Media,65.0,TMP-002,,866764
4980.0,Dec-05-2024,Illapel,Hurto,,15.0,baja,59.0,TMP-001,ok,937976
4981.0,28/12/2025,Serena,Accidente,centro,14.0,Alta,24.0,,ok,718783
4982.0,2025/12/04,COQUIMBO,,centro,11.0,ALTA,63.0,,sin validar,461162
4983.0,2024/03/25,Ovalle,Hurto,SUR,5.0,Alta,30.0,TMP-002,,649728
4984.0,2024-11-07,la serena,Accidente,centro,,Baja,52.0,,,418495
4985.0,Jul-26-2025,LA SERENA,Fraude,,9.0,,56.0,TMP-002,ok,26291
4986.0,Mar-27-2025,COQUIMBO,Fraude,centro,13.0,Alta,30.0,,revisar,116157
,2025/02/04, Coquimbo ,Accidente,Centro,8.0,baja,51.0,,,311028
4988.0,11/01/2024,LA SERENA,,,9.0,Alta,43.0,,,336775
4989.0,Jan-04-2024,Coquimbo,,NORTE,19.0,Alta,62.0,TMP-001,dato ingresado manualmente,195376
4990.0,Aug-18-2024,Vicuña,Fraude,NORTE,5.0,Baja,36.0,,ok,350499
4991.0,2024/10/28,Coquimbo ,Fraude,,14.0,,32.0,TMP-002,dato ingresado manualmente,943907
4992.0,06/04/2024,Andacollo,Violencia,NORTE,11.0,Media,"25,0",,,182732
4993.0,Apr-28-2024,monte patria,Robo,Centro,4.0,Media,58.0,,ok,604680
,2025-05-26,Ovalle,Violencia,centro,12.0,baja,33.0,,,873463
4995.0,May-21-2025,coquimbo,Hurto,Centro,15.0,ALTA,60.0,ERROR,ok,563199
4996.0,sin fecha,La Serena,Violencia,centro,4.0,,42.0,,,867452
4997.0,2024-03-13,LaSerena,Robo,Centro,"6,0",baja,,,dato ingresado manualmente,593787
4998.0,24/12/2025,Vicuña,,NORTE,17.0,baja,15.0,,,614230
4999.0,2024/12/02,monte patria,robo,NORTE,15.0,Media,55.0,TMP-001,revisar,500264
5000.0,14/01/2024,andacollo,Violencia,Centro,7.0,Baja,"52,0",,dato ingresado manualmente,630462
5001.0,,Coquimbo ,Hurto,Rural,5.0,Media,33.0,ERROR,ok,341122
5002.0,Aug-23-2024,OVALLE,Robo,SUR,12.0,Media,60.0,TMP-002,,928977
5003.0,11/01/2024,Monte Patria,Robo,Sur,19.0,,19.0,,,38007
5004.0,10/07/2024,Coquimbo,Violencia,NORTE,3.0,Media,35.0,TMP-002,ok,221193
5005.0,Oct-12-2025,Illapel,,,15.0,Alta,48.0,ERROR,ok,113878
5006.0,2025/12/26,vicuna,Hurto,NORTE,10.0,Baja,30.0,,dato ingresado manualmente,385096
5007.0,2025/09/12,LA SERENA,,Rural,16.0,baja,20.0,ERROR,,552443
5008.0,2024-04-24, la serena ,Fraude,Sur,2.0,Alta,68.0,,,443444
5009.0,2025-09-11,coquimbo,,norte,,Media,54.0,ERROR,revisar,936040
5010.0,2025-09-28,Coquimbo ,Accidente,,14.0,Baja,16.0,TMP-001,,778153
5011.0,2024-08-23,Montepatria,Fraude,Rural,,Alta,41.0,ERROR,,557449
5012.0,08/03/2024,Montepatria,Violencia,Sur,12.0,baja,36.0,,,219456
5013.0,2024/02/27,Andacollo,Hurto,Centro,,,39.0,TMP-002,revisar,83146
5014.0,06/04/2025,Andacollo,Robo,Centro,5.0,,,,dato ingresado manualmente,726481
5015.0,,coquimbo,Robo,centro,7.0,,28.0,TMP-002,dato ingresado manualmente,213137
5016.0,2024-11-13,Andacollo,Robo,centro,7.0,baja,58.0,TMP-002,ok,839971
5017.0,Dec-20-2024,Salamanca,Accidente,Centro,14.0,baja,69.0,TMP-002,ok,619055
5018.0,15/09/2024,Andacollo,Accidente,Centro,12.0,Media,,TMP-001,ok,353367
5019.0,Mar-28-2024,ovalle,,NORTE,10.0,ALTA,58.0,,,431578
5020.0,Nov-21-2024,andacollo,Hurto,centro,1.0,baja,28.0,TMP-002,,845812
5021.0,2025/06/13,vicuna,Violencia,Centro,19.0,Alta,53.0,TMP-002,sin validar,753201
5022.0,2025-05-31,Salamanca,Robo,centro,12.0,baja,39.0,,sin validar,597492
5023.0,,Serena,Fraude,,11.0,baja,41.0,,,199501
5024.0,16/09/2025,Serena,Robo,NORTE,2.0,Alta,40.0,TMP-001,sin validar,833998
5025.0,2024/08/07,la serena,Fraude,,11.0,Media,44.0,,dato ingresado manualmente,92307
5026.0,15/11/2025,Illapel,,centro,10.0,ALTA,"5,0",ERROR,,957877
5027.0,2025-02-05,Andacollo,Violencia,NORTE,1.0,Alta,14.0,ERROR,sin validar,647180
5028.0,,Andacollo,Accidente,,10.0,baja,47.0,TMP-001,revisar,521347
,2024-08-14,Coquimbo,Fraude,Centro,10.0,baja,52.0,TMP-001,revisar,216949
5030.0,2024/03/15,Serena,Accidente,Rural,9.0,,29.0,,sin validar,219221
5031.0,Nov-09-2025,Coquimbo ,,NORTE,8.0,,61.0,TMP-002,dato ingresado manualmente,385429
5032.0,sin fecha,Montepatria,,centro,1.0,Baja,44.0,TMP-002,,911401
5033.0,13/04/2025, VICUÑA ,Accidente,Norte,9.0,baja,30.0,TMP-002,sin validar,970228
5034.0,2025/01/27,Vicuña,Violencia,,18.0,,48.0,ERROR,dato ingresado manualmente,649274
5035.0,,Ovalle,Robo,centro,18.0,ALTA,21.0,TMP-002,sin validar,878894
5036.0,,ovalle,Fraude,centro,19.0,,"63,0",,sin validar,246073
5037.0,Jan-28-2024,OVALLE,robo,Rural,15.0,Alta,41.0,TMP-001,dato ingresado manualmente,587819
5038.0,2025-06-03,ovalle,Fraude,,1.0,,49.0,ERROR,sin validar,708338
5039.0,2024/07/28,andacollo,Robo,centro,1.0,Media,58.0,TMP-002,revisar,370474
5040.0,2024-07-23,Andacollo,Fraude,Centro,5.0,,58.0,TMP-001,ok,214677
5041.0,2025/09/03,Montepatria,,Rural,18.0,ALTA,27.0,TMP-002,ok,180660
5042.0,2025/01/03,la serena,Robo,Rural,14.0,Alta,55.0,TMP-001,,181186
5043.0,Nov-20-2025,coquimbo,ACCIDENTE,norte,11.0,baja,66.0,TMP-001,dato ingresado manualmente,298308
5044.0,24/10/2025,OVALLE,Robo,Centro,2.0,Alta,31.0,,sin validar,103816
5045.0,,Ovalle,Robo,centro,15.0,Baja,36.0,TMP-001,sin validar,53387
5046.0,18/08/2024,Coquimbo ,Violencia,Centro,14.0,Alta,14.0,,dato ingresado manualmente,217606
5047.0,18/08/2024,coquimbo,Accidente,Centro,7.0,ALTA,52.0,TMP-001,dato ingresado manualmente,739016
5048.0,Oct-21-2025,Monte Patria,Fraude,Centro,14.0,ALTA,"47,0",ERROR,revisar,257623
5049.0,2024-05-14,Montepatria,Hurto,Centro,500.0,Media,,ERROR,,165098
5050.0,Dec-24-2025,SALAMANCA,Accidente, NORTE ,11.0,Baja,21.0,,,965535
5051.0,25/05/2025,vicuna,robo,Sur,13.0,Media,54.0,,sin validar,797937
5052.0,,La Serena,Violencia,Rural,19.0,ALTA,15.0,,revisar,603713
5053.0,2025/07/16,COQUIMBO,,Rural,12.0,Baja,55.0,TMP-002,,620916
,,vicuna,Violencia,Rural,8.0,Media,,TMP-001,sin validar,636319
5055.0,2025/07/28,Montepatria,Robo,Rural,4.0,Baja,36.0,TMP-001,,440064
5056.0,Sep-19-2024,Monte Patria,Violencia,,1.0,ALTA,63.0,ERROR,revisar,154633
5057.0,19/10/2025,OVALLE,Hurto,Sur,10.0,Alta,61.0,ERROR,sin validar,376493
,2024/12/14,Illapel,,Norte,6.0,ALTA,15.0,,revisar,409212
5059.0,2024-01-12,Coquimbo ,Accidente,centro,5.0,baja,40.0,,revisar,767806
5060.0,Jan-27-2025,Monte Patria,Robo,NORTE,19.0,,55.0,TMP-001,sin validar,213099
5061.0,01/09/2025,vicuna,Accidente,Centro,12.0,baja,62.0,TMP-002,dato ingresado manualmente,406334
5062.0,2024-05-27,OVALLE,Robo,Norte,6.0,ALTA,26.0,TMP-002,sin validar,504932
5063.0,09/07/2025,COQUIMBO,Fraude,,11.0,Media,38.0,TMP-002,,852612
5064.0,01/12/2024,Coquimbo ,Fraude,Sur,15.0,Media,25.0,TMP-001,,448711
5065.0,05/02/2025,LA SERENA,,Sur,12.0,alta,31.0,,revisar,346591
5066.0,2024/02/23,Illapel,Fraude,centro,16.0,,55.0,,ok,470543
5067.0,09/12/2024,la serena,accidente,centro,5.0,Alta,27.0,TMP-001,revisar,159411
5068.0,Dec-23-2025,COQUIMBO,Accidente,Centro,12.0,Alta,58.0,,sin validar,699835
5069.0,2024/12/05,la serena,Hurto,NORTE,12.0,Media,49.0,ERROR,,438413
5070.0,Aug-07-2024,coquimbo,,,14.0,Media,55.0,TMP-001,,744268
5071.0,21/02/2024,Ovalle,Hurto,Rural,4.0,ALTA,49.0,TMP-001,dato ingresado manualmente,741762
5072.0,,OVALLE,Robo,,12.0,Baja,30.0,,ok,186333
5073.0,2024-06-15,illapel,Robo,NORTE,-3.0,,32.0,TMP-001,revisar,646090
5074.0,12/02/2025,andacollo,Fraude, Sur ,6.0,baja,36.0,TMP-002,dato ingresado manualmente,890931
5075.0,2024-12-26,illapel,robo,Sur,"4,0",,26.0,ERROR,revisar,906930
5076.0,12/05/2025,Coquimbo ,Accidente,centro,"4,0",baja,23.0,,sin validar,970353
5077.0,2025/07/18,andacollo,,NORTE,16.0,Baja,65.0,TMP-001,dato ingresado manualmente,683374
5078.0,12/10/2025,Coquimbo ,Robo,Rural,3.0,ALTA,14.0,TMP-001,,499802
5079.0,,la serena,Hurto,Norte,1.0,Baja,40.0,,dato ingresado manualmente,802451
5080.0,,andacollo,Accidente,Sur,11.0,baja,17.0,,,92607
5081.0,2025-12-29,SALAMANCA,Hurto,Norte,5.0,,54.0,TMP-001,,466487
5082.0,Dec-10-2025,Vicuña,Robo,,1.0,Baja,64.0,ERROR,revisar,396856
5083.0,2024/09/25,LA SERENA,Hurto,,11.0,baja,43.0,TMP-002,revisar,297342
5084.0,,monte patria,Violencia,,5.0,baja,69.0,TMP-002,sin validar,365772
5085.0,2025/07/29,Monte Patria,robo,Norte,13.0,ALTA,53.0,,,408171
5086.0,2025-03-25,VICUÑA,Hurto,Rural,8.0,baja,56.0,,ok,631414
,31/05/2024,Andacollo,Hurto,centro,6.0,MEDIA,18.0,ERROR,revisar,746225
5088.0,Oct-30-2024,VICUÑA,Accidente,rural,13.0,baja,15.0,TMP-001,,751540
5089.0,12/04/2025,Vicuña,Hurto,Norte,10.0,Media,37.0,,,334001
5090.0,2025-11-27, monte patria ,Accidente,centro,16.0,,57.0,,ok,559675
5091.0,2024-12-26,Coquimbo ,Accidente,Sur,0.0,Baja,41.0,,,343320
5092.0,29/08/2025,Ovalle,Hurto,Rural,6.0,Alta,32.0,,revisar,206945
,2025/07/08,monte patria,Fraude,Rural,,ALTA,67.0,TMP-001,sin validar,282426
5094.0,sin fecha,Serena,Robo,Centro,4.0,baja,50.0,,,790312
5095.0,Jan-27-2024,andacollo,robo,,15.0,baja,51.0,TMP-001,ok,205749
5096.0,Apr-01-2024,Coquimbo ,Accidente,Rural,6.0,baja,60.0,,dato ingresado manualmente,39873
5097.0,,Montepatria,Accidente,Norte,7.0,Alta,49.0,ERROR,revisar,272021
5098.0,Mar-19-2024,LA SERENA,robo,,2.0,,58.0,,dato ingresado manualmente,138464
5099.0,Jul-16-2024,Coquimbo,Accidente,NORTE,5.0,Media,30.0,,,966339
5100.0,2024-08-07,monte patria,Accidente,NORTE,6.0,Alta,14.0,ERROR,ok,387489
5101.0,Feb-02-2025,OVALLE,Robo,NORTE,7.0,Baja,51.0,,revisar,519156
5102.0,,la serena,,Norte,10.0,Media,39.0,TMP-001,,506583
,2025-03-26,Coquimbo ,robo,Sur,15.0,Alta,28.0,TMP-002,dato ingresado manualmente,187635
5104.0,2024-03-10,monte patria,Fraude,Sur,2.0,,65.0,,,846045
5105.0,Jan-04-2025,la serena,Violencia,Centro,4.0,baja,26.0,,ok,808024
5106.0,2024-04-29,monte patria,Violencia,Norte,17.0,,33.0,TMP-001,,102866
5107.0,2024-08-24,Salamanca,Violencia,,"17,0",baja,20.0,TMP-002,,961995
5108.0,2025/10/10,vicuna,,Rural,2.0,,68.0,TMP-002,revisar,269047
5109.0,2025/08/26,vicuna,Accidente,Sur,13.0,baja,61.0,TMP-001,revisar,237679
5110.0,2024/08/29,Coquimbo ,Robo,,5.0,Baja,16.0,TMP-002,sin validar,635943
5111.0,28/08/2024,OVALLE,Fraude,Rural,16.0,Alta,19.0,ERROR,dato ingresado manualmente,662679
5112.0,sin fecha,Coquimbo,Robo,centro,18.0,baja,34.0,TMP-002,revisar,972901
5113.0,2025/09/01,illapel,Hurto,,11.0,baja,15.0,TMP-001,dato ingresado manualmente,98575
5114.0,2025/05/02,ovalle,Fraude,NORTE,6.0,ALTA,34.0,,sin validar,687941
5115.0,Nov-16-2025,VICUÑA,robo,Rural,19.0,Baja,69.0,,ok,535118
5116.0,,ovalle,Violencia,Norte,13.0,ALTA,65.0,,,396960
5117.0,Jun-18-2024,OVALLE,Violencia,Rural,9.0,MEDIA,19.0,,ok,487671
5118.0,2025/11/05,Coquimbo,Violencia,Sur,14.0,,20.0,ERROR,,217541
5119.0,2025-09-13,la serena,,Centro,10.0,baja,55.0,TMP-002,ok,97900
5120.0,Feb-07-2024,Monte Patria,Hurto, NORTE ,2.0,ALTA,18.0,ERROR,sin validar,632209
5121.0,,SALAMANCA,Robo,,11.0,,28.0,TMP-002,,913148
5122.0,2024/11/13,Andacollo,Hurto,Norte,1.0,Alta,17.0,ERROR,,751428
5123.0,2025/02/11,illapel,Accidente,Norte,13.0,baja,31.0,TMP-001,sin validar,854576
5124.0,Sep-15-2025,SALAMANCA,,Centro,19.0,ALTA,68.0,TMP-001,dato ingresado manualmente,241866
,09/09/2024,SALAMANCA,Fraude,Rural,17.0,baja,18.0,,dato ingresado manualmente,577505
5126.0,18/07/2024,La Serena,Robo,centro,"1,0",Media,62.0,TMP-002,sin validar,781352
5127.0,Sep-19-2025,OVALLE,Hurto,RURAL,0.0,,34.0,,,109567
5128.0,Feb-24-2025,vicuna,Accidente,CENTRO,5.0,ALTA,20.0,TMP-002,,72454
5129.0,2025/06/29,Vicuña,  ,,2.0,Baja,,,ok,469072
5130.0,2025/03/15,Coquimbo ,Hurto,Centro,9.0,,32.0,ERROR,ok,700231
5131.0,sin fecha,Vicuña, Robo ,centro,10.0,baja,39.0,TMP-001,,181289
5132.0,Jul-25-2024,Vicuña,,,,Baja,54.0,ERROR,,78731
5133.0,Jan-05-2025,Monte Patria,Accidente,Rural,15.0,baja,19.0,TMP-002,dato ingresado manualmente,500595
5134.0,2025-07-30,vicuna,robo,NORTE,11.0,Baja,64.0,,revisar,997309
5135.0,12/04/2024,COQUIMBO,Hurto,centro,10.0,BAJA,58.0,TMP-001,revisar,907620
5136.0,Dec-03-2024,SALAMANCA,Accidente,NORTE,7.0,Media,,,,982250
5137.0,2025/12/14,Illapel,Hurto,Norte,"2,0",baja,26.0,TMP-001,revisar,485734
5138.0,,Vicuña,nan,Centro,14.0,Alta,36.0,ERROR,dato ingresado manualmente,756931
5139.0,Apr-06-2025,Coquimbo ,Fraude,Sur,18.0,Media,36.0,TMP-002,sin validar,567822
5140.0,2025/01/18,Serena,Violencia,,6.0,Media,25.0,,dato ingresado manualmente,339485
5141.0,2025/04/27,SALAMANCA,Accidente,Sur,7.0,baja,"5,0",ERROR,sin validar,444310
5142.0,2025/01/24,Coquimbo ,robo,NORTE,12.0,ALTA,60.0,ERROR,dato ingresado manualmente,178573
5143.0,18/02/2025,coquimbo,Robo,centro,6.0,,20.0,TMP-001,,653833
5144.0,28/09/2024,andacollo,Violencia,Sur,16.0,Alta,51.0,,,693270
5145.0,,salamanca,robo,NORTE,3.0,Baja,28.0,TMP-001,,456785
5146.0,,illapel,Fraude,Sur,12.0,Media,33.0,,,620742
5147.0,10/03/2025,Salamanca,Violencia,Norte,5.0,,19.0,TMP-002,revisar,712147
5148.0,2025-12-04,SALAMANCA,Accidente,Norte,"13,0",ALTA,14.0,,revisar,523028
5149.0,2025-07-27,vicuna,Robo,NORTE,5.0,Media,69.0,TMP-002,sin validar,996585
5150.0,2025/12/15,LaSerena,  ,Centro,11.0,Baja,31.0,TMP-002,dato ingresado manualmente,197112
5151.0,07/01/2025,coquimbo,Accidente,Norte,2.0,ALTA,19.0,ERROR,,596709
5152.0,11/04/2025,Ovalle,Accidente,Centro,12.0,Baja,44.0,TMP-002,dato ingresado manualmente,112147
5153.0,Nov-22-2025,COQUIMBO,,,14.0,,42.0,,dato ingresado manualmente,570613
5154.0,2025-09-11,OVALLE,Hurto,Sur,14.0,ALTA,"48,0",ERROR,ok,119064
5155.0,22/02/2024,Andacollo,Robo,Sur,4.0, ALTA ,65.0,TMP-001,ok,548181
5156.0,Aug-10-2024,andacollo,Robo,  ,5.0,ALTA,69.0,,,472151
,Jun-20-2024,SALAMANCA,Fraude,,"5,0",Media,44.0,TMP-001,,642713
5158.0,2024/08/23,SALAMANCA,Fraude,CENTRO,17.0,BAJA,39.0,,sin validar,90139
5159.0,May-02-2025,ovalle,Violencia,Centro,,baja,48.0,,ok,701463
5160.0,2024/07/06,LaSerena,,Norte,17.0,ALTA,36.0,ERROR,sin validar,823706
5161.0,2025-04-24,andacollo,robo,,13.0,ALTA,66.0,,sin validar,646700
5162.0,,LA SERENA,Fraude,Centro,3.0,baja,32.0,,revisar,668885
5163.0,06/10/2025,coquimbo,Hurto,NORTE,,,39.0,TMP-002,ok,972923
5164.0,04/11/2024,Coquimbo ,Violencia,,6.0,baja,31.0,,dato ingresado manualmente,967173
5165.0,Jun-25-2024,La Serena,Accidente,Norte,10.0,baja,66.0,,sin validar,97203
5166.0,2025-12-15,vicuna,Robo,Rural,8.0,,31.0,,revisar,564362
5167.0,06/02/2025,Vicuña, robo ,Sur,8.0,,49.0,ERROR,,348336
5168.0,,Coquimbo ,Robo,Norte,16.0,,54.0,ERROR,sin validar,312734
5169.0,06/12/2025,LA SERENA,,Centro,3.0,baja,54.0,ERROR,,882781
5170.0,2024/07/19,la serena,Hurto,Norte,4.0,baja,24.0,TMP-001,dato ingresado manualmente,923130
5171.0,13/03/2025,VICUÑA,Accidente,Centro,3.0,,"47,0",TMP-001,sin validar,195558
5172.0,2024-01-25,andacollo,Violencia,Norte,1.0,,30.0,,dato ingresado manualmente,442029
5173.0,05/08/2025,LaSerena,,Centro,11.0,,19.0,,revisar,461847
5174.0,2025/09/14,Illapel,Accidente,centro,7.0,baja,55.0,,,507652
,sin fecha,la serena,Accidente,centro,9.0,,54.0,ERROR,ok,524334
5176.0,,LaSerena,robo,Centro,15.0,Baja,46.0,TMP-001,,638279
5177.0,,Coquimbo,,Sur,5.0,Media,17.0,TMP-002,revisar,338866
5178.0,,Coquimbo,Violencia,,13.0,baja,58.0,TMP-001,dato ingresado manualmente,518348
5179.0,2024-08-05,Coquimbo,Accidente,CENTRO,2.0,,67.0,TMP-002,,853412
5180.0,2025-02-15,illapel,hurto,Rural,-3.0,Media,39.0,,,748016
5181.0,2025/10/05,LA SERENA,Fraude,Sur,9.0,ALTA,49.0,,,245736
5182.0,,Salamanca,Violencia,NORTE,19.0,,46.0,TMP-002,ok,801690
5183.0,,LaSerena,Robo,,11.0,ALTA,130.0,TMP-001,,699768
5184.0,,serena,,Norte,15.0,,42.0,,,690333
5185.0,2025-05-21,andacollo,Fraude,centro,2.0,baja,51.0,ERROR,,509312
5186.0,2024-03-01,la serena,robo,Rural,7.0,,47.0,,ok,615738
5187.0,,LaSerena,Fraude,centro,14.0,Alta,33.0,TMP-002,revisar,125238
5188.0,27/07/2024,Coquimbo ,Robo,sur,15.0,,19.0,TMP-002,,819215
5189.0,May-25-2024,Illapel,Fraude,Norte,,MEDIA,48.0,,dato ingresado manualmente,47550
5190.0,2024-11-16,monte patria,,NORTE,11.0,Baja,14.0,TMP-001,,540033
5191.0,Aug-13-2024,Montepatria,Robo,Rural,14.0,Alta,36.0,,,848330
,,monte patria,Accidente,NORTE,4.0,Alta,57.0,TMP-002,,859351
5193.0,2025/12/02,Serena,Hurto,Rural,9.0,baja,"33,0",,dato ingresado manualmente,828041
5194.0,Oct-30-2025,Illapel,Robo,centro,2.0,ALTA,18.0,TMP-002,,529934
5195.0,Sep-15-2024,Illapel,,Norte,6.0,,51.0,TMP-001,,451053
5196.0,,Andacollo,Hurto,Rural,11.0,,52.0,,,685532
5197.0,2025-05-14,Illapel,Fraude,Rural,13.0,Alta,61.0,TMP-001,dato ingresado manualmente,219236
5198.0,2024/10/24,Salamanca,,Sur,5.0,Baja,45.0,TMP-002,ok,167907
5199.0,,Andacollo,,Rural,12.0,,37.0,TMP-001,sin validar,204037
5200.0,22/12/2024,coquimbo,,NORTE,7.0,media,15.0,,revisar,414452
5201.0,Dec-30-2025,vicuna,Hurto,Sur,6.0,Media,32.0,,sin validar,99816
,09/01/2024,la serena,,NORTE,18.0,Baja,27.0,,ok,125145
5203.0,2025-12-20,COQUIMBO,Accidente,Rural,4.0,Baja,58.0,ERROR,ok,990966
5204.0,sin fecha,Illapel,,Sur,8.0,ALTA,65.0,TMP-001,ok,790246
5205.0,2025/10/05,ovalle,Hurto,Centro,2.0,Media,26.0,ERROR,dato ingresado manualmente,40942
5206.0,2024/08/29,ovalle,Violencia,Norte,"15,0",ALTA,48.0,,sin validar,145484
5207.0,2024-12-25,SALAMANCA,,,14.0,ALTA,51.0,,revisar,982567
5208.0,,Ovalle,Hurto,,-3.0,,68.0,TMP-002,dato ingresado manualmente,354799
5209.0,Aug-31-2025, illapel ,Violencia,Norte,12.0,baja,54.0,,revisar,161024
5210.0,18/06/2024,Coquimbo,Fraude,CENTRO,19.0,baja,,TMP-001,dato ingresado manualmente,401878
5211.0,2024/05/28,Montepatria,Violencia,centro,8.0,,46.0,ERROR,,221087
5212.0,15/06/2024,coquimbo,Violencia,NORTE,13.0,Baja,36.0,,revisar,74276
5213.0,26/10/2025,vicuna,,,,,62.0,TMP-001,sin validar,649509
5214.0,2025/10/01,LA SERENA,,Sur,8.0,Media,53.0,ERROR,ok,533743
5215.0,2025-02-22,Montepatria,Accidente,centro,13.0,ALTA,64.0,TMP-001,ok,23703
5216.0,,andacollo,,Rural,"19,0",Media,64.0,TMP-001,,227085
5217.0,Aug-24-2025,LA SERENA,Hurto,Rural,7.0,ALTA,32.0,ERROR,,489559
5218.0,,coquimbo,Robo,Sur,8.0,Media,63.0,TMP-001,ok,485742
5219.0,sin fecha,monte patria,Accidente,  ,11.0,baja,53.0,TMP-002,sin validar,286189
5220.0,2024/10/26,Vicuña,Fraude,NORTE,3.0,,51.0,,,814398
5221.0,2024-12-02,Salamanca,Violencia,,2.0,baja,14.0,TMP-001,ok,139312
5222.0,,andacollo,Robo,Rural,,baja,"49,0",,sin validar,348693
5223.0,2024/11/25,Monte Patria,Robo,Rural,8.0,,18.0,ERROR,revisar,33614
5224.0,2024-09-02,VICUÑA,Violencia,Sur,1.0,Baja,52.0,,ok,707548
5225.0,Apr-19-2025,VICUÑA,Fraude,Rural,5.0,Alta,"14,0",TMP-002,revisar,294281
5226.0,Nov-05-2025,salamanca,robo,Norte,, Baja ,-1.0,ERROR,ok,344930
5227.0,15/04/2025,ovalle,Fraude,Centro,5.0,Baja,15.0,,sin validar,358384
5228.0,02/04/2025,la serena,Fraude,Norte,"5,0",ALTA,30.0,,sin validar,380017
5229.0,Mar-13-2025,Ovalle,,NORTE,14.0,,53.0,ERROR,revisar,126460
5230.0,, OVALLE ,,NORTE,"10,0",Media,62.0,TMP-002,sin validar,594261
,,La Serena,hurto,,4.0,Media,68.0,,,62323
5232.0,2025-09-11,Vicuña,Robo,rural,11.0,,17.0,TMP-002,,731635
5233.0,,Ovalle,Hurto,Norte,"16,0",,26.0,TMP-001,dato ingresado manualmente,712080
5234.0,2024/04/11,Coquimbo,Accidente,Norte,12.0,,22.0,ERROR,sin validar,710444
5235.0,15/01/2024,Ovalle,Violencia,Norte,500.0,,32.0,ERROR,ok,419856
5236.0,14/08/2024,La Serena,Accidente,Centro,10.0,  ,38.0,TMP-001,,605442
5237.0,,vicuna,,Sur,18.0,Alta,45.0,,,938282
,2025-04-20,OVALLE,Accidente,Centro,15.0,,nan,TMP-002,dato ingresado manualmente,619053
5239.0,2024-01-26,Ovalle,VIOLENCIA,,18.0,Alta,68.0,,dato ingresado manualmente,442104
5240.0,Dec-25-2025,Illapel,Accidente, Norte ,6.0,Media,51.0,,revisar,535893
5241.0,07/04/2025,Coquimbo,ROBO,Sur,12.0,Alta,24.0,,,235412
5242.0,,Coquimbo ,Accidente,NORTE,19.0,Media,60.0,,,532549
5243.0,,la serena,robo,Centro,19.0,baja,14.0,,revisar,721157
5244.0,24/01/2024,COQUIMBO,Fraude,Norte,7.0,ALTA,38.0,,,923113
,29/01/2024,Montepatria,Robo,Centro,9.0,Baja,62.0,TMP-002,,116617
5246.0,02/11/2024,ovalle,Violencia,,19.0,ALTA,30.0,,revisar,776180
5247.0,,Vicuña,Accidente,Norte,7.0,Media,31.0,TMP-002,dato ingresado manualmente,46104
5248.0,Dec-03-2024,Vicuña,Accidente,,8.0,Baja,30.0,ERROR,revisar,745561
5249.0,2024/05/17,Salamanca,Violencia,NORTE,4.0,Media,54.0,,,22431
5250.0,2025/02/22,coquimbo,Accidente,Sur,1.0,Alta,67.0,ERROR,ok,510792
5251.0,Sep-13-2024, Coquimbo ,,Sur,8.0,,24.0,,revisar,781303
5252.0,Aug-01-2025,La Serena,Robo,centro,8.0,Baja,54.0,,dato ingresado manualmente,228695
5253.0,2024-02-10,monte patria,Violencia,centro,18.0,ALTA,64.0,ERROR,sin validar,187427
5254.0,,Coquimbo ,Accidente,Norte,3.0,ALTA,33.0,,ok,112360
5255.0,Jul-07-2025,Salamanca,Fraude,Centro,2.0,,65.0,TMP-001,,665337
5256.0,2025/04/18,LaSerena,Violencia,centro,19.0,baja,"26,0",TMP-002,sin validar,440083
5257.0,,VICUÑA,robo,Centro,8.0,,40.0,,sin validar,904412
5258.0,,la serena,  ,,2.0,Baja,24.0,ERROR,sin validar,570914
5259.0,27/02/2024,Montepatria,Hurto,Rural,19.0,Media,nan,,,315184
5260.0,2025-08-09,monte patria,,Norte,9.0,ALTA,26.0,,dato ingresado manualmente,645486
5261.0,2024-01-18,andacollo,robo,,15.0,,31.0,TMP-001,ok,635477
5262.0,Sep-16-2024,VICUÑA,robo,Rural,19.0,alta,14.0,,ok,774783
5263.0,,Ovalle, Robo ,NORTE,11.0,Media,31.0,TMP-002,revisar,185059
5264.0,Mar-22-2024,coquimbo,Accidente,,6.0,Alta,,TMP-002,ok,730743
5265.0,sin fecha,Monte Patria,Fraude,,8.0,Alta,59.0,,revisar,604384
5266.0,Dec-09-2024, Monte Patria ,Hurto,Sur,9.0,,63.0,TMP-001,revisar,227788
5267.0,,LaSerena,Fraude,Sur,4.0,Baja,67.0,TMP-001,,472201
5268.0,17/06/2024, Serena ,Fraude,Sur,1.0,ALTA,54.0,TMP-002,sin validar,295764
,,illapel,Accidente,Norte,8.0,Baja,50.0,,,613059
5270.0,2024-09-08,Coquimbo,Violencia,Sur,3.0,ALTA,,TMP-001,revisar,678256
5271.0,30/10/2025,OVALLE,Robo,,1.0,Alta,25.0,,ok,926171
5272.0,2024/05/22,OVALLE,Hurto,Norte,13.0,Baja,37.0,TMP-001,,853811
5273.0,02/02/2025,Monte Patria,Robo,Centro,3.0,Baja,14.0,TMP-002,ok,557527
5274.0,2024/04/03,LaSerena,Fraude,RURAL,9.0,ALTA,29.0,TMP-001,ok,108245
5275.0,2025/05/28,La Serena,robo,Rural,5.0,,,TMP-001,dato ingresado manualmente,941767
5276.0,,Salamanca,robo,Rural,10.0,baja,51.0,TMP-002,,317111
5277.0,Jul-10-2024,LaSerena,,Centro,0.0,,-1.0,,,982257
5278.0,sin fecha,Serena,Violencia,NORTE,13.0,,14.0,TMP-002,,818670
5279.0,2024/06/23,monte patria,Fraude,Norte,5.0,,14.0,ERROR,revisar,401998
5280.0,2025/06/16,Coquimbo ,,NORTE,18.0,ALTA,67.0,ERROR,ok,698462
5281.0,23/11/2024,Salamanca,Violencia,NORTE,17.0,Baja,67.0,,revisar,371863
5282.0,2025-03-12,ovalle,Hurto,Rural,17.0,Baja,56.0,TMP-001,sin validar,703309
5283.0,sin fecha,Monte Patria,Accidente,,"16,0",ALTA,14.0,TMP-002,revisar,504819
5284.0,2025/08/02,Illapel,Violencia,Sur,11.0,Baja,39.0,TMP-001,ok,679897
5285.0,,Monte Patria,Hurto,,14.0,Alta,,ERROR,sin validar,661830
5286.0,2024/08/06,SALAMANCA,Robo,Sur,16.0,Media,47.0,TMP-001,dato ingresado manualmente,648865
5287.0,2024-12-31,Serena,,NORTE,15.0,,17.0,,,42868
5288.0,Jun-08-2025, COQUIMBO ,Violencia,Sur,12.0,ALTA,30.0,TMP-002,,965569
5289.0,2024-01-29,LA SERENA,Robo,NORTE,1.0,baja,"22,0",ERROR,revisar,625430
5290.0,2025-04-18,andacollo,Accidente,NORTE,11.0,,64.0,TMP-001,,646454
5291.0,26/04/2024,Andacollo,Accidente,Sur,12.0,Alta,41.0,,dato ingresado manualmente,281633
5292.0,sin fecha,monte patria,,Rural,19.0,Baja,56.0,TMP-001,ok,314512
5293.0,,Coquimbo ,Fraude,,1.0,Baja,27.0,,revisar,585070
5294.0,2025/02/11,ovalle,Robo,centro,500.0,Baja,32.0,ERROR,,840639
5295.0,28/04/2025,SALAMANCA,robo,NORTE,1.0,ALTA,32.0,TMP-001,revisar,670433
5296.0,2025-05-26,Illapel,Robo,Sur,7.0,Alta,39.0,,revisar,649794
,,La Serena,Accidente,Rural,15.0,Baja,"35,0",,dato ingresado manualmente,721437
5298.0,2025-11-20,andacollo,Hurto,,1.0,ALTA,34.0,TMP-001,,18050
5299.0,Sep-18-2024,illapel,robo,Norte,4.0,baja,37.0,,ok,757208
5300.0,Aug-28-2025,monte patria,robo,Centro,7.0,baja,59.0,ERROR,revisar,814882
5301.0,sin fecha,coquimbo,Hurto,NORTE,4.0,Alta,32.0,,sin validar,590674
5302.0,sin fecha,COQUIMBO,robo,Norte,9.0,Media,28.0,TMP-001,sin validar,453315
5303.0,09/11/2024,SALAMANCA,, Sur ,14.0,baja,69.0,TMP-001,revisar,473976
5304.0,,andacollo,Accidente,Centro,17.0,,38.0,TMP-002,revisar,917685
,,OVALLE,Hurto,centro,2.0,Baja,,,sin validar,759292
5306.0,,Ovalle,,Sur,7.0,ALTA,69.0,TMP-002,dato ingresado manualmente,7334
5307.0,Nov-06-2024,Vicuña,Hurto,Norte,10.0,Alta,25.0,,dato ingresado manualmente,92884
5308.0,May-11-2024,La Serena,Hurto,NORTE,3.0,Media,41.0,,,389830
5309.0,,Illapel,Violencia,centro,11.0,ALTA,17.0,,ok,301387
5310.0,Oct-07-2025,Coquimbo,Accidente,,18.0,Baja,48.0,,ok,923661
5311.0,sin fecha,illapel,Fraude,Rural,"6,0",Baja,27.0,ERROR,revisar,551984
5312.0,Feb-07-2024,andacollo,Fraude,Sur,13.0,Alta,64.0,TMP-002,,845445
5313.0,sin fecha,la serena,,centro,8.0,ALTA,31.0,,sin validar,435863
,2024-02-09,illapel,Violencia,NORTE,7.0,Media,15.0,,dato ingresado manualmente,358079
5315.0,Jan-12-2025,monte patria,Robo,NORTE,nan,Alta,48.0,ERROR,,247177
5316.0,2025/09/06,OVALLE,robo,,13.0,Alta,66.0,,revisar,599260
5317.0,2024/12/31,Andacollo,Violencia,Norte,9.0,ALTA,57.0,,,42624
5318.0,2024/02/10,Monte Patria,Accidente,NORTE,1.0,baja,41.0,,,836391
5319.0,2024-03-17,illapel,Violencia,Centro,8.0,baja,18.0,,revisar,88047
5320.0,2024/03/14,Monte Patria,Robo,Rural,19.0,Media,43.0,,revisar,746243
5321.0,Aug-20-2024,monte patria,Hurto,Norte,14.0,Media,51.0,,ok,162915
5322.0,2024-12-30,ILLAPEL,Violencia,Centro,11.0,ALTA,16.0,ERROR,,65770
5323.0,Aug-30-2025,illapel,Hurto,Sur,5.0,BAJA,41.0,,,5727
5324.0,2025-04-26,Monte Patria,Violencia,Sur,7.0,baja,32.0,,revisar,293280
,2025/07/19,la serena,Accidente,Centro,14.0,Baja,18.0,TMP-001,ok,81929
5326.0,2025/10/20,VICUÑA,Hurto,NORTE,4.0,ALTA,52.0,,dato ingresado manualmente,599234
5327.0,2024/05/27,Montepatria,,Norte,1.0,ALTA,65.0,ERROR,ok,476505
5328.0,,Vicuña,Violencia,norte,15.0,Alta,28.0,,revisar,975827
5329.0,,Salamanca,Fraude,centro,,,68.0,,revisar,267643
5330.0,sin fecha,ovalle,,Sur,3.0,,39.0,ERROR,ok,42903
5331.0,Aug-17-2024,Coquimbo,Accidente,centro,10.0,baja,34.0,ERROR,dato ingresado manualmente,943143
,2025-12-07,LA SERENA,,NORTE,12.0,Baja,19.0,,,692841
5333.0,2024-01-06,la serena,Hurto,Sur,19.0,ALTA,23.0,ERROR,sin validar,171644
5334.0,06/03/2025,Illapel,Robo,,4.0,baja,27.0,ERROR,,521834
5335.0,2025-02-11,Vicuña,Robo,NORTE,14.0,baja,51.0,TMP-002,,615019
5336.0,2025/04/11,Serena,,NORTE,5.0,Alta,19.0,ERROR,dato ingresado manualmente,407460
5337.0,2024/07/29,OVALLE,Violencia,,10.0,ALTA,16.0,TMP-001,ok,884128
5338.0,2025/01/05,Serena,Hurto,,9.0,baja,51.0,TMP-002,,305315
5339.0,sin fecha,andacollo,,Sur,6.0,Baja,61.0,,,197556
5340.0,,LA SERENA,,centro,,Media,61.0,,,143658
5341.0,2025/04/13,Coquimbo,Violencia,centro,10.0,baja,38.0,,,998751
5342.0,18/07/2024,ovalle,,Rural,"5,0",baja,67.0,ERROR,sin validar,267099
5343.0,15/09/2024,LA SERENA,,NORTE,18.0,baja,63.0,TMP-002,,230778
,May-30-2025,SALAMANCA,Accidente,,18.0,Media,44.0,TMP-002,sin validar,104957
5345.0,2025-11-08,vicuna,Violencia,Centro,10.0,baja,66.0,ERROR,,978627
5346.0,2024/04/10,vicuna,Violencia,Sur,8.0,baja,53.0,TMP-002,,170534
5347.0,2025/07/17,coquimbo ,  ,Sur,7.0,Media,69.0,TMP-002,ok,203844
5348.0,Jan-09-2024,Serena,Hurto,centro,,Media,66.0,ERROR,,831239
5349.0,2025-04-26,ovalle,Robo,Rural,19.0,baja,18.0,TMP-001,,722625
5350.0,Dec-07-2024,Serena,Fraude,Norte,11.0,Baja,49.0,TMP-002,ok,649871
5351.0,2024-10-07,Ovalle,Accidente,Centro,19.0,baja,58.0,TMP-001,dato ingresado manualmente,967316
5352.0,2025-12-03,Salamanca,accidente,NORTE,10.0,,63.0,,,797011
5353.0,2024-04-21,vicuna,Fraude,Centro,15.0,,28.0,,,720164
,23/06/2024,ovalle,Hurto,Centro,1.0,Media,49.0,TMP-002,revisar,551050
5355.0,, Ovalle ,Violencia,Sur,7.0,Media,22.0,,sin validar,813759
5356.0,2024/01/30,Andacollo,Violencia,Norte,11.0,Alta,32.0,ERROR,dato ingresado manualmente,763832
5357.0,2024-05-07,La Serena,Violencia,Sur,1.0,,61.0,,revisar,337437
5358.0,,illapel,Violencia,Rural,19.0,,27.0,TMP-002,ok,553794
5359.0,,illapel,Fraude,Rural,11.0,,28.0,TMP-001,revisar,496167
5360.0,,coquimbo,,,15.0,Baja,26.0,,sin validar,841094
5361.0,sin fecha,LaSerena,Hurto,centro,"7,0",,61.0,ERROR,sin validar,63913
5362.0,,Montepatria,violencia,Rural,15.0,Alta,31.0,ERROR,dato ingresado manualmente,912667
5363.0,2024/01/28,Vicuña,,Norte,5.0,Baja,56.0,ERROR,sin validar,318370
5364.0,14/08/2025,Vicuña,Fraude,NORTE,12.0,Media,42.0,,,650234
5365.0,2025/03/24,LA SERENA,Violencia,centro,7.0,Media,29.0,,revisar,847466
5366.0,2024/05/17,vicuna,Accidente,Centro,3.0,Alta,46.0,TMP-002,dato ingresado manualmente,769849
5367.0,2025-06-05,Illapel,Fraude,Rural,7.0,Baja,62.0,TMP-002,,110777
5368.0,,Salamanca,robo,,13.0,Baja,44.0,ERROR,,957673
5369.0,sin fecha,Andacollo,Robo,Centro,10.0,,61.0,TMP-002,dato ingresado manualmente,694343
5370.0,2025/07/20,Andacollo,Hurto,Rural,11.0,Alta,67.0,,revisar,908870
5371.0,2025/12/21,andacollo,robo,,8.0,Baja,15.0,,,316995
5372.0,19/09/2025,LA SERENA,FRAUDE,Sur,4.0,,16.0,,,665419
5373.0,,Vicuña,Fraude,Rural,15.0,baja,21.0,TMP-002,,51392
5374.0,,COQUIMBO,Violencia,Norte,15.0,Baja,29.0,,ok,519147
5375.0,26/06/2024,monte patria,Robo,,16.0,ALTA,30.0,,revisar,267375
5376.0,2025-12-21,Montepatria,Fraude,Centro,6.0,ALTA,"54,0",,ok,432640
5377.0,18/07/2024,illapel,,,15.0,ALTA,61.0,TMP-001,revisar,61822
5378.0,2025-01-26,Ovalle,Robo,NORTE,6.0,Baja,21.0,,sin validar,888985
5379.0,2025/08/24,la serena,Robo,NORTE,6.0,baja,"36,0",ERROR,,613906
5380.0,Jun-05-2024,La Serena,,,2.0,baja,,TMP-002,sin validar,997080
5381.0,Feb-15-2024,Vicuña,robo,Sur,19.0,ALTA,25.0,,,543590
5382.0,Jun-16-2025,ovalle,Fraude,,6.0,,26.0,ERROR,ok,779893
5383.0,25/09/2024,coquimbo,Violencia,,"16,0",ALTA,28.0,TMP-001,dato ingresado manualmente,188163
5384.0,2024/08/31,ovalle,Robo,Sur,13.0,Baja,48.0,TMP-002,revisar,144139
5385.0,Aug-08-2024,ovalle,Accidente,centro,1.0,ALTA,"40,0",TMP-001,,843245
5386.0,2024/05/04,COQUIMBO,Hurto,centro,6.0,Baja,26.0,,sin validar,603495
5387.0,24/06/2025, Salamanca ,Hurto,Centro,4.0,ALTA,36.0,TMP-001,,458961
5388.0,04/01/2024,Montepatria,,centro,19.0,Media,64.0,,ok,70996
5389.0,,COQUIMBO,,Centro,8.0,Baja,31.0,TMP-002,revisar,692391
5390.0,,andacollo,,NORTE,4.0,Media,52.0,,,637028
5391.0,2025-10-12,OVALLE,,Rural,15.0,Media,-1.0,,revisar,954499
5392.0,07/08/2024,Illapel,Robo,,2.0,,45.0,ERROR,ok,474867
5393.0,2025/07/31,LA SERENA,Violencia,,-3.0,Media,41.0,ERROR,ok,702988
5394.0,2024/04/24,Illapel,Accidente,Norte,13.0,,31.0,,revisar,275894
,Jan-04-2024,coquimbo,FRAUDE,Norte,2.0,Media,49.0,TMP-001,revisar,48037
5396.0,2024/11/03,la serena,Hurto,Sur,0.0,baja,56.0,TMP-001,dato ingresado manualmente,818044
5397.0,09/10/2025,Coquimbo,Accidente,centro,12.0,,25.0,TMP-001,revisar,145280
5398.0,sin fecha,OVALLE,Violencia,NORTE,11.0,baja,58.0,ERROR,ok,752160
5399.0,2025/10/15,Ovalle,,,1.0,,60.0,TMP-002,,570269
5400.0,28/12/2024,illapel,,Sur,11.0,Alta,14.0,,sin validar,343378
5401.0,Aug-06-2024,Vicuña,Violencia,Sur,5.0,Baja,58.0,ERROR,revisar,270517
5402.0,2024-11-07,Coquimbo,robo,centro,8.0,Media,51.0,,,284941
5403.0,2024-05-20,La Serena,robo,,3.0,BAJA,23.0,ERROR,sin validar,330898
5404.0,2024-01-05,coquimbo,Accidente,centro,8.0,baja,39.0,,,670820
5405.0,2024-08-04,LA SERENA,,Norte,19.0,Alta,37.0,,sin validar,74289
5406.0,09/06/2024,LaSerena,Accidente,,18.0,Media,49.0,TMP-001,ok,606632
5407.0,Oct-29-2025,Andacollo,robo,Rural,10.0,Baja,18.0,,dato ingresado manualmente,480049
5408.0,2024-01-17,ovalle,Accidente,Centro,3.0,Media,25.0,ERROR,revisar,506688
5409.0,Sep-08-2025,Coquimbo,Robo,Centro,14.0,baja,37.0,,,655152
5410.0,26/03/2024,Andacollo,Accidente,Centro,10.0,Alta,15.0,TMP-001,sin validar,386973
5411.0,2024-04-20,COQUIMBO,robo,NORTE,12.0,ALTA,55.0,,ok,825242
,sin fecha,Vicuña,,Centro,5.0,baja,35.0,,,446509
5413.0,09/08/2024,La Serena,Robo,NORTE,18.0,ALTA,52.0,TMP-002,sin validar,873505
5414.0,2025-09-25,Coquimbo ,Hurto,NORTE,16.0,Media,52.0,,revisar,676241
5415.0,Feb-01-2024,OVALLE,Fraude,Norte,4.0,baja,19.0,TMP-002,,264140
5416.0,Dec-09-2025,La Serena,Hurto,Centro,9.0,Baja,62.0,,dato ingresado manualmente,584679
5417.0,01/02/2025,Coquimbo ,Robo,Norte,16.0,Alta,51.0,ERROR,ok,715326
5418.0,Oct-14-2024,monte patria,,NORTE,,Media,66.0,TMP-002,sin validar,331219
5419.0,2025/12/26,LA SERENA,,NORTE,13.0,ALTA,63.0,,sin validar,896476
5420.0,2024/12/10,LA SERENA,Violencia,Norte,14.0,,41.0,TMP-002,,943460
5421.0,Mar-28-2024,OVALLE,Violencia,centro,15.0,ALTA,48.0,ERROR,,947171
5422.0,2025-09-06,coquimbo,,Sur,5.0,,21.0,TMP-002,sin validar,635044
5423.0,26/09/2024,la serena,Robo,,10.0,Baja,47.0,TMP-002,ok,874582
5424.0,2024-04-21,andacollo,hurto,centro,7.0,,41.0,,,710438
5425.0,2024/02/19,Serena,Robo,centro,13.0,,,,,625163
5426.0,sin fecha,Serena,Violencia, Sur ,10.0,,46.0,,,225012
5427.0,31/07/2025,OVALLE,Hurto,NORTE,3.0,baja,61.0,,,644661
5428.0,Aug-01-2025,Serena,Violencia,,15.0,Media,67.0,TMP-002,sin validar,944743
5429.0,21/09/2024,coquimbo,robo,NORTE,10.0,baja,40.0,TMP-002,,257640
5430.0,2025/01/18,ovalle,Robo,NORTE,7.0,ALTA,53.0,,revisar,460683
5431.0,28/05/2025,Montepatria,Accidente,centro,14.0,ALTA,23.0,,ok,749632
5432.0,06/11/2025,La Serena,Fraude,centro,,ALTA,26.0,TMP-002,,201347
5433.0,2024-10-28,vicuna, Robo ,Centro,6.0,baja,34.0,,sin validar,596294
5434.0,2025/04/24,Serena,Hurto,Norte,18.0,Media,60.0,,,692326
5435.0,Mar-08-2024,Montepatria,,norte,14.0,baja,32.0,ERROR,ok,189242
5436.0,2024/08/11,andacollo,Accidente,Centro,13.0,,,ERROR,,174918
5437.0,sin fecha,Andacollo,Accidente,Rural,17.0,Baja,23.0,TMP-002,,62719
5438.0,Mar-17-2024,OVALLE,Robo,NORTE,2.0,ALTA,41.0,TMP-002,dato ingresado manualmente,19934
5439.0,20/07/2024,Coquimbo,Fraude,Sur,9.0,,28.0,TMP-001,,618086
5440.0,2024-12-01,ovalle,Robo,Centro,13.0,Media,53.0,,ok,321729
5441.0,2024/12/24,Vicuña,Robo,NORTE,12.0,baja,69.0,TMP-002,ok,779177
5442.0,2024/01/03,Andacollo,Violencia,Norte,4.0,Baja,32.0,TMP-002,,652095
5443.0,sin fecha,illapel,Fraude,Sur,12.0,Media,54.0,TMP-002,,498009
5444.0,2024/10/14,Salamanca, Fraude ,Norte,7.0,Media,63.0,,,734681
5445.0,,coquimbo, Fraude ,Norte,8.0,Media,15.0,,revisar,448253
5446.0,15/08/2024,ovalle,robo,Norte,17.0,Alta,42.0,,,877636
5447.0,11/05/2024,Ovalle,Violencia,Norte,5.0,Baja,26.0,,sin validar,74517
5448.0,Apr-03-2025,Monte Patria,Hurto,Norte,11.0,Alta,43.0,,sin validar,224624
5449.0,14/10/2025,LA SERENA,robo,Norte,2.0,Media,66.0,TMP-002,ok,383092
5450.0,2024/03/20,Andacollo,,centro,10.0,ALTA,48.0,,ok,766712
5451.0,2025-11-18,coquimbo,Violencia,centro,15.0,baja,43.0,,revisar,439318
5452.0,Sep-26-2024,Andacollo,Fraude,Sur,17.0,Media,26.0,TMP-001,ok,253043
5453.0,2024-07-17,Serena,NAN,Centro,17.0,Alta,35.0,,ok,939276
5454.0,Feb-26-2025,la serena,robo,,14.0,Alta,19.0,TMP-002,revisar,810878
5455.0,2024-06-08,vicuna,Fraude,,5.0,Alta,"50,0",TMP-002,ok,396034
5456.0,16/10/2025,Ovalle,,,18.0,Media,42.0,,dato ingresado manualmente,697665
5457.0,2024/11/26,LaSerena,Hurto,Centro,8.0,ALTA,"31,0",ERROR,,94640
,2024-09-06,SALAMANCA,Hurto,Sur,4.0,baja,56.0,,revisar,983357
5459.0,09/12/2025,La Serena,Robo,,,Alta,60.0,TMP-002,,960952
,,Salamanca,Robo,,5.0,ALTA,36.0,,revisar,255717
5461.0,2025/01/18,Andacollo,Violencia,,18.0,ALTA,48.0,TMP-002,dato ingresado manualmente,857724
5462.0,2025/03/28,monte patria,Fraude,,13.0,baja,18.0,,,385969
5463.0,26/09/2025,Monte Patria,accidente,,11.0,ALTA,24.0,TMP-002,,214680
5464.0,,Vicuña,Fraude,Centro,12.0,Baja,37.0,ERROR,dato ingresado manualmente,737846
5465.0,2025/09/19,coquimbo,robo,Centro,10.0,Alta,56.0,,dato ingresado manualmente,226165
5466.0,2025-01-24,Montepatria,,,0.0,,46.0,TMP-002,dato ingresado manualmente,239276
5467.0,17/12/2025,vicuna,Accidente,centro,14.0,,25.0,,revisar,405316
5468.0,2025/08/29,coquimbo,,Norte,9.0,,39.0,TMP-001,dato ingresado manualmente,152839
5469.0,Dec-31-2025,monte patria,Robo,centro,14.0,Alta,55.0,ERROR,revisar,567157
5470.0,15/01/2024,Vicuña,robo,Norte,2.0,,39.0,,sin validar,695055
,19/10/2025,coquimbo,Robo,Centro,10.0, Alta ,53.0,ERROR,ok,770050
5472.0,sin fecha,Montepatria,robo,Norte,2.0,Baja,41.0,ERROR,sin validar,524757
5473.0,sin fecha,monte patria,Fraude,NORTE,13.0,Media,62.0,TMP-002,ok,111919
5474.0,Aug-29-2024,vicuna,Hurto,Sur,3.0,,35.0,TMP-001,dato ingresado manualmente,207802
5475.0,03/03/2025,VICUÑA,,Centro,13.0,ALTA,53.0,,,98691
5476.0,06/04/2025,ovalle,Hurto,centro,17.0,baja,31.0,,,928858
5477.0,Nov-20-2025,COQUIMBO,robo,Centro,9.0,Baja,23.0,TMP-002,,872692
5478.0,2024-07-20,coquimbo,Hurto,Centro,1.0,ALTA,46.0,,sin validar,798930
5479.0,2024/08/19,VICUÑA,Violencia,,7.0, ALTA ,29.0,ERROR,revisar,867399
,2025/03/04,Coquimbo ,Violencia,,7.0,ALTA,19.0,TMP-001,sin validar,603037
5481.0,Mar-18-2024,OVALLE,Accidente,Centro,2.0,baja,56.0,,,112485
5482.0,,ovalle,Violencia,centro,19.0,,29.0,,,569898
5483.0,2025-08-02,Salamanca,Hurto,Rural,19.0,Media,65.0,TMP-002,,918705
5484.0,Jun-02-2024,Coquimbo ,,,13.0,Alta,45.0,ERROR,ok,738662
5485.0,2024-05-03,Coquimbo,Fraude,NORTE,12.0,Baja,27.0,,sin validar,209039
5486.0,,LaSerena,Robo,Norte,12.0,,65.0,,,238612
5487.0,2024/10/19,vicuna,Accidente,NORTE,1.0,ALTA,26.0,ERROR,,858970
5488.0,Dec-12-2024,Ovalle,Violencia,NORTE,19.0,,54.0,TMP-002,ok,795053
5489.0,2024-05-05,COQUIMBO,Accidente,,,Media,19.0,,revisar,628642
5490.0,2024/05/30,andacollo,,Rural,12.0,Media,64.0,,revisar,202821
5491.0,,illapel,Fraude,centro,1.0,Media,48.0,,dato ingresado manualmente,281704
5492.0,sin fecha,OVALLE,Hurto,NORTE,15.0,Alta,45.0,,,75497
5493.0,2024-12-19,LaSerena,Accidente,Sur,14.0,ALTA,38.0,TMP-002,,217390
5494.0,sin fecha,Monte Patria,Hurto,Norte,11.0,baja,47.0,,revisar,350074
,2024/03/16,COQUIMBO,robo,Rural,4.0,,23.0,TMP-001,sin validar,361203
5496.0,2024/10/04,COQUIMBO,Accidente,NORTE,1.0,Alta,38.0,,ok,269176
5497.0,May-26-2024,monte patria,Hurto,Rural,5.0,Media,56.0,,,767766
,13/01/2025,Salamanca,robo,Rural,,Baja,26.0,ERROR,sin validar,531421
5499.0,2025-11-21,Vicuña,,NORTE,13.0,ALTA,17.0,,,204312
5500.0,2025/07/26,monte patria,Robo,Rural,15.0,baja,67.0,,,705065
5501.0,Mar-19-2024,la serena,Violencia,Centro,14.0,ALTA,37.0,ERROR,dato ingresado manualmente,801385
5502.0,2025-11-13,coquimbo,,  ,12.0,Alta,,ERROR,revisar,987985
5503.0,,Andacollo,Fraude,Sur,"19,0",ALTA,69.0,,,938598
5504.0,14/02/2024,coquimbo,ACCIDENTE,,11.0,Alta,61.0,TMP-001,dato ingresado manualmente,120144
5505.0,2025/01/26,LA SERENA,Robo,centro,2.0,,33.0,,ok,630953
5506.0,2024-09-21,COQUIMBO,Hurto,Sur,2.0,Media,68.0,,revisar,568521
5507.0,,La Serena,robo,Centro,13.0,Alta,46.0,,,164007
5508.0,Jul-04-2025,la serena,,Norte,,Baja,17.0,,,47552
5509.0,,ovalle,Violencia,,16.0,,66.0,ERROR,,41950
5510.0,2024-11-24,SALAMANCA,Fraude,Norte,7.0,,37.0,,dato ingresado manualmente,849588
5511.0,2025-08-14,Serena,Hurto,Centro,4.0,Baja,69.0,TMP-001,,326945
5512.0,sin fecha,LaSerena,Robo,centro,8.0,baja,24.0,,sin validar,381537
5513.0,Jun-01-2025,Illapel,Violencia,Norte,1.0,Baja,29.0,TMP-001,sin validar,498413
5514.0,28/03/2025,Salamanca,robo,Rural,13.0,baja,51.0,TMP-002,sin validar,980846
5515.0,,LaSerena,Accidente,NORTE,16.0,baja,34.0,ERROR,dato ingresado manualmente,701914
5516.0,2024/08/02,COQUIMBO,Robo,Sur,2.0,,49.0,,,137391
5517.0,2024/01/01,SALAMANCA,,,2.0,baja,62.0,,sin validar,150282
5518.0,2024-01-20,Vicuña,Hurto,Norte,9.0,Alta,38.0,TMP-001,dato ingresado manualmente,717451
5519.0,2024/11/10,Vicuña,Accidente,Sur,18.0,media,28.0,,dato ingresado manualmente,936633
5520.0,21/11/2024,la serena,robo,,7.0,baja,22.0,TMP-001,sin validar,479535
5521.0,May-16-2024,illapel, Hurto ,Norte,5.0,Alta,,ERROR,dato ingresado manualmente,721704
5522.0,,Serena,VIOLENCIA,NORTE,4.0,ALTA,57.0,,,212350
5523.0,,Coquimbo,Violencia,Rural,17.0, Alta ,,,dato ingresado manualmente,267663
5524.0,Feb-03-2025,Andacollo,,NORTE,6.0,ALTA,"33,0",ERROR,revisar,812106
5525.0,04/01/2024,Montepatria,robo,Rural,6.0,ALTA,34.0,,revisar,936643
5526.0,13/04/2024,andacollo,Accidente,Sur,"2,0",,24.0,TMP-001,sin validar,971055
5527.0,2024-06-01,Salamanca,,CENTRO,10.0,Media,49.0,,sin validar,617615
5528.0,May-17-2025,andacollo,Fraude,NORTE,18.0,baja,41.0,,dato ingresado manualmente,604723
5529.0,Dec-20-2024,la serena,Violencia,Centro,11.0,,62.0,TMP-002,,234978
5530.0,2024-09-13,Monte Patria, Accidente ,Sur,9.0,Media,60.0,ERROR,dato ingresado manualmente,634349
5531.0,2024-05-23,Vicuña,Violencia,NORTE,15.0,Media,55.0,TMP-002,dato ingresado manualmente,176237
5532.0,sin fecha,Serena,,,3.0,,51.0,TMP-002,ok,185346
5533.0,2024-12-29,LA SERENA,robo,Centro,6.0,Alta,"34,0",,sin validar,543236
5534.0,, VICUÑA ,Hurto,Sur,14.0,ALTA,46.0,ERROR,,155961
5535.0,Jun-14-2025,illapel,Fraude,Sur,1.0,,27.0,TMP-001,,238552
5536.0,10/04/2025,Serena,,NORTE,16.0,Baja,32.0,,ok,589630
5537.0,Jul-20-2024,OVALLE,Fraude,Sur,3.0,,36.0,,dato ingresado manualmente,746629
5538.0,2025-03-09,LaSerena,Robo,Sur,17.0,baja,"55,0",,ok,61217
5539.0,2025/12/07,Vicuña,,NORTE,14.0,ALTA,"42,0",,,131409
5540.0,2025-04-04,LaSerena,Accidente,NORTE,8.0,,42.0,,,543005
5541.0,sin fecha,Andacollo,Violencia,,12.0,Media,56.0,ERROR,ok,360005
5542.0,2024-05-14,vicuna,,centro,12.0,ALTA,27.0,TMP-002,,840908
,2024-01-26,LaSerena,,Centro,4.0,ALTA,"64,0",,sin validar,778416
5544.0,,vicuna, Robo ,NORTE,15.0,baja,25.0,TMP-002,ok,166782
5545.0,2025-01-23,ovalle,Violencia,Centro,7.0,baja,23.0,TMP-002,dato ingresado manualmente,577274
5546.0,2024-11-06,andacollo,Fraude,Norte,8.0,baja,27.0,TMP-002,,828110
5547.0,2024/11/27,VICUÑA,Accidente,NORTE,1.0,Media,33.0,,ok,945502
5548.0,2025/07/29,Andacollo,Hurto,,15.0,Baja,27.0,,revisar,295138
5549.0,May-02-2025,COQUIMBO,Hurto,centro,10.0,Alta,59.0,,sin validar,188336
5550.0,,ovalle,Fraude,Norte,13.0,Media,39.0,,ok,253709
5551.0,Mar-07-2025, VICUÑA ,robo,centro,7.0,,14.0,,,994846
5552.0,12/02/2025,ANDACOLLO,robo,Centro,9.0,Baja,31.0,,ok,369815
5553.0,,Salamanca,,Sur,4.0,Alta,,,,989303
5554.0,,La Serena,Hurto,Norte,2.0,baja,59.0,TMP-002,revisar,795506
5555.0,May-30-2024,Illapel,Fraude,NORTE,2.0,Alta,54.0,TMP-002,revisar,610774
5556.0,2024/03/20,coquimbo,,centro,17.0,baja,18.0,TMP-002,,119010
5557.0,Jul-04-2025,illapel,robo,Centro,8.0,,"59,0",,dato ingresado manualmente,8582
5558.0,04/12/2024,Andacollo,Accidente,centro,7.0,Media,39.0,ERROR,,718765
5559.0,2025/10/04,Ovalle,Hurto, NORTE ,14.0,Baja,48.0,ERROR,ok,818522
,21/04/2024,LA SERENA,Accidente,Rural,12.0,Media,41.0,ERROR,,658401
5561.0,Jul-04-2024,Serena,Fraude,centro,1.0,Alta,24.0,,,937921
5562.0,08/07/2024,coquimbo,Violencia,NORTE,13.0,Alta,20.0,,dato ingresado manualmente,378850
5563.0,08/02/2025,Montepatria,Fraude,Rural,"10,0",,62.0,,,749466
5564.0,2025-12-18,LaSerena,accidente,,16.0,Alta,38.0,ERROR,,712526
,2025-05-20,vicuna,,Centro,,Media,35.0,TMP-002,revisar,986728
5566.0,2025/11/03,La Serena,Hurto,Norte,9.0,baja,68.0,TMP-002,dato ingresado manualmente,573565
5567.0,2024/02/10,Illapel,robo,Centro,7.0,Baja,37.0,,revisar,544310
5568.0,Jan-12-2024,Ovalle,,,15.0,Alta,51.0,,,786143
5569.0,30/06/2025,Illapel,hurto,Sur,18.0,Media,51.0,,dato ingresado manualmente,663725
5570.0,07/03/2024,La Serena,robo,Norte,1.0,ALTA,,ERROR,sin validar,940400
5571.0,2024/10/27,coquimbo,,Norte,17.0,,60.0,TMP-002,ok,425181
5572.0,2024/02/22,Illapel,Fraude,centro,19.0,Media,21.0,TMP-001,dato ingresado manualmente,792798
5573.0,Mar-03-2024,LaSerena,Violencia,Sur,9.0,ALTA,62.0,ERROR,sin validar,895837
5574.0,2025/06/24,Illapel,,Centro,19.0,baja,21.0,TMP-001,,502812
5575.0,2025-01-28,Illapel,Accidente,Sur,,Baja,44.0,,,611288
5576.0,May-06-2025,COQUIMBO,Robo,Rural,11.0,Baja,38.0,TMP-002,,198741
5577.0,2025-11-19,illapel,Robo,Sur,16.0,ALTA,53.0,TMP-002,sin validar,280324
5578.0,2024/03/20, Coquimbo  ,Accidente,,18.0,Alta,14.0,TMP-002,sin validar,427536
,2025-07-11,la serena,robo,,12.0,,16.0,TMP-002,ok,959550
5580.0,2025-05-25,OVALLE,Accidente,Norte,17.0,Alta,29.0,,,914217
5581.0,09/03/2024,VICUÑA,robo,Centro,13.0,ALTA,45.0,TMP-001,sin validar,638483
5582.0,2024-01-19,coquimbo,Hurto,NORTE,10.0,,20.0,TMP-001,dato ingresado manualmente,973813
5583.0,,Illapel,Violencia,,19.0,Alta,63.0,TMP-001,sin validar,859096
5584.0,2024/05/17,Monte Patria,Fraude,Centro,10.0,Media,54.0,TMP-002,dato ingresado manualmente,16360
5585.0,2024-11-18,LA SERENA,,,3.0,Media,56.0,,sin validar,961986
5586.0,07/06/2025,Vicuña,Fraude,Centro,"10,0",Media,30.0,,ok,330156
5587.0,sin fecha,SALAMANCA,robo,NORTE,17.0,baja,57.0,ERROR,,5676
5588.0,,la serena,Accidente,Centro,6.0,Baja,54.0,,sin validar,668744
5589.0,sin fecha,Andacollo,Hurto,Centro,11.0,Baja,63.0,ERROR,revisar,123618
5590.0,2025/12/18,Andacollo,Fraude,Norte,15.0,Alta,67.0,,revisar,119511
5591.0,Nov-15-2025,VICUÑA,Fraude,Centro,3.0,alta,40.0,,,707312
5592.0,2025-08-04,illapel,Hurto,Sur,19.0,Alta,63.0,,sin validar,479854
5593.0,May-21-2024,LA SERENA,Hurto,Norte,17.0,Baja,21.0,,,337335
5594.0,01/03/2024,Coquimbo,Hurto,centro,,Media,24.0,,revisar,314211
5595.0,2025/12/24,COQUIMBO,Accidente,Rural,5.0,Baja,46.0,,sin validar,319073
5596.0,Apr-14-2024,ovalle,,Sur,4.0,ALTA,19.0,,ok,463709
5597.0,Aug-18-2024,COQUIMBO,Fraude,,18.0,baja,22.0,ERROR,,514161
5598.0,2025-03-06,COQUIMBO,robo,centro,4.0,baja,26.0,,,598357
5599.0,10/08/2024,Coquimbo,Violencia,rural,13.0,,63.0,,dato ingresado manualmente,683154
5600.0,23/08/2024,Ovalle,Accidente,Norte,6.0,alta,16.0,TMP-002,dato ingresado manualmente,290324
5601.0,2024/01/14,Serena,Robo,,,Baja,64.0,TMP-001,dato ingresado manualmente,727816
5602.0,2024-04-20,LA SERENA,Violencia,,2.0,ALTA,48.0,,dato ingresado manualmente,387563
5603.0,,LA SERENA,Hurto,Norte,18.0,Alta,21.0,TMP-001,ok,318957
5604.0,27/07/2024,LA SERENA,Robo,Rural,18.0,Alta,34.0,,,777008
5605.0,2024-05-19,Monte Patria,Hurto,Sur,"3,0",baja,53.0,TMP-001,,830676
5606.0,2024-03-07,illapel,Fraude,Centro,10.0,,34.0,,dato ingresado manualmente,895557
5607.0,15/10/2025,Ovalle,Hurto,Sur,4.0,Baja,43.0,,ok,25430
5608.0,Oct-11-2025,Ovalle,Fraude,,7.0,ALTA,31.0,,,690726
5609.0,17/09/2024,Coquimbo,Robo,Sur,8.0,,27.0,TMP-001,,863007
5610.0,May-19-2024,COQUIMBO,,Centro,10.0,,46.0,TMP-002,,894587
5611.0,sin fecha,Serena,Fraude,,10.0,baja,56.0,TMP-001,sin validar,655479
5612.0,Mar-27-2024,ILLAPEL,Fraude,Rural,11.0,,34.0,,dato ingresado manualmente,924030
5613.0,30/10/2024,coquimbo,,Centro,17.0,Media,69.0,TMP-002,revisar,486334
5614.0,sin fecha,Monte Patria,ROBO, Norte ,17.0,Media,20.0,TMP-002,ok,659446
5615.0,2024-11-18,illapel,Robo,Norte,15.0,,69.0,TMP-002,dato ingresado manualmente,798663
5616.0,2024/05/31,Monte Patria,robo,Centro,8.0,ALTA,33.0,ERROR,,221649
5617.0,2024/01/31,Serena,Fraude,centro,7.0,baja,37.0,ERROR,dato ingresado manualmente,574822
5618.0,2025-11-24,LA SERENA,Accidente,Centro,12.0,Baja,28.0,ERROR,dato ingresado manualmente,879440
5619.0,2025/01/02,vicuña,Robo,NORTE,2.0,Alta,40.0,,revisar,490123
,20/08/2024,Andacollo,Hurto,Norte,8.0,,51.0,TMP-001,,149627
5621.0,2024-02-03,VICUÑA,Fraude,NORTE,6.0,alta,30.0,,dato ingresado manualmente,809950
5622.0,Jun-28-2025,Coquimbo,Accidente,Sur,"14,0",Media,51.0,TMP-001,ok,325726
5623.0,Aug-08-2024,Ovalle,,NORTE,14.0,,28.0,TMP-002,revisar,501911
5624.0,23/12/2024,Monte Patria,Robo,,10.0,Baja,47.0,,,803338
5625.0,2024/04/13,Ovalle,Violencia,Rural,6.0,Baja,52.0,,,30865
5626.0,2025/07/02,Monte Patria,Robo,Norte,19.0,baja,25.0,,,894118
5627.0,06/06/2025,monte patria,Hurto,NORTE,4.0,Baja,29.0,,,433481
5628.0,,Andacollo,Accidente,Sur,2.0,Baja,21.0,,,878324
5629.0,,coquimbo,Hurto,centro,9.0,Media,"26,0",TMP-002,,53159
5630.0,2024-08-13,Salamanca,Fraude,Centro,500.0,,17.0,,,127438
5631.0,2024-07-24,andacollo,robo,Centro,1.0,Media,38.0,,sin validar,260392
5632.0,2024/04/15,andacollo,robo,Sur,6.0,baja,50.0,TMP-002,ok,414025
5633.0,,monte patria,Violencia,Centro,2.0,Alta,54.0,,revisar,950048
5634.0,,coquimbo,,NORTE,"2,0",baja,62.0,ERROR,,875639
5635.0,2024/07/30,Montepatria,,NORTE,,,38.0,,,307159
5636.0,2025/12/23, Serena ,Violencia,centro,18.0,BAJA,47.0,TMP-002,revisar,989729
5637.0,05/01/2025,Serena,Accidente,Norte,11.0,Alta,29.0,,,605453
5638.0,21/01/2025,vicuna,,Sur,3.0,Baja,50.0,TMP-001,ok,224027
5639.0,2024-08-17,Serena,Hurto,Rural,6.0,,41.0,,ok,672189
5640.0,11/11/2025,coquimbo,Accidente,centro,10.0,Media,39.0,,ok,501803
5641.0,Feb-09-2024,Vicuña,Violencia,NORTE,14.0,Baja,21.0,ERROR,,818404
5642.0,2024/06/12,Salamanca,fraude,Rural,16.0,,26.0,,,486275
5643.0,,Monte Patria,Accidente,Norte,7.0,Media,62.0,,,713123
5644.0,2024/01/23,COQUIMBO,Accidente,NORTE,18.0,Media,55.0,TMP-001,sin validar,972636
5645.0,,Coquimbo,,Rural,6.0,,64.0,TMP-002,revisar,374510
5646.0,,La Serena,robo,Norte,15.0,Media,30.0,ERROR,revisar,313680
5647.0,2025-01-13,VICUÑA,,Norte,8.0,ALTA,20.0,,revisar,594436
5648.0,Jun-03-2024,Serena,Fraude,,11.0,Baja,19.0,ERROR,,981790
5649.0,Jan-06-2025,la serena,robo,Norte,2.0,,26.0,,sin validar,918725
5650.0,May-04-2024,Coquimbo ,Accidente,Sur,"11,0",Media,"45,0",TMP-001,,10601
5651.0,Oct-15-2025,Monte Patria,Fraude,  ,5.0,ALTA,25.0,,ok,543337
5652.0,Jun-14-2024,Montepatria,Fraude,Rural,13.0,,35.0,,revisar,811799
5653.0,2024-06-27,SALAMANCA,robo,NORTE,13.0,ALTA,66.0,TMP-001,revisar,448690
5654.0,,illapel,,Norte,11.0, Media ,33.0,ERROR,,558490
5655.0,2025-07-22,illapel,,,13.0,,38.0,TMP-001,,145899
5656.0,2024/12/28,SALAMANCA,Hurto,,18.0,Media,"31,0",,,706721
5657.0,May-28-2024,Salamanca,Robo,,16.0,Alta,68.0,,ok,98181
5658.0,09/05/2024,COQUIMBO,Hurto,Norte,13.0, Media ,43.0,ERROR,revisar,575606
5659.0,,monte patria,Robo,Rural,,Alta,36.0,TMP-001,,851129
5660.0,2025-09-15,Coquimbo,Hurto,Rural,5.0,Media,47.0,TMP-001,ok,329006
5661.0,25/01/2025,Salamanca,Accidente,Rural,17.0,,67.0,,sin validar,208178
5662.0,2024-02-29,Vicuña,robo,Sur,13.0,baja,45.0,,,36597
5663.0,2025/11/03,SALAMANCA,Fraude,Sur,6.0,Alta,24.0,,revisar,918818
5664.0,16/03/2024,Montepatria,Robo,centro,15.0,ALTA,62.0,TMP-002,dato ingresado manualmente,196442
5665.0,15/09/2025,Vicuña,Hurto,NORTE,17.0,Media,,TMP-001,revisar,731488
5666.0,Aug-16-2025,Montepatria,Violencia,centro,1.0,media,50.0,ERROR,dato ingresado manualmente,259721
5667.0,sin fecha,Vicuña,Fraude,Rural,"15,0",Media,14.0,ERROR,revisar,598142
5668.0,Feb-02-2024,Coquimbo ,robo,,15.0,baja,36.0,ERROR,sin validar,749955
5669.0,30/01/2025,Vicuña,,Centro,6.0,ALTA,50.0,,sin validar,664883
5670.0,23/02/2025,Monte Patria,Hurto,centro,9.0,ALTA,43.0,,sin validar,300930
5671.0,Feb-22-2025,coquimbo ,,Sur,3.0,,36.0,TMP-001,,467231
5672.0,,vicuna,Violencia,Norte,11.0,Media,30.0,,dato ingresado manualmente,161922
5673.0,2025/05/08,Monte Patria,Hurto,CENTRO,15.0,Baja,28.0,,sin validar,878973
5674.0,Dec-14-2025,Montepatria,Robo,Norte,9.0,baja,58.0,,,43924
5675.0,,coquimbo,,Norte,14.0,Media,68.0,TMP-001,,841076
5676.0,2025-08-30,La Serena,robo,centro,19.0,ALTA,59.0,TMP-001,revisar,320667
,2025/01/26,COQUIMBO,Hurto,Rural,11.0,Baja,32.0,ERROR,revisar,499180
5678.0,sin fecha, monte patria ,Violencia,,1.0,,31.0,TMP-001,,400051
5679.0,Feb-07-2024,ovalle,robo,Sur,15.0,ALTA,56.0,TMP-002,sin validar,121448
5680.0,30/12/2025,COQUIMBO,Accidente,centro,4.0,ALTA,53.0,,dato ingresado manualmente,599375
5681.0,2025-08-18,Coquimbo,,Sur,9.0,Baja,"42,0",ERROR,,600399
5682.0,,Vicuña,Robo,SUR,5.0,Baja,32.0,ERROR,revisar,964389
5683.0,2024-12-17,Coquimbo,Fraude,Norte,3.0,ALTA,,TMP-001,,279705
5684.0,2024/11/22,LA SERENA,Robo,Norte,17.0,Baja,48.0,ERROR,revisar,313356
5685.0,2024/03/10,coquimbo,,NORTE,10.0,  ,64.0,TMP-002,,8945
5686.0,,La Serena,Violencia,Rural,19.0,Baja,47.0,TMP-001,revisar,335944
5687.0,sin fecha,LA SERENA,Violencia,,19.0,Baja,55.0,ERROR,,547213
5688.0,05/06/2025,Coquimbo ,,Centro,6.0,Alta,68.0,,,10794
5689.0,2024-09-26,Coquimbo,Hurto,Norte,8.0,baja,43.0,ERROR,sin validar,732381
5690.0,2024-09-09,SALAMANCA,Fraude,Norte,13.0,Baja,,TMP-002,dato ingresado manualmente,427862
5691.0,Nov-05-2024,Montepatria,Robo,Centro,12.0,Media,21.0,ERROR,dato ingresado manualmente,777535
5692.0,Aug-23-2025,Vicuña,,Centro,3.0,ALTA,55.0,TMP-002,,994054
5693.0,,monte patria,robo,NORTE,13.0,Media,57.0,,,141157
,2025-10-15,VICUÑA,Hurto,NORTE,2.0,Baja,21.0,TMP-001,dato ingresado manualmente,783678
5695.0,sin fecha,COQUIMBO ,robo,Sur,5.0,baja,45.0,TMP-001,revisar,562864
5696.0,,VICUÑA,Hurto,centro,7.0,Media,57.0,TMP-002,sin validar,730503
5697.0,2025-12-26,VICUÑA,Hurto,Sur,18.0,ALTA,63.0,ERROR,,232234
5698.0,2025-12-05,Ovalle,Hurto,centro,14.0,ALTA,30.0,ERROR,dato ingresado manualmente,66571
5699.0,2024-02-16,coquimbo,Accidente,Sur,7.0,,30.0,ERROR,revisar,986465
5700.0,2025-09-19,SALAMANCA,Violencia,Rural,19.0,baja,19.0,TMP-002,ok,934439
5701.0,Mar-02-2025,SALAMANCA,robo,Sur,11.0,Media,47.0,,ok,30574
5702.0,Mar-01-2025,SALAMANCA,Accidente,Sur,19.0,Media,68.0,TMP-002,dato ingresado manualmente,677407
,,OVALLE,Hurto,Sur,13.0,baja,61.0,TMP-001,,819388
5704.0,2025-12-27,Serena,,Norte,11.0,Alta,34.0,TMP-001,,464683
,2024-10-26,coquimbo,Robo,Sur,3.0,,47.0,TMP-001,ok,788370
5706.0,15/10/2024,illapel,robo,NORTE,9.0,baja,26.0,,,490232
5707.0,2025/05/30,La Serena,robo,Centro,"16,0",,69.0,,ok,43474
5708.0,sin fecha, OVALLE ,Hurto,NORTE,1.0,baja,"54,0",,,739080
5709.0,,illapel,,Centro,10.0,Media,21.0,,,189003
5710.0,2025-05-15,Salamanca,robo,Rural,6.0,Media,"18,0",ERROR,,701875
5711.0,2024-12-25,Andacollo,Violencia,Norte,8.0,,38.0,,,918280
5712.0,,VICUÑA, Hurto ,Norte,18.0,Alta,35.0,,sin validar,477859
5713.0,,Montepatria,robo,,7.0,,39.0,ERROR,sin validar,339852
5714.0,2024-07-29,Coquimbo ,Accidente,,13.0,,40.0,TMP-001,sin validar,554375
5715.0,Dec-07-2024,OVALLE,Accidente,,6.0,ALTA,65.0,,dato ingresado manualmente,782621
5716.0,Aug-25-2025,Vicuña,,,,,59.0,TMP-002,sin validar,274492
5717.0,28/11/2024,Vicuña,Violencia,centro,11.0,Alta,61.0,TMP-002,revisar,833170
5718.0,2025-02-19,LA SERENA,Hurto,NORTE,17.0,ALTA,25.0,,revisar,232569
5719.0,2025-05-19,Coquimbo ,Robo,Rural,16.0,ALTA,59.0,TMP-001,,148036
5720.0,,OVALLE,robo,Rural,7.0,ALTA,45.0,,dato ingresado manualmente,793684
5721.0,,LA SERENA,,Sur,16.0,Baja,18.0,ERROR,,829429
5722.0,23/07/2024,monte patria,,,14.0,baja,36.0,,,723183
5723.0,2025/10/27,Vicuña,robo,Sur,12.0,Alta,67.0,,sin validar,666982
5724.0,,LaSerena,violencia,Centro,9.0,Media,64.0,,ok,734513
5725.0,2025/04/12,Serena,robo,Sur,8.0,baja,59.0,ERROR,ok,922226
5726.0,,illapel,Hurto,Rural,"15,0",ALTA,28.0,,,322418
5727.0,2025/10/01,Vicuña,Fraude,Norte,1.0,Baja,41.0,TMP-001,revisar,354057
,May-09-2024,Andacollo,Hurto,Centro,,Alta,24.0,ERROR,,296807
5729.0,2024/07/25,Vicuña,Fraude,Sur,15.0,Media,19.0,,revisar,397158
5730.0,2024/09/05,Ovalle,Violencia,Rural,12.0,Alta,19.0,TMP-002,,995804
5731.0,21/06/2024,VICUÑA,robo,Norte,2.0,,69.0,TMP-002,,482937
5732.0,sin fecha,Serena,Fraude,centro,8.0,Alta,23.0,,,730557
5733.0,2025-02-15,vicuna,robo,Norte,7.0,baja,49.0,TMP-002,revisar,174122
,sin fecha,COQUIMBO,Fraude,Sur,17.0,Media,60.0,TMP-001,revisar,684200
5735.0,2025/10/09,LaSerena,violencia,,11.0,,17.0,TMP-001,revisar,214229
5736.0,2024-06-25,la serena,Hurto,Centro,14.0,Baja,37.0,TMP-001,sin validar,695763
5737.0,,ovalle,robo,Norte,16.0,Media,43.0,TMP-001,revisar,801688
5738.0,Jun-09-2025,Monte Patria,,NORTE,"19,0",Media,44.0,TMP-002,,649865
5739.0,2025/01/07,Monte Patria,Hurto,Centro,18.0,Media,16.0,TMP-001,ok,529488
5740.0,Dec-10-2024,vicuna,Accidente,Norte,12.0,Media,39.0,TMP-002,revisar,736244
5741.0,sin fecha,La Serena,Fraude,,10.0,Alta,33.0,,dato ingresado manualmente,158011
5742.0,Feb-08-2024,La Serena,,Rural,8.0,Alta,,,sin validar,575705
5743.0,2025/10/06,Serena,,CENTRO,18.0,Media,52.0,TMP-002,ok,83035
5744.0,Apr-06-2025,Salamanca,robo,NORTE,3.0,Baja,46.0,ERROR,,378685
5745.0,sin fecha,la serena,,Rural,10.0,ALTA,33.0,TMP-002,,592574
5746.0,2025/12/08,La Serena,Violencia,NORTE,8.0,Media,52.0,,dato ingresado manualmente,388802
5747.0,2024-01-04,Monte Patria,robo,Centro,15.0,Baja,33.0,ERROR,ok,825428
5748.0,2025-10-14,Serena,,,6.0,Baja,-1.0,,dato ingresado manualmente,134503
5749.0,2025/03/25,SALAMANCA,Robo,Sur,4.0,Media,"31,0",ERROR,,886782
5750.0,2024/09/28,Coquimbo ,,Rural,12.0,Media,19.0,TMP-002,dato ingresado manualmente,17836
5751.0,sin fecha,Monte Patria,robo,centro,19.0,,38.0,,,85260
5752.0,2024/09/26, Salamanca ,hurto,,17.0,ALTA,20.0,,revisar,594746
5753.0,2025/01/11,monte patria,Robo,Sur,14.0,Baja,55.0,ERROR,revisar,738653
5754.0,,illapel,Robo,Rural,4.0,baja,42.0,TMP-001,ok,16284
5755.0,2025/07/13,Coquimbo,Hurto,NORTE,15.0,Media,18.0,,,25994
5756.0,,Coquimbo,Hurto,Norte,17.0,Baja,40.0,,,549687
5757.0,,VICUÑA,Hurto,centro,9.0,,53.0,,,845882
5758.0,sin fecha,vicuna,Hurto,NORTE,6.0,baja,23.0,,,860085
5759.0,2024-08-22,la serena,Accidente,Rural,"16,0",Media,23.0,,revisar,780236
5760.0,17/01/2024,Salamanca,Robo,Norte,11.0,baja,38.0,ERROR,sin validar,119060
5761.0,,Coquimbo ,robo,centro,6.0,ALTA,36.0,TMP-002,dato ingresado manualmente,799605
5762.0,Aug-02-2025,SALAMANCA,Hurto,centro,4.0,baja,40.0,TMP-001,sin validar,289292
5763.0,2025/01/16,monte patria,Fraude,NORTE,11.0,baja,22.0,TMP-001,sin validar,842714
5764.0,Jul-25-2025,LA SERENA,Hurto,Centro,16.0,,44.0,ERROR,,976634
5765.0,May-06-2024,COQUIMBO,,Rural,2.0,Baja,68.0,TMP-002,,249637
5766.0,2025-04-25,LA SERENA,Fraude,Rural,3.0,Media,34.0,ERROR,ok,971985
5767.0,19/11/2024,Ovalle,Accidente,Norte,16.0,ALTA,68.0,TMP-001,ok,570740
5768.0,2024-02-23,Coquimbo,Robo,,,ALTA,25.0,TMP-001,dato ingresado manualmente,314824
5769.0,2025/07/21,Serena,robo,,1.0,,47.0,TMP-002,ok,455749
5770.0,,Coquimbo ,Robo,Sur,18.0,Alta,31.0,TMP-002,,758921
5771.0,Sep-15-2025,COQUIMBO,robo,centro,18.0,ALTA,31.0,,,548572
5772.0,31/12/2025,LA SERENA,Fraude,Norte,9.0,Media,56.0,,revisar,468593
5773.0,sin fecha,LaSerena,Hurto,NORTE,19.0,Baja,23.0,TMP-002,ok,279385
5774.0,Jul-23-2024,Coquimbo ,Robo,Centro,16.0,,33.0,,sin validar,360725
5775.0,2025-07-21,ovalle,Violencia,Rural,9.0,Baja,21.0,TMP-002,,513596
5776.0,Apr-14-2024,SALAMANCA,Accidente,  ,10.0,,15.0,,revisar,665831
5777.0,sin fecha,Salamanca,Violencia,Centro,12.0,Baja,68.0,,sin validar,93259
5778.0,04/12/2024,Vicuña,hurto,Rural,3.0,Alta,17.0,TMP-002,,327352
5779.0,,Vicuña,robo,Sur,1.0,baja,67.0,TMP-002,,326480
5780.0,2024/12/05,coquimbo ,Violencia,norte,14.0,Alta,48.0,TMP-001,sin validar,668627
5781.0,2025-08-13,monte patria,robo,Rural,11.0,Baja,40.0,,sin validar,983089
5782.0,Sep-28-2024,Coquimbo ,Fraude,centro,14.0,ALTA,26.0,TMP-001,sin validar,886977
5783.0,28/12/2025,illapel,robo,Rural,11.0,ALTA,43.0,TMP-001,ok,410541
5784.0,,Salamanca,, Rural ,15.0,Media,49.0,TMP-001,revisar,478464
5785.0,19/01/2024,Monte Patria,Fraude,Rural,5.0,Media,14.0,,dato ingresado manualmente,677974
5786.0,2024-03-17,Vicuña,,Rural,3.0,Baja,51.0,,revisar,763782
5787.0,16/03/2024,Monte Patria,robo,Norte,,Baja,33.0,TMP-001,dato ingresado manualmente,216491
5788.0,,LA SERENA,Accidente,Sur,18.0,Alta,24.0,,,674841
5789.0,2024-02-04,illapel, Fraude ,,14.0,ALTA,15.0,ERROR,dato ingresado manualmente,823704
5790.0,,Andacollo,Violencia,,6.0,Media,53.0,TMP-002,,555047
5791.0,2024/08/07,coquimbo,Robo,,10.0,,22.0,TMP-002,revisar,746833
5792.0,19/11/2024,ovalle,Accidente,norte,17.0, Baja ,"67,0",,sin validar,786174
5793.0,26/11/2024,coquimbo,Robo,Norte,7.0, nan ,57.0,,revisar,543297
5794.0,2025/12/10,Vicuña,,Norte,12.0,Alta,69.0,TMP-002,,590776
5795.0,20/09/2024,Serena,Hurto,centro,6.0,Alta,30.0,,dato ingresado manualmente,629213
5796.0,2024-01-19,LaSerena,,Rural,11.0,ALTA,"33,0",TMP-002,,36185
5797.0,,monte patria,Hurto,centro,12.0,Alta,44.0,ERROR,sin validar,972939
5798.0,May-07-2025,la serena,Hurto,,18.0,Alta,66.0,ERROR,,147012
5799.0,2025/09/05,illapel,Violencia,Sur,1.0,baja,24.0,TMP-001,sin validar,316626
5800.0,2025/07/01,Serena,Hurto,Centro,10.0,Baja,60.0,ERROR,sin validar,802623
5801.0,sin fecha,VICUÑA,Fraude,,2.0,baja,34.0,TMP-001,dato ingresado manualmente,955341
5802.0,,La Serena,Hurto,,3.0,Media,56.0,TMP-001,,351554
5803.0,Apr-07-2025,OVALLE,Accidente,Norte,4.0,Media,44.0,,revisar,97166
5804.0,sin fecha,LaSerena,Violencia,Norte,16.0,Alta,46.0,ERROR,,930169
5805.0,20/09/2025,coquimbo,ACCIDENTE,Rural,7.0,baja,22.0,,dato ingresado manualmente,64719
5806.0,2025/08/13,Coquimbo ,Hurto,,14.0,Alta,26.0,TMP-002,ok,99035
5807.0,Jul-30-2025,VICUÑA,  ,Sur,3.0,Baja,64.0,,dato ingresado manualmente,347285
5808.0,Nov-05-2024,COQUIMBO,Hurto,Centro,"12,0",,18.0,,dato ingresado manualmente,342026
5809.0,2024/09/24,LaSerena,Hurto,NORTE,5.0,baja,"62,0",,ok,776164
5810.0,May-20-2024,Vicuña,Robo,Norte,,Alta,51.0,,ok,81127
5811.0,May-22-2024,monte patria,robo,,4.0,Baja,21.0,ERROR,,691146
5812.0,11/04/2024,andacollo,Hurto,Rural,17.0,baja,15.0,ERROR,sin validar,182614
5813.0,04/08/2024,monte patria,Accidente,Sur,10.0,,39.0,,ok,447187
5814.0,2025/07/16,COQUIMBO,Violencia,Norte,14.0,ALTA,68.0,TMP-001,dato ingresado manualmente,313166
5815.0,,la serena,robo,centro,3.0,Media,"44,0",TMP-001,dato ingresado manualmente,608675
5816.0,2025/03/02,Ovalle,Fraude,Sur,"17,0",Alta,54.0,,,453612
5817.0,28/06/2025,vicuna,Fraude,Norte,1.0,Alta,53.0,,,700660
5818.0,02/04/2025,vicuna,Violencia,,12.0,ALTA,49.0,,,388817
5819.0,2025/08/20,VICUÑA,Accidente,,8.0,ALTA,40.0,,ok,413643
5820.0,sin fecha,andacollo,Robo,,"14,0",Media,38.0,TMP-002,sin validar,592710
5821.0,2025/05/02,Coquimbo ,,Centro,17.0,,31.0,,sin validar,359022
5822.0,2024-07-17,andacollo,Violencia,,16.0,ALTA,33.0,,dato ingresado manualmente,903918
,2025/04/30,Serena,,Rural,6.0,Baja,"48,0",,sin validar,116602
5824.0,2024-09-04,Ovalle,,Sur,3.0,Baja,58.0,TMP-001,revisar,50602
5825.0,,Ovalle,Violencia,,15.0,,66.0,TMP-001,,430306
5826.0,06/04/2025,Monte Patria,Hurto,Rural,18.0,baja,50.0,TMP-002,ok,509660
5827.0,17/06/2024,Montepatria,,NORTE,,ALTA,24.0,TMP-001,dato ingresado manualmente,136813
5828.0,2025-05-12,andacollo,robo,Sur,13.0,Baja,21.0,,dato ingresado manualmente,135772
5829.0,May-09-2025,monte patria,Fraude,Sur,"11,0",Alta,40.0,TMP-001,,604000
5830.0,2025-03-03,la serena,,Sur,4.0,ALTA,37.0,TMP-002,ok,661194
5831.0,19/06/2024,La Serena,,centro,19.0,ALTA,15.0,TMP-002,sin validar,427639
5832.0,,LaSerena,,Sur,13.0,,21.0,TMP-001,sin validar,409563
5833.0,2025/03/04,La Serena,Fraude,,6.0,ALTA,,TMP-001,sin validar,927789
5834.0,2025/06/24,Andacollo,Accidente,Rural,11.0,,60.0,TMP-001,dato ingresado manualmente,489885
5835.0,,OVALLE,Accidente,Centro,500.0,,25.0,TMP-002,,185592
5836.0,,Salamanca,Robo,NORTE,19.0,,24.0,TMP-001,dato ingresado manualmente,317487
5837.0,Jul-02-2024,monte patria,Fraude,Norte,7.0,ALTA,29.0,,ok,723881
5838.0,30/12/2024,COQUIMBO,Accidente,Centro,17.0,baja,56.0,,revisar,711434
5839.0,2025-11-10,LA SERENA,robo,Sur,17.0,Alta,"57,0",,sin validar,413675
5840.0,,Illapel,Hurto,Norte,17.0,Baja,67.0,TMP-002,ok,351231
5841.0,2024/11/23,illapel,,Rural,,Alta,36.0,TMP-001,ok,594061
5842.0,2025-01-11,Serena,,NORTE,19.0,ALTA,67.0,TMP-001,,840510
5843.0,2025-12-13,VICUÑA,robo,centro,4.0,Media,"19,0",,dato ingresado manualmente,425855
5844.0,Jul-12-2024,andacollo,,,19.0,,53.0,,ok,60513
5845.0,2024-11-10,Illapel,Robo,Norte,11.0,baja,60.0,,,330768
5846.0,06/10/2024,Illapel,,centro,16.0,Baja,62.0,,ok,308897
5847.0,sin fecha,Montepatria,Accidente,Rural,17.0,ALTA,39.0,ERROR,revisar,705240
5848.0,Sep-13-2024,LaSerena,Accidente,centro,16.0,baja,16.0,ERROR,revisar,994785
5849.0,Dec-10-2024,andacollo,Fraude,,17.0,baja,28.0,,,41045
5850.0,Jul-10-2025,la serena,Accidente,NORTE,6.0,baja,47.0,ERROR,dato ingresado manualmente,93054
5851.0,26/06/2025,andacollo,Accidente,centro,18.0,Media,33.0,TMP-002,revisar,674635
5852.0,2024/08/11,Andacollo,Accidente,,7.0,Media,44.0,,sin validar,455001
5853.0,sin fecha,SALAMANCA, Hurto ,,16.0,ALTA,48.0,TMP-002,dato ingresado manualmente,817810
5854.0,,Andacollo,robo,centro,14.0,,17.0,ERROR,ok,161294
5855.0,sin fecha,Monte Patria,Hurto,Sur,4.0,ALTA,"48,0",,sin validar,382991
5856.0,02/09/2025,Monte Patria,Hurto,,13.0,Alta,47.0,,,984102
5857.0,2024/08/18,coquimbo,Violencia,Norte,2.0,ALTA,58.0,,,899529
5858.0,2024/11/27,MONTE PATRIA,Fraude,Rural,18.0,Media,51.0,,,256024
5859.0,07/04/2025, Montepatria ,Hurto,Norte,10.0,baja,40.0,,,595944
5860.0,2025-07-24,andacollo,fraude,,13.0,ALTA,16.0,TMP-002,,302453
5861.0,Mar-27-2025,SALAMANCA,FRAUDE,Centro,14.0,Baja,,ERROR,dato ingresado manualmente,776997
5862.0,,Andacollo,,centro,10.0,ALTA,36.0,TMP-001,revisar,140159
5863.0,2025-02-18,andacollo,NAN,centro,3.0,,51.0,ERROR,ok,873222
5864.0,May-02-2025,illapel,Hurto,NORTE,18.0,Baja,40.0,TMP-001,,505203
5865.0,sin fecha,coquimbo,Fraude,NORTE,11.0,baja,37.0,TMP-002,dato ingresado manualmente,191183
5866.0,30/03/2024,ovalle,robo,centro,"19,0",ALTA,64.0,TMP-002,,524081
5867.0,Feb-06-2024,Serena,accidente,NORTE,3.0,Media,37.0,,ok,489041
5868.0,2025/05/08,la serena,Robo,NORTE,7.0,Media,,TMP-002,revisar,569099
5869.0,2024-03-08,coquimbo,Accidente,centro,6.0,baja,59.0,TMP-001,,970500
5870.0,2024-03-29,Montepatria,Fraude,NORTE,18.0,,36.0,TMP-001,sin validar,513086
5871.0,,OVALLE,Accidente,NORTE,"8,0",Media,58.0,,revisar,184488
5872.0,26/09/2024,andacollo,Accidente,Rural,1.0,,18.0,TMP-002,,663057
5873.0,2025/12/09,Monte Patria,Robo,,16.0,alta,41.0,TMP-001,revisar,765919
5874.0,,Coquimbo,,Norte,3.0,baja,45.0,,,20189
5875.0,Apr-07-2024,COQUIMBO,Violencia,Centro,8.0,,58.0,,,884116
5876.0,Aug-25-2025,la serena,robo,,7.0,Baja,36.0,,revisar,352339
5877.0,,Andacollo,Fraude,,1.0,ALTA,30.0,TMP-002,revisar,248310
5878.0,2025/06/29,illapel,ROBO,Rural,12.0,Baja,22.0,TMP-001,ok,359901
5879.0,2025/06/01,Salamanca,Robo,,6.0,,39.0,,dato ingresado manualmente,729535
5880.0,2025-03-03,SALAMANCA,Violencia,Norte,17.0,Alta,15.0,TMP-001,ok,737490
5881.0,Feb-09-2024,OVALLE,Violencia,Rural,10.0,Baja,40.0,TMP-001,,24969
5882.0,2025-04-18,OVALLE,Fraude,Rural,10.0,Media,22.0,ERROR,dato ingresado manualmente,769006
5883.0,2025-09-29,coquimbo,Accidente,Norte,16.0,,63.0,,dato ingresado manualmente,131939
5884.0,30/10/2025,Monte Patria,Robo,Centro,12.0,Alta,55.0,TMP-001,dato ingresado manualmente,881951
5885.0,2024-12-02,COQUIMBO,Fraude,Centro,19.0,ALTA,25.0,,,617934
5886.0,Jan-04-2024,ovalle,,Rural,10.0,baja,"14,0",TMP-001,,589155
5887.0,2025-02-07,ovalle,Robo,Rural,14.0,Media,36.0,,dato ingresado manualmente,593012
5888.0,,ovalle,Accidente,,10.0,Baja,30.0,TMP-001,,776257
5889.0,,Coquimbo ,Violencia,Sur,8.0,Media,18.0,,dato ingresado manualmente,95641
5890.0,,VICUÑA,,Sur,8.0,Media,16.0,TMP-001,,527958
5891.0,2024-09-17,COQUIMBO,Violencia,Centro,10.0,ALTA,45.0,TMP-001,revisar,59409
5892.0,2025-11-23,Illapel,Violencia,Norte,4.0,baja,28.0,TMP-002,revisar,850204
5893.0,2024/02/25,SALAMANCA,robo,Sur,6.0,Alta,"14,0",,ok,298801
,2025-10-24,andacollo,Violencia,centro,19.0,Media,19.0,,revisar,885809
5895.0,2025/04/27,Monte Patria,Hurto,centro,13.0,ALTA,55.0,,,570407
5896.0,Jun-30-2024, Andacollo ,robo,NORTE,12.0,ALTA,"58,0",,ok,915469
5897.0,2025/05/17,OVALLE,fraude,Sur,9.0,Alta,52.0,ERROR,ok,965031
5898.0,30/12/2024,VICUÑA,Accidente,NORTE,13.0,Baja,21.0,TMP-001,sin validar,86251
5899.0,,Illapel,fraude,NORTE,6.0, ALTA ,"21,0",TMP-002,,997858
5900.0,Jul-25-2025,Salamanca,robo,Centro,16.0,Baja,,TMP-002,revisar,58072
5901.0,Feb-10-2024,Coquimbo ,Robo,Sur,17.0,Baja,27.0,TMP-002,sin validar,721291
5902.0,,la serena,Violencia,Centro,10.0,Alta,61.0,TMP-002,,571460
5903.0,2025-06-27,LaSerena,,,14.0,,36.0,TMP-002,,995193
,06/10/2025,VICUÑA,,Sur,13.0,Media,21.0,TMP-002,dato ingresado manualmente,806526
5905.0,, OVALLE ,Accidente,Centro,4.0,baja,67.0,ERROR,ok,945109
5906.0,2024/06/17,VICUÑA,robo,Sur,6.0,Alta,49.0,TMP-001,dato ingresado manualmente,207748
5907.0,,LA SERENA,robo,Centro,4.0,Media,35.0,TMP-001,ok,335110
5908.0,,Andacollo,robo,Rural,5.0, baja ,31.0,,revisar,704182
5909.0,2024/09/08,Coquimbo,,Centro,16.0,Baja,30.0,TMP-001,revisar,725325
5910.0,04/11/2024,andacollo,Hurto,,6.0, nan ,28.0,TMP-001,,892573
5911.0,17/05/2025,OVALLE,robo,Rural,8.0,Media,17.0,ERROR,revisar,81096
5912.0,2025-01-30,andacollo,Accidente,NORTE,5.0,ALTA,67.0,,revisar,188139
5913.0,26/08/2024,Vicuña,Fraude,Centro,19.0,ALTA,53.0,TMP-001,revisar,517410
5914.0,02/11/2024, OVALLE ,Fraude,NORTE,0.0,ALTA,32.0,TMP-002,,627068
5915.0,2025-12-18,andacollo,robo,Centro,"4,0",,16.0,TMP-002,sin validar,647629
5916.0,Jan-22-2024,Illapel,Fraude,rural,18.0,ALTA,21.0,TMP-002,ok,583340
5917.0,10/06/2025,Monte Patria,robo,Norte,2.0,Baja,48.0,ERROR,,765422
5918.0,Aug-15-2025,Andacollo,Fraude,Norte,10.0,Baja,50.0,TMP-002,ok,120489
5919.0,2025/05/28,illapel,Robo,Centro,8.0,Baja,53.0,TMP-001,,549864
5920.0,26/05/2024,Salamanca,robo,Centro,8.0,,51.0,,revisar,102243
5921.0,Jul-01-2025,vicuna,robo,Norte,4.0,Baja,46.0,,,375392
5922.0,2025/09/01,coquimbo,robo,,,Alta,52.0,ERROR,revisar,160249
5923.0,2025-10-05,Illapel,Hurto,Centro,2.0,ALTA,66.0,,,975914
5924.0,2024-10-01,coquimbo,Accidente,Norte,8.0,Baja,14.0,TMP-001,revisar,824108
5925.0,30/09/2025,Serena,accidente,NORTE,14.0,Baja,31.0,TMP-001,sin validar,651656
5926.0,06/03/2024,Coquimbo ,Hurto,Norte,9.0,Media,62.0,ERROR,revisar,84760
5927.0,Jul-22-2025,Monte Patria,Fraude,Sur,2.0,Media,"28,0",TMP-001,revisar,475144
5928.0,2024/05/08,Salamanca,Hurto,centro,1.0,baja,,,revisar,208064
,2024/03/03,SALAMANCA,Fraude,Rural,18.0,Media,59.0,TMP-002,revisar,2663
5930.0,,illapel,,Norte,16.0,ALTA,36.0,ERROR,sin validar,433041
5931.0,Aug-19-2024,Coquimbo,Fraude,Norte,19.0,Alta,15.0,,,81588
5932.0,sin fecha,Ovalle,Robo,centro,8.0,,41.0,,,271233
5933.0,Oct-21-2025,illapel,Violencia,NORTE,2.0,baja,48.0,,,545625
5934.0,22/09/2025,monte patria,Fraude,NORTE,6.0,baja,48.0,,ok,833814
5935.0,2024-07-04,Vicuña,,,9.0,Baja,39.0,,dato ingresado manualmente,662386
5936.0,Jun-14-2024,Coquimbo ,robo,Rural,17.0,Alta,42.0,,,941006
5937.0,Apr-24-2025,Serena,Violencia,Norte,15.0,Alta,48.0,ERROR,ok,610226
5938.0,2025/10/28,SALAMANCA,Hurto,Norte,19.0,Baja,24.0,TMP-002,ok,754266
5939.0,,monte patria,Accidente,,16.0,ALTA,32.0,TMP-002,,230096
5940.0,01/10/2024,ovalle,Fraude,Rural,16.0,Baja,43.0,TMP-001,sin validar,844719
5941.0,sin fecha,LA SERENA,,Rural,5.0,ALTA,36.0,TMP-001,,200254
5942.0,2025/10/15,ovalle,Accidente,Rural,3.0,baja,24.0,TMP-002,,893715
5943.0,2024/09/08,Illapel,robo,centro,16.0,,40.0,,sin validar,436086
5944.0,Mar-18-2024,OVALLE,Accidente,,2.0,Media,47.0,TMP-002,dato ingresado manualmente,689760
5945.0,2025-06-28,Coquimbo,Fraude,centro,15.0,Media,,ERROR,,619051
,2024-11-03,Coquimbo,Fraude,Rural,10.0,Baja,57.0,,revisar,163284
5947.0,2025-09-12,Coquimbo ,Hurto,Sur,5.0,ALTA,60.0,TMP-002,ok,336669
5948.0,2024/07/08,montepatria,robo,Centro,2.0,baja,58.0,,ok,238875
5949.0,2024/08/28,LA SERENA,Violencia,NORTE,9.0,,45.0,,sin validar,440711
5950.0,Mar-01-2024,Salamanca,,NORTE,,Media,66.0,TMP-001,sin validar,38509
5951.0,sin fecha,SALAMANCA,ROBO,Centro,17.0,Media,29.0,TMP-001,sin validar,989387
5952.0,2024/08/11,andacollo,,,13.0,ALTA,59.0,ERROR,sin validar,468321
5953.0,12/03/2024,andacollo,Fraude,Rural,"4,0",,27.0,TMP-001,sin validar,838868
5954.0,,OVALLE,,,6.0,baja,,ERROR,revisar,499942
5955.0,2024/03/15,La Serena,Fraude,NORTE,10.0,,27.0,ERROR,ok,562534
5956.0,,Illapel,Fraude,,16.0,baja,26.0,TMP-001,,441272
5957.0,27/10/2025,Montepatria,Fraude,Rural,12.0,ALTA,53.0,TMP-002,ok,369829
5958.0,29/11/2024,Coquimbo ,Fraude,Sur,8.0,Baja,38.0,,revisar,785455
5959.0,Aug-23-2024,SALAMANCA,Accidente,centro,10.0,ALTA,64.0,,ok,627744
,12/03/2024,Salamanca,Accidente,NORTE,18.0,Alta,35.0,ERROR,ok,11644
5961.0,04/02/2024,SALAMANCA,HURTO,NORTE,"15,0",ALTA,19.0,TMP-001,,255520
5962.0,02/11/2024,LaSerena,Accidente,centro,16.0,baja,31.0,ERROR,dato ingresado manualmente,189693
5963.0,2024-10-18,SALAMANCA,,Rural,"14,0",Baja,28.0,,dato ingresado manualmente,944475
5964.0,2025-04-10,coquimbo,Robo,Centro,9.0,ALTA,63.0,,,117880
5965.0,2024-06-05,LaSerena,robo,Sur,3.0,baja,42.0,TMP-002,revisar,247002
5966.0,sin fecha,coquimbo,Accidente,NORTE,18.0, baja ,29.0,,dato ingresado manualmente,142556
5967.0,2024/11/16,Ovalle,Fraude,Norte,13.0,,42.0,ERROR,sin validar,73566
5968.0,,illapel,,centro,17.0,ALTA,21.0,,,575562
5969.0,2025-03-28,LA SERENA,Violencia,Centro,5.0,Media,19.0,ERROR,revisar,749998
5970.0,2024-07-09,VICUÑA,robo,Rural,11.0,Alta,21.0,,revisar,943498
5971.0,sin fecha, andacollo ,robo,sur,12.0,baja,34.0,TMP-002,,750807
5972.0,,La Serena,Violencia,Norte,13.0,baja,64.0,TMP-002,ok,673927
5973.0,May-08-2025,Ovalle,,Centro,,Alta,39.0,TMP-001,dato ingresado manualmente,612106
5974.0,18/03/2025,Andacollo,Violencia,,4.0,,51.0,,,804073
5975.0,sin fecha, SALAMANCA ,HURTO,centro,7.0, baja ,49.0,,dato ingresado manualmente,251928
5976.0,Jan-09-2024,OVALLE,,Rural,5.0,baja,55.0,TMP-001,ok,691958
5977.0,2025-04-25,OVALLE,Fraude,Rural,3.0,baja,40.0,TMP-001,ok,10582
5978.0,sin fecha,OVALLE,Accidente,Centro,14.0,Media,40.0,,,25658
,2025/04/28,VICUÑA,,Rural,13.0,,57.0,ERROR,,734167
5980.0,2025/07/20, coquimbo ,Robo,Norte,6.0,nan,14.0,,,840697
5981.0,18/08/2025,Andacollo,,,17.0,Alta,45.0,TMP-001,,608109
5982.0,,Ovalle,Robo,centro,10.0,Alta,,,sin validar,311664
5983.0,Feb-05-2024,Serena,,Norte,19.0,Media,,TMP-002,ok,76756
5984.0,Aug-23-2025,andacollo,Hurto,NORTE,13.0,,35.0,,sin validar,488502
5985.0,15/02/2025,Coquimbo ,Robo,centro,14.0,ALTA,,,revisar,374271
,Mar-22-2024,Coquimbo,robo,Norte,2.0,,45.0,TMP-001,sin validar,461503
5987.0,03/04/2024,Illapel,Fraude,Rural,16.0,,"69,0",ERROR,ok,960770
5988.0,11/10/2024,LA SERENA,Fraude,Rural,19.0,,34.0,ERROR,revisar,698157
5989.0,2024/05/11,SALAMANCA,robo,Centro,"4,0",,43.0,,ok,74074
5990.0,Jan-03-2024,illapel,Violencia,Sur,19.0,ALTA,41.0,TMP-001,ok,396633
,sin fecha,COQUIMBO,Accidente,NORTE,16.0,,27.0,TMP-001,sin validar,267925
5992.0,2024/06/24,Coquimbo,Violencia,Norte,10.0,Baja,64.0,TMP-001,revisar,500789
5993.0,15/07/2025,LaSerena,Accidente,Norte,17.0,baja,53.0,ERROR,ok,936353
5994.0,,Salamanca,,,1.0,baja,58.0,ERROR,,912421
5995.0,Feb-24-2025,OVALLE,Hurto,Rural,11.0,,63.0,,revisar,925483
5996.0,sin fecha,Coquimbo ,,Sur,5.0,baja,51.0,TMP-002,,301319
5997.0,15/01/2024,Andacollo,Robo,Sur,14.0,,16.0,,,931020
5998.0,2025-04-24,ovalle,Fraude,,12.0,Media,15.0,ERROR,dato ingresado manualmente,918066
5999.0,,andacollo,,Centro,8.0,media,68.0,ERROR,dato ingresado manualmente,962421
6000.0,02/12/2024,andacollo,Violencia,Norte,10.0,Baja,60.0,,,142676
6001.0,,OVALLE,Hurto,NORTE,16.0,Alta,24.0,,sin validar,777026
6002.0,Nov-06-2025,ILLAPEL,robo,Rural,3.0,Baja,38.0,TMP-001,sin validar,272009
6003.0,sin fecha,SALAMANCA,Robo,,13.0,baja,61.0,,,826583
6004.0,2025/01/05,Coquimbo,Violencia,NORTE,6.0,,17.0,ERROR,,883127
6005.0,04/01/2024,OVALLE,Violencia,Centro,19.0,ALTA,21.0,,,440836
6006.0,2024-02-11,Andacollo,Accidente,NORTE,18.0,Baja,30.0,ERROR,,672564
6007.0,2025-01-23,Monte Patria,Fraude,Sur,"8,0",,40.0,ERROR,,954409
6008.0,17/11/2024,La Serena,Accidente,NORTE,9.0,Baja,45.0,ERROR,revisar,726565
6009.0,2025/12/31,Vicuña,FRAUDE,centro,13.0,baja,29.0,,dato ingresado manualmente,288294
6010.0,01/03/2024,LaSerena,Hurto,Sur,18.0,Alta,58.0,TMP-002,dato ingresado manualmente,42645
6011.0,18/07/2024,LaSerena,Robo,centro,3.0,baja,,,dato ingresado manualmente,970903
6012.0,2024/04/09,Salamanca,Violencia,NORTE,14.0,baja,66.0,TMP-002,ok,497467
6013.0,2024-07-15,SALAMANCA,Violencia,Centro,-3.0,ALTA,38.0,TMP-002,ok,573561
6014.0,2024-10-23,Ovalle,Robo,NORTE,18.0,Media,50.0,TMP-002,,4637
6015.0,2025-08-12,Montepatria,robo,Centro,13.0,baja,34.0,TMP-001,,550301
6016.0,2024/07/06,illapel,,,14.0,,46.0,,sin validar,138188
6017.0,2025/12/06,COQUIMBO,Robo,NORTE,12.0,ALTA,19.0,TMP-001,sin validar,971658
6018.0,2025-04-26,coquimbo,Robo,Centro,11.0,Media,21.0,,dato ingresado manualmente,359045
6019.0,2024/10/29,Andacollo,Fraude,NORTE,18.0,baja,21.0,TMP-002,sin validar,473192
6020.0,Mar-11-2024,coquimbo,,Centro,3.0,,15.0,TMP-001,sin validar,784861
6021.0,Sep-03-2024,vicuna,Robo,Centro,4.0,,31.0,,revisar,24858
6022.0,,COQUIMBO,Fraude,centro,,Baja,18.0,TMP-002,ok,919519
6023.0,2025-05-31,monte patria,Robo,Centro,3.0,Media,61.0,ERROR,dato ingresado manualmente,875386
6024.0,Feb-10-2025,ovalle,Violencia,centro,16.0,,39.0,ERROR,,203765
6025.0,2025/09/12,Serena,,centro,7.0,ALTA,15.0,,,605573
6026.0,26/12/2024,COQUIMBO,Hurto,,3.0,Alta,18.0,TMP-001,,386761
6027.0,2024-09-23,monte patria,Fraude,Centro,,,47.0,ERROR,,534929
6028.0,2024/03/16,coquimbo,robo,NORTE,12.0,Baja,67.0,ERROR,sin validar,152054
6029.0,24/04/2025,Andacollo,Robo,Sur,,Baja,,TMP-002,revisar,795882
6030.0,08/06/2024,LaSerena,robo,Rural,14.0,Alta,66.0,TMP-002,dato ingresado manualmente,784070
6031.0,13/09/2024,Illapel,Accidente,Sur,2.0,baja,66.0,,,440090
6032.0,,vicuna,robo,Norte,12.0,Media,37.0,TMP-001,,883937
6033.0,16/03/2024,LaSerena,Fraude,centro,13.0,,44.0,ERROR,ok,224486
6034.0,,monte patria,Accidente,CENTRO,4.0,,34.0,,revisar,427648
6035.0,Apr-20-2025,OVALLE,,Centro,9.0,Baja,27.0,TMP-002,sin validar,755033
6036.0,sin fecha,LaSerena,robo,centro,9.0,ALTA,22.0,,dato ingresado manualmente,520315
6037.0,2025/10/25,monte patria,Hurto,NORTE,18.0,Alta,64.0,TMP-001,,624260
6038.0,2024/12/17,Serena,Robo,centro,17.0,Baja,69.0,,revisar,330693
6039.0,28/09/2024,COQUIMBO,robo,SUR,5.0,,50.0,TMP-001,,871725
6040.0,2024-03-17,OVALLE,Fraude,Sur,5.0,ALTA,68.0,,dato ingresado manualmente,922608
,2024-01-22,OVALLE,robo,Rural,10.0,Alta,51.0,TMP-002,,641397
,sin fecha, Montepatria ,Fraude,centro,8.0,Baja,62.0,,,873100
6043.0,2024-07-03,Vicuña,Violencia,centro,6.0,ALTA,69.0,ERROR,,298690
6044.0,Sep-02-2025,LA SERENA,Hurto,,18.0,Baja,66.0,TMP-001,sin validar,825387
6045.0,2024/05/03,Monte Patria,,Norte,5.0,Baja,18.0,TMP-002,sin validar,616654
6046.0,11/02/2025,Coquimbo,Violencia,centro,13.0,Alta,35.0,TMP-002,,458061
6047.0,Aug-01-2025,vicuna,Hurto,Rural,18.0,ALTA,62.0,,sin validar,169322
6048.0,,Coquimbo,robo,Rural,14.0,baja,,,sin validar,574539
6049.0,2024/06/17,la serena,Hurto,NORTE,12.0,  ,28.0,ERROR,dato ingresado manualmente,620938
6050.0,28/01/2024,LaSerena,Hurto,Sur,1.0,BAJA,56.0,,ok,872264
6051.0,,vicuna, robo ,centro,"11,0",BAJA,35.0,TMP-001,sin validar,442028
6052.0,Feb-22-2024,Coquimbo,,NORTE,5.0,baja,65.0,,sin validar,278853
6053.0,,VICUÑA,Accidente,Centro,19.0,Alta,35.0,TMP-002,ok,674199
6054.0,2024-03-18,OVALLE,Violencia,NORTE,18.0,baja,18.0,ERROR,dato ingresado manualmente,981250
6055.0,2024/10/11,Salamanca,robo,,17.0,ALTA,"21,0",TMP-001,revisar,331207
6056.0,2025/02/08,Coquimbo ,robo,centro,13.0,Alta,44.0,TMP-002,sin validar,26794
6057.0,,SALAMANCA,Hurto,,3.0,Alta,18.0,TMP-002,dato ingresado manualmente,242204
6058.0,,Coquimbo ,Violencia,Norte,12.0,Media,53.0,,revisar,896137
6059.0,2025-12-22,ovalle,,Centro,,Alta,51.0,TMP-002,sin validar,384932
6060.0,Jul-23-2024,SALAMANCA,Accidente,Rural,17.0,ALTA,37.0,ERROR,,871793
6061.0,Aug-12-2025,Vicuña,Robo,,15.0,ALTA,37.0,,,723077
,Nov-04-2025,la serena,robo,NORTE,"5,0",Alta,130.0,,,943024
6063.0,May-09-2025,ANDACOLLO,Accidente,Norte,14.0,Alta,45.0,ERROR,dato ingresado manualmente,217640
6064.0,10/05/2025,LaSerena,,centro,2.0,Baja,34.0,TMP-001,ok,129575
,2024-10-19,La Serena,Hurto,Centro,16.0,ALTA,30.0,ERROR,sin validar,470751
6066.0,,SALAMANCA,Accidente,NORTE,14.0,Media,20.0,TMP-002,ok,166649
6067.0,sin fecha,Andacollo,,,15.0,Baja,51.0,,,590584
6068.0,,Andacollo,Violencia,centro,12.0,Alta,26.0,,,28853
6069.0,2025-12-05,Salamanca,Fraude,NORTE,5.0,baja,44.0,,,574240
6070.0,Oct-02-2024,monte patria,robo,NORTE,9.0,baja,35.0,TMP-001,sin validar,145481
6071.0,2024-02-28,Salamanca,Robo,norte,3.0,Baja,24.0,,ok,848820
6072.0,sin fecha,coquimbo,Hurto,Rural,"5,0",ALTA,45.0,TMP-001,,837659
6073.0,,VICUÑA,,centro,15.0,Media,64.0,,,573280
6074.0,,Coquimbo,Violencia,Sur,10.0,,54.0,,revisar,864423
6075.0,,ovalle,Hurto,,19.0,Media,26.0,TMP-001,,127624
6076.0,,Coquimbo,Accidente,Norte,13.0,,44.0,ERROR,sin validar,553275
6077.0,Jun-30-2025,Serena,robo,,18.0,baja,17.0,TMP-001,revisar,679121
6078.0,Oct-04-2024,ovalle,,norte,14.0,Alta,62.0,,dato ingresado manualmente,980484
6079.0,2024/05/29,coquimbo,Violencia,Sur,6.0,,40.0,,,563561
6080.0,2024-06-23,Coquimbo ,Fraude,Centro,10.0,,51.0,TMP-001,ok,964472
6081.0,,ovalle,Robo,,18.0,ALTA,35.0,ERROR,,416881
6082.0,2024/05/08,Monte Patria,Violencia,Norte,8.0,Media,20.0,,,919516
6083.0,10/08/2025,Salamanca,Robo,centro,2.0,,39.0,ERROR,,202650
6084.0,2024-12-28,Serena,Fraude,Sur,7.0,alta,53.0,,sin validar,535963
6085.0,Mar-31-2025,andacollo,,Norte,6.0,,37.0,,sin validar,554763
6086.0,2025-12-27,vicuna,Robo,Centro,8.0,baja,31.0,TMP-001,sin validar,551868
6087.0,Jul-23-2024,la serena,robo,Norte,2.0,baja,56.0,ERROR,revisar,314755
6088.0,27/01/2024,la serena,Violencia,NORTE,19.0,baja,-1.0,,,848903
6089.0,,andacollo,robo,Centro,5.0,Media,61.0,TMP-001,,657197
6090.0,2024/10/12,LA SERENA,Robo,Sur,5.0,Alta,18.0,ERROR,ok,21063
6091.0,2024/08/31,Andacollo,Robo,NORTE,1.0,,30.0,ERROR,ok,886761
6092.0,02/09/2025,MONTE PATRIA,robo,Sur,8.0,Media,"44,0",,sin validar,653079
6093.0,2025/05/20,Montepatria,Hurto,,15.0,Baja,17.0,TMP-002,ok,614548
6094.0,,COQUIMBO,Hurto,CENTRO,7.0,Alta,20.0,ERROR,revisar,140215
6095.0,Apr-24-2024,andacollo,ROBO,Norte,14.0,Baja,16.0,,dato ingresado manualmente,471364
6096.0,05/01/2025,coquimbo,Fraude,Norte,5.0,Alta,39.0,TMP-002,,584557
6097.0,20/03/2025,Ovalle,Robo,Centro,8.0,,33.0,TMP-001,,260167
6098.0,29/10/2024,coquimbo,Robo,Centro,12.0,Alta,65.0,ERROR,revisar,566434
6099.0,sin fecha,ovalle,Hurto,Rural,2.0,baja,47.0,TMP-002,dato ingresado manualmente,954710
6100.0,2024-03-27,andacollo,robo,Rural,14.0,Alta,,TMP-001,,347614
6101.0,2025-02-26,Illapel, Hurto ,Centro,5.0,Baja,52.0,ERROR,sin validar,562489
6102.0,22/01/2025,Serena,robo,,4.0,baja,,,,140009
6103.0,,Coquimbo,robo,Rural,14.0,Media,35.0,,ok,713489
6104.0,2025/06/02,Vicuña,robo,centro,6.0,baja,29.0,TMP-002,dato ingresado manualmente,36074
6105.0,09/12/2025,monte patria,Accidente,centro,18.0,Baja,59.0,ERROR,revisar,935395
6106.0,2025-11-26,Andacollo,,NORTE,17.0,ALTA,31.0,TMP-002,sin validar,691906
6107.0,Jul-29-2024,Ovalle,Accidente,centro,18.0,baja,,TMP-001,,694582
6108.0,,La Serena,robo,Centro,1.0,,16.0,ERROR,,397511
6109.0,24/04/2024,SALAMANCA,Violencia,centro,"19,0",ALTA,43.0,TMP-002,sin validar,14790
6110.0,Aug-08-2025,andacollo,Violencia,Norte,19.0,Baja,31.0,,ok,150329
6111.0,2024/12/29,ovalle,Fraude,Centro,9.0,,39.0,ERROR,dato ingresado manualmente,136638
6112.0,,SALAMANCA,,rural,10.0,Media,37.0,TMP-001,ok,909581
6113.0,11/05/2025,LaSerena,robo, centro ,11.0,ALTA,39.0,TMP-001,ok,767861
6114.0,sin fecha,vicuna,Fraude,Centro,6.0,Media,53.0,TMP-002,ok,5929
6115.0,2025-03-11,LA SERENA,,Rural,18.0,Media,,ERROR,revisar,365704
6116.0,2025/06/08,Vicuña,Accidente,NORTE,10.0,Baja,"25,0",,dato ingresado manualmente,720677
6117.0,2024-05-29,Vicuña,Violencia,centro,11.0,Alta,19.0,,revisar,919779
6118.0,2025-09-13,ovalle, Violencia ,,16.0, Media ,43.0,TMP-001,,960003
6119.0,2024-08-15,Montepatria,Accidente,,,baja,43.0,ERROR,ok,129649
6120.0,,COQUIMBO,Accidente,Centro,,ALTA,16.0,ERROR,sin validar,434545
6121.0,2025-09-09,OVALLE,Violencia,Rural,11.0,baja,58.0,,revisar,538451
6122.0,sin fecha,LA SERENA,,Norte,9.0,Baja,26.0,TMP-002,,381657
6123.0,Aug-01-2024,vicuna,Violencia,Centro,14.0,,52.0,TMP-001,revisar,345490
6124.0,Jan-16-2024,Illapel,,Rural,5.0,,36.0,TMP-001,revisar,595728
6125.0,22/12/2025,vicuna,Robo,NORTE,5.0,baja,17.0,ERROR,,158136
6126.0,,illapel,,,,Baja,14.0,TMP-002,dato ingresado manualmente,142180
6127.0,2025/03/02,andacollo,Robo,,12.0,media,43.0,,sin validar,558032
6128.0,2025-01-09,monte patria,robo,Sur,"18,0",baja,50.0,TMP-002,sin validar,524644
6129.0,Apr-06-2025,ovalle,Violencia,Rural,6.0,,61.0,TMP-002,sin validar,975766
6130.0,09/12/2025,illapel,Violencia,Norte,4.0,baja,48.0,TMP-001,,442415
6131.0,2024/10/16,andacollo,Robo,Centro,9.0,Media,67.0,TMP-001,,603862
6132.0,2024-10-01,Monte Patria,Hurto,centro,17.0,,14.0,TMP-001,revisar,10868
6133.0,2024/04/18,andacollo,,Centro,4.0,baja,19.0,,dato ingresado manualmente,34595
6134.0,Aug-24-2024,illapel,Violencia,,9.0,,37.0,,,899211
6135.0,28/04/2024,Illapel,Robo,Rural,18.0,Baja,56.0,,revisar,6360
6136.0,,vicuna,violencia,,6.0,,19.0,,revisar,816449
6137.0,Jul-11-2024,la serena,Fraude,Norte,"17,0", ALTA ,"26,0",TMP-001,sin validar,802330
6138.0,,La Serena,robo,Norte,"9,0",Media,33.0,TMP-002,ok,98606
6139.0,2025-11-03,Andacollo,Fraude,centro,7.0,ALTA,69.0,TMP-001,revisar,85948
6140.0,Jan-15-2025,Ovalle,robo,Centro,19.0,Media,55.0,TMP-002,sin validar,426798
6141.0,2024/07/02,LA SERENA,robo,,6.0,ALTA,37.0,,,92934
6142.0,2024/02/22,Montepatria,Hurto,,1.0,Alta,42.0,ERROR,ok,364344
6143.0,sin fecha,Monte Patria,Robo,Rural,6.0,baja,,,,993119
6144.0,Apr-10-2025,Ovalle,Hurto,Sur,11.0,,33.0,TMP-001,,698790
6145.0,Sep-07-2025,LaSerena,,NORTE,19.0,Baja,39.0,,,661630
6146.0,,vicuna,Accidente,centro,, Baja ,40.0,,ok,570686
6147.0,2024/03/16,Monte Patria,Accidente,Centro,,ALTA,57.0,,revisar,6983
6148.0,Jul-06-2025,Ovalle,,NORTE,7.0,baja,39.0,,revisar,832725
6149.0,14/12/2024,Montepatria,ROBO,Norte,5.0,baja,66.0,TMP-001,,381118
6150.0,2025/01/03,Monte Patria,robo,Sur,14.0,Media,28.0,,,781718
6151.0,2024-02-03,Monte Patria,Hurto,NORTE,18.0,Baja,"43,0",ERROR,sin validar,496438
6152.0,07/09/2025,vicuna,, NORTE ,7.0, Baja ,,TMP-001,revisar,722516
6153.0,Apr-09-2024,COQUIMBO,Fraude,Sur,18.0,baja,41.0,,dato ingresado manualmente,532651
6154.0,26/09/2025,ovalle,Fraude,NORTE,8.0,Alta,31.0,,revisar,26641
6155.0,17/02/2024,Salamanca,,NORTE,12.0,,60.0,TMP-001,revisar,888355
6156.0,24/11/2024,Serena,Accidente,Centro,4.0,ALTA,57.0,,revisar,705413
6157.0,2025-03-28,Monte Patria,Violencia,NORTE,4.0,Media,67.0,ERROR,,785344
6158.0,Oct-19-2025,Illapel,Accidente,Norte,19.0,,23.0,,,526952
6159.0,Apr-03-2024,Ovalle,Robo,Rural,,Media,23.0,ERROR,ok,364543
6160.0,15/02/2025,Illapel,Fraude,Centro,15.0,Media,51.0,,sin validar,384283
6161.0,Oct-28-2025,SALAMANCA,Robo,Sur,1.0,baja,,ERROR,,204817
6162.0,2024/10/23,la serena,Robo,Sur,2.0,baja,39.0,,,38790
6163.0,Feb-04-2025,La Serena,Robo,Norte,1.0,ALTA,37.0,,dato ingresado manualmente,235949
6164.0,2025-10-28,Monte Patria,,Centro,-3.0,Baja,17.0,ERROR,,568335
6165.0,2024/08/04,La Serena,Hurto,,14.0,Baja,62.0,,ok,598028
6166.0,16/07/2024,LaSerena,Fraude,Sur,5.0,Media,17.0,TMP-001,ok,413299
6167.0,2024/01/29,illapel,Accidente,Rural,9.0,,14.0,ERROR,,293114
6168.0,2025/01/23,Illapel,Robo,centro,11.0,baja,31.0,,sin validar,985028
6169.0,2025-10-14, OVALLE ,,Norte,,Alta,56.0,,dato ingresado manualmente,189782
6170.0,04/10/2024,coquimbo,Robo,Rural,6.0,ALTA,15.0,TMP-001,sin validar,650985
6171.0,25/04/2024,monte patria,Accidente,NORTE,6.0,Alta,"66,0",TMP-002,dato ingresado manualmente,178022
6172.0,Jun-01-2025,coquimbo,Fraude,Norte,10.0,ALTA,57.0,,,839279
6173.0,,LA SERENA,Accidente,Centro,19.0,,63.0,,ok,735675
6174.0,2025-01-24,monte patria,Robo,,6.0,Alta,50.0,TMP-002,sin validar,215171
6175.0,2025/10/04,illapel,Hurto,Sur,17.0, Media ,57.0,,,996802
6176.0,Mar-26-2025,monte patria,,centro,8.0,Media,44.0,,dato ingresado manualmente,974838
6177.0,Dec-01-2025,la serena,Accidente,NORTE,2.0,Alta,68.0,,sin validar,322149
6178.0,2025-01-16, VICUÑA ,,Rural,8.0,,17.0,,ok,40751
6179.0,,VICUÑA,,,1.0,baja,43.0,TMP-001,,227646
6180.0,2025/10/06,la serena,Robo,,,,69.0,ERROR,,483377
6181.0,Nov-28-2024,LA SERENA,Fraude,NORTE,9.0,Alta,52.0,TMP-001,dato ingresado manualmente,233120
6182.0,May-27-2024,OVALLE,Fraude,  ,16.0,Alta,42.0,,sin validar,486394
6183.0,29/05/2024,la serena,,NORTE,14.0,,54.0,TMP-002,ok,295581
6184.0,Nov-23-2024, LA SERENA ,Fraude,Rural,3.0,ALTA,59.0,ERROR,dato ingresado manualmente,209440
6185.0,24/12/2025,Ovalle,Robo,NORTE,"1,0",Baja,47.0,,,363024
6186.0,Jun-04-2024,SALAMANCA,Violencia,Centro,12.0,Baja,14.0,TMP-002,dato ingresado manualmente,403091
6187.0,,LaSerena,Robo,Centro,16.0,Media,40.0,TMP-002,dato ingresado manualmente,970166
6188.0,Jan-25-2025,vicuna,Hurto,Sur,11.0,Baja,56.0,TMP-002,sin validar,406740
6189.0,10/05/2024,coquimbo,,centro,7.0,Baja,"66,0",ERROR,sin validar,354756
6190.0,2024/07/23,LaSerena,Hurto,NORTE,11.0,baja,33.0,,,249056
6191.0,sin fecha,Montepatria,Robo,Centro,,ALTA,66.0,TMP-002,dato ingresado manualmente,807737
6192.0,,Salamanca,Accidente,Centro,13.0,Baja,130.0,,,972047
6193.0,31/05/2024,VICUÑA,robo,Rural,3.0,Alta,22.0,TMP-002,ok,900180
6194.0,,ovalle,Violencia,,10.0,,48.0,TMP-002,ok,338553
6195.0,2024/05/25,Serena,Accidente,Norte,11.0,,26.0,TMP-001,revisar,716910
6196.0,2025-01-20,monte patria,robo,Sur,18.0,Alta,24.0,ERROR,dato ingresado manualmente,236083
6197.0,,Salamanca,Hurto,centro,5.0,ALTA,29.0,TMP-001,dato ingresado manualmente,908921
6198.0,01/12/2024, Coquimbo ,Violencia,Centro,10.0,Media,54.0,,sin validar,6307
6199.0,,Montepatria,Fraude,Rural,16.0,,24.0,TMP-001,sin validar,572475
6200.0,,Vicuña,robo,Rural,0.0,baja,-1.0,,,267863
6201.0,,coquimbo,,,4.0,baja,61.0,,,667097
6202.0,23/02/2024,La Serena,Fraude,Norte,7.0,,59.0,ERROR,,596771
6203.0,2024-06-19,COQUIMBO,Hurto,NORTE,15.0,Alta,21.0,TMP-002,,404489
6204.0,2024-08-02,MONTE PATRIA,Violencia,NORTE,"11,0",,50.0,TMP-001,dato ingresado manualmente,763416
6205.0,2024-04-17,Coquimbo,robo,rural,12.0,Media,57.0,TMP-002,dato ingresado manualmente,157942
6206.0,2024-07-22,Serena,Violencia,NORTE,1.0,Media,64.0,TMP-002,dato ingresado manualmente,219631
6207.0,Oct-03-2025,Andacollo,,centro,14.0,  ,43.0,TMP-002,,398383
6208.0,2025-01-23,Coquimbo ,Accidente,Sur,2.0,Media,45.0,TMP-001,revisar,585358
6209.0,2025-01-07, Coquimbo ,Robo,NORTE,"13,0",Alta,33.0,ERROR,,55636
6210.0,2025/06/25,la serena,robo,Centro,6.0,Baja,21.0,,dato ingresado manualmente,941993
6211.0,sin fecha,illapel,Robo,centro,3.0,Alta,63.0,,,248929
6212.0,Dec-19-2024,COQUIMBO,Robo,Centro,1.0,ALTA,64.0,TMP-002,dato ingresado manualmente,678865
6213.0,01/06/2024,Coquimbo,,NORTE,10.0,Baja,52.0,TMP-001,ok,903015
6214.0,2025/02/03, coquimbo ,Violencia,Rural,12.0,Alta,,ERROR,dato ingresado manualmente,528068
6215.0,Mar-16-2024,Illapel,Violencia,Rural,5.0,Alta,51.0,ERROR,revisar,257906
6216.0,01/07/2024,la serena,Fraude,Sur,13.0,,53.0,TMP-002,ok,168943
6217.0,13/11/2025,illapel,robo,centro,7.0,Baja,33.0,ERROR,revisar,28662
6218.0,Jan-17-2025,Coquimbo ,,Sur,4.0,baja,23.0,TMP-002,sin validar,431774
6219.0,2025/12/22,coquimbo,robo,Norte,14.0,Alta,21.0,ERROR,ok,233451
6220.0,2024/08/02,coquimbo,Accidente,Norte,14.0,Media,28.0,,sin validar,268343
6221.0,,Andacollo,Hurto,Rural,10.0,ALTA,33.0,ERROR,dato ingresado manualmente,797457
6222.0,28/12/2024,Salamanca,Fraude,centro,,,20.0,,,701663
6223.0,14/12/2024,SALAMANCA,Violencia,centro,7.0,Alta,31.0,ERROR,revisar,773925
6224.0,2024/01/16,Andacollo,Accidente,Sur,5.0,ALTA,62.0,TMP-001,ok,365043
6225.0,2024/11/02,Illapel,Accidente,,18.0,Alta,22.0,,,795661
6226.0,Jun-22-2025,LA SERENA,Accidente,Sur,4.0,baja,47.0,,revisar,524350
6227.0,Oct-22-2024,vicuna,,,6.0,BAJA,58.0,,revisar,575561
6228.0,2024-05-30,andacollo,Fraude,NORTE,1.0,alta,61.0,ERROR,,325428
6229.0,30/03/2024,Salamanca,, Norte ,,ALTA,42.0,ERROR,revisar,820333
6230.0,,Illapel,robo,centro,,ALTA,54.0,,revisar,938372
6231.0,,Montepatria,,Rural,5.0,Media,24.0,TMP-002,revisar,827106
6232.0,2025-03-30,Salamanca,Accidente,Norte,8.0,Alta,50.0,TMP-002,,771233
6233.0,,VICUÑA,,Centro,17.0,Baja,63.0,TMP-001,sin validar,267533
6234.0,sin fecha,vicuna,Violencia,Centro,13.0,,46.0,ERROR,,22412
6235.0,,Coquimbo, Accidente ,,7.0,,40.0,TMP-001,,481729
6236.0,29/07/2024,SALAMANCA,FRAUDE,centro,7.0,Media,67.0,,ok,912934
6237.0,sin fecha,monte patria,Accidente,,3.0,Alta,52.0,TMP-002,ok,34425
6238.0,21/03/2025,Serena,ROBO,Centro,13.0,BAJA,"64,0",,,457740
6239.0,Feb-20-2024,illapel,Fraude,CENTRO,17.0,Baja,19.0,ERROR,ok,827869
6240.0,2024-12-01,Coquimbo ,Robo,centro,"4,0",ALTA,31.0,TMP-002,dato ingresado manualmente,326353
6241.0,sin fecha,Serena,Hurto,,8.0,,24.0,TMP-002,,955393
,Feb-25-2024,vicuna,,rural,8.0,Media,64.0,,revisar,874811
6243.0,2025/05/01,LaSerena,Violencia,Centro,19.0,BAJA,15.0,,,645337
6244.0,May-28-2024,andacollo,Robo,Centro,11.0,Media,68.0,,dato ingresado manualmente,642554
6245.0,2024-06-09,Illapel,,NORTE,16.0,,32.0,TMP-002,sin validar,532223
6246.0,sin fecha,Monte Patria,Fraude,Sur,10.0,Baja,68.0,,dato ingresado manualmente,288997
6247.0,28/11/2024,LA SERENA,Violencia,Sur,9.0,,69.0,,sin validar,246427
6248.0,12/09/2024,VICUÑA,Fraude,Sur,12.0,Baja,,,dato ingresado manualmente,973953
6249.0,2024/01/22,LaSerena,Accidente,NORTE,5.0,baja,27.0,TMP-002,,994344
6250.0,May-22-2025,LaSerena,robo,Norte,6.0,,54.0,,,887154
6251.0,sin fecha,OVALLE,robo,,15.0,Baja,55.0,,sin validar,716650
6252.0,15/08/2025,Montepatria,Hurto,Norte,13.0, nan ,"63,0",,,457520
6253.0,Feb-20-2024,Coquimbo,robo,NORTE,7.0,,66.0,,,124396
6254.0,2025/11/06,andacollo,Hurto,Sur,12.0,,53.0,TMP-002,revisar,629556
6255.0,Jun-22-2024,vicuna,Fraude,,4.0,Baja,"29,0",ERROR,revisar,273025
6256.0,Apr-02-2024,LaSerena,,Centro,1.0,Baja,29.0,TMP-001,ok,522885
6257.0,Nov-05-2024,Coquimbo ,Violencia,Rural,6.0,ALTA,55.0,,,976020
6258.0,sin fecha,coquimbo,,centro,14.0,,47.0,,sin validar,533656
6259.0,16/12/2025,andacollo,Robo,CENTRO,17.0,Media,60.0,TMP-001,ok,365180
6260.0,Feb-11-2024,Serena,robo,,14.0,ALTA,61.0,ERROR,ok,992324
6261.0,2024-04-18,ovalle,robo,Centro,16.0,Baja,40.0,ERROR,dato ingresado manualmente,583865
6262.0,,coquimbo,,NORTE,12.0,Alta,49.0,TMP-002,,204867
6263.0,2024-11-25,Ovalle,Fraude,Sur,18.0,Media,31.0,,,999636
6264.0,15/07/2025,Illapel,Accidente,Sur,8.0,baja,39.0,,,373359
6265.0,2025/01/09,LA SERENA,Accidente,Rural,6.0,baja,53.0,,revisar,551202
6266.0,,VICUÑA,violencia,centro,11.0,Media,57.0,,revisar,9809
6267.0,Oct-05-2024,LA SERENA,Accidente,Sur,10.0,,,TMP-001,revisar,819540
6268.0,25/03/2024,Monte Patria,Robo,centro,10.0,baja,"55,0",TMP-001,revisar,31639
6269.0,21/03/2024,Salamanca,,Centro,12.0,baja,22.0,TMP-002,sin validar,671069
6270.0,2024-02-05,coquimbo,Fraude,,,Baja,21.0,TMP-002,revisar,864061
6271.0,Feb-14-2024,Coquimbo,robo,NORTE,,ALTA,60.0,TMP-001,,751298
6272.0,19/01/2024,andacollo,robo,Sur,"1,0",baja,44.0,,dato ingresado manualmente,111313
6273.0,2024/10/11,OVALLE,Hurto,Rural,1.0,Baja,19.0,,ok,334955
6274.0,Nov-27-2024,SALAMANCA,Fraude,Centro,8.0,baja,19.0,ERROR,,717222
6275.0,Apr-16-2025,COQUIMBO,Accidente,Sur,10.0,baja,40.0,TMP-001,,413893
6276.0,2025/07/22,Monte Patria,robo,centro,12.0,,25.0,ERROR,sin validar,245335
6277.0,2024/08/15,Salamanca,Fraude,centro,2.0,ALTA,14.0,TMP-002,sin validar,895373
6278.0,2025/03/25,illapel,Hurto,Centro,,Alta,59.0,,sin validar,165996
6279.0,Aug-02-2024,Monte Patria,robo,centro,7.0,baja,32.0,TMP-002,,959566
6280.0,2024/09/12,COQUIMBO,Hurto,Norte,14.0,Baja,32.0,ERROR,sin validar,588332
6281.0,18/01/2024,La Serena,Fraude,norte,5.0,,37.0,TMP-001,revisar,62345
6282.0,2025/10/06,Montepatria,Fraude,,19.0,,46.0,TMP-001,,770475
6283.0,2025/06/09,illapel,Robo,NORTE,8.0,baja,54.0,ERROR,dato ingresado manualmente,301060
6284.0,26/02/2025,OVALLE,Accidente,Sur,4.0,ALTA,44.0,,sin validar,801361
6285.0,2025/03/25,serena,Fraude,Sur,3.0,BAJA,35.0,,ok,796879
6286.0,2025-04-22,ovalle,robo,centro,17.0,Media,27.0,TMP-002,revisar,643414
6287.0,2024/01/30,Ovalle,robo,NORTE,15.0,Media,34.0,TMP-001,sin validar,209997
6288.0,23/03/2025,La Serena,Fraude,NORTE,12.0,Alta,"60,0",TMP-002,ok,179269
6289.0,Jan-20-2024,ovalle,robo,centro,12.0,ALTA,42.0,,sin validar,648603
6290.0,,monte patria,accidente,NORTE,15.0,baja,,ERROR,dato ingresado manualmente,839724
6291.0,2025/06/18,LaSerena,Fraude,NORTE,7.0, Media ,64.0,TMP-001,,928143
6292.0,2024-02-12,Ovalle,robo,Centro,12.0,Alta,41.0,ERROR,revisar,710581
6293.0,16/01/2025,Salamanca,robo,Centro,14.0,Media,54.0,,sin validar,210964
6294.0,2024-02-17,Monte Patria,Violencia,Centro,11.0,Alta,53.0,,,186067
6295.0,2024-07-23,la serena,Fraude,centro,11.0,Alta,56.0,,,167117
6296.0,Mar-27-2025,La Serena,Robo,Centro,7.0,,49.0,TMP-002,,379172
6297.0,,illapel,Fraude,NORTE,2.0,NAN,39.0,TMP-002,sin validar,581059
6298.0,Mar-18-2024,Serena,Hurto, centro ,3.0,baja,34.0,TMP-002,ok,726870
6299.0,2024/10/15,LA SERENA, Fraude ,Centro,7.0,Media,33.0,,,635409
6300.0,25/06/2024,LA SERENA,Violencia,NORTE,7.0,,53.0,,revisar,200622
6301.0,2024-11-21,COQUIMBO,Violencia,centro,18.0,Alta,22.0,,revisar,25733
6302.0,Feb-04-2024,Montepatria,Hurto,Centro,6.0,Baja,67.0,TMP-002,ok,962918
6303.0,2024-10-15,Salamanca,Hurto, Centro ,18.0,baja,46.0,TMP-001,revisar,816782
6304.0,sin fecha,Serena,Robo,Centro,15.0,Media,23.0,,,228064
6305.0,07/11/2024,LASERENA,Fraude,centro,3.0,baja,19.0,,revisar,435436
6306.0,2025/05/26,COQUIMBO,Hurto,NORTE,7.0,Baja,57.0,ERROR,,516575
6307.0,,Montepatria,robo,Norte,,Media,43.0,TMP-001,dato ingresado manualmente,481340
6308.0,Aug-25-2025,Coquimbo ,Violencia,Sur,1.0,alta,55.0,TMP-002,revisar,933424
6309.0,2024-02-28,ILLAPEL,Hurto,centro,7.0,Alta,58.0,ERROR,dato ingresado manualmente,476174
6310.0,2025/11/09,Coquimbo, Hurto ,Sur,7.0,Alta,35.0,ERROR,sin validar,828963
6311.0,2025-02-26,LaSerena,,Norte,10.0,,44.0,,ok,649944
6312.0,,Coquimbo,Violencia,Centro,2.0,Alta,65.0,TMP-001,,356581
6313.0,Nov-02-2025,andacollo,Violencia,Rural,10.0,Media,25.0,,sin validar,729539
6314.0,2025/11/01,illapel,,Centro,11.0,,33.0,TMP-001,,509750
6315.0,2025/06/30,Montepatria,Accidente,Centro,5.0,,67.0,ERROR,,684963
6316.0,2024/03/20,Montepatria,Hurto, centro ,4.0,baja,30.0,,dato ingresado manualmente,306121
6317.0,sin fecha,Salamanca,Violencia,centro,7.0,ALTA,35.0,ERROR,sin validar,458675
6318.0,2024/04/26, coquimbo ,Robo,Sur,7.0,baja,32.0,TMP-002,dato ingresado manualmente,231673
6319.0,May-19-2025,Andacollo,Fraude,,15.0,baja,32.0,TMP-002,ok,662555
6320.0,2025-02-02,Illapel,Fraude,,7.0,Alta,20.0,,,743757
6321.0,15/02/2024,Ovalle,Fraude,NORTE,16.0,ALTA,62.0,ERROR,,633048
6322.0,26/11/2024,Ovalle,,Centro,7.0,,17.0,,revisar,967736
6323.0,Oct-21-2024,MONTE PATRIA,Robo,NORTE,0.0,Baja,48.0,ERROR,sin validar,979147
6324.0,2025-06-19,Serena,robo,Sur,"6,0",baja,44.0,TMP-002,revisar,564207
6325.0,2024/07/18,Coquimbo,Accidente,Sur,3.0,,23.0,,ok,749659
6326.0,23/10/2025,SALAMANCA,robo,norte,10.0,Media,,TMP-002,ok,20020
,,Coquimbo,robo,Sur,1.0,,27.0,TMP-002,,960278
6328.0,,monte patria,robo,Centro,14.0,BAJA,53.0,ERROR,sin validar,523156
,2025-04-24,Serena,Accidente,centro,3.0,,30.0,TMP-002,ok,974276
6330.0,2025/01/18,Salamanca,Robo,,3.0,,63.0,,dato ingresado manualmente,221933
6331.0,,OVALLE,,Rural,2.0,BAJA,34.0,,,822647
6332.0,Apr-17-2024,Illapel,Robo,Sur,11.0,Alta,27.0,,ok,747638
6333.0,2024-10-25,monte patria,robo,Centro,19.0,ALTA,50.0,TMP-002,ok,846406
6334.0,2025-09-21,VICUÑA,,Rural,15.0,ALTA,52.0,,sin validar,558767
6335.0,2024/05/03,Monte Patria,Accidente,,5.0,,66.0,,revisar,610271
,Dec-01-2024,Ovalle,,,10.0,ALTA,53.0,,revisar,976712
6337.0,Aug-23-2024,SALAMANCA,,Rural,11.0,ALTA,62.0,ERROR,ok,596973
6338.0,12/02/2024,SALAMANCA, Accidente ,Norte,"15,0",Media,46.0,ERROR,,513862
6339.0,2025/07/16,Vicuña,Accidente,centro,12.0,Media,,TMP-001,sin validar,821457
6340.0,2025/08/17,Vicuña,Hurto,Sur,9.0,Media,57.0,TMP-002,,235683
6341.0,23/11/2025,vicuna,Violencia,Sur,18.0,Media,5.0,TMP-001,dato ingresado manualmente,769632
6342.0,,Illapel, Fraude ,Rural,8.0,ALTA,58.0,ERROR,,163029
6343.0,Jun-25-2025,Salamanca,Accidente,,4.0,Alta,48.0,,revisar,764724
6344.0,sin fecha,vicuna,Fraude,NORTE,17.0, Alta ,66.0,,revisar,416559
6345.0,26/01/2024,VICUÑA,Robo,Sur,12.0,Media,32.0,TMP-001,,644144
6346.0,Jan-21-2024,Serena,Accidente,Centro,12.0,baja,59.0,,sin validar,460693
6347.0,2025/01/20,COQUIMBO,robo,NORTE,"12,0",,25.0,TMP-002,dato ingresado manualmente,639506
,,andacollo,robo,,9.0,baja,47.0,,ok,443186
6349.0,2025-07-04,Coquimbo,Hurto,Sur,19.0,baja,68.0,,revisar,925012
6350.0,2025/02/14,Serena,Accidente,Sur,16.0,ALTA,40.0,,revisar,906896
6351.0,2025/08/31,LaSerena,Accidente,NORTE,2.0,Alta,22.0,ERROR,revisar,737088
6352.0,2024-01-16, LA SERENA ,,Sur,5.0,Baja,15.0,ERROR,revisar,9898
6353.0,2024-06-20,LA SERENA,Robo,Centro,12.0,Alta,"43,0",TMP-001,dato ingresado manualmente,85686
6354.0,08/10/2025,Coquimbo ,robo,,2.0,Baja,54.0,TMP-002,dato ingresado manualmente,316383
6355.0,,illapel,Robo,Centro,5.0,ALTA,68.0,TMP-001,,116205
6356.0,sin fecha,Andacollo,Accidente,Centro,3.0,ALTA,17.0,TMP-001,revisar,160500
6357.0,2024-07-05,Serena,Accidente, Norte ,14.0,Alta,65.0,,,494319
6358.0,sin fecha,Ovalle,Accidente,Rural,17.0,baja,,,,171376
6359.0,,Monte Patria,Accidente,Centro,16.0,Alta,55.0,,,802190
6360.0,2025/01/06,ovalle,,Norte,15.0,baja,31.0,,,329361
6361.0,Mar-12-2025,Ovalle,robo,Sur,17.0,baja,69.0,ERROR,revisar,636520
6362.0,2025/03/08,Monte Patria,Fraude,Sur,10.0,Alta,43.0,,dato ingresado manualmente,876959
6363.0,,Serena,robo,Norte,12.0,Alta,36.0,TMP-002,,925672
6364.0,02/06/2024,la serena,accidente,NORTE,12.0,,,,revisar,318028
6365.0,2024-03-10,Monte Patria,Hurto,centro,,Baja,16.0,,revisar,289839
6366.0,2024/11/24,LaSerena,Hurto,Rural,19.0,ALTA,25.0,,dato ingresado manualmente,393135
6367.0,05/02/2024,Salamanca,robo,,8.0,,34.0,,dato ingresado manualmente,601121
6368.0,sin fecha,ovalle,Accidente,NORTE,17.0,ALTA,"45,0",,sin validar,266249
6369.0,2024/05/11,Ovalle,Violencia,centro,9.0,ALTA,,TMP-002,,989141
6370.0,May-26-2025,illapel,Violencia,centro,6.0,baja,37.0,,revisar,658518
6371.0,2025-03-21,Coquimbo,robo,Norte,3.0,Media,23.0,ERROR,dato ingresado manualmente,795210
6372.0,sin fecha,la serena,Violencia,centro,12.0,Baja,16.0,,dato ingresado manualmente,760520
6373.0,2025/06/17,monte patria,,Centro,500.0,Alta,17.0,,,902640
6374.0,08/11/2024,Coquimbo,robo,Rural,8.0,Media,18.0,ERROR,ok,663624
6375.0,2025-08-07,vicuna,Accidente,Centro,"4,0",,54.0,,,938517
6376.0,2024/03/27,Vicuña, robo ,Centro,10.0,Alta,64.0,ERROR,ok,876914
6377.0,Jul-20-2025,VICUÑA,robo,,4.0,baja,23.0,TMP-002,,328075
6378.0,28/08/2024,Illapel,Robo,Sur,"12,0",,15.0,,sin validar,418917
6379.0,Dec-07-2025,SALAMANCA,Robo,NORTE,19.0,ALTA,24.0,,sin validar,716658
6380.0,Nov-19-2025,Vicuña,Violencia,Centro,15.0,Alta,21.0,TMP-002,sin validar,192881
6381.0,sin fecha,Montepatria,Accidente,Centro,"6,0",ALTA,14.0,TMP-001,dato ingresado manualmente,904593
6382.0,11/07/2024,COQUIMBO,Accidente,,9.0,ALTA,51.0,,,648449
6383.0,2024/01/09,COQUIMBO,Hurto,CENTRO,2.0,Media,41.0,,revisar,149867
6384.0,,LA SERENA,robo,Rural,6.0,  ,21.0,,dato ingresado manualmente,622434
6385.0,Sep-22-2024,coquimbo,robo,Centro,,ALTA,14.0,,revisar,913234
6386.0,,SALAMANCA,Violencia,Sur,15.0,Baja,46.0,ERROR,,207208
6387.0,sin fecha,Andacollo,Accidente,Centro,18.0,,22.0,,revisar,863795
6388.0,Feb-25-2025,Salamanca,Accidente,Centro,14.0,,54.0,TMP-001,ok,937535
6389.0,2025-12-21,Ovalle,Violencia,,18.0,ALTA,36.0,ERROR,ok,632737
6390.0,sin fecha,monte patria,Fraude,NORTE,1.0,Alta,42.0,,sin validar,4562
6391.0,26/06/2024,vicuna,Hurto,,-3.0,Baja,nan,,sin validar,936068
6392.0,2024/07/11,SALAMANCA,,NORTE,4.0,Baja,57.0,TMP-002,revisar,823083
6393.0,2025-12-27, Salamanca ,Violencia,centro,17.0,ALTA,45.0,,revisar,699237
6394.0,2025-11-24,Coquimbo ,Fraude,Rural,14.0,,,TMP-001,,996600
,May-18-2025,Montepatria,Robo,Norte,4.0,ALTA,28.0,TMP-002,,809262
6396.0,05/08/2025,monte patria,Accidente,centro,13.0,,54.0,TMP-002,ok,827576
6397.0,,coquimbo,Accidente,Centro,2.0,Media,46.0,ERROR,ok,338294
6398.0,Dec-07-2025,Monte Patria,Hurto,Sur,12.0,ALTA,68.0,ERROR,dato ingresado manualmente,905937
,Aug-09-2025,ovalle,,,12.0,ALTA,16.0,ERROR,revisar,40956
6400.0,2024/10/20,COQUIMBO,Robo,Rural,18.0,Alta,57.0,,,542837
6401.0,28/10/2025,coquimbo,Fraude,NORTE,"3,0",,24.0,,revisar,429849
6402.0,2024/09/12,ANDACOLLO,Accidente, Norte ,14.0,,31.0,ERROR,,708683
6403.0,2024/02/21,andacollo,Hurto,Centro,"14,0",baja,46.0,,dato ingresado manualmente,72703
6404.0,03/07/2024,Salamanca,,NORTE,18.0,ALTA,16.0,,sin validar,500496
6405.0,Jun-05-2025,Serena,Hurto,Norte,10.0,Media,27.0,TMP-001,,492342
6406.0,2024-11-12,Illapel,robo,Norte,3.0,baja,,ERROR,revisar,671359
6407.0,25/09/2025,Vicuña,Violencia,Rural,7.0,ALTA,25.0,TMP-002,,327957
6408.0,08/10/2025,Andacollo,Accidente,NORTE,12.0,,27.0,TMP-001,,48926
6409.0,Dec-14-2025,vicuna,Fraude,Sur,14.0,ALTA,14.0,TMP-001,dato ingresado manualmente,695701
6410.0,2025-08-04,andacollo,Robo,,15.0,ALTA,27.0,,ok,663117
6411.0,,Vicuña,Hurto,centro,-3.0,ALTA,5.0,,,686923
6412.0,2024-08-01,MONTEPATRIA,Hurto,Rural,17.0,baja,33.0,TMP-002,sin validar,673591
6413.0,2024/09/01,la serena,Accidente,centro,6.0,Media,54.0,,dato ingresado manualmente,648222
6414.0,2025/10/21,monte patria,Accidente,Norte,8.0,ALTA,52.0,,,147788
6415.0,2025/12/30,la serena,Violencia,Centro,16.0,Baja,57.0,ERROR,,5976
,2025/09/16,Serena,robo,Sur,5.0,Alta,67.0,ERROR,dato ingresado manualmente,429511
6417.0,,Montepatria,robo,Norte,,Alta,19.0,,sin validar,58907
6418.0,sin fecha,Montepatria, robo ,centro,17.0,,44.0,TMP-001,ok,935875
6419.0,2024-04-03, Ovalle ,Accidente,Centro,15.0,,48.0,TMP-002,ok,799862
6420.0,2024-12-05,ovalle,,,14.0,baja,48.0,TMP-002,,832217
6421.0,2025-02-03,Andacollo,robo,Norte,15.0,,19.0,,revisar,467259
6422.0,2025-03-15,Coquimbo ,Robo,Rural,4.0,Baja,28.0,,dato ingresado manualmente,526245
6423.0,22/04/2024,coquimbo,robo,Rural,,Media,60.0,TMP-002,sin validar,311541
6424.0,2025/04/01,La Serena,robo,Rural,1.0,Media,48.0,ERROR,,237733
6425.0,21/08/2025,COQUIMBO,Hurto,Rural,15.0,ALTA,24.0,,dato ingresado manualmente,644882
6426.0,Mar-31-2024,Montepatria, Fraude ,,11.0,baja,29.0,ERROR,dato ingresado manualmente,104152
6427.0,2025-06-13,Vicuña,Hurto,centro,13.0,Alta,42.0,TMP-001,ok,136357
,Mar-19-2025,Salamanca,,Sur,16.0,Media,64.0,,dato ingresado manualmente,918532
6429.0,,Illapel,Fraude,Rural,12.0,Media,17.0,,dato ingresado manualmente,577981
6430.0,2025-01-18,ovalle,Hurto,Norte,9.0, Media ,48.0,ERROR,dato ingresado manualmente,638204
6431.0,2024-05-25,SALAMANCA,Violencia,centro,9.0,,26.0,TMP-002,revisar,685981
6432.0,2024/11/02,Monte Patria,Robo,centro,,Baja,,,ok,779688
6433.0,28/02/2025,OVALLE,,Rural,18.0,baja,64.0,,,493864
6434.0,Oct-03-2024,Coquimbo ,Accidente,Rural,,Baja,39.0,,,241568
6435.0,2024/10/26,Salamanca,robo,Norte,0.0,,57.0,TMP-001,ok,379233
6436.0,2024-11-22,vicuña,robo,Centro,10.0,Media,14.0,,dato ingresado manualmente,456831
6437.0,,vicuna,Robo,NORTE,14.0,Media,16.0,,,389294
6438.0,sin fecha,Montepatria,robo,Centro,10.0,Media,14.0,TMP-001,sin validar,494928
6439.0,,Vicuña,Violencia,Sur,4.0,Alta,36.0,,sin validar,667476
6440.0,2025/12/29,andacollo,Robo,NORTE,14.0,Alta,,TMP-001,sin validar,658879
6441.0,30/01/2024,Salamanca,robo,Sur,10.0,Alta,31.0,,,307560
6442.0,sin fecha,Vicuña,Violencia,CENTRO,16.0,  ,43.0,,revisar,173942
6443.0,2024/08/28,Ovalle,robo,Centro,18.0,ALTA,40.0,,ok,123066
6444.0,,monte patria,robo,Centro,18.0, Baja ,60.0,,,225167
6445.0,2024/01/23,COQUIMBO,Hurto,NORTE,9.0,Baja,17.0,,,359105
6446.0,17/04/2024,COQUIMBO,Robo,Rural,19.0,Media,16.0,ERROR,,133472
6447.0,,Monte Patria,,Centro,8.0,BAJA,60.0,,,352263
6448.0,Dec-25-2024,ovalle,robo,NORTE,10.0,Baja,52.0,,,197116
6449.0,2024/09/13,ovalle,Robo,Centro,12.0,baja,41.0,,sin validar,998896
6450.0,2024-02-08,VICUÑA,robo,centro,3.0,ALTA,"25,0",,ok,25782
6451.0,Jul-14-2025,illapel, Violencia ,Centro,5.0,Media,51.0,,dato ingresado manualmente,976825
6452.0,Dec-25-2024,Monte Patria,,Sur,1.0,,60.0,ERROR,dato ingresado manualmente,314956
6453.0,2025/03/11,Ovalle,Fraude,centro,5.0,ALTA,30.0,ERROR,,216594
6454.0,16/01/2025,ANDACOLLO,Robo, NORTE ,13.0,alta,59.0,ERROR,,740407
6455.0,2025-05-18,COQUIMBO,Accidente,Norte,9.0,Media,65.0,,,774877
6456.0,2024-08-27,SALAMANCA,Violencia,Sur,3.0,Baja,48.0,TMP-001,,105473
6457.0,23/04/2024,OVALLE,robo,Norte,3.0,Media,69.0,ERROR,,622977
,,vicuña,Robo,Sur,"16,0",,68.0,TMP-002,sin validar,760136
6459.0,,SALAMANCA,Hurto,centro,7.0,Alta,28.0,ERROR,,463533
,Apr-08-2024,OVALLE,Robo,Norte,7.0,,23.0,,,184134
6461.0,2024/11/12,Illapel,Fraude,Sur,5.0,Media,23.0,,sin validar,158518
6462.0,2025/12/13,ovalle,robo,,8.0,Baja,52.0,ERROR,sin validar,60541
6463.0,Sep-01-2024,andacollo,robo,Norte,17.0,,39.0,TMP-001,,937371
6464.0,2025/11/05,illapel,Accidente,Sur,17.0,,37.0,,revisar,542374
6465.0,2025-03-01,Serena,Robo,Rural,,,49.0,ERROR,,132010
6466.0,2024-02-27,ovalle,Fraude,  ,8.0,ALTA,33.0,,sin validar,152017
6467.0,sin fecha,OVALLE,Fraude,NORTE,19.0,Alta,27.0,TMP-001,dato ingresado manualmente,679776
6468.0,sin fecha,Monte Patria,Hurto,NORTE,"5,0",baja,25.0,,sin validar,774559
6469.0,2024/06/14, LA SERENA ,,Centro,3.0,ALTA,15.0,TMP-001,sin validar,173430
6470.0,2025-08-22,la serena,Hurto,Norte,5.0,Alta,67.0,,,598385
6471.0,2025-11-23,LA SERENA,Robo,rural,15.0,Media,28.0,TMP-001,sin validar,239897
6472.0,Jul-24-2024,monte patria,,Centro,7.0,baja,"60,0",,dato ingresado manualmente,202689
6473.0,Jul-23-2024,Salamanca,,centro,16.0,baja,40.0,,dato ingresado manualmente,627653
6474.0,sin fecha,SALAMANCA,Fraude,centro,19.0,,29.0,TMP-002,dato ingresado manualmente,919064
6475.0,2024/06/24,monte patria,Robo,Centro,14.0,Media,35.0,ERROR,dato ingresado manualmente,976796
6476.0,Apr-18-2025,monte patria,Fraude,Centro,15.0,Media,46.0,,dato ingresado manualmente,374569
6477.0,12/06/2024,Coquimbo,robo,centro,3.0,Alta,43.0,,revisar,810835
6478.0,,La Serena,Robo, Norte ,4.0,Alta,32.0,,,242153
6479.0,sin fecha,VICUÑA,Fraude,Sur,10.0,Baja,45.0,,,910310
6480.0,Jun-04-2025,Vicuña,Violencia,Sur,14.0,,66.0,,sin validar,143247
6481.0,2025-09-04,Coquimbo,Hurto,,12.0,Baja,46.0,TMP-001,,671166
6482.0,Nov-26-2025,andacollo,Hurto,Rural,3.0,Media,20.0,,sin validar,905781
6483.0,23/03/2024,la serena,fraude,Centro,"13,0",Baja,36.0,TMP-001,,1465
6484.0,2025/10/21,La Serena,Fraude,centro,"4,0",baja,55.0,TMP-001,ok,798334
6485.0,2025-09-30,VICUÑA,robo,Centro,16.0,baja,64.0,,,497119
6486.0,31/10/2024,La Serena,,centro,"7,0",,16.0,TMP-002,dato ingresado manualmente,652651
6487.0,2024-04-18,LaSerena,Violencia,Rural,6.0,baja,34.0,,dato ingresado manualmente,798129
6488.0,Jun-13-2025,la serena,Accidente,centro,,Alta,53.0,TMP-001,,727341
6489.0,,COQUIMBO,Violencia,Rural,7.0,Baja,"37,0",ERROR,revisar,853385
6490.0,Jan-03-2025,LaSerena,Violencia,Centro,1.0,Baja,29.0,TMP-001,sin validar,409268
6491.0,2025-11-22,Salamanca,Fraude,NORTE,1.0,ALTA,41.0,,,895958
6492.0,12/08/2024,andacollo,Fraude,NORTE,10.0,,61.0,TMP-001,,357259
6493.0,Dec-12-2025,Montepatria,,Sur,9.0,Baja,36.0,TMP-001,revisar,768582
6494.0,2025/06/08, COQUIMBO ,Accidente,Norte,2.0,,61.0,,dato ingresado manualmente,942078
6495.0,Jun-20-2025,Serena,,Sur,16.0,ALTA,35.0,TMP-001,ok,154971
6496.0,Dec-27-2024,Salamanca,Fraude,,12.0,,40.0,TMP-002,revisar,348499
6497.0,08/11/2025,VICUÑA,robo,Norte,16.0,baja,"64,0",ERROR,,633316
6498.0,2024-11-04,Vicuña,,centro,15.0,Alta,62.0,ERROR,sin validar,843779
6499.0,2025-02-13,Montepatria,Hurto,centro,11.0,baja,25.0,TMP-001,ok,863325
6500.0,12/12/2024,illapel,Hurto,Norte,2.0,Media,68.0,,dato ingresado manualmente,350237
6501.0,2024/01/13,monte patria,Accidente,,14.0,baja,28.0,TMP-001,,614925
6502.0,2024-05-19,Ovalle,Accidente,Rural,1.0,ALTA,24.0,,revisar,287912
6503.0,2024-01-06, monte patria ,robo,Sur,10.0,Media,19.0,,,769881
6504.0,,Montepatria,Hurto,Centro,17.0,,63.0,TMP-001,dato ingresado manualmente,321481
,2024/09/01,La Serena,Hurto,Sur,12.0,Alta,55.0,ERROR,sin validar,764104
6506.0,2024/11/02,LA SERENA,,Norte,5.0,Baja,,,dato ingresado manualmente,367640
6507.0,Sep-28-2025,vicuna,robo,centro,4.0,ALTA,63.0,,sin validar,395370
6508.0,Nov-27-2024,SALAMANCA,robo,Rural,6.0,,56.0,TMP-001,revisar,298841
6509.0,2025/05/16,vicuna,,centro,6.0,Baja,67.0,,sin validar,252713
6510.0,sin fecha,SALAMANCA,Robo,NORTE,7.0,,47.0,,,721575
,May-21-2025,Illapel,Accidente, NORTE ,18.0,baja,17.0,TMP-001,,187055
6512.0,08/06/2024,Coquimbo,robo,Rural,11.0,BAJA,68.0,TMP-001,dato ingresado manualmente,996892
6513.0,sin fecha,illapel,Accidente,Norte,8.0,baja,29.0,,ok,670825
6514.0,,Coquimbo ,Violencia,Centro,"11,0",,30.0,ERROR,revisar,193696
,15/05/2024,LA SERENA,Hurto,Centro,9.0,baja,48.0,TMP-002,sin validar,951467
6516.0,sin fecha,OVALLE,Robo,centro,13.0,ALTA,22.0,,ok,147988
6517.0,Sep-13-2025,Serena,,Rural,15.0,Alta,21.0,,revisar,624117
6518.0,2024/10/27,Salamanca,Fraude,Sur,14.0,Media,36.0,TMP-002,,127454
6519.0,2024-02-14,ovalle,,NORTE,9.0,ALTA,,,sin validar,651132
6520.0,18/03/2024,LaSerena,,Sur,,baja,62.0,,sin validar,883581
6521.0,,Illapel,Violencia,,0.0,baja,67.0,ERROR,,800511
,24/03/2025,SALAMANCA,Robo,Norte,8.0,,42.0,TMP-001,revisar,573789
6523.0,2025/07/28,Ovalle,robo,RURAL,18.0,Media,51.0,,sin validar,471294
6524.0,sin fecha,la serena,Robo,Norte,11.0,ALTA,41.0,TMP-002,revisar,350965
6525.0,19/06/2025,Ovalle,Violencia,centro,12.0,ALTA,34.0,ERROR,dato ingresado manualmente,416090
6526.0,2024-11-27,Montepatria,,NORTE,12.0,Alta,52.0,,ok,286927
6527.0,2024-07-22,COQUIMBO,Violencia,Rural,12.0,Media,30.0,TMP-002,ok,368203
6528.0,2025-09-06,ovalle,Hurto,  ,5.0,,,ERROR,ok,565022
6529.0,2025-02-12,La Serena,Hurto,Centro,"2,0",,64.0,TMP-002,dato ingresado manualmente,645787
6530.0,Nov-22-2024,SALAMANCA,Fraude,,3.0,ALTA,48.0,,sin validar,947268
6531.0,sin fecha,andacollo,Accidente,Norte,12.0, Baja ,45.0,,,164099
6532.0,Jul-02-2025,OVALLE,Robo,centro,19.0,Media,22.0,,,391895
6533.0,2025-01-23,ILLAPEL,robo,Rural,2.0,,37.0,ERROR,,164400
6534.0,19/11/2025,La Serena,Robo,Rural,7.0,Media,60.0,ERROR,,782276
6535.0,,Serena,Hurto,NORTE,16.0, Alta ,21.0,,revisar,25890
6536.0,2025-01-30,Montepatria,,Sur,17.0,baja,53.0,TMP-001,revisar,96536
6537.0,2024/11/30,la serena,Robo,,8.0,Alta,56.0,TMP-001,,565793
6538.0,Nov-11-2025,Serena,Hurto,centro,10.0,Media,67.0,ERROR,,579545
6539.0,25/01/2025,Salamanca,Accidente,Rural,13.0,Baja,34.0,,,479730
6540.0,09/08/2025,illapel,Robo,Centro,6.0,baja,55.0,,sin validar,866307
6541.0,2025/03/22,SALAMANCA,Fraude,centro,17.0,,23.0,TMP-002,ok,359183
6542.0,,OVALLE,Fraude,Sur,13.0,Media,50.0,ERROR,revisar,820064
6543.0,2024-07-07,andacollo,,Centro,18.0,,58.0,ERROR,,190743
6544.0,sin fecha,illapel,Accidente,,7.0,,46.0,,,480031
,2024/10/15,vicuna,Accidente,Norte,3.0,Baja,59.0,,,146992
6546.0,Jun-04-2025,la serena,,centro,13.0,Media,,,sin validar,259597
6547.0,Sep-03-2025,monte patria,Robo,Norte,"10,0",Alta,67.0,TMP-002,dato ingresado manualmente,811358
6548.0,Mar-21-2025,Monte Patria,robo,centro,,ALTA,17.0,TMP-002,revisar,703177
6549.0,Apr-07-2025,illapel,robo,Rural,17.0,Media,27.0,TMP-001,,121812
6550.0,2025-11-15,andacollo,Fraude,centro,3.0,Alta,67.0,TMP-001,dato ingresado manualmente,50128
6551.0,30/05/2025,coquimbo,Violencia,,11.0,,20.0,TMP-001,dato ingresado manualmente,350649
6552.0,,Coquimbo ,Fraude,,18.0,Media,31.0,,ok,644136
6553.0,25/10/2024,COQUIMBO,Hurto,Norte,15.0,Media,22.0,ERROR,ok,263931
6554.0,27/03/2025,SALAMANCA,Accidente,Sur,6.0,Alta,34.0,ERROR,,302820
6555.0,2024/07/12,Illapel,Accidente,NORTE,"2,0",baja,50.0,,revisar,741593
6556.0,2024/09/13,Montepatria,Violencia,NORTE,12.0,,33.0,,,532573
6557.0,2025/05/12,Salamanca,,,14.0,,29.0,TMP-001,,345291
6558.0,2024/11/28,ovalle,,,6.0,Alta,27.0,TMP-001,,347455
6559.0,03/06/2025,Illapel,Fraude,Rural,12.0,Media,51.0,TMP-002,,654090
,2024-06-21,la serena,Violencia,Norte,9.0,Alta,43.0,ERROR,revisar,606643
6561.0,2025-07-14,illapel,robo,Rural,13.0,Baja,61.0,,,12567
6562.0,2024/08/13,monte patria,robo,Centro,18.0,Alta,38.0,,,314259
6563.0,Oct-09-2024,coquimbo,robo,centro,1.0,,54.0,TMP-001,dato ingresado manualmente,983378
6564.0,2025/09/27,la serena,Accidente,NORTE,,ALTA,58.0,,ok,926360
6565.0,29/03/2025,LA SERENA,Accidente,centro,12.0,ALTA,27.0,TMP-002,ok,661000
6566.0,,illapel,Hurto,RURAL,19.0,,31.0,TMP-002,ok,144153
6567.0,05/06/2024,Ovalle,Accidente,Rural,7.0,Baja,59.0,,,680846
6568.0,sin fecha,la serena,Fraude,NORTE,3.0,Media,25.0,TMP-001,,743773
6569.0,,la serena,,Rural,,Alta,68.0,,,647242
6570.0,14/05/2024,Vicuña,Robo,Centro,19.0,Media,"36,0",TMP-002,,730053
6571.0,2025-10-26,Illapel,Hurto,centro,15.0,baja,40.0,,,164583
6572.0,2024-01-17,La Serena,Robo,Rural,9.0,,21.0,TMP-001,ok,733218
6573.0,2024-08-18,COQUIMBO,Hurto,,3.0,Alta,63.0,,dato ingresado manualmente,652738
6574.0,May-02-2024,Monte Patria,Violencia,Rural,16.0,,21.0,TMP-002,,831581
6575.0,May-05-2024,Ovalle,robo,NORTE,3.0,ALTA,56.0,TMP-001,,808631
,,Salamanca,Accidente,Rural,4.0,,23.0,,ok,570703
6577.0,Oct-14-2024,Monte Patria,Accidente,Centro,1.0,Alta,18.0,ERROR,dato ingresado manualmente,187378
6578.0,05/11/2024,vicuna,,Sur,, Baja ,57.0,,,371298
6579.0,Apr-01-2024,monte patria, Hurto ,Norte,-3.0,,56.0,TMP-002,ok,344897
6580.0,26/04/2024,vicuna,Accidente,,8.0,ALTA,39.0,TMP-002,revisar,784007
6581.0,sin fecha,Serena,robo,Centro,10.0,,39.0,,,158031
6582.0,Jan-25-2024,Andacollo,Fraude,,4.0, Alta ,50.0,,,505205
6583.0,06/12/2024,monte patria,,NORTE,500.0,Baja,34.0,,sin validar,924572
6584.0,2024-08-16, Illapel ,Accidente,Rural,18.0,,19.0,TMP-002,,600928
6585.0,2025-05-24,Illapel,Fraude,Centro,18.0,ALTA,23.0,,,623737
6586.0,2025/05/22,Coquimbo,Accidente,Rural,15.0,baja,29.0,,revisar,461682
6587.0,2024/04/07,Coquimbo ,Robo,Norte,6.0,baja,31.0,,revisar,910347
6588.0,2024-02-15,Coquimbo ,Fraude,Rural,8.0,,36.0,TMP-002,ok,117114
6589.0,2025/08/31,COQUIMBO,Hurto,NORTE,1.0,Alta,32.0,TMP-001,,781677
6590.0,2024/04/08,Monte Patria,Accidente,Norte,"7,0",baja,69.0,,ok,22302
6591.0,2025-09-14,coquimbo,,Rural,,ALTA,43.0,TMP-001,dato ingresado manualmente,369980
6592.0,sin fecha,Illapel,robo,,10.0,baja,20.0,,revisar,518420
6593.0,05/05/2024,ovalle,robo,Norte,12.0,baja,57.0,ERROR,ok,802831
6594.0,,Salamanca,Violencia,Rural,5.0,,56.0,TMP-001,ok,460255
6595.0,07/01/2024,ANDACOLLO,,sur,9.0,ALTA,55.0,TMP-002,sin validar,139216
6596.0,Jul-31-2024,coquimbo,Hurto,Norte,11.0,Alta,64.0,,,782972
6597.0,Jul-15-2024,monte patria,Violencia,centro,13.0,Baja,61.0,TMP-002,ok,904978
6598.0,2025/01/01,andacollo,Fraude,Rural,10.0,baja,31.0,TMP-001,sin validar,338917
6599.0,2024-11-15,Ovalle,Robo,Centro,8.0,baja,53.0,,,44977
6600.0,2024-06-09,La Serena,Violencia,Centro,2.0,baja,31.0,TMP-002,dato ingresado manualmente,286451
6601.0,19/04/2025,Illapel,,Centro,15.0,Alta,41.0,TMP-001,,773693
6602.0,28/04/2024,la serena,Robo,Centro,7.0,,52.0,,sin validar,857118
6603.0,sin fecha,Vicuña,Robo,Sur,13.0,ALTA,64.0,ERROR,ok,412000
,,COQUIMBO,,Norte,6.0,Alta,14.0,,,444651
6605.0,2024/06/19,SALAMANCA,Robo,centro,15.0,Media,41.0,,,251197
6606.0,2025-06-19,VICUÑA,Violencia,Centro,17.0,baja,44.0,,dato ingresado manualmente,46890
6607.0,2024-12-24,VICUÑA,robo,NORTE,15.0,Baja,51.0,TMP-001,,403625
6608.0,05/06/2025,la serena,robo,Norte,1.0,baja,46.0,,dato ingresado manualmente,791769
6609.0,2025-02-18,Coquimbo,Fraude,Rural,13.0,,59.0,TMP-002,revisar,779728
6610.0,08/09/2025,Serena,ROBO,Centro,4.0,ALTA,60.0,TMP-001,sin validar,729012
6611.0,18/09/2025,COQUIMBO,,Norte,,Baja,63.0,ERROR,revisar,101609
6612.0,2025-11-17,VICUÑA,Hurto,Rural,16.0,Baja,37.0,,ok,928705
6613.0,,illapel,Accidente,,4.0,Baja,15.0,TMP-001,,474797
6614.0,15/11/2024,SALAMANCA, nan ,Rural,11.0,Alta,44.0,ERROR,dato ingresado manualmente,397082
,2025-10-07,La Serena,robo,Rural,14.0,ALTA,40.0,,,746369
6616.0,15/04/2024,illapel,,Sur,"2,0",Baja,26.0,TMP-001,revisar,321365
6617.0,Mar-01-2024,monte patria,,Rural,14.0,,63.0,TMP-002,,132187
6618.0,2025-03-07,VICUÑA,fraude,Sur,14.0,Baja,nan,TMP-001,,898529
6619.0,,Andacollo,Accidente,,4.0,Baja,nan,TMP-001,,341875
6620.0,2024-11-05,Serena,,NORTE,17.0,baja,35.0,ERROR,dato ingresado manualmente,702339
6621.0,2024-08-18,Coquimbo ,Robo,Sur,"1,0",Alta,49.0,TMP-002,sin validar,928258
6622.0,2025/03/20,La Serena,robo,,6.0,Media,28.0,,ok,500480
6623.0,2024-03-05,andacollo,,Norte,10.0,Baja,46.0,,dato ingresado manualmente,572298
6624.0,2025-05-03,Coquimbo,robo,Norte,13.0,baja,21.0,ERROR,revisar,754007
6625.0,2024/09/05,illapel,robo,,9.0,baja,55.0,,ok,323595
6626.0,30/06/2024,Andacollo,robo,NORTE,16.0,Media,47.0,,sin validar,595078
6627.0,2024/04/30,Coquimbo ,Violencia,Centro,9.0,Baja,46.0,,dato ingresado manualmente,825756
6628.0,2025/11/22,OVALLE,Violencia,Norte,8.0,,56.0,,ok,106169
6629.0,27/02/2024,monte patria,robo,Rural,13.0,baja,,TMP-002,ok,249752
6630.0,,coquimbo,accidente,Centro,13.0,baja,48.0,,ok,271956
6631.0,2025-10-21,Vicuña,Accidente,Norte,18.0,ALTA,40.0,TMP-001,dato ingresado manualmente,721429
6632.0,14/01/2025,coquimbo,robo,,11.0,Alta,62.0,ERROR,revisar,936720
6633.0,,vicuna,Fraude,Centro,4.0,baja,34.0,TMP-002,ok,171378
6634.0,18/09/2024,LA SERENA,Robo,centro,6.0,,40.0,TMP-002,dato ingresado manualmente,942240
6635.0,Dec-19-2025,vicuna,robo,Sur,6.0,,28.0,ERROR,revisar,45679
6636.0,Aug-03-2024,ANDACOLLO,robo,Sur,4.0,,55.0,,,330988
6637.0,,Serena,,Centro,19.0,baja,37.0,,ok,969895
6638.0,sin fecha,Serena,robo,Centro,17.0,Baja,69.0,,,901448
6639.0,,Coquimbo ,Robo,Norte,8.0,baja,17.0,ERROR,dato ingresado manualmente,773305
6640.0,20/11/2024,Monte Patria,Fraude,Centro,4.0,Baja,53.0,,ok,212245
6641.0,,Andacollo,robo,Sur,500.0,Baja,17.0,,dato ingresado manualmente,509062
6642.0,2024-08-05,OVALLE,,centro,18.0,baja,51.0,TMP-001,sin validar,976714
6643.0,28/06/2025,La Serena,Fraude,NORTE,11.0,MEDIA,65.0,,,944304
6644.0,,Illapel,robo,Centro,4.0,baja,38.0,TMP-002,,261454
6645.0,Dec-22-2024,VICUÑA,Violencia,Centro,"17,0",ALTA,57.0,TMP-001,revisar,822495
6646.0,2025/05/24,Vicuña,Violencia,centro,"18,0",,41.0,,sin validar,616786
6647.0,,La Serena,robo,Centro,16.0,Baja,40.0,TMP-002,,195982
6648.0,02/10/2024,LA SERENA,Violencia,centro,"10,0",Baja,64.0,,ok,899826
6649.0,2025/01/27,monte patria,Fraude,centro,3.0,baja,29.0,,sin validar,941729
6650.0,2024-08-07,monte patria,Violencia,NORTE,2.0,Baja,18.0,,revisar,802910
6651.0,2025-08-06,Ovalle,Accidente,Rural,"7,0",,19.0,ERROR,,406142
6652.0,25/01/2024,COQUIMBO,,centro,3.0,baja,55.0,,,88771
6653.0,2024-07-30,illapel,Robo,NORTE,10.0,Media,28.0,TMP-002,revisar,979150
6654.0,24/08/2024,Coquimbo,Violencia,Rural,11.0,baja,18.0,,sin validar,623475
6655.0,2024/02/04,Andacollo,Fraude,Centro,12.0, baja ,24.0,TMP-001,dato ingresado manualmente,444458
,2024-04-01,Vicuña,Hurto,centro,10.0,Media,43.0,,sin validar,230222
6657.0,2024-12-31,Ovalle,Robo,Rural,16.0,Alta,62.0,,ok,572745
6658.0,Oct-21-2024,COQUIMBO,Accidente,Sur,4.0,Alta,15.0,ERROR,ok,494011
,2024/05/14,LA SERENA,,NORTE,19.0,baja,17.0,,ok,635547
6660.0,2025/05/03,Salamanca,Fraude,Centro,,Alta,29.0,,revisar,783434
6661.0,Nov-22-2024,coquimbo,Robo,Sur,13.0,,29.0,,ok,156257
6662.0,10/08/2024,Salamanca,ROBO,Norte,14.0,baja,19.0,TMP-001,revisar,180947
6663.0,2024-03-23,Montepatria,,NORTE,18.0,baja,25.0,,,446367
6664.0,02/03/2024,SALAMANCA,,Centro,"6,0",Alta,69.0,TMP-001,sin validar,657527
6665.0,2024/07/31,coquimbo,,Centro,12.0,ALTA,27.0,,,823797
6666.0,Nov-18-2024,Andacollo,Fraude,Rural,17.0,Alta,50.0,TMP-002,revisar,346079
6667.0,02/11/2024,ovalle,Hurto,Sur,5.0,Baja,62.0,,,585095
6668.0,Dec-04-2025,Andacollo,Robo,centro,11.0,Media,nan,,,180452
6669.0,2025-07-06,illapel,robo,NORTE,3.0,Alta,22.0,,revisar,118534
,20/10/2025,vicuna,Violencia,Norte,,Media,39.0,TMP-002,revisar,316783
6671.0,06/03/2025,LaSerena,Accidente,Rural,14.0,,,ERROR,sin validar,49204
6672.0,2025-09-12,COQUIMBO,Accidente,NORTE,3.0,baja,21.0,ERROR,revisar,954143
6673.0,,Salamanca,,NORTE,13.0,Alta,37.0,,revisar,184059
,,Montepatria,Fraude,Norte,10.0,ALTA,20.0,,,405863
6675.0,17/01/2024,VICUÑA,, Sur ,18.0,ALTA,32.0,,revisar,393512
6676.0,Sep-07-2024,la serena,robo,Rural,7.0,ALTA,37.0,ERROR,ok,138667
6677.0,2024/06/18, illapel ,Robo,Norte,1.0,Baja,37.0,ERROR,,676702
6678.0,22/12/2025,Vicuña,robo,Centro,10.0,,,ERROR,ok,131121
6679.0,2024-05-03,ANDACOLLO,,Sur,11.0,,58.0,,sin validar,178937
6680.0,2024/03/24,LA SERENA,robo,Centro,7.0,Alta,"51,0",,,853427
6681.0,27/10/2025,la serena,Violencia,NORTE,8.0,,69.0,,sin validar,615630
6682.0,Dec-25-2025,Serena,Robo,,8.0,ALTA,15.0,TMP-001,ok,814359
6683.0,2024-07-19,ILLAPEL,robo,Sur,3.0,baja,22.0,,revisar,758806
6684.0,2025/07/13,coquimbo ,Accidente,Norte,13.0,MEDIA,18.0,,sin validar,837702
6685.0,Sep-20-2024,La Serena,Fraude,Rural,19.0,Baja,69.0,,revisar,254252
6686.0,2025-01-10,Coquimbo ,Hurto,NORTE,17.0,Media,130.0,ERROR,revisar,191286
6687.0,07/11/2024,andacollo,robo,Centro,4.0,,62.0,,sin validar,251248
6688.0,,Ovalle,Robo,Rural,14.0,Baja,65.0,,,707230
6689.0,2025/06/06,ovalle,Accidente,Norte,6.0,baja,18.0,ERROR,ok,329505
6690.0,,Coquimbo,Hurto,Sur,7.0,Media,49.0,,revisar,220324
6691.0,2025-09-15,Vicuña,Fraude,Sur,6.0,,29.0,TMP-002,dato ingresado manualmente,122065
6692.0,2025/01/24,monte patria,Robo,,16.0,,55.0,TMP-001,,302813
6693.0,08/06/2024,andacollo,,,3.0,Baja,34.0,,dato ingresado manualmente,379374
6694.0,2025/04/06,Serena,,Centro,5.0,Alta,,ERROR,ok,151700
6695.0,2025/09/04,COQUIMBO,,Sur,14.0,Media,29.0,,,934114
6696.0,07/01/2025,LA SERENA,ROBO,centro,11.0,Baja,54.0,TMP-001,sin validar,739115
6697.0,26/10/2024,la serena,Fraude,Norte,3.0,,51.0,,dato ingresado manualmente,797525
6698.0,2024-03-28,coquimbo,,Sur,5.0,ALTA,23.0,ERROR,,522178
6699.0,2025-06-01,OVALLE,Hurto,,3.0,baja,15.0,TMP-001,,802099
6700.0,,andacollo,Accidente,centro,19.0,,"51,0",,revisar,839637
6701.0,2025-12-06,LaSerena,,centro,11.0,Baja,65.0,ERROR,,85023
6702.0,03/09/2025,andacollo,,rural,16.0,ALTA,22.0,,,7935
6703.0,,Monte Patria,Accidente,Rural,3.0,Media,44.0,,ok,370335
6704.0,Dec-06-2025,monte patria,Violencia,centro,500.0,Alta,51.0,TMP-001,revisar,675694
6705.0,2025/10/31,OVALLE,NAN,NORTE,4.0,,57.0,TMP-002,,87131
6706.0,sin fecha,VICUÑA,Violencia,Sur,12.0,baja,16.0,,revisar,728590
6707.0,2025/08/01,OVALLE,Violencia,NORTE,15.0,Alta,55.0,TMP-001,sin validar,399544
6708.0,Sep-02-2025,vicuna,Hurto,Rural,3.0,Baja,43.0,TMP-001,,86925
6709.0,Feb-14-2025,Montepatria,,,14.0, ALTA ,50.0,TMP-001,sin validar,741408
6710.0,05/06/2025,Andacollo,,Norte,11.0,,25.0,,dato ingresado manualmente,240176
6711.0,,La Serena,Hurto,Rural,2.0,,34.0,TMP-001,revisar,289626
6712.0,2024-04-25,Coquimbo,Fraude,Rural,15.0,ALTA,27.0,ERROR,ok,963151
6713.0,Jan-15-2024,Coquimbo ,robo,,19.0,Alta,68.0,ERROR,,305525
6714.0,2024-01-23,la serena, Fraude ,Norte,9.0,Media,26.0,TMP-001,ok,389499
6715.0,12/04/2024,illapel,,Norte,7.0,baja,25.0,,revisar,727992
6716.0,sin fecha,ovalle,fraude,Norte,17.0,baja,21.0,,sin validar,190161
6717.0,08/11/2025,Vicuña,Fraude,centro,12.0,alta,20.0,,,584491
6718.0,sin fecha,VICUÑA,Accidente,Rural,4.0,Baja,22.0,ERROR,ok,911825
6719.0,Oct-30-2024,La Serena,Hurto,Centro,"4,0", Alta ,62.0,,,21399
6720.0,Jan-21-2025,monte patria,Violencia,NORTE,"11,0",baja,44.0,TMP-002,ok,357307
6721.0,Sep-12-2025,OVALLE,Accidente,Sur,7.0,Media,29.0,,sin validar,721610
6722.0,sin fecha,ovalle,Accidente,NORTE,"18,0",Alta,58.0,TMP-002,,235274
6723.0,Feb-10-2025,OVALLE,Violencia,Centro,6.0,ALTA,14.0,ERROR,ok,588565
,2025/03/12,La Serena,,Centro,14.0,Media,59.0,TMP-001,dato ingresado manualmente,199960
6725.0,16/02/2025,SALAMANCA,,NORTE,18.0, Media ,29.0,ERROR,dato ingresado manualmente,52009
6726.0,Jun-26-2024,Salamanca,robo,NORTE,12.0,Media,,ERROR,ok,8172
6727.0,,monte patria,,Centro,6.0,ALTA,57.0,,ok,56193
6728.0,,Salamanca,Violencia,rural,2.0,baja,33.0,,revisar,970229
6729.0,2024-02-23,Monte Patria,robo,Norte,17.0,baja,22.0,ERROR,,905597
6730.0,03/02/2024,monte patria,Fraude,Sur,,,47.0,,sin validar,679663
6731.0,sin fecha,Vicuña,Robo,centro,6.0,Baja,36.0,TMP-001,sin validar,951255
6732.0,2025-06-20,LaSerena,robo,centro,,ALTA,42.0,ERROR,sin validar,710849
6733.0,Dec-21-2025,OVALLE, Violencia ,Centro,, Media ,61.0,,sin validar,75614
6734.0,,LA SERENA,Fraude,Sur,16.0,Alta,57.0,,dato ingresado manualmente,747991
6735.0,2024/12/26,la serena,Accidente,Sur,2.0,,22.0,TMP-002,,85116
6736.0,,Salamanca,Accidente,Sur,"12,0",Alta,16.0,,revisar,963781
,Jan-31-2024,Andacollo,Accidente,Sur,4.0,Alta,51.0,,,867367
6738.0,Sep-17-2024,monte patria,Fraude,NORTE,16.0,Baja,18.0,ERROR,dato ingresado manualmente,130888
6739.0,Mar-26-2024,SALAMANCA,nan,NORTE,"9,0",,24.0,TMP-002,dato ingresado manualmente,212973
6740.0,2025/07/11,Illapel,Violencia,,18.0,Media,57.0,,sin validar,872267
6741.0,,la serena,Robo,NORTE,8.0,,"37,0",TMP-001,sin validar,188056
6742.0,Feb-17-2025,OVALLE,robo,Rural,"18,0",Media,,TMP-002,revisar,123305
6743.0,18/11/2024,Ovalle,Robo,,,,38.0,,sin validar,195011
6744.0,2024/06/15,Serena,Fraude,NORTE,5.0,,25.0,ERROR,,545795
6745.0,2025/04/13,Serena,Violencia,Centro,5.0,ALTA,46.0,ERROR,sin validar,181133
6746.0,Nov-27-2024,VICUÑA,,CENTRO,11.0,Baja,29.0,TMP-002,,617310
,, monte patria ,Violencia,Sur,5.0,baja,61.0,,dato ingresado manualmente,602466
6748.0,,VICUÑA,Robo,Sur,6.0,ALTA,25.0,ERROR,,997751
6749.0,2024/06/15,la serena,Violencia,Rural,10.0,Alta,29.0,,,666284
6750.0,15/12/2024,Serena,Accidente,NORTE,2.0,Media,69.0,TMP-002,,310441
6751.0,2025-06-14,Serena,Violencia,Rural,6.0,,29.0,,ok,889709
6752.0,,Serena,Violencia,centro,6.0,baja,27.0,TMP-002,ok,505128
6753.0,, Salamanca ,Robo,Centro,2.0,baja,26.0,TMP-002,,955315
6754.0,2024/07/09,Vicuña,Fraude,Norte,7.0,ALTA,25.0,,revisar,423208
6755.0,2024-08-20,COQUIMBO,Robo,Rural,2.0,ALTA,33.0,,,790826
6756.0,Jan-31-2024,Andacollo,robo,,19.0,Baja,23.0,TMP-001,,263821
6757.0,2025-11-25,Salamanca,Robo,Centro,11.0,Alta,39.0,,ok,639450
6758.0,Jun-17-2025,monte patria,Accidente,Norte,16.0,,29.0,,,900558
6759.0,,Coquimbo ,Hurto,Norte,7.0,Media,25.0,,sin validar,682989
6760.0,25/05/2024,andacollo,Hurto,Centro,7.0,Alta,62.0,TMP-002,sin validar,628385
6761.0,10/09/2025,Andacollo,Violencia,Centro,3.0,baja,"23,0",,revisar,482298
,2025/03/02,Vicuña,ACCIDENTE,CENTRO,"2,0",Alta,53.0,,sin validar,242840
6763.0,,Ovalle,robo,Norte,13.0,ALTA,47.0,TMP-001,dato ingresado manualmente,857544
6764.0,17/01/2024,ovalle,Fraude,Norte,12.0,ALTA,50.0,,,938446
6765.0,sin fecha,Serena,robo,Sur,3.0,Baja,36.0,TMP-001,ok,343555
6766.0,2025/02/05,Coquimbo ,Hurto,Norte,1.0,,27.0,,,940092
6767.0,sin fecha,Salamanca,Accidente,centro,3.0,Media,46.0,,revisar,170783
6768.0,Jun-27-2025,Coquimbo,robo,centro,10.0,baja,44.0,,dato ingresado manualmente,268582
6769.0,,Coquimbo,,Rural,11.0,Baja,20.0,TMP-001,,775010
6770.0,2025-09-28,Salamanca,Violencia,NORTE,3.0,Media,41.0,TMP-002,ok,339313
,2025/02/07,COQUIMBO,,NORTE,16.0,Alta,55.0,,,236977
6772.0,2024/04/26,andacollo,Hurto,Sur,14.0,,58.0,ERROR,sin validar,41122
6773.0,08/11/2024,SALAMANCA,Hurto,,,Media,25.0,,,618393
6774.0,Jan-16-2025,Illapel,Fraude,,5.0,Baja,41.0,ERROR,,870723
6775.0,2024-10-13,Ovalle,Accidente,Centro,12.0,,18.0,,revisar,316614
6776.0,2025/02/10,Coquimbo ,Fraude,Centro,9.0,Baja,62.0,TMP-001,ok,33241
6777.0,2025/09/06,Serena,Fraude,,6.0,ALTA,21.0,,ok,814612
6778.0,2024/12/11,COQUIMBO,Robo,NORTE,1.0,Baja,69.0,,,64704
6779.0,13/02/2024,VICUÑA,,centro,5.0,ALTA,52.0,TMP-002,sin validar,702939
6780.0,May-05-2024,coquimbo,robo,Centro,12.0,Baja,42.0,,,375169
,13/12/2025,la serena,Accidente,Sur,14.0,,34.0,TMP-002,revisar,550733
6782.0,2024-08-28,vicuna,Fraude,centro,7.0,Media,43.0,,,120627
6783.0,,Salamanca,Accidente,Sur,18.0,BAJA,53.0,TMP-002,,858783
6784.0,Jun-19-2025,vicuna,Hurto,Centro,14.0,Alta,39.0,ERROR,,581352
6785.0,05/07/2025,Andacollo,Robo,Centro,9.0,,23.0,TMP-001,,161078
6786.0,2025/12/23,Serena,Fraude,RURAL,1.0,,68.0,TMP-002,dato ingresado manualmente,48689
,sin fecha,Coquimbo,Robo,Centro,19.0,Media,28.0,TMP-001,sin validar,167972
6788.0,,VICUÑA,Hurto,Centro,4.0,baja,47.0,ERROR,dato ingresado manualmente,112680
6789.0,24/04/2024,Serena,Hurto,RURAL,13.0,Baja,47.0,TMP-002,sin validar,590524
6790.0,2025-03-12,OVALLE,robo,centro,9.0,Baja,51.0,,ok,65871
,Jan-21-2025,monte patria,Accidente,centro,8.0,ALTA,38.0,TMP-001,,104113
6792.0,May-12-2025,la serena,Violencia,centro,19.0,,37.0,,,614054
6793.0,,COQUIMBO,Violencia,Norte,9.0,Alta,27.0,,sin validar,237525
6794.0,03/12/2024,Ovalle,Fraude,,12.0,Media,40.0,,revisar,125015
6795.0,2024-09-14,COQUIMBO,,Norte,16.0,,17.0,,sin validar,428222
6796.0,Apr-19-2024,Montepatria,,Norte,10.0,,30.0,TMP-002,revisar,410827
6797.0,2024-01-29,SALAMANCA,Hurto,RURAL,5.0,alta,33.0,,,546800
6798.0,2025-05-09,SALAMANCA,ACCIDENTE,NORTE,9.0,Baja,,,revisar,729337
,2024/07/09,Vicuña,Accidente,centro,17.0,ALTA,27.0,TMP-001,sin validar,10219
6800.0,Apr-01-2025,Andacollo,Accidente,Rural,"17,0",alta,51.0,,dato ingresado manualmente,820147
6801.0,25/09/2024,Coquimbo ,Violencia,NORTE,7.0,Alta,68.0,,sin validar,89822
6802.0,Jan-10-2024,VICUÑA,Hurto,NORTE,3.0,baja,14.0,,dato ingresado manualmente,561494
6803.0,Dec-23-2024,Coquimbo,Accidente,Rural,18.0,ALTA,23.0,TMP-002,sin validar,781195
6804.0,2024-03-18,La Serena,Violencia,,8.0,Baja,33.0,ERROR,revisar,210351
6805.0,Aug-27-2024,Coquimbo,robo,,12.0,ALTA,62.0,,,583623
6806.0,22/02/2024,ovalle,,NORTE,2.0,,29.0,,ok,383851
6807.0,09/05/2025,SALAMANCA,robo,NORTE,16.0,baja,,,ok,724193
6808.0,,Andacollo,,Rural,10.0,Baja,45.0,TMP-001,,951181
6809.0,2024-12-01,coquimbo,,Centro,17.0,,22.0,,dato ingresado manualmente,537258
6810.0,sin fecha,Coquimbo ,Violencia,NORTE,18.0,Baja,26.0,,dato ingresado manualmente,334524
6811.0,28/12/2025,LA SERENA,Robo,centro,15.0,Baja,35.0,ERROR,,104868
6812.0,06/10/2025,coquimbo,robo,centro,"6,0",Alta,43.0,ERROR,dato ingresado manualmente,56888
6813.0,26/06/2025,LA SERENA,Robo,Rural,18.0,Media,64.0,,dato ingresado manualmente,86654
6814.0,2024/08/20,SALAMANCA,Accidente,centro,11.0,Media,45.0,TMP-001,sin validar,762911
6815.0,20/06/2025,Vicuña,Accidente,Centro,13.0,Media,38.0,,,341026
6816.0,2025-01-06,LA SERENA,robo,sur,6.0,Media,"38,0",TMP-002,,182829
6817.0,sin fecha,ovalle,Robo,Norte,1.0,Alta,23.0,,dato ingresado manualmente,773278
6818.0,2024-10-23,la serena,,Rural,19.0,Alta,45.0,,dato ingresado manualmente,982303
6819.0,2025-12-17,illapel,Accidente,NORTE,17.0,Alta,52.0,ERROR,,228103
6820.0,sin fecha,Salamanca,Accidente,centro,15.0,ALTA,48.0,,dato ingresado manualmente,621779
6821.0,26/08/2025,La Serena,robo,Centro,11.0,Baja,68.0,TMP-001,,789175
6822.0,May-06-2024,Vicuña,robo,Norte,10.0,baja,59.0,ERROR,ok,740112
6823.0,2024-06-25,Coquimbo,Hurto,centro,11.0,Baja,14.0,TMP-002,sin validar,862679
,2025-08-21,LaSerena,robo,Centro,11.0,Baja,22.0,,sin validar,35570
6825.0,2024-05-28,coquimbo,Robo,,14.0, Media ,39.0,,sin validar,535896
6826.0,Oct-28-2025,LA SERENA,Accidente,Sur,1.0,Media,34.0,,sin validar,922276
6827.0,2024/01/08,illapel,Violencia,Rural,13.0,,,TMP-002,sin validar,747295
6828.0,2024-09-18,SALAMANCA,robo,,16.0,ALTA,20.0,,revisar,500209
6829.0,29/07/2025,illapel,robo,centro,12.0,Media,60.0,,revisar,55319
6830.0,,Ovalle,Fraude,,-3.0,baja,39.0,,revisar,687413
6831.0,May-02-2024,LA SERENA,Fraude,,1.0,Baja,61.0,TMP-001,ok,469154
6832.0,Aug-31-2024,VICUÑA,Fraude,Norte,6.0,ALTA,61.0,TMP-002,ok,599275
6833.0,18/11/2025,andacollo, Accidente ,centro,1.0,baja,41.0,ERROR,revisar,486854
6834.0,09/08/2025,Illapel,Accidente,NORTE,17.0,Baja,17.0,,,662841
6835.0,2024-02-06,Salamanca,robo,centro,4.0,Alta,59.0,TMP-001,,444465
6836.0,21/06/2024,Coquimbo ,,Centro,10.0,,56.0,ERROR,ok,319672
6837.0,2024/12/27,Salamanca,robo,NORTE,4.0,ALTA,64.0,TMP-002,,479704
6838.0,05/04/2025,illapel,,Sur,17.0,ALTA,14.0,,,111350
6839.0,15/06/2025,Coquimbo ,Violencia,Centro,"8,0",,25.0,,,77046
6840.0,2025-03-30,Andacollo,Robo,,12.0,Media,nan,,revisar,894146
6841.0,2024/09/24,Illapel,Hurto,NORTE,13.0,Baja,23.0,,,374280
6842.0,sin fecha,monte patria,Accidente,Norte,15.0,ALTA,"52,0",,ok,523136
6843.0,,vicuna,,Norte,"1,0",baja,46.0,ERROR,ok,729556
6844.0,sin fecha,monte patria,Hurto,Centro,18.0,baja,51.0,ERROR,sin validar,681333
6845.0,Nov-12-2025,LA SERENA,,centro,,baja,35.0,,sin validar,327295
6846.0,2024/06/03,Salamanca,Robo,Norte,16.0,baja,"53,0",TMP-002,,413313
6847.0,2025-11-17,VICUÑA,Fraude,Rural,18.0,baja,,ERROR,ok,40915
6848.0,28/09/2024,Coquimbo ,Violencia,Norte,"10,0",Baja,36.0,ERROR,sin validar,980257
,23/02/2025,SALAMANCA,Accidente,Sur,2.0,baja,21.0,,dato ingresado manualmente,703451
6850.0,2024-01-09,ovalle,Violencia,,14.0,,16.0,TMP-001,,412833
6851.0,,andacollo,Violencia,Rural,12.0,Alta,69.0,TMP-001,revisar,338923
6852.0,2024-07-08,Serena,Hurto,Rural,13.0,,68.0,,sin validar,134323
6853.0,2024-09-09,Monte Patria,Robo,Centro,1.0,Baja,56.0,ERROR,revisar,408796
6854.0,sin fecha,LaSerena,HURTO,Centro,18.0,BAJA,32.0,TMP-002,sin validar,768616
6855.0,Feb-19-2024,Illapel,Fraude,Centro,4.0,Media,61.0,ERROR,,665952
6856.0,2024/03/01,Illapel,Violencia,NORTE,3.0,Alta,58.0,ERROR,,291698
6857.0,2025/02/07,Monte Patria,Hurto,Sur,10.0,Baja,"36,0",TMP-002,dato ingresado manualmente,230491
6858.0,Feb-13-2024,LA SERENA,Accidente,centro,11.0,Baja,"35,0",,ok,834473
6859.0,Dec-26-2024,LaSerena,robo,Norte,13.0,Alta,20.0,,ok,180544
6860.0,2024/03/19,monte patria,,Norte,16.0,Baja,20.0,TMP-001,revisar,426673
,25/04/2024,monte patria,robo,NORTE,12.0,Baja,18.0,,,252435
6862.0,2025-11-18,LaSerena,Accidente,Sur,12.0,Baja,69.0,,sin validar,317241
6863.0,2024/06/28,Coquimbo ,Accidente,Norte,14.0,BAJA,22.0,TMP-002,sin validar,292178
6864.0,2025-01-20,ovalle,robo,Centro,13.0,ALTA,27.0,TMP-002,dato ingresado manualmente,113780
,,illapel,robo,,5.0,ALTA,63.0,TMP-001,revisar,269607
6866.0,2024-07-29,SALAMANCA,Fraude,,13.0,ALTA,59.0,TMP-001,sin validar,564860
6867.0,May-03-2024,coquimbo ,Fraude,NORTE,16.0,baja,23.0,ERROR,,775434
6868.0,Mar-31-2025,andacollo,robo,Norte,15.0,Alta,68.0,TMP-001,,536217
6869.0,2025-01-11,Serena,Violencia,NORTE,18.0,ALTA,16.0,ERROR,,517826
6870.0,24/05/2025,LaSerena,,Sur,9.0,Alta,18.0,,,347318
6871.0,2024-03-27,Ovalle,Hurto,Centro,12.0,baja,20.0,,ok,720645
6872.0,Apr-17-2025,La Serena,,Norte,-3.0,Alta,31.0,ERROR,,606265
6873.0,2025/11/28,La Serena,Fraude,Centro,19.0,,60.0,TMP-002,revisar,391105
6874.0,2025/06/26,Coquimbo,Robo,,6.0,,34.0,TMP-002,revisar,739142
6875.0,2024-10-15,monte patria,Accidente,,18.0,Media,16.0,,sin validar,655273
6876.0,Feb-23-2024,OVALLE,,centro,16.0,ALTA,49.0,TMP-002,ok,264593
6877.0,2024-01-22,LaSerena,Accidente,Sur,14.0,Alta,46.0,,sin validar,828253
6878.0,05/05/2024,Ovalle,  ,Centro,12.0,,16.0,,,544224
6879.0,09/01/2025,Illapel,robo,Centro,14.0,ALTA,32.0,ERROR,dato ingresado manualmente,705178
6880.0,03/09/2025,La Serena,Hurto,NORTE,13.0,Alta,60.0,TMP-002,,160912
6881.0,Dec-24-2024,andacollo,Accidente,Centro,0.0,Alta,34.0,ERROR,dato ingresado manualmente,142561
6882.0,2024-01-07,Andacollo,robo,centro,6.0,Media,16.0,TMP-002,revisar,102536
6883.0,2024-05-02,monte patria,,Sur,15.0,baja,19.0,TMP-002,,674058
6884.0,2025/02/02,OVALLE,Accidente,Norte,8.0,,54.0,TMP-001,,373112
6885.0,Oct-16-2024,Salamanca,,,7.0,,,TMP-002,ok,403437
6886.0,Sep-19-2025,ovalle,Fraude,Norte,16.0,Baja,54.0,TMP-002,dato ingresado manualmente,764942
6887.0,2025/07/16,SALAMANCA,Accidente,Rural,11.0,Media,40.0,TMP-002,ok,25142
6888.0,2024/07/15,OVALLE,Fraude,centro,7.0,ALTA,38.0,ERROR,ok,636879
6889.0,sin fecha,Ovalle,Fraude, Rural ,10.0,Baja,,TMP-001,,814897
6890.0,2025-06-16, VICUÑA ,robo,Centro,"2,0",,,,sin validar,588210
6891.0,Oct-31-2025,LA SERENA,Violencia,centro,10.0,Alta,58.0,,revisar,243429
6892.0,17/12/2024,Ovalle,,Norte,19.0,baja,25.0,,dato ingresado manualmente,16074
6893.0,Oct-16-2024,VICUÑA,Accidente,Sur,18.0,,19.0,TMP-001,,892808
6894.0,,ovalle,Accidente,NORTE,12.0,,-1.0,TMP-002,sin validar,89227
6895.0,03/04/2025,monte patria,Hurto,,4.0,,65.0,,dato ingresado manualmente,392701
6896.0,2025/09/10,Montepatria,ROBO,Rural,3.0,Alta,23.0,ERROR,ok,341099
6897.0,2024/07/18,La Serena,Hurto,NORTE,19.0,baja,49.0,TMP-001,dato ingresado manualmente,736450
6898.0,2025-09-26,Andacollo,Hurto,centro,2.0,,"31,0",TMP-001,,453577
6899.0,,OVALLE,Fraude,Norte,12.0,,19.0,,sin validar,103369
6900.0,Mar-16-2024,LaSerena,Violencia,Norte,16.0,Baja,53.0,,,332976
6901.0,Jan-04-2024,COQUIMBO,Violencia,,10.0,,69.0,TMP-001,,355787
6902.0,14/05/2025,la serena,Accidente,Rural,13.0,Media,29.0,,ok,834850
6903.0,Feb-09-2024,coquimbo,Fraude,Sur,"5,0",Baja,48.0,,revisar,776491
6904.0,,Serena,Accidente,NORTE,18.0,Alta,34.0,,revisar,272774
6905.0,2025/07/02,coquimbo,Robo,,1.0,ALTA,33.0,,dato ingresado manualmente,806857
6906.0,,vicuna,Robo,Centro,8.0,Media,58.0,ERROR,ok,170331
6907.0,29/06/2025,monte patria,Hurto,Centro,14.0,ALTA,66.0,ERROR,dato ingresado manualmente,371403
6908.0,07/08/2025,Andacollo,Fraude,centro,14.0,Alta,46.0,ERROR,,605993
6909.0,27/04/2025,andacollo,Violencia,,14.0,ALTA,68.0,TMP-002,sin validar,168185
,22/04/2024,Coquimbo,,Norte,15.0,baja,"62,0",TMP-002,sin validar,250092
6911.0,Jan-01-2025,SALAMANCA,Violencia,centro,13.0,baja,16.0,,,454792
6912.0,2024-03-11,COQUIMBO,robo,centro,2.0,Baja,65.0,,,646611
6913.0,27/10/2025,Coquimbo,robo,,,BAJA,53.0,TMP-001,ok,229941
6914.0,2025-12-20,Vicuña,robo,Norte,10.0,Media,34.0,TMP-001,,361576
6915.0,sin fecha,vicuna,Violencia,centro,6.0,ALTA,60.0,TMP-002,ok,87265
6916.0,23/07/2025,Salamanca,Violencia,,16.0,BAJA,52.0,TMP-002,ok,176155
,sin fecha,Montepatria,robo,Rural,5.0,baja,52.0,,,365127
6918.0,2024-09-16,Montepatria,Violencia,Rural,10.0,baja,26.0,ERROR,,217033
,Dec-17-2025,SALAMANCA,Fraude,Centro,16.0,Alta,61.0,,,850035
6920.0,19/11/2024,Andacollo,Violencia,,8.0,Alta,28.0,,revisar,428116
6921.0,sin fecha,coquimbo,Accidente,Sur,10.0,ALTA,24.0,,,137479
6922.0,07/04/2024,vicuna,Robo,centro,3.0,ALTA,63.0,TMP-002,,907601
6923.0,2024-02-14,monte patria,,Centro,,baja,46.0,TMP-001,revisar,47100
6924.0,2025/03/26,COQUIMBO,,centro,1.0,Alta,33.0,TMP-002,,817918
6925.0,Jul-23-2025,Andacollo,robo,centro,11.0,baja,23.0,TMP-001,ok,105954
6926.0,Dec-30-2025,Illapel,Hurto,Norte,,baja,56.0,TMP-001,,11607
6927.0,2025/11/07,SALAMANCA,,Norte,14.0,baja,26.0,,,87948
6928.0,2024/09/13,coquimbo,Violencia,,6.0,,56.0,,dato ingresado manualmente,442862
6929.0,,Illapel,Fraude,Sur,5.0,,42.0,TMP-002,dato ingresado manualmente,25519
6930.0,2025-10-22,OVALLE,,NORTE,2.0,,15.0,,revisar,505354
,02/06/2025,illapel,Hurto,centro,"19,0",Baja,15.0,ERROR,revisar,208350
,2025/02/18,ovalle,,,5.0,,46.0,ERROR,,526354
6933.0,2024/12/05,LA SERENA,Robo,Rural,6.0,,34.0,TMP-002,revisar,668425
6934.0,Jun-04-2025,vicuna,Robo,Rural,19.0,Baja,41.0,,revisar,984859
6935.0,2025-03-06,andacollo,Violencia,NORTE,19.0,,24.0,TMP-002,,28640
6936.0,Apr-10-2025,Coquimbo,Violencia,centro,15.0,Alta,37.0,,dato ingresado manualmente,502066
6937.0,2024/07/26,LA SERENA,Fraude,Sur,5.0,Alta,29.0,TMP-002,dato ingresado manualmente,103484
6938.0,2024-09-21,vicuna,robo,Sur,14.0,ALTA,66.0,,ok,608616
6939.0,2025/08/29, La Serena ,Violencia,Norte,6.0,ALTA,38.0,ERROR,dato ingresado manualmente,496801
6940.0,Jan-20-2025,la serena,Violencia,Sur,4.0,,35.0,,sin validar,728854
6941.0,Jan-25-2025,vicuna,Fraude,Sur,15.0,ALTA,62.0,,sin validar,860522
6942.0,2024-04-03,Coquimbo,Hurto,centro,13.0,baja,49.0,TMP-002,ok,827553
6943.0,2025/12/18,Vicuña,Accidente,centro,6.0,Baja,"21,0",ERROR,sin validar,337981
6944.0,17/04/2025,Serena,, Sur ,13.0,ALTA,63.0,,sin validar,443586
6945.0,,Coquimbo ,Hurto,centro,2.0,,65.0,,,250369
6946.0,2025/06/26,coquimbo,Fraude,,12.0,Alta,"24,0",,dato ingresado manualmente,213079
6947.0,03/01/2024,Illapel,Violencia,Rural,"5,0",baja,65.0,,sin validar,524931
6948.0,sin fecha,andacollo,,sur,2.0,baja,26.0,,,876247
6949.0,Jun-14-2025,Serena,Violencia,,19.0,baja,25.0,,,37185
6950.0,Jul-13-2025,Coquimbo,,Rural,15.0,Baja,54.0,TMP-001,sin validar,967167
6951.0,sin fecha,LA SERENA,Robo,Norte,4.0,Baja,,,,285854
6952.0,2024-10-15,Monte Patria,robo,Norte,14.0,Baja,18.0,,revisar,756641
6953.0,Dec-17-2025, Montepatria ,Hurto,NORTE,2.0,baja,18.0,,sin validar,613191
6954.0,Nov-24-2024,OVALLE,Robo,Sur,10.0,ALTA,50.0,,dato ingresado manualmente,819728
6955.0,2025-06-03,coquimbo,Hurto,NORTE,5.0,baja,35.0,TMP-002,sin validar,769128
6956.0,2025-07-29,LaSerena,robo,Norte,6.0,Media,31.0,ERROR,revisar,662145
6957.0,2024/11/02,Monte Patria,,NORTE,4.0,ALTA,58.0,ERROR,revisar,941069
6958.0,2025/02/15,monte patria,Accidente,NORTE,14.0,Alta,15.0,ERROR,sin validar,47261
6959.0,31/10/2024,LaSerena,,Centro,4.0,Media,,TMP-001,ok,421702
6960.0,2025/12/28,coquimbo,Hurto,SUR,7.0,Media,55.0,TMP-001,ok,564041
6961.0,2024/02/11,monte patria,,Centro,15.0,Baja,51.0,TMP-002,,423790
6962.0,2025/08/10,Monte Patria,Violencia,Centro,3.0,baja,27.0,ERROR,sin validar,85505
6963.0,Dec-25-2025,COQUIMBO,robo,centro,4.0,Baja,46.0,TMP-002,,549288
6964.0,2024/04/07,Illapel,,Centro,14.0,,69.0,,sin validar,426067
6965.0,Jan-05-2025,la serena,Fraude,Sur,19.0,BAJA,26.0,,revisar,363013
6966.0,,Montepatria,Accidente,centro,9.0, Alta ,130.0,,sin validar,69108
6967.0,21/11/2025,LaSerena,Violencia,NORTE,2.0,Media,53.0,TMP-001,revisar,907157
6968.0,18/08/2024,monte patria,Accidente,Norte,6.0,Baja,18.0,TMP-001,sin validar,44071
6969.0,03/05/2025,Vicuña,Violencia,Sur,6.0,Alta,52.0,ERROR,,123509
6970.0,Dec-27-2024,LaSerena,,Norte,10.0,,58.0,TMP-001,sin validar,294639
6971.0,2024-11-20,coquimbo,Fraude,NORTE,3.0,Baja,,,,416414
6972.0,2024-05-09,Monte Patria,Accidente,NORTE,19.0,Alta,68.0,TMP-002,,643791
6973.0,07/05/2024,OVALLE,Hurto,,2.0,ALTA,22.0,ERROR,sin validar,539739
6974.0,25/10/2025,monte patria,Fraude,Sur,12.0,baja,66.0,TMP-001,ok,22241
6975.0,Nov-19-2025, illapel ,,Centro,5.0,Baja,43.0,,revisar,703468
6976.0,2025/10/25,LaSerena,robo,Centro,16.0,Media,20.0,ERROR,,719222
6977.0,,LaSerena,Accidente,,14.0,Media,22.0,TMP-002,dato ingresado manualmente,3823
6978.0,Jan-16-2025,andacollo,Hurto,Sur,12.0,Baja,68.0,,,477907
6979.0,2024/12/20,Ovalle,,centro,"19,0",ALTA,26.0,,revisar,278436
6980.0,sin fecha,Monte Patria, Hurto ,,3.0,baja,27.0,,sin validar,726532
6981.0,07/10/2025,la serena,Hurto,NORTE,17.0,Media,36.0,ERROR,revisar,431053
6982.0,23/08/2025,LaSerena,robo,,6.0,Media,22.0,,,784076
6983.0,sin fecha,VICUÑA,robo,Rural,4.0,Alta,39.0,,,745907
6984.0,28/03/2025,coquimbo,Accidente,Sur,16.0,Alta,24.0,TMP-001,ok,127367
6985.0,2025-07-13,COQUIMBO,Violencia,Norte,5.0,Alta,68.0,TMP-002,sin validar,408949
6986.0,29/09/2024,Monte Patria,Fraude,Sur,500.0,Media,"41,0",TMP-002,revisar,474542
6987.0,Apr-20-2025,ovalle,Violencia, Rural ,6.0,Media,19.0,,,647219
6988.0,11/04/2025,coquimbo,,centro,2.0,Baja,36.0,TMP-001,revisar,631821
6989.0,28/08/2024,LA SERENA,robo,Rural,8.0,baja,15.0,TMP-002,ok,133363
6990.0,Sep-07-2025,Montepatria,Fraude,NORTE,6.0,,44.0,ERROR,ok,189468
6991.0,sin fecha,VICUÑA,Accidente,Rural,"13,0",Alta,16.0,,revisar,583398
6992.0,,illapel,Robo,Norte,6.0,ALTA,32.0,TMP-002,,950424
6993.0,18/10/2024,La Serena,Robo,Centro,12.0,ALTA,50.0,,dato ingresado manualmente,125910
6994.0,2025/09/02,COQUIMBO,Violencia,centro,14.0,baja,43.0,ERROR,dato ingresado manualmente,851677
6995.0,02/06/2024,LA SERENA,,Centro,6.0, Alta ,58.0,,revisar,128117
6996.0,Apr-29-2024,monte patria, Robo ,Rural,2.0,ALTA,"53,0",TMP-001,,212817
6997.0,2025-04-10,La Serena,Fraude,Norte,16.0,Alta,53.0,,revisar,410395
6998.0,Jul-12-2025,COQUIMBO,Robo,centro,3.0,Alta,60.0,,,262869
6999.0,2025/08/28,OVALLE,Hurto,Centro,19.0,Baja,55.0,,ok,566492
,Mar-19-2025,ovalle,Accidente,Rural,16.0,,25.0,TMP-001,ok,892406
7001.0,2024-04-26,Coquimbo,Accidente,Centro,14.0,Media,53.0,,sin validar,256643
7002.0,sin fecha,OVALLE,Fraude,NORTE,17.0,,"16,0",TMP-001,sin validar,828672
7003.0,26/01/2025,OVALLE,Robo,Rural,18.0,Baja,19.0,,,48227
7004.0,2025/02/13,Coquimbo ,Fraude,Norte,1.0,Baja,51.0,TMP-002,dato ingresado manualmente,933183
7005.0,May-04-2025,Montepatria,Violencia,centro,5.0,baja,15.0,ERROR,,10418
7006.0,28/03/2025,Andacollo,,centro,3.0,Media,67.0,,ok,934718
7007.0,,Coquimbo,Violencia,Centro,5.0, baja ,,,sin validar,562462
7008.0,05/10/2025,Coquimbo ,Fraude,Rural,16.0,ALTA,39.0,TMP-001,,884485
7009.0,2024-02-02,Ovalle,Robo,centro,6.0,Media,22.0,,dato ingresado manualmente,920782
7010.0,2025-05-12,vicuna,,sur,17.0,ALTA,63.0,TMP-002,dato ingresado manualmente,72063
,2024/09/07,Montepatria,Accidente,centro,13.0,Alta,54.0,TMP-002,dato ingresado manualmente,698962
7012.0,21/10/2024,COQUIMBO,Accidente,,10.0,Alta,46.0,,sin validar,220538
7013.0,2025/03/31,Ovalle,Hurto,norte,,ALTA,"14,0",TMP-001,revisar,520093
7014.0,,illapel,Accidente,centro,3.0,Alta,57.0,TMP-002,revisar,701469
7015.0,12/06/2025,Salamanca,Hurto,Sur,7.0,,36.0,TMP-001,ok,661775
7016.0,Jul-29-2024,Illapel,Accidente,,3.0,Alta,62.0,TMP-002,dato ingresado manualmente,103837
7017.0,Aug-03-2024,Ovalle,Accidente,Sur,5.0,Baja,16.0,,sin validar,302803
7018.0,Nov-19-2024,Illapel,Accidente,Centro,18.0,,69.0,,ok,449592
7019.0,26/05/2024,ovalle,Accidente,Norte,10.0,Media,57.0,,ok,608939
7020.0,sin fecha,OVALLE,Accidente,,13.0,,22.0,TMP-001,,783990
7021.0,13/12/2024,monte patria,,Norte,18.0,Baja,39.0,,ok,787388
7022.0,2025-10-17,COQUIMBO,Accidente,Norte,11.0, Media ,26.0,,,188712
7023.0,2025/02/12,LaSerena,,Norte,13.0,,46.0,TMP-001,,792979
7024.0,Jan-02-2024,LaSerena,Hurto,NORTE,1.0,Media,23.0,TMP-001,ok,332422
7025.0,2024-06-21,monte patria,Accidente,,15.0,Baja,38.0,ERROR,sin validar,117094
7026.0,26/09/2024,OVALLE,Accidente,centro,6.0,baja,50.0,,,897207
7027.0,2024-06-02,coquimbo,Fraude,centro,8.0,Baja,61.0,,revisar,744722
7028.0,2024-03-13,La Serena,Robo,centro,3.0,Alta,54.0,,dato ingresado manualmente,437268
,25/11/2024,Coquimbo ,Robo,Centro,1.0,Media,66.0,ERROR,ok,3214
7030.0,07/04/2024,monte patria,ROBO,,6.0,baja,40.0,,sin validar,144311
7031.0,2024-01-20,coquimbo,Fraude,Rural,9.0,Alta,,,,875597
7032.0,,monte patria,robo,Norte,9.0,Media,14.0,,sin validar,496480
7033.0,2025-11-06,monte patria,Hurto,Norte,10.0,Media,,ERROR,revisar,838407
7034.0,,Montepatria,robo,Sur,12.0,baja,25.0,TMP-002,dato ingresado manualmente,768845
7035.0,2024/04/08,Vicuña,Violencia,NORTE,17.0,,57.0,,revisar,509224
7036.0,2024/06/14,LA SERENA,Accidente,centro,16.0,ALTA,31.0,,dato ingresado manualmente,273646
7037.0,2024-04-13,Illapel,Accidente,Sur,13.0,Alta,33.0,ERROR,revisar,941497
7038.0,2025/04/15,la serena,Hurto,centro,4.0,Baja,"34,0",,ok,953299
7039.0,2024/09/26,illapel,Violencia,Centro,18.0,Baja,,TMP-001,,726610
7040.0,25/06/2024,la serena,,centro,17.0,Media,21.0,TMP-001,sin validar,10966
7041.0,May-02-2025,monte patria,Fraude,Rural,16.0,Media,63.0,,,39773
7042.0,2025-07-13,Coquimbo,Violencia,Rural,12.0,baja,49.0,,revisar,14608
7043.0,Oct-02-2025,andacollo,Accidente,Sur,2.0,ALTA,32.0,TMP-002,ok,922264
7044.0,24/09/2025,Coquimbo ,Robo,centro,2.0,baja,37.0,TMP-001,sin validar,322630
7045.0,,Monte Patria,Fraude,NORTE,6.0,Alta,51.0,TMP-002,revisar,141343
7046.0,Nov-04-2025,LaSerena,Hurto,centro,16.0,Media,31.0,,sin validar,866787
7047.0,Oct-09-2024,Serena,Fraude,centro,5.0,Baja,19.0,TMP-001,,827437
7048.0,Nov-12-2024,Coquimbo,Hurto, Norte ,9.0,Media,50.0,TMP-002,ok,15437
7049.0,Feb-11-2024,Salamanca,,Sur,6.0,baja,32.0,TMP-001,sin validar,936921
7050.0,2024/10/27,LaSerena,,Norte,1.0,Baja,19.0,TMP-002,ok,739058
7051.0,2024/10/28,Andacollo,,Sur,16.0,Alta,22.0,,,547597
7052.0,2025-03-28,la serena,Robo,,4.0, ALTA ,,TMP-001,revisar,722383
7053.0,,Andacollo,Fraude,Sur,12.0,,59.0,TMP-001,,450977
7054.0,12/05/2025,Coquimbo ,robo,,2.0,Baja,64.0,ERROR,sin validar,57444
7055.0,2025/04/02,VICUÑA,robo,Sur,15.0,ALTA,62.0,TMP-002,dato ingresado manualmente,652088
7056.0,2025/10/26,LA SERENA,Fraude,Rural,10.0,baja,-1.0,TMP-002,dato ingresado manualmente,544853
,2025-08-28,Andacollo,Hurto,Sur,2.0,baja,38.0,,,998255
7058.0,21/02/2025,Coquimbo,Robo,centro,3.0,,38.0,ERROR,dato ingresado manualmente,251053
7059.0,2024-06-12,Salamanca,Accidente,NORTE,15.0,ALTA,69.0,TMP-002,,985980
7060.0,2025-05-08,ovalle,Robo,norte,10.0,ALTA,24.0,ERROR,sin validar,849572
7061.0,2024-03-26,Coquimbo,Robo,NORTE,7.0,Alta,19.0,,,647042
7062.0,05/11/2024,la serena,Fraude,Rural,8.0,Alta,"25,0",,dato ingresado manualmente,587955
,2025/06/19,LaSerena,robo,Norte,10.0,baja,,,revisar,850532
7064.0,04/10/2024,vicuna,,Sur,"11,0",Alta,15.0,TMP-001,dato ingresado manualmente,186064
7065.0,2025/02/24,Serena,Hurto,,1.0,Media,56.0,ERROR,revisar,641295
7066.0,2025/10/31,illapel,Hurto,Sur,5.0,Media,16.0,,dato ingresado manualmente,222565
7067.0,,Montepatria,Accidente,Centro,14.0,baja,47.0,,sin validar,713956
7068.0,02/08/2024,COQUIMBO,,,10.0,,56.0,TMP-001,,292061
7069.0,2025-06-19,Coquimbo ,Violencia,NORTE,13.0,ALTA,,,sin validar,603247
7070.0,30/12/2025,Ovalle,robo,Sur,15.0,Media,5.0,,dato ingresado manualmente,891580
7071.0,2024-04-02,Monte Patria,Violencia,Rural,1.0,,"58,0",TMP-001,sin validar,459237
7072.0,2025-03-27,Salamanca,Fraude,Sur,3.0,baja,41.0,,sin validar,371397
7073.0,Aug-07-2024,salamanca,Robo,Centro,11.0,,49.0,TMP-001,,254091
7074.0,,ovalle,Fraude,,18.0,ALTA,58.0,,,317702
7075.0,sin fecha,Montepatria,,centro,18.0,Media,29.0,TMP-001,dato ingresado manualmente,616505
,2024-06-01,LA SERENA,robo,Sur,10.0,Media,21.0,,,376898
7077.0,22/07/2025,Coquimbo ,Robo,centro,8.0,Baja,24.0,,sin validar,40773
7078.0,Mar-31-2024,la serena,Hurto,Rural,5.0,ALTA,18.0,,,241393
7079.0,2025-01-30,Ovalle,Robo,,17.0,Baja,55.0,,revisar,473484
7080.0,2025-03-19,coquimbo,Fraude,Centro,,Baja,44.0,ERROR,sin validar,231324
7081.0,Dec-30-2024,Monte Patria,Accidente,Centro,14.0,Alta,23.0,,ok,394280
7082.0,09/04/2025,SALAMANCA,Fraude, Centro ,6.0,Media,,ERROR,sin validar,62104
7083.0,2025-03-31,andacollo,Robo,Norte,14.0,Alta,19.0,TMP-002,,860650
,May-23-2025,Montepatria,Accidente,Sur,8.0,Alta,51.0,,ok,335309
7085.0,06/06/2025,Coquimbo ,robo,Centro,,Media,69.0,TMP-001,ok,224947
7086.0,Jun-07-2025,Salamanca,Robo,,12.0,,29.0,,ok,674771
7087.0,2025/09/26,Vicuña,Accidente,Centro,10.0,Baja,68.0,TMP-001,ok,402809
7088.0,,vicuna,Accidente,Norte,10.0,baja,65.0,,revisar,596637
7089.0,Aug-08-2025,coquimbo,Robo,centro,19.0,ALTA,29.0,TMP-002,,390346
7090.0,,Andacollo,Fraude,Sur,5.0,,51.0,,sin validar,4964
7091.0,14/09/2025,Salamanca,Robo,Sur,9.0,Baja,47.0,,sin validar,433562
7092.0,2024-09-29,Salamanca,Accidente,Centro,8.0,Media,50.0,ERROR,revisar,400957
7093.0,13/07/2024,Serena,robo,Sur,15.0,ALTA,37.0,,revisar,938200
7094.0,2025-10-13,Montepatria,Robo,Centro,10.0,Alta,53.0,TMP-002,sin validar,862632
7095.0,,coquimbo,,centro,18.0,Media,16.0,ERROR,,952306
7096.0,,Montepatria,robo,Rural,1.0,Baja,56.0,ERROR,ok,781716
7097.0,Mar-02-2024,La Serena,Robo,centro,3.0,Alta,25.0,TMP-002,revisar,800849
7098.0,2024-01-19,Coquimbo ,,,8.0,Baja,43.0,TMP-002,,570736
7099.0,Sep-11-2025,LA SERENA,Hurto,,16.0,Baja,67.0,TMP-001,sin validar,303408
7100.0,05/03/2025,COQUIMBO,robo,Norte,8.0,baja,31.0,,,95198
7101.0,2025/05/12,Coquimbo ,,Sur,"18,0",Media,52.0,ERROR,sin validar,617418
7102.0,2025/08/01,Montepatria,Robo,,7.0,Baja,130.0,TMP-002,dato ingresado manualmente,628891
7103.0,2025-05-07,andacollo,,Rural,12.0,baja,52.0,,sin validar,693554
7104.0,2025/12/11,COQUIMBO,Accidente,NORTE,5.0,Media,63.0,,sin validar,524890
7105.0,2025/07/15,ANDACOLLO,robo,centro,5.0,Alta,,TMP-002,sin validar,814092
7106.0,2025-07-13,Ovalle,,Rural,11.0,,,,,423042
7107.0,2024-02-24,Salamanca,Hurto,Centro,10.0,Alta,17.0,TMP-001,dato ingresado manualmente,150090
7108.0,01/09/2025,monte patria,Violencia,Norte,1.0,ALTA,50.0,TMP-001,sin validar,453642
,2025-10-27,SALAMANCA,,Sur,7.0,Alta,29.0,ERROR,revisar,919050
7110.0,,VICUÑA,Hurto,Rural,12.0,ALTA,62.0,TMP-001,sin validar,484006
7111.0,Mar-20-2024,Vicuña,robo,centro,18.0,ALTA,25.0,,sin validar,235343
7112.0,15/05/2024,VICUÑA,Violencia,Norte,5.0,,29.0,TMP-002,,655546
7113.0,2024/11/21,Coquimbo ,Fraude,NORTE,15.0,ALTA,28.0,TMP-002,ok,975326
7114.0,07/01/2025, La Serena ,robo,Centro,9.0,Baja,61.0,ERROR,,800315
7115.0,sin fecha,La Serena,,Rural,13.0,Alta,38.0,,dato ingresado manualmente,145150
7116.0,2025-01-19,Illapel, Accidente ,Sur,10.0,Media,39.0,TMP-002,revisar,868628
7117.0,12/06/2024,andacollo,Accidente,,1.0,,59.0,,,6109
7118.0,22/07/2025,Coquimbo,robo,Norte,14.0,,57.0,ERROR,,233690
7119.0,2025-12-18,La Serena,robo,NORTE,15.0,Alta,39.0,TMP-002,,654581
7120.0,,Vicuña,Hurto,NORTE,,Baja,30.0,,ok,195902
,2025/09/30,Monte Patria,,Norte,1.0,Media,17.0,,ok,108553
7122.0,30/10/2025,Monte Patria,Violencia,,15.0,Media,,,revisar,250449
7123.0,2025/10/09,Monte Patria,robo, Centro ,2.0,Alta,36.0,,revisar,646371
7124.0,22/07/2025,coquimbo,robo,Norte,7.0,Media,"52,0",TMP-002,,569477
7125.0,,OVALLE,Violencia,Rural,"6,0",Alta,25.0,TMP-001,,13915
7126.0,2025/06/29,ovalle,Violencia, centro ,16.0,ALTA,"30,0",TMP-001,revisar,47055
7127.0,2024-02-12,vicuña,,Rural,7.0,,33.0,TMP-001,revisar,428192
7128.0,,OVALLE,,Norte,16.0,Media,41.0,TMP-002,,48826
7129.0,2024/01/31,Coquimbo,Hurto,,13.0,Alta,24.0,TMP-001,dato ingresado manualmente,603015
7130.0,2025-12-19,SALAMANCA,Hurto,,15.0,Baja,45.0,ERROR,,105323
7131.0,31/05/2025,coquimbo,Violencia,Norte,9.0,Alta,19.0,TMP-002,revisar,282968
7132.0,,ovalle,Robo,Sur,9.0,Baja,63.0,,sin validar,669240
7133.0,2024/11/30,Montepatria,,Rural,7.0,Baja,20.0,ERROR,revisar,776302
7134.0,Oct-05-2025,ovalle,,centro,9.0,,64.0,,,281286
7135.0,06/03/2024,VICUÑA, Violencia ,,18.0,ALTA,44.0,TMP-001,,483455
7136.0,Dec-22-2024,Coquimbo ,robo,Norte,17.0,baja,44.0,ERROR,revisar,853670
,Apr-09-2025,coquimbo,Fraude,Sur,16.0,,46.0,TMP-002,revisar,10142
7138.0,04/01/2024,Coquimbo ,Hurto,,2.0,Alta,25.0,,,837192
7139.0,May-06-2024,andacollo,,centro,16.0,,59.0,TMP-001,ok,824494
7140.0,2025-07-18,ovalle,Hurto,,8.0,ALTA,67.0,,,996235
7141.0,15/11/2024,Montepatria,Violencia,Rural,11.0,Baja,"47,0",,,402683
7142.0,Oct-08-2025,Coquimbo,Accidente,Norte,6.0,Alta,22.0,,,851902
7143.0,2025/06/22,Coquimbo,Hurto,centro,5.0,ALTA,42.0,TMP-001,,135075
7144.0,2024-02-22,OVALLE, Accidente ,Rural,15.0,Media,16.0,ERROR,revisar,116474
7145.0,,COQUIMBO,,Sur,12.0,Baja,45.0,,sin validar,850626
7146.0,2024/10/24,Serena,Accidente,Norte,1.0,Alta,51.0,,,311542
7147.0,2024-05-09,Coquimbo ,Violencia,NORTE,2.0,baja,17.0,,,583401
7148.0,sin fecha,illapel,VIOLENCIA,centro,15.0,Baja,35.0,ERROR,ok,2249
7149.0,Apr-18-2025,vicuna,Violencia,,7.0,Media,49.0,,,189734
7150.0,2025/07/19,la serena,Violencia,centro,8.0,ALTA,14.0,TMP-002,ok,484554
7151.0,09/06/2024,coquimbo,Hurto,Sur,10.0,Baja,65.0,,,395194
7152.0,09/03/2024,LA SERENA,Fraude,centro,3.0,baja,29.0,TMP-002,,851006
7153.0,2025-07-07,andacollo,,Norte,13.0,,46.0,TMP-001,dato ingresado manualmente,649498
7154.0,2025/07/06,Serena,Accidente,Centro,8.0,baja,60.0,TMP-001,sin validar,952340
7155.0,2024/08/24,Vicuña,Robo,Norte,1.0,Baja,29.0,,revisar,995521
7156.0,Apr-18-2024,illapel,Fraude,centro,8.0,,33.0,TMP-002,revisar,597895
7157.0,2025-12-10,VICUÑA,Violencia,centro,13.0,Baja,41.0,TMP-001,ok,769773
7158.0,2025-05-12,illapel,Fraude,,6.0,baja,47.0,TMP-002,ok,14467
7159.0,20/08/2025,Monte Patria,Hurto,,11.0,Media,68.0,TMP-001,dato ingresado manualmente,458004
7160.0,2025-04-07,Illapel,Accidente,NORTE,7.0,ALTA,28.0,ERROR,ok,678835
7161.0,2025-10-04,COQUIMBO,Accidente,,11.0,,15.0,TMP-002,revisar,188063
7162.0,sin fecha,Salamanca,Robo,SUR,11.0,,68.0,TMP-001,sin validar,478981
7163.0,Feb-08-2024,Montepatria,Violencia,Rural,8.0,baja,"51,0",TMP-001,,368432
7164.0,2025-02-20,Montepatria,,centro,8.0,ALTA,47.0,,dato ingresado manualmente,150891
7165.0,2025-11-09,LaSerena,,Rural,14.0,Baja,32.0,TMP-001,dato ingresado manualmente,831453
7166.0,29/10/2024,monte patria,Hurto,centro,18.0,baja,27.0,,dato ingresado manualmente,688500
7167.0,2024/05/08,Monte Patria,robo,NORTE,19.0,Alta,27.0,,sin validar,29004
7168.0,Aug-28-2025,Ovalle,Hurto,Norte,1.0,baja,15.0,,dato ingresado manualmente,757909
7169.0,2025-02-02,Serena,Violencia,Centro,13.0,Alta,51.0,TMP-002,sin validar,187200
7170.0,2025/01/25,ovalle,Hurto,NORTE,12.0,Alta,46.0,ERROR,dato ingresado manualmente,108707
7171.0,2025-12-19,andacollo,Violencia,Norte,10.0,Baja,31.0,TMP-001,sin validar,496565
7172.0,Apr-05-2025,la serena,,Norte,4.0,Baja,61.0,,sin validar,549371
7173.0,2025-04-08,Montepatria,robo,Centro,1.0,Baja,"28,0",ERROR,sin validar,311305
7174.0,2024-01-05,Illapel,Accidente,Norte,14.0,Alta,31.0,TMP-001,,130775
7175.0,,monte patria,Accidente,,14.0,Alta,47.0,ERROR,,836489
7176.0,Jun-19-2024,andacollo,Fraude,Centro,9.0,ALTA,67.0,TMP-002,revisar,558450
7177.0,28/01/2025,Illapel,Robo,Norte,10.0,,42.0,,sin validar,270331
7178.0,Nov-26-2024,la serena,Accidente,Norte,6.0,,40.0,,,239509
7179.0,14/06/2025,La Serena, robo ,Rural,1.0,Media,21.0,TMP-002,ok,688095
7180.0,sin fecha,Ovalle,,Rural,14.0,Baja,60.0,ERROR,ok,601140
7181.0,2024/02/04,Vicuña,Violencia,Rural,6.0,Alta,17.0,TMP-002,,181924
7182.0,24/04/2025,Montepatria,,Centro,1.0,baja,130.0,TMP-002,sin validar,753380
7183.0,11/03/2024,Vicuña,Robo,Norte,9.0,Alta,30.0,,,317353
7184.0,,Coquimbo,Fraude,Rural,0.0,ALTA,"19,0",TMP-001,,422188
7185.0,Dec-07-2025,ovalle,,,1.0,Alta,44.0,ERROR,revisar,200028
7186.0,Sep-03-2025,Coquimbo ,Robo,Rural,17.0,Media,29.0,TMP-002,,24076
7187.0,2025/10/03,ovalle,Violencia,Sur,"9,0",Baja,44.0,TMP-001,sin validar,865948
7188.0,Jul-03-2025,ovalle,Violencia,Norte,,Alta,45.0,TMP-001,,235440
7189.0,2024/08/05, Ovalle ,FRAUDE,Sur,17.0,baja,17.0,ERROR,dato ingresado manualmente,501885
7190.0,2024-06-01,Coquimbo,robo,Sur,10.0,Baja,18.0,,,388135
7191.0,Aug-01-2024,Andacollo,robo,Centro,18.0,baja,18.0,TMP-001,,302707
7192.0,Sep-07-2025,Coquimbo ,Fraude,Sur,18.0, Baja ,55.0,ERROR,,186965
7193.0,06/12/2024,monte patria,Hurto,,7.0,Media,15.0,TMP-001,sin validar,777032
7194.0,2024-08-16,Coquimbo,,centro,"18,0",,65.0,ERROR,revisar,808980
7195.0,09/03/2024,Monte Patria,Accidente,Sur,16.0,ALTA,23.0,TMP-001,ok,74364
7196.0,2024/08/04,Andacollo,Fraude,Sur,13.0,,"43,0",TMP-002,dato ingresado manualmente,581314
7197.0,Jun-30-2025,COQUIMBO,Fraude,Centro,11.0,Media,52.0,,ok,394600
7198.0,Jan-14-2024,Coquimbo,Violencia,rural,14.0,ALTA,63.0,,dato ingresado manualmente,226009
7199.0,,Vicuña,Violencia,centro,3.0,Media,35.0,TMP-001,dato ingresado manualmente,744347
7200.0,,coquimbo,robo,NORTE,18.0,Alta,15.0,TMP-002,dato ingresado manualmente,638319
7201.0,2025/03/14,LaSerena,Fraude,Centro,7.0,,52.0,TMP-002,ok,615865
7202.0,13/12/2024,vicuna,Hurto,Sur,18.0,Alta,,,ok,659694
7203.0,Jan-29-2024,Salamanca,Fraude,NORTE,14.0,ALTA,60.0,TMP-001,dato ingresado manualmente,688468
7204.0,sin fecha,coquimbo,,Centro,8.0,Media,51.0,,,176592
7205.0,Apr-20-2024,andacollo,robo,Norte,19.0,baja,41.0,TMP-001,sin validar,369271
7206.0,2025/12/01,OVALLE,,NORTE,13.0,Media,45.0,,,629511
7207.0,,COQUIMBO,Robo,Centro,9.0,Media,21.0,ERROR,sin validar,333591
7208.0,2024/05/24,Andacollo,Accidente,Centro,13.0,Media,62.0,ERROR,revisar,204308
7209.0,27/01/2025,Ovalle,robo,Sur,,Alta,69.0,ERROR,sin validar,763965
7210.0,2024/11/19,Vicuña,Fraude,Centro,18.0,media,31.0,TMP-002,ok,117786
7211.0,2025/09/26,Montepatria,Robo,Rural,17.0,Alta,58.0,ERROR,,738137
7212.0,24/05/2024,Serena,Robo,,2.0,Baja,34.0,TMP-002,revisar,274991
7213.0,2025/06/08,LaSerena,Accidente,Norte,16.0,ALTA,32.0,,dato ingresado manualmente,258090
7214.0,07/03/2024,SALAMANCA,robo,NORTE,16.0,Alta,47.0,TMP-001,revisar,250972
7215.0,2025/09/22,ovalle,Fraude,,17.0,baja,61.0,,revisar,296990
7216.0,2025/07/20,Monte Patria,Violencia,NORTE,18.0,,61.0,TMP-002,,899800
7217.0,,La Serena,robo,,4.0,ALTA,40.0,,,603246
7218.0,,Montepatria,Violencia,NORTE,11.0,Media,25.0,TMP-002,ok,783563
7219.0,2025-10-19,LaSerena,,Rural,6.0,,54.0,TMP-002,,369269
7220.0,Jan-11-2024,OVALLE,robo,,14.0,baja,"52,0",TMP-002,,434321
7221.0,,Montepatria,,Rural,2.0,ALTA,60.0,TMP-001,ok,250559
7222.0,2024-09-09,Montepatria,,,nan,ALTA,31.0,,ok,327652
7223.0,2025-03-17,ovalle,,Rural,17.0,,30.0,ERROR,,872450
7224.0,,Monte Patria, Robo ,,17.0,baja,53.0,ERROR,sin validar,264025
7225.0,Jan-18-2024,andacollo,Hurto,Rural,8.0,Alta,39.0,,,721937
7226.0,04/08/2024,Coquimbo,Robo,Rural,15.0,Media,31.0,,,18704
7227.0,Feb-27-2024,Montepatria,robo,Norte,5.0,Media,15.0,,revisar,6879
7228.0,2024-04-19,VICUÑA,Fraude,Norte,3.0,baja,53.0,TMP-001,,346346
7229.0,2025-06-15,LaSerena,robo,Rural,5.0,ALTA,30.0,ERROR,dato ingresado manualmente,209564
7230.0,2025-08-04,Ovalle,Fraude,centro,16.0,Baja,59.0,,,467314
,,ovalle,Hurto,Norte,8.0,,"31,0",TMP-002,ok,733596
7232.0,Apr-01-2025,Vicuña,,Rural,6.0,Alta,17.0,,,220709
7233.0,2025-02-01,Serena,,,9.0,Media,21.0,TMP-002,,331932
7234.0,sin fecha, illapel ,robo,NORTE,2.0,Media,33.0,,dato ingresado manualmente,272677
7235.0,12/06/2024,VICUÑA, Robo ,NORTE,1.0,baja,53.0,TMP-002,dato ingresado manualmente,649668
7236.0,2024-03-17,La Serena,,Centro,,baja,27.0,,dato ingresado manualmente,904751
7237.0,2024-10-19,Illapel,Violencia,Norte,16.0,Alta,44.0,,,103476
7238.0,18/11/2024,OVALLE,,Norte,14.0,ALTA,18.0,TMP-001,ok,868193
7239.0,2025/03/06,COQUIMBO,Violencia,NORTE,16.0,Alta,33.0,TMP-001,ok,341807
7240.0,,la serena,Violencia,Norte,6.0,,14.0,,dato ingresado manualmente,319638
,14/06/2024,Salamanca,Accidente,Norte,4.0,Media,53.0,TMP-002,revisar,10934
7242.0,May-05-2025,La Serena,Robo,centro,5.0,Baja,62.0,,,643018
7243.0,2025-03-26,La Serena,robo,Norte,2.0,baja,57.0,ERROR,,584355
7244.0,Jul-11-2025,vicuna,Fraude,Centro,14.0, Media ,48.0,,dato ingresado manualmente,864165
7245.0,2024/07/02,Salamanca,Violencia,Centro,2.0,baja,19.0,,,913216
7246.0,Jul-20-2025,Andacollo,Robo,Rural,6.0,,65.0,TMP-002,ok,575255
7247.0,Sep-07-2025,Coquimbo ,robo,,8.0,Baja,31.0,TMP-001,ok,789315
7248.0,2025-10-05,Monte Patria,Fraude,centro,7.0,ALTA,68.0,TMP-002,,552443
7249.0,2025/03/07,La Serena,,Centro,6.0,,23.0,,sin validar,329779
7250.0,Feb-14-2024,La Serena,Robo,centro,10.0,,49.0,,revisar,605198
7251.0,sin fecha,COQUIMBO,Hurto,Rural,6.0,,45.0,,dato ingresado manualmente,689143
7252.0,16/10/2024,la serena,Hurto,NORTE,16.0,baja,32.0,,revisar,459578
7253.0,Mar-06-2025,la serena,robo,centro,9.0,,64.0,,,253666
7254.0,2025-11-17,OVALLE,robo,Centro,6.0,Alta,55.0,TMP-002,sin validar,419033
7255.0,2024/08/03,LA SERENA,robo,Rural,17.0,Media,62.0,,revisar,138117
7256.0,2024/08/20,VICUÑA,robo,Norte,11.0,Alta,36.0,,ok,338152
7257.0,26/02/2024,illapel,,Norte,6.0,Baja,"61,0",,,644826
7258.0,,VICUÑA, robo ,Norte,9.0,baja,41.0,TMP-002,revisar,754532
7259.0,Apr-01-2024,LaSerena,Hurto,Norte,,Baja,17.0,,dato ingresado manualmente,456556
7260.0,sin fecha,Montepatria,Fraude,Sur,2.0,baja,26.0,TMP-001,,818902
7261.0,2024-12-02,Coquimbo ,Accidente,,13.0,Media,50.0,ERROR,sin validar,389499
7262.0,2024-04-29,Illapel,,Norte,18.0,Baja,20.0,TMP-002,,355051
7263.0,Jan-22-2024,Montepatria,Fraude,centro,10.0,Media,20.0,TMP-002,ok,626012
7264.0,2024/08/26,coquimbo,Robo,NORTE,7.0,Media,,TMP-001,sin validar,415602
7265.0,,Vicuña,Accidente,centro,16.0,,38.0,,revisar,474174
,sin fecha,illapel,Robo,Sur,17.0,,26.0,,dato ingresado manualmente,245997
7267.0,May-30-2024,COQUIMBO,Violencia,NORTE,11.0,Alta,45.0,,,597624
7268.0,2025-01-10,Vicuña,Robo, Sur ,2.0,ALTA,42.0,ERROR,revisar,446146
7269.0,2025/03/17,SALAMANCA,VIOLENCIA,Rural,11.0,Media,35.0,,sin validar,122109
7270.0,26/10/2024,COQUIMBO,Robo, Norte ,5.0,Media,21.0,TMP-002,,213860
7271.0,02/01/2025,Coquimbo,,centro,16.0,baja,,TMP-001,revisar,172801
7272.0,Aug-27-2025, Montepatria ,Robo,NORTE,2.0,Alta,38.0,ERROR,dato ingresado manualmente,199872
7273.0,Sep-01-2024,Coquimbo ,,Sur,3.0,baja,30.0,,ok,887199
7274.0,2025-12-05,Monte Patria,robo,Sur,1.0,baja,22.0,ERROR,dato ingresado manualmente,659329
7275.0,sin fecha,OVALLE,Hurto,Norte,7.0,Media,63.0,,revisar,35433
7276.0,Dec-09-2024,andacollo,Hurto,,2.0,,69.0,TMP-001,,723230
7277.0,Feb-28-2024,Coquimbo ,Accidente,Sur,7.0,Alta,15.0,,dato ingresado manualmente,477930
7278.0,2025-03-21,Serena,Robo,NORTE,10.0,,27.0,,,69513
7279.0,2025/01/02,Andacollo,ROBO,Norte,6.0,Alta,20.0,TMP-002,revisar,2769
7280.0,2025-12-11,monte patria,Robo,Centro,1.0,Baja,57.0,,ok,470099
,2025/06/09,SALAMANCA,,Sur,2.0,media,62.0,,dato ingresado manualmente,642019
7282.0,,Vicuña,Hurto,Centro,,Alta,56.0,,dato ingresado manualmente,286123
7283.0,2024-11-12,Vicuña,Violencia,Centro,12.0,,49.0,ERROR,dato ingresado manualmente,992993
7284.0,,coquimbo,Hurto,,14.0,baja,48.0,,dato ingresado manualmente,432693
7285.0,,Andacollo,Hurto,centro,4.0,,15.0,,revisar,637207
7286.0,sin fecha,illapel,Violencia,Centro,16.0,,38.0,TMP-001,sin validar,759598
7287.0,Feb-28-2025,Coquimbo,Fraude,centro,9.0,Baja,21.0,ERROR,ok,60496
7288.0,2024/07/13,Serena,Hurto,centro,14.0,baja,53.0,TMP-001,ok,16484
7289.0,Oct-12-2024,OVALLE,Fraude,Norte,"6,0",Media,60.0,,,713455
7290.0,Nov-16-2025,Salamanca,accidente,Sur,8.0, Alta ,64.0,TMP-002,,391940
7291.0,31/01/2024,la serena,,,9.0,ALTA,22.0,,,788036
7292.0,,illapel,Violencia,centro,6.0,Alta,25.0,TMP-002,revisar,244791
7293.0,Nov-15-2025,Andacollo,Hurto,Centro,1.0,baja,46.0,TMP-002,dato ingresado manualmente,521124
7294.0,,Monte Patria,,,19.0,  ,32.0,TMP-001,revisar,370092
7295.0,Dec-09-2024,Monte Patria,Robo,,12.0,Alta,52.0,TMP-002,ok,634837
7296.0,2024-04-09,Illapel,Robo,Rural,8.0,Media,44.0,TMP-002,dato ingresado manualmente,378198
7297.0,2025/03/03,Vicuña,Violencia,Sur,4.0,baja,63.0,TMP-002,ok,708305
7298.0,08/06/2025,Coquimbo,Robo,centro,4.0,ALTA,45.0,ERROR,dato ingresado manualmente,434409
7299.0,18/05/2025,ovalle,Accidente,Norte,9.0,ALTA,56.0,TMP-002,revisar,963585
7300.0,,vicuna,Violencia,Centro,16.0,ALTA,22.0,TMP-002,,68015
7301.0,Oct-13-2025,Monte Patria,Robo,Centro,5.0,,35.0,TMP-002,,767488
7302.0,2025-11-09,VICUÑA,Hurto,Centro,1.0,Media,59.0,,sin validar,29551
7303.0,16/04/2024,monte patria,robo,Sur,6.0,baja,18.0,ERROR,revisar,639841
7304.0,sin fecha,Monte Patria,,Centro,"6,0",Alta,67.0,,,546949
7305.0,sin fecha,LaSerena,Violencia,NORTE,16.0,baja,59.0,,revisar,873688
7306.0,21/05/2024,Coquimbo,Hurto,,13.0,Alta,21.0,TMP-001,ok,324774
7307.0,2024-08-17,Montepatria,Robo,Rural,-3.0,Baja,55.0,,sin validar,441822
7308.0,2024-11-04,Salamanca,Robo,NORTE,2.0,Baja,46.0,,dato ingresado manualmente,384120
7309.0,2024/03/23,SALAMANCA,Robo,Rural,5.0,,49.0,,,877715
7310.0,Jul-27-2025,COQUIMBO,Violencia,Centro,11.0,Media,53.0,,revisar,759275
7311.0,2024/04/25,Coquimbo ,,centro,11.0, nan ,41.0,,dato ingresado manualmente,12832
7312.0,2024-09-08,Vicuña,Fraude,norte,17.0,ALTA,46.0,TMP-002,revisar,453025
7313.0,,Coquimbo ,Violencia,CENTRO,1.0,Media,22.0,,dato ingresado manualmente,455501
7314.0,2024-05-04,Serena,fraude,Norte,,,15.0,TMP-001,revisar,736727
7315.0,Mar-07-2025,OVALLE,,Rural,13.0,Media,54.0,TMP-001,revisar,720280
7316.0,Sep-29-2024,Vicuña,Fraude,Sur,1.0,Media,69.0,ERROR,,101629
7317.0,Sep-19-2024,VICUÑA,Violencia,Norte,6.0,baja,43.0,TMP-002,ok,39530
7318.0,sin fecha,COQUIMBO,Fraude,NORTE,10.0,baja,20.0,TMP-002,revisar,271054
7319.0,,OVALLE,Hurto,Norte,15.0,Media,"66,0",TMP-001,ok,491594
7320.0,2025-06-13,LA SERENA,,Sur,16.0,Media,59.0,,dato ingresado manualmente,242003
7321.0,2024-11-21,Ovalle,Hurto,Rural,15.0,baja,41.0,,sin validar,63259
7322.0,sin fecha,LaSerena,Violencia,Sur,"7,0",,67.0,,ok,822455
7323.0,,la serena,Robo,centro,8.0,Media,26.0,TMP-001,sin validar,831085
7324.0,31/07/2025,vicuna,Hurto,NORTE,4.0,baja,68.0,,revisar,827365
7325.0,2024-10-30,La Serena,Fraude,Norte,16.0,,18.0,TMP-001,sin validar,106752
7326.0,Mar-26-2024,ovalle,Fraude,centro,6.0,ALTA,25.0,TMP-001,ok,304378
7327.0,2025-07-31,VICUNA,Violencia,Norte,3.0,Alta,62.0,,,520419
,2024/10/25,Serena,Hurto,,"7,0",Alta,38.0,,sin validar,650796
7329.0,2025/12/05,Andacollo,Accidente,Sur,11.0,ALTA,16.0,TMP-001,,950771
7330.0,2024-02-03,monte patria,Accidente,Norte,11.0,Media,61.0,TMP-001,revisar,27217
7331.0,2025/04/23,Monte Patria,Accidente,Sur,,baja,65.0,,dato ingresado manualmente,626929
7332.0,01/11/2025,Ovalle,Violencia,centro,14.0,baja,56.0,,sin validar,817938
7333.0,Nov-08-2024,la serena,Fraude,centro,"16,0",baja,41.0,,dato ingresado manualmente,346420
7334.0,,LA SERENA,,centro,16.0,baja,24.0,TMP-001,,787676
7335.0,2025-06-25,monte patria,,Rural,7.0,baja,29.0,TMP-002,revisar,568497
7336.0,2024-12-28,Salamanca,Accidente,NORTE,5.0,Alta,25.0,,revisar,915259
7337.0,Dec-09-2024,coquimbo,,Rural,19.0,Alta,44.0,,,448725
7338.0,25/04/2025,OVALLE,Robo,Rural,"19,0",Alta,"64,0",,revisar,564769
7339.0,2024-09-22,la serena,,Norte,11.0,ALTA,,,sin validar,901567
7340.0,2025/04/09,illapel,Robo,Sur,5.0,ALTA,,,revisar,178686
7341.0,Nov-16-2024,andacollo,robo,centro,4.0,Baja,23.0,,,221284
7342.0,2025-08-11,Montepatria,Violencia,Centro,2.0,Media,15.0,,ok,733619
7343.0,2024-08-15,coquimbo,Hurto,CENTRO,11.0,Alta,53.0,TMP-001,revisar,456515
7344.0,2024-07-07,Salamanca,ROBO,NORTE,"19,0",baja,22.0,TMP-001,,305770
7345.0,Jul-24-2025,SALAMANCA,Violencia,Rural,2.0,Baja,40.0,TMP-001,revisar,829556
7346.0,06/08/2025,Ovalle,robo,NORTE,,,36.0,ERROR,,376692
7347.0,13/04/2024,vicuna,Robo,NORTE,13.0,Alta,43.0,TMP-002,,958564
7348.0,2025-11-11,ovalle,,,10.0,baja,24.0,,ok,965401
7349.0,25/01/2025,Ovalle,Robo,Norte,14.0,baja,30.0,TMP-001,sin validar,101929
7350.0,Jan-03-2024,Coquimbo ,Hurto,Rural,14.0,baja,55.0,,ok,733185
7351.0,2025-02-04,LA SERENA,robo,NORTE,16.0,baja,25.0,ERROR,ok,447112
7352.0,2025/11/19,coquimbo,,Rural,17.0,baja,,TMP-002,sin validar,677980
7353.0,2025-03-30,monte patria,Violencia,Centro,,ALTA,26.0,TMP-002,dato ingresado manualmente,51147
7354.0,2025/08/02, Montepatria ,,centro,17.0,Alta,"15,0",,sin validar,222737
7355.0,Jun-07-2025,LaSerena,Hurto,NORTE,10.0,Baja,66.0,ERROR,revisar,548295
7356.0,2025-02-19,La Serena,Hurto,centro,3.0,Alta,49.0,ERROR,revisar,256375
7357.0,2025/08/31,Coquimbo,Robo,Rural,5.0,,22.0,,,802758
7358.0,2024-01-28,La Serena, Hurto ,NORTE,"16,0",,42.0,,,430918
7359.0,2024-01-18,COQUIMBO,Hurto,,9.0,ALTA,33.0,ERROR,,713385
7360.0,2024-06-10,ovalle,Robo,Centro,,baja,17.0,TMP-002,,146261
7361.0,sin fecha,Coquimbo ,Robo,Sur,7.0,baja,23.0,,revisar,563990
7362.0,10/08/2024,monte patria,Hurto,Centro,17.0,Baja,"40,0",ERROR,dato ingresado manualmente,346115
7363.0,2025-02-16,Coquimbo ,robo,,17.0,Baja,58.0,ERROR,,562938
7364.0,06/12/2024,Monte Patria,Fraude,Rural,4.0,Alta,40.0,,,772262
7365.0,2025/09/12,LaSerena,,,4.0,ALTA,55.0,,sin validar,559634
7366.0,17/06/2024,illapel,robo,Centro,6.0,ALTA,48.0,TMP-002,ok,689553
7367.0,25/06/2025,Andacollo,Fraude,Sur,16.0,,22.0,,ok,445157
7368.0,Jun-22-2024, Monte Patria ,Hurto,centro,12.0,,"64,0",TMP-001,,911617
7369.0,2024-09-10,SALAMANCA,Robo,Centro,,baja,45.0,TMP-001,,353933
7370.0,04/03/2025,SALAMANCA,, Centro ,13.0,,43.0,,ok,246167
7371.0,26/01/2025,vicuna,,Sur,17.0,baja,33.0,TMP-002,dato ingresado manualmente,80642
7372.0,2024/11/05,Monte Patria,, Sur ,11.0,baja,,ERROR,,949643
7373.0,2025-05-13,Andacollo,Hurto,centro,6.0,ALTA,,ERROR,,982666
7374.0,2025-11-11,Coquimbo,Robo,,4.0,Alta,"58,0",TMP-001,,896446
7375.0,sin fecha,andacollo, Fraude ,Sur,4.0,baja,35.0,ERROR,,609203
7376.0,Aug-24-2024,LA SERENA,Accidente,,15.0,Alta,40.0,TMP-001,,73139
7377.0,2024-04-02,andacollo,,Norte,12.0,baja,31.0,,,173630
7378.0,sin fecha,Serena,Hurto,centro,6.0,,,TMP-002,dato ingresado manualmente,715233
7379.0,Jul-12-2024,Ovalle,Robo,centro,11.0,ALTA,67.0,,revisar,64250
7380.0,2025/12/20,OVALLE,Fraude,NORTE,7.0,Alta,45.0,TMP-002,dato ingresado manualmente,435927
7381.0,,Coquimbo ,,centro,19.0,Media,16.0,,sin validar,186199
7382.0,2025-06-23,coquimbo,Fraude,centro,4.0,Media,32.0,,ok,380225
7383.0,,Serena,Robo, centro ,1.0,Alta,49.0,,revisar,349509
7384.0,May-21-2024,andacollo,robo,Sur,9.0,Baja,65.0,TMP-001,revisar,846083
7385.0,09/09/2024,Coquimbo, Hurto ,NORTE,"1,0",Baja,64.0,,,789110
7386.0,Feb-13-2024,illapel,robo,Sur,6.0,baja,20.0,TMP-002,ok,84399
7387.0,Jan-12-2025,COQUIMBO,Fraude,Norte,12.0,Baja,48.0,TMP-001,revisar,163688
7388.0,,andacollo,Robo,Rural,16.0,Media,,TMP-002,dato ingresado manualmente,513783
7389.0,Jan-25-2025,Coquimbo ,Hurto,Norte,18.0,Baja,35.0,,,234218
,,illapel,Hurto,Norte,,baja,68.0,,dato ingresado manualmente,942897
7391.0,2024-07-12,Ovalle,,Centro,15.0, Media ,61.0,TMP-001,revisar,431182
7392.0,2025/09/16,Vicuña,Hurto,centro,11.0,Media,32.0,,,865787
7393.0,2024-01-25,andacollo,Violencia,NORTE,"10,0",BAJA,29.0,,,755555
7394.0,,LaSerena,Violencia,NORTE,4.0,ALTA,46.0,TMP-002,dato ingresado manualmente,685613
7395.0,2024/10/05,vicuna,,Sur,19.0,Media,22.0,TMP-002,ok,526662
7396.0,Mar-03-2025,ANDACOLLO,robo,centro,11.0,Baja,33.0,ERROR,ok,186119
7397.0,Sep-12-2024,OVALLE,Violencia,Rural,-3.0,,54.0,TMP-001,ok,418505
7398.0,2025/10/19,illapel,robo,Sur,10.0,Media,23.0,,revisar,914365
7399.0,17/01/2025,monte patria,Hurto,Rural,19.0,,34.0,,sin validar,729718
7400.0,2025/04/04,VICUÑA,robo,Sur,3.0,Alta,62.0,,,194060
7401.0,sin fecha,monte patria,Robo,,13.0,Baja,32.0,,revisar,452264
7402.0,Apr-30-2024,SALAMANCA,Violencia,Norte,3.0,Media,64.0,,sin validar,59165
7403.0,2025-05-31,Montepatria,Robo,NORTE,15.0,ALTA,67.0,TMP-002,revisar,387123
7404.0,,La Serena,Violencia,,3.0,ALTA,66.0,ERROR,,330293
7405.0,23/06/2024,andacollo,Robo,Rural,1.0,baja,,TMP-002,,607541
,2025-02-03,VICUÑA,Hurto,Rural,6.0,Baja,51.0,TMP-002,revisar,262226
7407.0,2024/01/09,la serena,Violencia,CENTRO,5.0,,26.0,TMP-002,revisar,504735
7408.0,Aug-20-2025,illapel,Robo,Norte,1.0, Baja ,17.0,TMP-001,sin validar,287961
7409.0,2024-01-01,ovalle,Violencia,Sur,18.0,Baja,43.0,TMP-001,dato ingresado manualmente,504300
7410.0,2024/04/20,VICUÑA,Hurto,centro,10.0,Alta,57.0,,revisar,475698
7411.0,,LaSerena,Violencia,NORTE,12.0,,22.0,ERROR,sin validar,758913
7412.0,2025/05/12,Salamanca,Hurto,Sur,7.0,,27.0,TMP-001,dato ingresado manualmente,915946
7413.0,Oct-14-2024,coquimbo,Hurto,Norte,13.0,,53.0,TMP-001,sin validar,672960
7414.0,14/01/2025,coquimbo,Violencia,Norte,6.0,Alta,15.0,ERROR,ok,252958
,28/08/2025,la serena,robo,Rural,13.0,ALTA,58.0,ERROR,,873574
7416.0,Feb-29-2024,andacollo,Violencia,Norte,18.0,,33.0,,sin validar,350372
7417.0,23/07/2025,Illapel,,,16.0,,,TMP-002,dato ingresado manualmente,888458
7418.0,Nov-02-2025,LaSerena,Hurto,Centro,6.0,ALTA,39.0,TMP-001,sin validar,158293
7419.0,2025/04/08,Vicuña,,,8.0,baja,39.0,TMP-002,sin validar,885420
7420.0,2024-12-04,Salamanca,,Rural,14.0,ALTA,47.0,,dato ingresado manualmente,331925
7421.0,2025/04/05,La Serena,,centro,11.0,Alta,29.0,ERROR,,310715
7422.0,Apr-18-2024, COQUIMBO ,robo,Centro,15.0,ALTA,48.0,TMP-002,sin validar,309697
7423.0,2024/12/09,Salamanca,robo,Norte,9.0,Media,48.0,ERROR,revisar,327600
7424.0,,VICUÑA,robo,Norte,1.0,,31.0,ERROR,sin validar,815802
7425.0,2024/04/06,LaSerena,robo,NORTE,17.0,Baja,49.0,TMP-001,ok,197451
7426.0,Sep-11-2024,Salamanca,Fraude,centro,12.0,Media,52.0,TMP-002,,432714
7427.0,25/06/2025,LA SERENA,  ,centro,3.0,,47.0,,,332124
7428.0,2024-05-12,Salamanca,Violencia,,9.0,Alta,18.0,,ok,309212
7429.0,,ovalle,Violencia,centro,5.0,Media,19.0,,,489292
7430.0,02/11/2025,la serena,Violencia,Centro,18.0,baja,22.0,TMP-002,revisar,535124
7431.0,2024/05/31,illapel,robo,,7.0,Alta,64.0,,dato ingresado manualmente,940358
7432.0,2025/06/13,SALAMANCA,,Sur,18.0,,26.0,ERROR,dato ingresado manualmente,913407
7433.0,2024-06-01,Coquimbo,robo,Norte,10.0,baja,46.0,,dato ingresado manualmente,143665
7434.0,2025-10-14,Serena,robo,Rural,"4,0",Media,60.0,,,631506
7435.0,2024-11-20,coquimbo,Robo,Sur,5.0,Baja,,TMP-002,dato ingresado manualmente,517636
7436.0,2024-06-26,vicuna,Accidente,Centro,19.0,Baja,66.0,,sin validar,956471
7437.0,2024/05/24,Andacollo,Robo,Norte,"1,0",Baja,64.0,ERROR,,798367
7438.0,2024/03/06,Monte Patria,Hurto,Rural,7.0,ALTA,62.0,,dato ingresado manualmente,201444
7439.0,Nov-13-2025,LaSerena,Fraude,Rural,9.0,,28.0,TMP-002,revisar,590971
7440.0,sin fecha,Salamanca,Fraude,Norte,9.0,ALTA,52.0,,revisar,233594
7441.0,06/08/2025,Montepatria,Robo,RURAL,2.0,ALTA,17.0,ERROR,revisar,104528
7442.0,2024/03/17,Andacollo,,,6.0,Alta,42.0,TMP-001,ok,405371
7443.0,2024-05-15,monte patria,Hurto,NORTE,13.0,Media,68.0,TMP-002,ok,389804
7444.0,2024-03-26,LaSerena,,,4.0,baja,56.0,ERROR,sin validar,989636
7445.0,2025/02/10,Ovalle,robo,Centro,5.0,Alta,66.0,,ok,618527
7446.0,26/12/2025,MONTE PATRIA,Fraude,,"15,0",,69.0,,dato ingresado manualmente,126255
7447.0,sin fecha,la serena,Violencia,centro,4.0,Baja,68.0,TMP-002,ok,676537
7448.0,2025/04/17,OVALLE,Accidente,NORTE,2.0,Baja,66.0,,,108624
7449.0,2024/02/22,andacollo,Accidente,NORTE,17.0,Baja,"69,0",,,48126
7450.0,,Coquimbo,ROBO,Rural,1.0,,"27,0",,revisar,7962
7451.0,07/10/2024,LA SERENA,,Rural,13.0,,58.0,,,437619
7452.0,2024-11-05,ovalle,,centro,7.0,Baja,18.0,ERROR,revisar,646290
7453.0,04/08/2024,OVALLE,Violencia,Centro,11.0,,37.0,,ok,922646
7454.0,2025-06-13,VICUÑA,,Rural,3.0,Baja,20.0,TMP-001,sin validar,442615
7455.0,2025/03/17,laserena,Hurto,Centro,"9,0",Baja,30.0,TMP-002,revisar,2986
7456.0,05/08/2025,andacollo,Violencia,Centro,5.0,Alta,"27,0",TMP-002,ok,924022
7457.0,11/03/2024,COQUIMBO,Robo,NORTE,8.0,Alta,32.0,TMP-001,,206457
7458.0,,andacollo,,NORTE,12.0,ALTA,,,,158148
7459.0,04/07/2025,Illapel,,Centro,9.0,Baja,36.0,,revisar,457202
7460.0,sin fecha,monte patria,Hurto,Sur,11.0,baja,58.0,,dato ingresado manualmente,291735
7461.0,2024-12-23,monte patria,Fraude,NORTE,6.0,Baja,63.0,TMP-002,ok,529868
7462.0,,Ovalle,Fraude,Centro,2.0,Alta,34.0,TMP-002,revisar,265000
7463.0,Apr-16-2024,coquimbo,Hurto,Norte,12.0,ALTA,29.0,ERROR,sin validar,194779
,2025-11-04,OVALLE,Violencia,Rural,4.0,media,57.0,TMP-001,,870018
7465.0,2024/02/19,OVALLE,Violencia,Rural,5.0,Alta,50.0,,,473541
7466.0,2024-07-23,Coquimbo ,robo,centro,18.0,Media,21.0,,,260091
7467.0,2025/12/24,ovalle,Violencia,NORTE,17.0,Alta,46.0,TMP-001,dato ingresado manualmente,628372
7468.0,,SALAMANCA,Accidente,Rural,1.0,,49.0,,dato ingresado manualmente,426752
7469.0,2024-05-27,Illapel,,,2.0,baja,17.0,,,162641
7470.0,Jan-09-2025,illapel,Accidente,centro,18.0,baja,60.0,TMP-002,,170453
7471.0,Jul-07-2024,SALAMANCA,,Sur,10.0,,,TMP-001,,865134
7472.0,,OVALLE,,,13.0,Alta,61.0,TMP-002,,357091
7473.0,Jul-13-2024,coquimbo,Hurto,norte,16.0,Alta,27.0,TMP-001,ok,908141
7474.0,Aug-28-2025,Vicuña,,,7.0,Media,44.0,,,289086
7475.0,,Serena,Violencia,,8.0,ALTA,63.0,,sin validar,773455
7476.0,2025-07-25,Coquimbo ,Hurto,NORTE,13.0,baja,38.0,TMP-001,dato ingresado manualmente,302187
,2025-07-03,illapel,Violencia,NORTE,,Baja,15.0,,ok,714981
7478.0,13/05/2025,COQUIMBO,Violencia, NORTE ,6.0,Baja,39.0,,,597192
7479.0,Jan-30-2025,Salamanca, Accidente ,Rural,7.0,baja,66.0,TMP-002,ok,83431
7480.0,24/09/2024,COQUIMBO,robo,NORTE,18.0,,58.0,TMP-002,,485720
7481.0,2025/11/24,Coquimbo ,robo,Rural,6.0,baja,45.0,TMP-001,dato ingresado manualmente,59585
7482.0,sin fecha,Andacollo,Accidente,centro,6.0,Alta,"35,0",TMP-002,sin validar,744480
7483.0,Jan-24-2025,OVALLE,,centro,14.0,Baja,34.0,,,825883
7484.0,24/09/2025,la serena,,Norte,8.0,baja,45.0,,,92302
7485.0,2024/04/05,LaSerena,Accidente,,4.0,,,TMP-001,sin validar,319315
7486.0,2025/09/16,andacollo,Accidente,Norte,16.0,Baja,42.0,TMP-001,sin validar,342973
7487.0,Aug-26-2024,ovalle,Violencia,Sur,,baja,21.0,,sin validar,220068
7488.0,2025-02-13,Vicuña,Hurto,Sur,5.0,baja,32.0,TMP-001,dato ingresado manualmente,330436
7489.0,sin fecha,Serena,Hurto,Sur,15.0,Media,23.0,TMP-002,,863937
7490.0,12/04/2025,LaSerena,Fraude,,19.0,ALTA,36.0,,revisar,583887
7491.0,2025-01-20,La Serena,Accidente, Sur ,17.0,ALTA,59.0,,dato ingresado manualmente,255467
7492.0,2025-08-24,COQUIMBO,Violencia,centro,18.0,,22.0,TMP-002,revisar,870923
7493.0,2024/03/27,Illapel,robo,,16.0,Baja,19.0,ERROR,sin validar,210984
7494.0,Nov-08-2025,Coquimbo ,robo,Norte,18.0,Alta,15.0,TMP-002,ok,581169
7495.0,,Vicuña,Fraude,Norte,4.0,,28.0,,sin validar,638718
,Apr-16-2025,Montepatria,,Centro,,Baja,"52,0",,,776162
7497.0,26/04/2025,Salamanca,robo,Rural,9.0,Media,26.0,,,951096
7498.0,Mar-29-2025,Salamanca,robo,Rural,13.0,Media,38.0,,sin validar,142068
7499.0,Dec-02-2024,monte patria,Accidente,Rural,16.0,Baja,62.0,,,318514
7500.0,2024-10-22,illapel,Fraude,NORTE,12.0,Media,27.0,TMP-001,,991178
7501.0,09/06/2024,Illapel,,NORTE,19.0,Baja,27.0,TMP-001,,905419
7502.0,26/09/2025,Coquimbo ,robo,,17.0,ALTA,57.0,TMP-002,sin validar,514798
7503.0,Aug-06-2025,la serena,robo,centro,11.0,Alta,"47,0",TMP-001,,450420
7504.0,09/12/2025,VICUÑA,Hurto,Norte,3.0,Baja,26.0,TMP-002,,909612
7505.0,2024-04-01,la serena,Fraude,Norte,2.0,,33.0,,sin validar,380562
7506.0,2025/07/20,Andacollo,Hurto,,2.0,,26.0,,,76576
7507.0,10/05/2024,Serena,robo,Sur,16.0,ALTA,28.0,ERROR,,769743
7508.0,2025-07-14,Serena,Fraude,Rural,13.0,,"17,0",,revisar,190095
7509.0,2025-08-17,andacollo,,Sur,"9,0",ALTA,26.0,TMP-001,dato ingresado manualmente,769644
7510.0,May-22-2024,Illapel,Robo,Norte,14.0,Media,42.0,TMP-002,dato ingresado manualmente,940696
7511.0,05/06/2025,monte patria,Violencia,,1.0,Media,42.0,TMP-001,dato ingresado manualmente,560433
7512.0,Aug-22-2025,Ovalle,Hurto,Rural,7.0,,55.0,,ok,366292
7513.0,2025/11/16,Salamanca,,centro,9.0,Baja,37.0,TMP-002,ok,169663
7514.0,Dec-11-2024,SALAMANCA,Robo,,11.0,ALTA,41.0,ERROR,sin validar,782384
7515.0,2024/05/25,andacollo,Robo,Rural,6.0,ALTA,25.0,ERROR,,801476
7516.0,13/09/2025,la serena,Robo,Centro,,,58.0,TMP-002,,365469
7517.0,Apr-18-2024,OVALLE,Fraude,,,Media,40.0,ERROR,,347324
7518.0,2025/02/14,Ovalle,robo,Norte,16.0,Baja,28.0,ERROR,,113082
7519.0,2025-06-24,VICUÑA,robo,norte,16.0,ALTA,55.0,TMP-001,,546114
7520.0,2024-04-17,LaSerena,Accidente,,11.0,Media,25.0,ERROR,dato ingresado manualmente,873141
7521.0,sin fecha,Coquimbo,Hurto,Sur,11.0,Alta,50.0,,revisar,844576
7522.0,,LA SERENA,Hurto,Norte,2.0,Baja,"55,0",,,431623
7523.0,2025-03-24,Vicuña,Violencia,Norte,3.0,Alta,18.0,ERROR,,435388
7524.0,31/10/2024,ovalle,robo,,16.0,ALTA,30.0,TMP-002,ok,820649
7525.0,2024-12-04,LaSerena,Robo,Sur,1.0,  ,52.0,TMP-002,sin validar,477297
7526.0,,La Serena,Fraude,Rural,13.0,ALTA,33.0,ERROR,ok,613322
7527.0,,vicuna,Violencia,Sur,, Media ,18.0,TMP-002,revisar,396179
7528.0,2025-11-24,OVALLE,Robo,Norte,2.0,Baja,31.0,ERROR,revisar,476806
7529.0,30/06/2025,Serena,,Rural,,,24.0,ERROR,ok,978525
7530.0,Feb-09-2024,Serena,,Sur,,Baja,62.0,,,853034
7531.0,25/04/2024,Illapel,Accidente,NORTE,12.0,ALTA,57.0,,revisar,205023
7532.0,,ovalle,Fraude,Centro,9.0,,54.0,,ok,942761
7533.0,08/05/2024,OVALLE,robo,Rural,19.0,,23.0,ERROR,,996928
7534.0,2025/04/20,SALAMANCA,Hurto,Rural,-3.0,Baja,29.0,,revisar,770725
7535.0,,illapel,robo,centro,3.0,baja,62.0,,revisar,862907
7536.0,2024-12-18,andacollo,Robo,NORTE,15.0,ALTA,28.0,ERROR,dato ingresado manualmente,845039
7537.0,Mar-06-2024,andacollo,,NORTE,6.0,,37.0,,revisar,452369
7538.0,2024-12-19,LA SERENA,robo,centro,8.0,baja,59.0,TMP-001,sin validar,417033
7539.0,06/01/2024,monte patria,Fraude,Rural,12.0,Alta,26.0,,ok,487781
7540.0,2025/03/02,Salamanca,Robo,Norte,10.0,Alta,25.0,ERROR,,192421
7541.0,,OVALLE,robo, centro ,6.0,Media,37.0,TMP-001,,205394
7542.0,16/08/2025,LaSerena,Fraude,,8.0,Baja,34.0,ERROR,,301117
7543.0,Aug-05-2025,Ovalle,Accidente,Centro,17.0,ALTA,nan,,dato ingresado manualmente,290821
7544.0,23/07/2024,ovalle,Robo,centro,11.0,ALTA,59.0,,,891514
7545.0,2024-03-02,andacollo,Accidente,Rural,2.0,Media,17.0,,dato ingresado manualmente,104254
7546.0,23/05/2024,OVALLE,robo,Sur,18.0,Media,19.0,TMP-001,dato ingresado manualmente,720085
7547.0,2025/01/07,Coquimbo ,Accidente,centro,10.0,Alta,23.0,,sin validar,727330
7548.0,23/10/2025,Montepatria,Accidente,Sur,0.0,Baja,25.0,,sin validar,541951
7549.0,2025-03-16,Monte Patria,Violencia,Norte,10.0,baja,66.0,TMP-001,sin validar,30116
7550.0,Mar-04-2025,MONTEPATRIA,VIOLENCIA,Norte,6.0,baja,41.0,ERROR,,474262
7551.0,,Coquimbo ,Robo,Centro,7.0,Alta,16.0,ERROR,,320190
7552.0,Apr-05-2025,Serena,Hurto,centro,,Media,66.0,,sin validar,437909
7553.0,Mar-12-2025,Coquimbo ,Violencia,centro,8.0,,17.0,,sin validar,514817
7554.0,Sep-02-2024,Salamanca, robo ,Rural,4.0,Media,,ERROR,,665137
7555.0,,Salamanca,,Norte,15.0,baja,63.0,TMP-001,,260690
7556.0,2025-07-30,Illapel,,Sur,500.0,Media,25.0,,,313591
7557.0,2024/08/26,LA SERENA,Robo,NORTE,18.0,ALTA,34.0,ERROR,,953892
7558.0,03/02/2024,La Serena,Robo,NORTE,9.0,Baja,,TMP-001,revisar,649577
7559.0,22/04/2025,coquimbo,Violencia,NORTE,7.0,ALTA,40.0,TMP-001,ok,284762
7560.0,,la serena,Hurto,Rural,3.0,Baja,52.0,TMP-002,dato ingresado manualmente,708441
7561.0,,COQUIMBO,Hurto,norte,1.0,ALTA,16.0,ERROR,ok,375197
7562.0,2024/10/01,COQUIMBO,Fraude,Rural,3.0,baja,68.0,,revisar,952723
7563.0,2024-01-20,andacollo,Fraude,,1.0,,29.0,TMP-001,,258380
7564.0,2025-06-24,Montepatria,Fraude,,5.0,baja,29.0,TMP-001,,705083
7565.0,Apr-07-2025,la serena,,Sur,11.0,Baja,-1.0,,ok,951375
7566.0,sin fecha,illapel,robo,centro,15.0,media,35.0,ERROR,sin validar,507080
7567.0,Jun-24-2024,vicuna,robo,,7.0,ALTA,40.0,,ok,627874
7568.0,2024/05/26,Montepatria,robo,Centro,9.0,,49.0,ERROR,ok,351549
7569.0,Aug-14-2024,LaSerena,Hurto,Rural,18.0,ALTA,45.0,TMP-002,revisar,139852
7570.0,,Serena,Robo,centro,13.0,Baja,18.0,,revisar,811858
7571.0,Dec-09-2025,Salamanca,Hurto,,13.0,Baja,42.0,,,384052
7572.0,2025-05-13,Monte Patria,Violencia,centro,,Alta,24.0,,dato ingresado manualmente,582469
7573.0,,SALAMANCA,robo,NORTE,18.0,,68.0,TMP-002,,334104
7574.0,2024/08/30,Serena,Fraude,,1.0,Baja,61.0,TMP-001,ok,341603
7575.0,2025-04-25,illapel,Violencia,,500.0,baja,15.0,TMP-002,revisar,861456
7576.0,17/08/2025,ovalle,Fraude,NORTE,5.0,,30.0,TMP-002,,328401
7577.0,2025/06/26,Vicuña,robo,Norte,4.0,ALTA,54.0,,sin validar,105492
7578.0,sin fecha,ovalle,Violencia,Sur,-3.0,baja,67.0,TMP-002,ok,732308
7579.0,23/03/2024,Illapel,,Sur,16.0,Media,29.0,TMP-001,,953523
7580.0,Apr-26-2025,VICUÑA,Robo,,8.0,Alta,21.0,TMP-001,revisar,115138
7581.0,2024/01/30,Vicuña,Hurto,,19.0,Alta,45.0,TMP-001,dato ingresado manualmente,183002
7582.0,2024-06-23,la serena,Hurto,,13.0,Alta,62.0,ERROR,revisar,838509
7583.0,08/04/2025,Monte Patria,Hurto,Rural,"14,0",Alta,56.0,TMP-001,,379981
7584.0,29/08/2025, Vicuña ,Violencia,,9.0,Media,58.0,,,376750
7585.0,sin fecha,COQUIMBO,Accidente,,13.0,Baja,51.0,,ok,918376
7586.0,20/08/2025,La Serena,Robo,NORTE,4.0,Baja,51.0,ERROR,,434039
7587.0,04/04/2025,COQUIMBO,Accidente,centro,9.0,Baja,"23,0",TMP-001,dato ingresado manualmente,531503
7588.0,2025/08/22,Monte Patria,Fraude,Norte,16.0,Baja,38.0,ERROR,sin validar,332095
7589.0,,andacollo,,CENTRO,10.0,,,,,677770
7590.0,,SALAMANCA,Accidente, NORTE ,15.0,,33.0,,sin validar,968334
7591.0,2025/08/13,Vicuña,Fraude,Norte,6.0,,50.0,TMP-002,ok,119561
7592.0,17/12/2024,montepatria,Violencia,centro,12.0,ALTA,58.0,,dato ingresado manualmente,67782
7593.0,Apr-29-2025,la serena,Fraude,,16.0,,55.0,TMP-002,,171120
7594.0,18/03/2025,COQUIMBO,Fraude,,9.0,Media,25.0,ERROR,revisar,497407
7595.0,2024-12-25,Coquimbo,,Sur,16.0,baja,20.0,,revisar,841883
7596.0,sin fecha,coquimbo,Hurto,Centro,7.0,ALTA,30.0,,,437560
7597.0,May-21-2025,SALAMANCA,,,18.0,Media,41.0,TMP-001,revisar,818138
7598.0,07/06/2025,monte patria,Accidente,Centro,19.0,Media,63.0,,,542565
7599.0,Jul-19-2025,Salamanca,Hurto,Norte,1.0,baja,54.0,TMP-002,ok,586275
7600.0,2024-12-23,la serena,Fraude,NORTE,3.0,baja,44.0,ERROR,dato ingresado manualmente,868164
7601.0,2025/10/04,coquimbo,Robo,Sur,6.0,Media,29.0,,ok,156508
7602.0,sin fecha,Monte Patria,Hurto,NORTE,7.0,Alta,63.0,TMP-002,ok,736908
7603.0,,LA SERENA,ROBO,Sur,"10,0",,44.0,,,738071
7604.0,2025/05/11,ovalle,robo,Sur,1.0,,50.0,,dato ingresado manualmente,546960
7605.0,2025/09/17,coquimbo,Accidente,,19.0,Media,36.0,,dato ingresado manualmente,161350
7606.0,,COQUIMBO,,,14.0,,,ERROR,,169796
7607.0,,Serena,robo,centro,3.0,Alta,37.0,ERROR,,692144
7608.0,2025-06-04,Serena,Violencia,centro,7.0,Baja,36.0,,,707864
7609.0,Nov-21-2025,Coquimbo ,ACCIDENTE,centro,6.0,,66.0,ERROR,revisar,106198
7610.0,2024/04/27,SALAMANCA,Robo,CENTRO,8.0,Baja,52.0,TMP-001,sin validar,93430
7611.0,26/04/2025,Illapel,Robo,Centro,1.0,,54.0,,,620359
7612.0,Jul-20-2025,La Serena,,CENTRO,13.0,Alta,64.0,,sin validar,749504
7613.0,2025/02/20,Ovalle,robo,Rural,16.0,,31.0,ERROR,,323678
7614.0,sin fecha,Montepatria, robo ,Rural,4.0,,49.0,TMP-002,dato ingresado manualmente,764527
7615.0,sin fecha,la serena,,,19.0,MEDIA,"17,0",,,548741
7616.0,sin fecha,Coquimbo ,Fraude,Rural,6.0,Baja,48.0,,sin validar,694274
7617.0,,vicuna,Fraude,Rural,2.0,Media,34.0,,revisar,217264
7618.0,Nov-15-2024,Monte Patria,Accidente,Centro,13.0,,34.0,TMP-002,revisar,407089
7619.0,2025/10/10,ovalle,,centro,,ALTA,42.0,ERROR,revisar,984739
7620.0,Apr-21-2024,Ovalle,Violencia,NORTE,5.0,Alta,59.0,ERROR,revisar,582048
7621.0,2024/12/24,Andacollo,,Norte,2.0,baja,25.0,,sin validar,927406
7622.0,Apr-05-2025,La Serena,,NORTE,6.0,,67.0,,dato ingresado manualmente,84736
7623.0,2024-10-04,OVALLE,HURTO,Rural,2.0,Media,36.0,ERROR,sin validar,755986
7624.0,Sep-19-2024,Coquimbo,Robo,Rural,19.0,Media,37.0,ERROR,dato ingresado manualmente,403675
,2024-10-15,ovalle,,,5.0,Alta,62.0,TMP-001,revisar,423916
7626.0,sin fecha,Illapel,Fraude,Norte,13.0,,20.0,,revisar,725233
7627.0,Jul-07-2025,Andacollo,,Norte,17.0,Media,15.0,ERROR,ok,758349
7628.0,,Andacollo,Robo,Sur,10.0,Baja,56.0,TMP-001,,731394
7629.0,2024-05-29,COQUIMBO,Robo,Sur,1.0,Media,46.0,ERROR,revisar,176831
7630.0,2024-01-24,Montepatria,Fraude,Rural,6.0,baja,62.0,,revisar,552543
7631.0,2025-11-14,andacollo,Hurto,Sur,9.0,ALTA,69.0,,revisar,149714
7632.0,2024/09/24,La Serena,Fraude,centro,9.0,Baja,"53,0",TMP-002,,652592
7633.0,26/11/2025,monte patria,Fraude,Centro,11.0,,29.0,,,750761
7634.0,2024-06-10,Montepatria,Robo,,5.0,Baja,33.0,,sin validar,242539
7635.0,2025-05-02,Andacollo,Fraude,,,,62.0,TMP-002,ok,619894
7636.0,2024-09-09,Coquimbo,robo,Centro,11.0,baja,52.0,,,755673
7637.0,2024/04/29,Illapel,Violencia,Norte,18.0,ALTA,,,,466949
7638.0,2024/05/30,Monte Patria,robo,Centro,3.0,ALTA,38.0,,,639242
7639.0,Apr-02-2025,la serena,robo,centro,11.0,ALTA,63.0,TMP-001,,899095
7640.0,Oct-27-2025,COQUIMBO,Fraude,Rural,7.0,Media,31.0,TMP-002,dato ingresado manualmente,267563
7641.0,2024-07-02,coquimbo,Violencia,centro,4.0,Baja,"55,0",,dato ingresado manualmente,272193
7642.0,14/01/2025,monte patria,Accidente,,3.0,baja,62.0,TMP-001,,63853
7643.0,2024/09/02,andacollo,Hurto,Norte,5.0,Baja,35.0,ERROR,,321223
7644.0,Jun-18-2025,andacollo,Fraude,Sur,1.0,,20.0,TMP-001,,236046
7645.0,04/09/2024,vicuna,,Sur,17.0,Alta,38.0,ERROR,,590565
7646.0,01/03/2025,Monte Patria,,Sur,18.0,,57.0,TMP-001,dato ingresado manualmente,651495
7647.0,2024-12-17,andacollo,Robo,NORTE,16.0,ALTA,27.0,TMP-002,dato ingresado manualmente,689500
7648.0,03/03/2024, illapel ,Fraude,Sur,13.0,Baja,25.0,,ok,535774
,May-31-2024,LA SERENA,Fraude,Norte,4.0,baja,69.0,TMP-002,sin validar,441667
7650.0,28/07/2024,illapel,Hurto,,18.0,ALTA,43.0,,revisar,825160
7651.0,09/03/2025,OVALLE,Fraude,Centro,"19,0",baja,58.0,,,964700
7652.0,31/01/2025, Vicuña ,Accidente,Sur,8.0,ALTA,17.0,,ok,159747
,2024-10-02,Andacollo,Violencia,Centro,7.0,Baja,64.0,TMP-002,sin validar,141165
7654.0,2025/09/15,Illapel,Violencia,Centro,8.0,ALTA,47.0,,,622956
7655.0,06/08/2024,SALAMANCA,,NORTE,13.0,Baja,63.0,,ok,256682
7656.0,,Monte Patria,robo,Rural,14.0,Alta,52.0,,sin validar,409267
7657.0,Jul-05-2024,Illapel,robo,NORTE,14.0,ALTA,"27,0",,sin validar,970775
7658.0,,Ovalle,robo,Centro,7.0,ALTA,44.0,,ok,458129
7659.0,Oct-16-2025,andacollo,,NORTE,12.0,Baja,29.0,TMP-001,sin validar,833329
,2025/03/24,la serena,,Sur,,Baja,26.0,,,506562
7661.0,Mar-30-2025,Montepatria,Robo,Norte,3.0,Alta,42.0,,revisar,760927
7662.0,2025/04/28,Ovalle,,Rural,13.0,ALTA,15.0,TMP-001,revisar,380489
7663.0,04/11/2024,OVALLE,,centro,10.0,,42.0,ERROR,sin validar,695785
7664.0,,La Serena,Robo,NORTE,13.0,Baja,48.0,TMP-001,dato ingresado manualmente,765171
7665.0,,andacollo,Violencia,centro,500.0,Baja,50.0,,,878434
7666.0,Apr-30-2025,Monte Patria,VIOLENCIA,centro,15.0,,48.0,TMP-002,sin validar,848429
7667.0,2025/12/27,Andacollo,Fraude,,,Baja,30.0,,sin validar,842412
7668.0,2025-12-11,LA SERENA,Violencia,centro,7.0,Media,68.0,,revisar,36870
7669.0,2025/04/15,ANDACOLLO,Robo,,13.0,Alta,15.0,TMP-002,,824611
7670.0,2025-03-06,Coquimbo,Hurto,Rural,4.0,Media,57.0,TMP-002,dato ingresado manualmente,683306
,2025/05/21,LaSerena,robo,,8.0,ALTA,50.0,TMP-002,revisar,712215
7672.0,25/01/2025,Ovalle,,Rural,14.0,ALTA,,,,512990
7673.0,30/04/2024,coquimbo,Robo,,1.0,Media,20.0,TMP-001,,653499
7674.0,,VICUÑA,Hurto,NORTE,9.0,Alta,40.0,TMP-002,dato ingresado manualmente,431827
7675.0,,Ovalle,,,17.0,,43.0,ERROR,ok,733149
7676.0,18/04/2024,La Serena, nan ,Rural,5.0,baja,47.0,TMP-002,ok,751777
7677.0,Feb-18-2025,LaSerena,Hurto,Centro,16.0,baja,18.0,TMP-002,,464049
7678.0,06/03/2025,VICUÑA,Fraude,Centro,10.0,Baja,64.0,TMP-001,revisar,483429
7679.0,2024/07/13,andacollo,Robo,Norte,2.0,baja,29.0,ERROR,ok,537720
7680.0,28/03/2025,Serena,,,14.0,ALTA,23.0,,revisar,388216
7681.0,01/07/2025,Monte Patria,Robo,Centro,13.0,Baja,68.0,TMP-002,,907330
7682.0,2024/05/25,Monte Patria,,Norte,12.0, Alta ,57.0,,revisar,446597
7683.0,,Serena,robo,Sur,12.0,Baja,38.0,TMP-001,sin validar,712455
7684.0,10/02/2025, la serena ,,Sur,9.0,Media,50.0,ERROR,,937940
7685.0,2024-08-21,coquimbo,Fraude,Rural,11.0,ALTA,17.0,ERROR,ok,687268
7686.0,Aug-01-2024,Coquimbo,Hurto,centro,3.0,baja,48.0,,revisar,52683
7687.0,Jun-26-2025,Illapel,,centro,19.0,ALTA,57.0,TMP-002,,759657
7688.0,2025/11/26,Monte Patria,robo,CENTRO,5.0,Baja,36.0,TMP-002,,504405
7689.0,,COQUIMBO,Robo,Norte,10.0,,59.0,,dato ingresado manualmente,39716
7690.0,Apr-24-2025,andacollo,Violencia,,3.0,,61.0,ERROR,revisar,296555
7691.0,2024/05/26,Andacollo,Fraude,Sur,15.0,,14.0,TMP-001,,600612
7692.0,31/01/2024,monte patria,Hurto,,16.0,baja,60.0,ERROR,revisar,87714
7693.0,Apr-19-2025,coquimbo,Violencia,Centro,16.0,,54.0,,sin validar,600522
7694.0,2025/07/31,Monte Patria,Hurto,,6.0,  ,25.0,,revisar,303664
7695.0,2024/05/07,VICUÑA,Robo,Norte,5.0,Alta,51.0,TMP-001,revisar,352879
7696.0,2024/11/20,coquimbo,robo,Rural,8.0,,61.0,,revisar,859485
7697.0,sin fecha,Vicuña,Violencia,,nan,,60.0,,ok,107790
7698.0,2024-11-02,SERENA,VIOLENCIA,Sur,1.0,Alta,39.0,TMP-001,revisar,901515
7699.0,2025/08/21,Serena,Hurto,Centro,8.0,baja,35.0,TMP-001,ok,442914
7700.0,Jun-06-2024,La Serena,Fraude,Sur,9.0,baja,65.0,ERROR,,816470
7701.0,24/03/2025,VICUÑA,accidente,centro,18.0,baja,49.0,TMP-001,dato ingresado manualmente,706096
7702.0,,Coquimbo,Violencia,,18.0,ALTA,68.0,ERROR,ok,651631
7703.0,Sep-21-2024,coquimbo,robo,Rural,9.0,ALTA,17.0,,dato ingresado manualmente,538383
7704.0,2024-12-08,andacollo,Robo,Centro,12.0,ALTA,,,ok,367641
,2024/06/03,vicuna,Violencia,Norte,14.0,Baja,"35,0",ERROR,,641108
7706.0,,LA SERENA,Hurto,,14.0,ALTA,38.0,ERROR,sin validar,481149
7707.0,sin fecha,Serena,robo,Norte,7.0,Media,50.0,ERROR,dato ingresado manualmente,542286
7708.0,2025-02-18,SALAMANCA,HURTO,Centro,1.0,baja,"17,0",ERROR,revisar,588483
7709.0,21/11/2024,SALAMANCA,Accidente,,4.0,ALTA,"25,0",TMP-002,,418459
7710.0,07/04/2025,salamanca,,centro,16.0,,28.0,,,747270
7711.0,Jan-01-2024,illapel,Violencia, NORTE ,2.0,Media,55.0,ERROR,,912596
7712.0,22/08/2025,vicuna,robo,,18.0,ALTA,54.0,,dato ingresado manualmente,192647
7713.0,2025-04-10,Monte Patria,Accidente,Norte,,baja,55.0,TMP-002,ok,232134
7714.0,20/11/2025,Salamanca,,Norte,1.0,,42.0,ERROR,dato ingresado manualmente,289709
7715.0,2024/12/27,la serena,Hurto,Sur,11.0,Alta,34.0,TMP-002,dato ingresado manualmente,768590
7716.0,2025-12-22,monte patria,Hurto,Rural,13.0,baja,37.0,TMP-002,ok,627785
7717.0,2025-08-22,Illapel,Violencia,Centro,"10,0",ALTA,24.0,TMP-001,,4571
7718.0,,illapel,Accidente,NORTE,16.0,ALTA,39.0,TMP-001,revisar,299293
7719.0,16/06/2024,Andacollo,Violencia,Rural,13.0,,"69,0",ERROR,,321566
7720.0,20/10/2024,Coquimbo,Robo,norte,14.0,Media,44.0,ERROR,,655801
7721.0,Apr-09-2025,La Serena,,Sur,12.0,Alta,54.0,TMP-001,dato ingresado manualmente,765711
7722.0,2025-03-26,illapel,robo,norte,18.0,,"47,0",,sin validar,355228
7723.0,Jan-12-2025,VICUÑA,robo,NORTE,1.0,,31.0,TMP-001,,809795
7724.0,Dec-16-2024,Montepatria,Violencia,centro,11.0,Baja,15.0,,dato ingresado manualmente,281477
7725.0,2025-06-26,Andacollo,Robo,Rural,3.0,ALTA,20.0,TMP-001,dato ingresado manualmente,923997
7726.0,Jan-06-2024,OVALLE,Robo,Sur,12.0,Alta,30.0,TMP-001,revisar,530551
7727.0,2025/08/10,LaSerena,Robo,Norte,3.0,Baja,25.0,TMP-002,,895670
7728.0,,la serena,VIOLENCIA,centro,,,67.0,,,705836
7729.0,May-26-2025,monte patria,robo,Sur,9.0,ALTA,34.0,TMP-001,,789243
7730.0,,Serena,Hurto,centro,2.0,ALTA,66.0,,ok,985434
7731.0,2025/06/25,La Serena,Violencia,centro,17.0,,66.0,ERROR,ok,453880
7732.0,,Monte Patria,Robo, Sur ,17.0,Media,41.0,TMP-001,,40825
7733.0,,Montepatria,,Sur,15.0,,23.0,ERROR,,872577
7734.0,,Coquimbo,robo,Rural,-3.0,Media,26.0,ERROR,dato ingresado manualmente,75048
,28/06/2024,Vicuña,robo,Sur,19.0,,53.0,,revisar,248303
7736.0,2025-06-25,Andacollo,,centro,5.0,,67.0,ERROR,revisar,770231
7737.0,Sep-24-2024,SALAMANCA,Hurto,Norte,7.0,Baja,"51,0",ERROR,dato ingresado manualmente,915063
7738.0,2024/07/27,ovalle,,Centro,16.0,baja,130.0,ERROR,dato ingresado manualmente,979779
7739.0,17/12/2024,andacollo,, Sur ,3.0,,32.0,TMP-002,revisar,218619
7740.0,01/12/2024,La Serena,Accidente,Norte,"16,0",,35.0,,ok,925838
7741.0,2025/08/02,Monte Patria,Fraude,NORTE,16.0,Alta,23.0,TMP-001,ok,595681
7742.0,Jul-03-2025,Coquimbo,,Centro,10.0,baja,25.0,TMP-002,dato ingresado manualmente,768157
7743.0,Jun-04-2024,Monte Patria,robo,Sur,15.0,Media,44.0,TMP-002,sin validar,10005
7744.0,Jun-29-2025,Montepatria,Robo,Norte,8.0,,27.0,TMP-001,,301540
7745.0,Jan-15-2024,VICUÑA,,Centro,7.0,,32.0,,revisar,450327
7746.0,2024/10/25,vicuna,,Sur,9.0,,24.0,,ok,801131
7747.0,2025-07-11,VICUÑA,Hurto,NORTE,1.0,,22.0,TMP-002,revisar,579256
,2025/03/10,vicuna,Robo,Rural,15.0,Media,55.0,TMP-001,dato ingresado manualmente,399462
7749.0,15/05/2025,VICUÑA,Robo,centro,17.0,Media,"68,0",TMP-002,,931530
7750.0,2025/10/27,LaSerena,Hurto,centro,14.0,,39.0,,sin validar,91578
,2024/05/13,andacollo,Accidente,Centro,2.0,baja,49.0,,revisar,90755
7752.0,07/09/2024,ovalle,Fraude,NORTE,11.0,baja,65.0,ERROR,ok,804246
7753.0,,LA SERENA,robo,NORTE,5.0,Alta,27.0,TMP-001,ok,685552
7754.0,2025/03/02,monte patria,Robo,,10.0,ALTA,46.0,,,417501
7755.0,2024/04/27,coquimbo,Violencia,Norte,,,51.0,TMP-001,,104861
7756.0,sin fecha,monte patria,,Rural,9.0,baja,33.0,,revisar,22814
7757.0,2025/03/24,monte patria,Accidente,Norte,9.0,Alta,68.0,,revisar,161528
7758.0,Sep-18-2024,Vicuña,,Rural,2.0,,18.0,TMP-002,,563279
7759.0,Jul-28-2024,OVALLE,robo,NORTE,18.0,baja,66.0,,revisar,818473
7760.0,2025/06/14,Monte Patria,Hurto,Norte,3.0,Media,20.0,TMP-002,dato ingresado manualmente,702522
7761.0,2025/11/09,SALAMANCA,Robo,Rural,1.0,Alta,33.0,TMP-002,,185747
7762.0,Nov-02-2024,ovalle,,,7.0,Media,19.0,ERROR,,405669
,2025/08/14,Serena,Hurto,NORTE,15.0, ALTA ,37.0,,sin validar,162913
7764.0,15/01/2025,vicuna,Fraude,Norte,18.0,baja,68.0,,,948786
7765.0,06/06/2024,Vicuña,Violencia,Centro,4.0,Baja,32.0,,sin validar,617438
7766.0,2025/11/02,Montepatria,Accidente,Centro,12.0,,58.0,TMP-001,sin validar,259849
7767.0,Nov-14-2024,coquimbo,ROBO,Norte,10.0,Media,36.0,ERROR,sin validar,131120
7768.0,2024/05/24,monte patria,Fraude,,10.0,Baja,60.0,,sin validar,563522
7769.0,2025-04-22,vicuna,robo,Centro,15.0,Alta,14.0,ERROR,dato ingresado manualmente,320820
7770.0,Sep-27-2024,VICUÑA,Violencia,Rural,13.0,Media,20.0,,,811302
,sin fecha,Montepatria,Fraude,Norte,11.0,Baja,65.0,ERROR,dato ingresado manualmente,627354
7772.0,Jan-03-2025,Vicuña,Accidente,,8.0,Baja,15.0,TMP-001,dato ingresado manualmente,242256
7773.0,2025/01/30,Illapel,Fraude,Centro,1.0,baja,45.0,ERROR,dato ingresado manualmente,193251
7774.0,Jun-30-2025,Ovalle,,NORTE,11.0,Alta,50.0,ERROR,ok,122705
7775.0,2025/08/28,coquimbo, Accidente ,centro,"17,0",Alta,37.0,TMP-001,,930935
7776.0,May-14-2025,SALAMANCA,Fraude,Sur,3.0,Media,17.0,TMP-002,,493274
7777.0,Mar-24-2025,Illapel,Robo,Rural,3.0,Alta,17.0,TMP-002,,376281
7778.0,,VICUÑA,Accidente,,13.0,Alta,55.0,,,838143
7779.0,29/08/2025,VICUÑA,robo,,17.0,Alta,33.0,,sin validar,484417
7780.0,02/03/2024,Coquimbo,Accidente,Centro,3.0,Media,55.0,,dato ingresado manualmente,764892
7781.0,01/02/2025,COQUIMBO,Accidente,,7.0,baja,39.0,,,911064
7782.0,Jul-28-2025,coquimbo,Fraude,Rural,14.0,Alta,65.0,ERROR,sin validar,168841
7783.0,2025-07-20,Coquimbo,Hurto,norte,14.0,Alta,55.0,,ok,644204
7784.0,Oct-27-2025,vicuna,,centro,1.0,Media,62.0,TMP-002,sin validar,597537
7785.0,,Coquimbo ,Violencia,Rural,18.0,Media,41.0,,,987365
7786.0,26/03/2025,LA SERENA,robo,centro,12.0, Media ,51.0,TMP-002,revisar,556155
7787.0,07/11/2024,Illapel,Accidente,Norte,18.0,Alta,18.0,TMP-002,,520632
7788.0,Feb-28-2025,VICUÑA,Hurto,,15.0,baja,39.0,TMP-002,,832971
7789.0,2025/06/13,VICUÑA,Hurto,centro,18.0,Baja,"40,0",ERROR,sin validar,971378
7790.0,2025-08-11,COQUIMBO,robo,centro,14.0,Media,21.0,TMP-002,,104984
7791.0,2025/06/23,ovalle,Robo,Centro,3.0,,18.0,TMP-002,ok,344476
,2025/07/22,OVALLE,,Norte,13.0,Baja,49.0,TMP-002,,22890
7793.0,2024/08/03,La Serena,Hurto,centro,8.0,ALTA,35.0,TMP-001,,448541
7794.0,23/11/2025,Monte Patria,Accidente,Sur,"11,0",ALTA,17.0,,revisar,342415
7795.0,2025-08-16,la serena,Robo,,1.0,Media,36.0,ERROR,,838593
7796.0,Jan-21-2025,Salamanca,Fraude,centro,16.0,,27.0,TMP-002,revisar,501979
7797.0,2025-11-11,andacollo,,Norte,18.0,,29.0,,dato ingresado manualmente,631781
7798.0,Aug-30-2024,Montepatria,,NORTE,4.0,Baja,63.0,TMP-001,,879010
7799.0,2024-02-24,Montepatria,Fraude,Sur,2.0,,20.0,TMP-001,ok,31409
7800.0,Dec-31-2024,VICUÑA,Robo,Centro,13.0,,"32,0",TMP-001,ok,384704
7801.0,2024/12/08,ovalle,ACCIDENTE,Norte,1.0,Baja,68.0,TMP-002,dato ingresado manualmente,183009
7802.0,,Vicuña,Robo,Centro,15.0,baja,37.0,TMP-002,,993470
7803.0,Apr-29-2025,COQUIMBO,Hurto,Sur,5.0,baja,56.0,TMP-001,,922255
7804.0,2024/11/25,monte patria,, NORTE ,13.0,Media,28.0,,dato ingresado manualmente,524491
7805.0,27/04/2025, COQUIMBO ,Accidente,centro,7.0,,54.0,,sin validar,485276
7806.0,Nov-09-2024,LaSerena,Fraude,Norte,8.0,baja,66.0,,,831521
7807.0,2025-03-26,coquimbo,Accidente,Sur,7.0,Baja,23.0,,dato ingresado manualmente,164817
7808.0,2024-01-26,monte patria,Hurto,Sur,13.0,ALTA,29.0,TMP-001,,85656
7809.0,14/08/2024,Coquimbo ,robo,Sur,4.0,ALTA,29.0,TMP-002,,857737
7810.0,,andacollo,Violencia,Rural,8.0,ALTA,50.0,TMP-002,,247258
7811.0,,LaSerena,Accidente,Sur,6.0,ALTA,66.0,,dato ingresado manualmente,784543
7812.0,25/03/2025,Coquimbo,Violencia,Centro,5.0,baja,45.0,TMP-001,,819664
7813.0,Nov-24-2024,Salamanca,Accidente,Sur,8.0,Alta,56.0,ERROR,revisar,340133
7814.0,2025/04/16,Coquimbo,Fraude,Sur,6.0,ALTA,48.0,TMP-001,ok,367209
7815.0,Apr-10-2024,Monte Patria,hurto,Centro,"8,0",Baja,48.0,,ok,827494
,2024-03-08,la serena,Hurto,Norte,18.0,baja,66.0,,sin validar,225998
7817.0,2025-09-09,La Serena,Violencia,NORTE,15.0,Baja,63.0,TMP-001,,216370
7818.0,2024/08/18,Monte Patria,Accidente,Rural,15.0,baja,46.0,TMP-002,,920851
7819.0,,coquimbo,Robo,Rural,15.0,,53.0,,sin validar,894838
7820.0,sin fecha,Serena,Violencia,NORTE,13.0,alta,,,,872795
7821.0,2024/04/03,LA SERENA,Hurto,Rural,2.0,ALTA,41.0,,sin validar,70147
7822.0,08/11/2024,vicuna,Robo,Norte,2.0,Media,14.0,TMP-001,revisar,556852
7823.0,Dec-16-2024,vicuna,Robo,Centro,5.0,Alta,"15,0",,,313783
7824.0,2024-08-08,la serena,,Sur,16.0,Baja,39.0,ERROR,,313910
7825.0,,COQUIMBO,Accidente,Centro,1.0,,47.0,TMP-002,revisar,503322
7826.0,,Coquimbo,Robo,Sur,14.0,Media,14.0,,sin validar,306902
7827.0,sin fecha,La Serena,,Centro,,,65.0,,sin validar,929269
7828.0,May-08-2024,LaSerena,,,12.0,,60.0,,,335990
7829.0,2025/05/22,Salamanca,Accidente,,3.0,Alta,28.0,ERROR,ok,943234
7830.0,2025/11/11,monte patria,robo,Centro,4.0,ALTA,35.0,TMP-002,,690272
7831.0,,Andacollo,robo,Rural,15.0,,130.0,TMP-001,sin validar,242520
7832.0,Sep-29-2025,La Serena,Accidente,NORTE,12.0,ALTA,51.0,,dato ingresado manualmente,717833
7833.0,Sep-25-2025,LA SERENA,ROBO,,19.0,,47.0,,,293114
7834.0,sin fecha,OVALLE,Hurto,NORTE,16.0,,51.0,,revisar,335353
7835.0,24/10/2025,Ovalle,Hurto,NORTE,7.0,,68.0,TMP-001,,898154
7836.0,02/08/2025,LA SERENA,Accidente,Centro,12.0, ALTA ,,TMP-001,,115788
7837.0,,andacollo,Hurto,centro,15.0,ALTA,43.0,TMP-001,,283088
7838.0,2025/12/30,Serena,robo,Sur,9.0,baja,59.0,,revisar,192537
7839.0,18/09/2024,Montepatria,Accidente,,8.0,Media,15.0,TMP-002,revisar,687097
7840.0,2025/11/13,Andacollo,Robo,NORTE,10.0,,52.0,,dato ingresado manualmente,135913
7841.0,Jan-02-2024,Vicuña,Violencia,NORTE,19.0,ALTA,52.0,,revisar,795976
7842.0,2025-08-24,coquimbo,Violencia,NORTE,4.0,ALTA,49.0,ERROR,,394307
7843.0,2024-11-01,monte patria,,centro,10.0,Alta,14.0,TMP-001,dato ingresado manualmente,213648
7844.0,2025/11/01,SALAMANCA,Violencia,Norte,16.0,ALTA,37.0,TMP-002,revisar,763407
7845.0,Jun-12-2025,Ovalle,Robo, Rural ,2.0,Media,61.0,,,227844
7846.0,2024/02/07,la serena,robo,Sur,11.0,,31.0,,sin validar,9082
7847.0,sin fecha,Salamanca,Hurto,Sur,12.0,baja,42.0,TMP-001,dato ingresado manualmente,303623
7848.0,2024/02/20,Coquimbo,accidente,NORTE,13.0,,25.0,ERROR,ok,713686
7849.0,12/07/2024,SALAMANCA,robo,Sur,1.0,Alta,60.0,TMP-001,,860370
7850.0,2025-05-08,Ovalle,,Centro,"15,0",baja,60.0,ERROR,,472916
7851.0,2024/12/17,andacollo,Fraude, centro ,8.0,Media,41.0,,dato ingresado manualmente,825858
7852.0,29/04/2025,SALAMANCA,Accidente,Norte,19.0,Alta,49.0,TMP-001,ok,135756
7853.0,2025/07/08, La Serena ,Fraude,Norte,12.0,baja,41.0,ERROR,sin validar,347124
7854.0,20/09/2024,Monte Patria,Robo,centro,13.0,Alta,43.0,,dato ingresado manualmente,436036
7855.0,2024/12/15,Andacollo,robo,Norte,12.0,Baja,18.0,ERROR,,261728
7856.0,sin fecha,COQUIMBO,robo,NORTE,19.0,Media,38.0,,ok,48295
7857.0,2025-12-06,coquimbo,,NORTE,1.0,baja,63.0,,sin validar,709999
7858.0,Apr-04-2024,illapel,Fraude,Centro,18.0,baja,57.0,ERROR,dato ingresado manualmente,636723
7859.0,May-14-2025,LA SERENA,Violencia,Rural,19.0,baja,22.0,TMP-001,,159881
7860.0,24/11/2024,Salamanca,Fraude,,7.0,Baja,44.0,TMP-002,ok,817177
7861.0,2024-07-22,la serena,,Rural,11.0,baja,43.0,ERROR,dato ingresado manualmente,910718
7862.0,06/05/2024,SALAMANCA,Violencia,Sur,16.0,Media,31.0,TMP-002,revisar,655056
7863.0,May-31-2025,Monte Patria,Accidente,Norte,18.0,Media,46.0,,dato ingresado manualmente,202856
7864.0,sin fecha,LaSerena,,centro,17.0,Media,28.0,TMP-001,dato ingresado manualmente,222762
,2025-04-20,Salamanca,Fraude,Centro,2.0,Media,69.0,,dato ingresado manualmente,934902
7866.0,21/03/2025,Monte Patria,Fraude,Sur,3.0,ALTA,40.0,TMP-002,,436749
7867.0,,SALAMANCA,Accidente,Norte,16.0,,39.0,,revisar,686948
7868.0,Jun-29-2025,Serena,Violencia,Rural,2.0,ALTA,26.0,TMP-002,ok,365948
7869.0,12/07/2024,andacollo,Accidente,Sur,3.0,,69.0,,revisar,274546
7870.0,Jan-08-2024,Coquimbo,Hurto,Rural,12.0,baja,46.0,TMP-002,,660295
7871.0,2024-09-04,OVALLE,Accidente,SUR,5.0,Alta,53.0,,ok,471356
7872.0,23/04/2025,ovalle,robo,centro,7.0,baja,29.0,TMP-002,revisar,596951
7873.0,22/09/2024, andacollo ,,NORTE,14.0,Alta,59.0,,,746413
7874.0,2024/09/27,LaSerena,,Sur,,,15.0,TMP-001,ok,600646
7875.0,sin fecha,Illapel,,NORTE,2.0,BAJA,34.0,ERROR,ok,552586
7876.0,2025-02-13,Montepatria,Accidente,,7.0,media,"22,0",,revisar,828562
7877.0,Apr-09-2025,MONTE PATRIA,robo,centro,9.0,Baja,65.0,TMP-002,,410678
,Jan-24-2024, Serena ,robo,,4.0,ALTA,65.0,TMP-002,,633493
7879.0,Aug-04-2024,La Serena,Hurto,NORTE,18.0,,49.0,TMP-001,dato ingresado manualmente,584036
7880.0,2025/12/06,Montepatria,Accidente,NORTE,2.0,Alta,19.0,TMP-001,,536411
7881.0,2024/08/10,Coquimbo, Robo ,Sur,nan,ALTA,41.0,,revisar,270247
7882.0,Jun-07-2024,Ovalle,Fraude,Sur,14.0,ALTA,62.0,ERROR,ok,803002
7883.0,2024/09/01,Vicuña,robo,Centro,11.0,ALTA,27.0,TMP-002,,788277
7884.0,2025/09/14,Serena,Robo,,3.0,baja,31.0,ERROR,revisar,804970
7885.0,2025-01-31,monte patria,Fraude,Norte,10.0,ALTA,49.0,,dato ingresado manualmente,9944
7886.0,Sep-09-2024,Monte Patria,Accidente,Norte,14.0,ALTA,62.0,TMP-001,revisar,257998
7887.0,23/02/2024,Coquimbo,Robo,Sur,16.0,Baja,39.0,ERROR,,517467
7888.0,2024-08-03,LASERENA,Robo,centro,10.0,ALTA,20.0,TMP-002,revisar,34422
7889.0,2024-03-23,Ovalle,Hurto,,15.0,Baja,"23,0",TMP-001,revisar,416401
7890.0,2025/10/12,Andacollo,robo,Norte,7.0,baja,55.0,TMP-001,dato ingresado manualmente,680434
7891.0,2024/04/09,vicuna,Accidente,NORTE,14.0,baja,"17,0",TMP-001,ok,56244
7892.0,14/02/2024,SALAMANCA,Violencia,,5.0,ALTA,"30,0",,,660670
7893.0,2025-08-15,Coquimbo,,Norte,9.0,Baja,16.0,TMP-001,,96607
7894.0,2025/11/11,VICUÑA,Fraude,Centro,15.0,ALTA,30.0,,dato ingresado manualmente,490852
7895.0,2024-07-12,Andacollo,Fraude,Centro,1.0,baja,44.0,,,441626
7896.0,sin fecha,illapel,,Centro,16.0,Baja,65.0,,sin validar,444008
7897.0,sin fecha,Andacollo, Hurto ,Norte,15.0,ALTA,67.0,TMP-002,ok,218724
7898.0,2024/07/16,La Serena,,NORTE,"5,0",Media,37.0,,ok,433222
7899.0,2025/09/13,ovalle,Robo,Sur,12.0,nan,,TMP-002,sin validar,896890
7900.0,20/05/2024,Ovalle, Violencia ,Sur,16.0,Alta,23.0,TMP-002,,157596
7901.0,,Monte Patria,Accidente,Rural,15.0,Baja,57.0,TMP-002,,216940
7902.0,,andacollo,Hurto,Sur,13.0,,45.0,TMP-001,,130212
7903.0,Oct-09-2024,vicuna,Fraude,Sur,6.0,Alta,22.0,,sin validar,605930
7904.0,05/08/2025,LA SERENA,Hurto,centro,12.0,ALTA,45.0,TMP-001,dato ingresado manualmente,651858
7905.0,Jul-06-2024,ovalle,Violencia,NORTE,6.0,Alta,35.0,TMP-002,,211330
7906.0,2024-02-01,Salamanca,Violencia,Norte,13.0,ALTA,51.0,TMP-001,,90987
7907.0,2024-06-13,Andacollo,Hurto,,14.0,Baja,47.0,TMP-002,ok,857035
7908.0,,Coquimbo,Hurto,centro,11.0,Baja,16.0,TMP-001,,869587
7909.0,2025-12-06,Vicuña,,NORTE,10.0,Alta,35.0,TMP-001,revisar,452747
7910.0,Aug-12-2024,Ovalle,Hurto, Sur ,10.0,,17.0,,,396200
7911.0,,illapel,,centro,12.0,Media,18.0,,,954431
7912.0,2025/04/02,LA SERENA,Hurto,Centro,9.0,Baja,59.0,ERROR,revisar,678768
7913.0,2025-01-25,Illapel,Robo,NORTE,8.0,baja,42.0,TMP-002,revisar,601925
7914.0,2025/06/17,Serena,Fraude,Norte,18.0,,20.0,TMP-002,dato ingresado manualmente,614031
7915.0,19/10/2024,Ovalle,,centro,4.0,baja,31.0,TMP-002,revisar,298209
7916.0,sin fecha,Coquimbo,Robo,Rural,8.0,Alta,"54,0",TMP-002,,413496
7917.0,,COQUIMBO,Violencia,,5.0,Alta,35.0,TMP-001,,301519
7918.0,2025-04-03,Coquimbo,,Centro,17.0,baja,,TMP-001,revisar,280502
7919.0,2025/09/02,Vicuña,robo,Rural,18.0,Baja,61.0,,,346078
7920.0,23/01/2025,LaSerena,,NORTE,18.0,Alta,17.0,TMP-001,dato ingresado manualmente,598700
7921.0,Mar-14-2024,Coquimbo,,Rural,11.0,,53.0,TMP-002,ok,480052
7922.0,08/06/2025,COQUIMBO,robo,NORTE,13.0,baja,37.0,ERROR,revisar,810200
7923.0,2024-10-22,OVALLE,,Rural,4.0,baja,30.0,TMP-001,,313866
7924.0,sin fecha,Montepatria,Robo,,6.0,,15.0,TMP-002,sin validar,691334
7925.0,Aug-07-2024,Coquimbo ,Robo,Sur,13.0,,54.0,ERROR,sin validar,264429
7926.0,13/08/2024,LaSerena,HURTO,Centro,13.0,baja,25.0,,sin validar,17489
7927.0,04/05/2025,LaSerena,Violencia,Sur,"1,0", baja ,67.0,TMP-002,ok,385482
7928.0,2025-04-10,Ovalle,Robo,Norte,11.0,,41.0,TMP-002,ok,825504
7929.0,2024-12-27,Ovalle,HURTO,NORTE,"14,0",Alta,45.0,,revisar,200833
7930.0,,OVALLE,Robo,Norte,5.0,Media,31.0,,ok,812031
7931.0,Sep-01-2025,Illapel,Fraude,Norte,1.0,Alta,65.0,ERROR,,721885
7932.0,Mar-10-2025,coquimbo,Fraude,,15.0,baja,43.0,ERROR,dato ingresado manualmente,462861
7933.0,11/07/2025,Coquimbo,Hurto,centro,2.0,,14.0,TMP-002,ok,384415
7934.0,2024/07/27,illapel,fraude,Rural,6.0,Alta,18.0,,revisar,599578
7935.0,2025/02/08,COQUIMBO,Fraude,centro,15.0,Alta,53.0,TMP-001,,633727
7936.0,12/02/2025,Vicuña,Accidente,Sur,4.0,baja,57.0,,revisar,627751
7937.0,May-11-2025,COQUIMBO,Violencia,Centro,2.0,,28.0,TMP-001,sin validar,555319
7938.0,Feb-05-2025,Illapel,,Centro,17.0,ALTA,63.0,,,529882
7939.0,Sep-11-2024,Salamanca,Fraude,Centro,17.0,,14.0,TMP-002,sin validar,135506
7940.0,2024/09/13,LA SERENA,robo,Sur,10.0,ALTA,60.0,TMP-001,ok,240048
7941.0,Jun-02-2025,Montepatria,robo,NORTE,"14,0",baja,47.0,TMP-002,,615980
7942.0,10/04/2024,OVALLE,Hurto,,18.0,ALTA,39.0,ERROR,revisar,568511
7943.0,18/11/2024,Coquimbo ,robo,Centro,6.0,Media,68.0,ERROR,,194192
7944.0,2024/07/31,vicuna,robo,Centro,19.0,nan,37.0,,,884872
7945.0,2024-08-08,Coquimbo,robo,Sur,6.0,,"31,0",ERROR,,862551
,sin fecha,coquimbo,Accidente,Norte,15.0,Media,37.0,,revisar,451282
7947.0,22/09/2024,La Serena,Fraude,Centro,17.0,Alta,36.0,,dato ingresado manualmente,677442
7948.0,2025/10/03,VICUÑA,Violencia,centro,6.0,ALTA,38.0,ERROR,sin validar,138887
7949.0,Jul-10-2024,SALAMANCA,Violencia,Centro,6.0,,19.0,ERROR,,605986
7950.0,2024/09/08,Serena,Hurto,,11.0,Alta,21.0,,sin validar,985714
7951.0,08/05/2025,andacollo,robo,SUR,10.0,baja,27.0,,,689158
7952.0,23/03/2024,La Serena,Accidente,centro,,baja,32.0,TMP-002,dato ingresado manualmente,916239
7953.0,2025/04/04,Montepatria,Hurto,Centro,14.0,Alta,66.0,,,977190
7954.0,,Coquimbo,Hurto,Norte,9.0,,17.0,TMP-002,sin validar,887099
7955.0,2025/09/29,monte patria,robo,,12.0,ALTA,35.0,TMP-001,revisar,525842
7956.0,Oct-10-2025,Coquimbo,Fraude,Rural,18.0,,49.0,TMP-002,revisar,775452
7957.0,Aug-04-2024,OVALLE,ROBO,Norte,7.0,,52.0,,ok,593228
7958.0,2025/10/13,Ovalle,Hurto,centro,2.0,Media,27.0,,,243023
7959.0,2024/01/16,vicuna,Violencia,,,Baja,37.0,,sin validar,862643
7960.0,sin fecha,Monte Patria,Accidente,centro,3.0,Baja,21.0,ERROR,dato ingresado manualmente,914084
7961.0,sin fecha,monte patria,Accidente,rural,-3.0,Alta,58.0,TMP-001,ok,68116
7962.0,Nov-14-2024,monte patria,Violencia,,6.0,,41.0,,ok,741408
7963.0,,monte patria,Accidente,  ,10.0,ALTA,28.0,,revisar,562241
7964.0,May-27-2025,VICUÑA,,Centro,8.0,ALTA,50.0,,sin validar,49112
7965.0,2024/08/19,COQUIMBO,Fraude,Rural,15.0,baja,34.0,,,909340
7966.0,Jan-10-2025,Monte Patria,Fraude,Centro,19.0,Alta,40.0,,,331669
7967.0,Jul-26-2025,Illapel,Fraude,,6.0,ALTA,14.0,,revisar,380489
7968.0,2024-11-04,SALAMANCA,,Norte,4.0,baja,21.0,TMP-001,ok,258877
7969.0,25/12/2024,Coquimbo ,Fraude,Sur,8.0,Alta,61.0,ERROR,revisar,533122
7970.0,Jul-21-2024,Coquimbo ,,NORTE,7.0,ALTA,64.0,TMP-001,,676046
7971.0,,coquimbo,Robo,centro,16.0,,52.0,TMP-002,,587715
7972.0,,andacollo,Fraude,Centro,8.0,Baja,39.0,,dato ingresado manualmente,42329
7973.0,Jan-23-2024,SALAMANCA,Violencia,,5.0,Alta,52.0,,dato ingresado manualmente,804673
7974.0,Jan-19-2025,ovalle,Violencia,rural,16.0,Alta,32.0,ERROR,sin validar,788427
7975.0,26/09/2025,vicuna,,Sur,15.0,,66.0,ERROR,dato ingresado manualmente,677997
7976.0,sin fecha,Serena,Robo,Norte,9.0,,48.0,TMP-002,,689381
7977.0,,monte patria,,Rural,10.0,Alta,64.0,,,286791
7978.0,2024/05/10,Salamanca,Violencia,,19.0,,42.0,ERROR,,102845
7979.0,26/02/2025,LA SERENA,Accidente,Centro,13.0,Media,61.0,,sin validar,841457
7980.0,2024-03-12,vicuna,Robo,Rural,,Media,"19,0",ERROR,,415753
7981.0,21/10/2024,LA SERENA,Accidente,,5.0,ALTA,"68,0",TMP-001,,491077
7982.0,Aug-17-2024,Salamanca,Accidente,NORTE,3.0,Media,61.0,,,186678
7983.0,2024-01-06,OVALLE,,Norte,3.0,Baja,44.0,ERROR,,304337
7984.0,2024/01/21,LA SERENA,Accidente,Rural,2.0,baja,26.0,TMP-002,revisar,953459
7985.0,2025/12/21,VICUÑA,Accidente,Sur,13.0,,66.0,,dato ingresado manualmente,260253
7986.0,2024/09/24,Andacollo,,Sur,11.0,ALTA,20.0,ERROR,revisar,839261
7987.0,2024/04/19,SALAMANCA,Robo,Centro,1.0,Baja,60.0,TMP-001,,468532
7988.0,2024/01/12,Illapel,,Rural,3.0,,63.0,TMP-001,,254417
,2025-07-23,Monte Patria,Robo,NORTE,4.0,,"45,0",TMP-002,,561959
7990.0,May-07-2025,LaSerena,,centro,3.0,Media,31.0,ERROR,,365587
7991.0,,LaSerena,Accidente,Rural,13.0,Media,52.0,TMP-002,revisar,403821
7992.0,2024-02-11,VICUÑA,Robo,Rural,18.0,Media,38.0,ERROR,,343458
7993.0,sin fecha,coquimbo ,Accidente,,5.0,baja,-1.0,,revisar,518851
7994.0,2025-10-04,Montepatria,Accidente,Centro,18.0,baja,50.0,ERROR,ok,171185
7995.0,Nov-01-2024,La Serena,,Norte,,,35.0,,dato ingresado manualmente,878275
7996.0,25/07/2024,Illapel,,centro,7.0,Media,25.0,,,771753
7997.0,Mar-11-2024,Serena,,,15.0,Baja,40.0,TMP-001,ok,196133
7998.0,2024-05-03,Coquimbo,Violencia,Rural,16.0,ALTA,43.0,,sin validar,236757
7999.0,sin fecha,illapel,Robo,Centro,6.0,ALTA,22.0,ERROR,ok,784658
8000.0,,VICUÑA,,Sur,5.0,Media,14.0,TMP-002,sin validar,515233
8001.0,2024/01/23,LaSerena,Hurto,NORTE,14.0,Media,14.0,,ok,714361
8002.0,04/11/2024,Montepatria,Accidente,NORTE,,,47.0,,,667199
8003.0,2024-03-03,coquimbo,Accidente,Norte,14.0,Baja,56.0,,revisar,504787
8004.0,Aug-15-2025,COQUIMBO,robo,Centro,4.0,Baja,"25,0",,sin validar,135569
8005.0,2025-04-11,salamanca,robo,Sur,12.0,baja,15.0,ERROR,,811445
8006.0,18/01/2024,La Serena,Robo,NORTE,8.0,baja,,TMP-001,sin validar,705193
8007.0,,VICUÑA,Hurto,Rural,7.0,Baja,62.0,TMP-001,dato ingresado manualmente,769118
8008.0,Nov-12-2024,Ovalle,Accidente,Sur,15.0,,68.0,,revisar,559114
8009.0,2024/03/21,Ovalle,Robo,Rural,13.0,Baja,44.0,,,602625
8010.0,Mar-07-2024,vicuna,Robo,Centro,7.0,Media,28.0,,sin validar,855292
8011.0,2024/02/24,Montepatria,Fraude,Sur,3.0,,59.0,,,421281
8012.0,Aug-17-2025,vicuna,,centro,18.0,baja,58.0,,revisar,745342
8013.0,,Andacollo,,Norte,16.0,MEDIA,20.0,TMP-001,sin validar,499244
8014.0,23/03/2024,Andacollo,, Centro ,16.0,Media,16.0,ERROR,dato ingresado manualmente,197417
8015.0,02/11/2025,COQUIMBO,,NORTE,9.0,Baja,30.0,TMP-002,ok,634733
8016.0,Feb-18-2024,LaSerena,Violencia,Rural,11.0,Alta,18.0,ERROR,sin validar,245256
8017.0,31/12/2025,OVALLE,Violencia,Norte,18.0,,38.0,TMP-002,ok,854568
8018.0,Oct-14-2024,OVALLE,Hurto,centro,5.0,Alta,26.0,,dato ingresado manualmente,642407
8019.0,,LaSerena,Hurto,NORTE,8.0,ALTA,61.0,,ok,456545
8020.0,2024-02-24,Coquimbo ,,Centro,13.0,,44.0,ERROR,sin validar,457852
8021.0,2024-01-31,COQUIMBO,Violencia,Norte,16.0,ALTA,29.0,TMP-001,ok,324925
8022.0,Mar-18-2024,LA SERENA,Hurto,Sur,4.0,alta,39.0,,,823798
8023.0,2025-01-03,la serena,Violencia,Rural,"3,0",ALTA,32.0,TMP-001,,712910
8024.0,2025-09-16,Monte Patria,robo,Centro,4.0,baja,"32,0",,,206159
8025.0,03/03/2025,la serena,,centro,12.0,ALTA,35.0,,revisar,852240
8026.0,Oct-13-2025,Montepatria,,Rural,9.0,ALTA,24.0,TMP-001,dato ingresado manualmente,73684
8027.0,2024/05/02,COQUIMBO,robo,Sur,17.0,,40.0,ERROR,revisar,80115
8028.0,Nov-29-2025,vicuna,,Rural,8.0,ALTA,23.0,,,476150
8029.0,2025-02-16,Ovalle,Accidente,Sur,"10,0",ALTA,65.0,,,554233
8030.0,2024/03/06,LA SERENA,Hurto,centro,10.0,Alta,42.0,,ok,763528
8031.0,Oct-18-2025,Andacollo,,,15.0,Baja,"26,0",ERROR,ok,531514
8032.0,,Salamanca,,NORTE,"3,0",ALTA,68.0,,dato ingresado manualmente,192992
8033.0,2025-06-17,andacollo,Accidente,Sur,16.0,Media,37.0,TMP-001,,365612
8034.0,2024/09/01,Montepatria,Violencia,Sur,10.0,baja,39.0,ERROR,revisar,970646
8035.0,,La Serena,robo,Centro,"10,0",Media,24.0,TMP-002,,853636
8036.0,2024-01-03,monte patria,Fraude,Sur,18.0,Baja,59.0,ERROR,dato ingresado manualmente,318835
8037.0,,illapel,Accidente,NORTE,8.0,baja,66.0,TMP-001,,373237
8038.0,,illapel,,,19.0,ALTA,21.0,,ok,302081
8039.0,2025/11/20,OVALLE,Accidente,Rural,8.0,alta,"65,0",,,760007
8040.0,,illapel,Violencia,Sur,"18,0",Alta,62.0,TMP-001,revisar,123323
8041.0,19/06/2025,Monte Patria,Violencia,Rural,5.0,Alta,49.0,,sin validar,160588
8042.0,09/09/2024,MONTE PATRIA,,,19.0,Alta,38.0,,ok,309181
8043.0,Aug-10-2024,ovalle,Robo,NORTE,17.0,baja,23.0,,dato ingresado manualmente,978584
8044.0,Mar-19-2024,Ovalle,robo,Sur,"2,0",ALTA,53.0,TMP-002,revisar,170637
8045.0,sin fecha,andacollo,Robo,Norte,4.0,,52.0,ERROR,sin validar,186551
8046.0,2025/04/16,LA SERENA,Robo,NORTE,1.0,baja,23.0,ERROR,,338564
8047.0,2025-10-01,Montepatria,Robo,,14.0,ALTA,19.0,,sin validar,110414
8048.0,,vicuna,,Centro,12.0,,14.0,TMP-001,,355055
8049.0,2025/11/13,Monte Patria,robo,Norte,5.0,Baja,40.0,,ok,564623
8050.0,2025/10/16,Andacollo,Robo,Sur,1.0,Baja,19.0,,sin validar,880111
8051.0,sin fecha,LaSerena,Accidente,centro,6.0,baja,23.0,,sin validar,816760
8052.0,Aug-17-2025,La Serena,robo,Rural,6.0,,14.0,TMP-002,dato ingresado manualmente,403995
8053.0,sin fecha,coquimbo,robo,,16.0,Media,"53,0",ERROR,dato ingresado manualmente,427815
8054.0,,coquimbo,Accidente,Centro,4.0,,67.0,,revisar,319883
8055.0,2024-01-12,LA SERENA,,NORTE,10.0,baja,62.0,TMP-002,,201054
8056.0,04/07/2025,La Serena,robo,centro,13.0,Baja,21.0,TMP-001,,803547
8057.0,04/12/2025,Monte Patria,,Norte,5.0,,59.0,,revisar,393306
8058.0,2025/01/08,Montepatria,Accidente,NORTE,19.0,,18.0,,dato ingresado manualmente,886847
8059.0,2025-07-22,LaSerena,ROBO,Centro,19.0,,"17,0",,revisar,630755
8060.0,29/06/2024,OVALLE,Violencia,Sur,15.0,Alta,34.0,ERROR,sin validar,444117
8061.0,23/08/2025,andacollo,robo,Norte,16.0,Alta,55.0,,sin validar,65597
8062.0,2025-02-28,COQUIMBO,robo,Rural,2.0,,37.0,,,991943
8063.0,2025-02-02,la serena,Hurto,Sur,,Baja,67.0,TMP-002,,823230
8064.0,Jul-23-2024,ovalle,robo,Sur,16.0,Media,45.0,TMP-001,revisar,304187
8065.0,2025/10/07,Coquimbo ,Fraude,Rural,14.0,Alta,23.0,,revisar,578671
8066.0,sin fecha,LA SERENA,Robo,Sur,5.0,Media,34.0,ERROR,dato ingresado manualmente,242159
8067.0,2025/01/28,Monte Patria,Violencia,Rural,17.0,,38.0,ERROR,sin validar,448252
8068.0,2024/06/16,LA SERENA,robo,Norte,8.0,Alta,63.0,,dato ingresado manualmente,749574
8069.0,20/04/2025,vicuna,Accidente,centro,3.0,Baja,23.0,TMP-002,dato ingresado manualmente,367426
8070.0,2024-12-23,illapel,Accidente,NORTE,12.0,,45.0,,revisar,953148
8071.0,,monte patria,robo,centro,"18,0",Media,67.0,TMP-002,sin validar,753453
8072.0,03/01/2024,Montepatria,Violencia,centro,3.0,,28.0,ERROR,,819809
8073.0,sin fecha,la serena,Robo,Sur,7.0,Baja,63.0,,ok,614356
8074.0,2025-11-05,Serena,Hurto,Norte,10.0,,21.0,TMP-002,,32424
8075.0,2024/09/29,Ovalle,,NORTE,18.0,baja,14.0,TMP-001,dato ingresado manualmente,282941
8076.0,2024-06-28, la serena ,Violencia, Centro ,,Baja,44.0,ERROR,dato ingresado manualmente,656443
8077.0,2025/05/20,LaSerena,robo, Sur ,4.0,Media,37.0,TMP-001,,970504
8078.0,sin fecha,Monte Patria,Violencia,,11.0,alta,66.0,TMP-002,ok,963871
8079.0,2025/09/08,LA SERENA,Violencia,Rural,17.0,Media,24.0,,,318303
8080.0,Jan-25-2025,ovalle,robo,,3.0,Alta,43.0,,,700879
8081.0,Feb-21-2024,SERENA,,NORTE,4.0,baja,69.0,ERROR,ok,169250
8082.0,2024/09/23,LA SERENA,,Centro,17.0,,50.0,,dato ingresado manualmente,72176
8083.0,15/11/2024,la serena,Hurto,NORTE,6.0,Media,67.0,,revisar,125433
8084.0,Apr-04-2024,COQUIMBO,Hurto,Centro,4.0,Baja,25.0,,,967800
8085.0,Feb-04-2025,Monte Patria,Fraude,  ,17.0,baja,42.0,ERROR,dato ingresado manualmente,88784
8086.0,2025/11/13,Coquimbo,Accidente,centro,7.0,Alta,15.0,TMP-001,,496148
8087.0,Jun-08-2024,Montepatria,Fraude,Sur,18.0,Alta,27.0,TMP-002,,513536
8088.0,2025/12/03,vicuna,Violencia,Norte,4.0,ALTA,41.0,,dato ingresado manualmente,47950
8089.0,26/07/2024,LA SERENA,Violencia,Centro,14.0,,"55,0",TMP-001,dato ingresado manualmente,565504
8090.0,2025-10-13,vicuna,,Rural,5.0,Baja,63.0,TMP-001,revisar,552327
8091.0,08/10/2025,illapel,robo,centro,16.0,ALTA,59.0,TMP-002,,636322
8092.0,29/08/2024,LA SERENA,Accidente,,3.0,,52.0,TMP-002,,908897
8093.0,2024/10/06,VICUÑA,robo,Norte,10.0,ALTA,17.0,,revisar,9480
8094.0,Jul-18-2024,Montepatria,Violencia,NORTE,14.0,,31.0,ERROR,,374351
8095.0,13/10/2024,Ovalle,Violencia,Rural,17.0,ALTA,41.0,TMP-001,,416262
8096.0,2024/02/22,COQUIMBO,Accidente,Centro,17.0,Media,47.0,ERROR,,186620
8097.0,Jul-06-2024,Vicuña,Violencia,Sur,"13,0",baja,"66,0",,sin validar,917544
8098.0,Mar-19-2025,Montepatria,robo,Centro,19.0,Media,51.0,TMP-001,ok,787800
8099.0,Apr-13-2025,Vicuña,Robo,Rural,1.0,ALTA,60.0,TMP-001,sin validar,781933
8100.0,2025-09-11,Monte Patria,Violencia,Centro,5.0,Alta,54.0,,dato ingresado manualmente,930319
8101.0,Apr-27-2024,monte patria,Fraude,Centro,3.0,ALTA,47.0,TMP-002,dato ingresado manualmente,965224
8102.0,2024/07/10,COQUIMBO,,Sur,2.0,Media,34.0,TMP-001,revisar,359117
8103.0,Sep-28-2025,VICUÑA,Hurto,Norte,4.0,baja,26.0,,sin validar,851266
8104.0,05/03/2025,Salamanca,hurto,centro,18.0,,40.0,,,603239
8105.0,2024-09-10,la serena,Violencia,Rural,18.0,Alta,,,revisar,472731
8106.0,Oct-11-2025,Serena,Accidente,Centro,4.0,Baja,38.0,TMP-002,,453788
8107.0,2025/01/13,LaSerena,Hurto,NORTE,,Media,17.0,TMP-002,,230382
8108.0,2024-07-05,illapel,Violencia,Centro,14.0,ALTA,68.0,,,317046
8109.0,2024/12/22,COQUIMBO,violencia,,14.0,baja,64.0,TMP-002,ok,939173
8110.0,2024/05/16,Andacollo,,,"13,0",Media,28.0,TMP-001,ok,969695
8111.0,2024/05/05,Vicuña,Violencia,Norte,2.0,Alta,56.0,ERROR,dato ingresado manualmente,938884
8112.0,02/02/2025,Coquimbo ,Robo,NORTE,11.0,,56.0,,revisar,563155
8113.0,22/08/2024,VICUÑA,Hurto,Sur,9.0,baja,22.0,TMP-001,ok,746788
8114.0,17/05/2024,Vicuña,,Rural,11.0,,42.0,ERROR,revisar,356576
8115.0,2024/01/25,COQUIMBO,Fraude,,10.0,baja,43.0,TMP-001,,238798
8116.0,2024-08-19,Ovalle,Accidente,,17.0,ALTA,15.0,,,937757
8117.0,2025-03-23,Salamanca,Violencia,NORTE,6.0,,37.0,TMP-002,ok,975853
8118.0,2024-11-06,ovalle,Robo,Norte,7.0,ALTA,44.0,TMP-001,,596379
8119.0,2024/10/09,LA SERENA,Robo,NORTE,7.0,ALTA,62.0,TMP-002,dato ingresado manualmente,796943
8120.0,sin fecha,OVALLE,Violencia,Sur,4.0,Baja,51.0,TMP-001,,446988
8121.0,Dec-14-2025, OVALLE ,Hurto,centro,17.0,,52.0,,,193390
8122.0,sin fecha,LA SERENA,Accidente,Sur,18.0,Baja,34.0,TMP-002,,945657
8123.0,2024/04/03, monte patria ,Fraude,Norte,14.0,Baja,43.0,TMP-002,,591466
8124.0,19/07/2024,COQUIMBO,, Sur ,14.0,Baja,66.0,TMP-001,,308697
8125.0,Jun-04-2024,Vicuña,robo,Rural,"16,0",Baja,53.0,ERROR,,613589
8126.0,02/11/2025,OVALLE,Fraude,Norte,"6,0",Media,35.0,,dato ingresado manualmente,563264
8127.0,2024/05/09,coquimbo,Fraude,Norte,14.0,Media,"16,0",TMP-002,revisar,790265
8128.0,Jul-20-2024,LaSerena,Robo,Rural,18.0,Baja,25.0,ERROR,revisar,270312
8129.0,,LaSerena,Fraude,Sur,,ALTA,49.0,ERROR,revisar,107343
8130.0,2024/11/02,illapel,Violencia,NORTE,2.0,Baja,27.0,TMP-002,revisar,202205
8131.0,Apr-16-2024,vicuna,accidente,Sur,11.0,,37.0,,dato ingresado manualmente,83546
8132.0,sin fecha,Coquimbo ,Accidente,Norte,16.0,Alta,39.0,,revisar,659345
8133.0,Jun-19-2025,vicuna,Violencia,NORTE,13.0,Baja,28.0,,ok,901111
8134.0,03/08/2025,VICUÑA,Violencia,Centro,8.0,Media,"41,0",,dato ingresado manualmente,70815
8135.0,2025-11-17,Coquimbo ,Hurto,,4.0,baja,59.0,TMP-002,,534715
8136.0,01/07/2024,LaSerena,,Centro,17.0,Media,35.0,TMP-002,,235062
8137.0,2025/08/07,ovalle,Violencia,Centro,17.0,Media,30.0,,,435131
8138.0,02/11/2025,vicuna,,centro,9.0,Media,39.0,TMP-002,dato ingresado manualmente,433449
8139.0,2025/05/31,COQUIMBO,Fraude,Sur,18.0,Alta,53.0,,dato ingresado manualmente,171622
8140.0,17/10/2024,monte patria,robo,NORTE,19.0,Alta,59.0,,dato ingresado manualmente,844676
8141.0,2025-01-08,VICUÑA,,NORTE,17.0,Media,55.0,,dato ingresado manualmente,598649
8142.0,2024/04/25,Andacollo,,,18.0,baja,21.0,TMP-001,revisar,911489
8143.0,2025/09/05,Montepatria,Robo,Norte,14.0,Alta,68.0,TMP-001,dato ingresado manualmente,881977
8144.0,Oct-25-2025,LaSerena,Robo,,9.0,,62.0,,ok,536019
8145.0,04/03/2024,andacollo,robo,sur,6.0,,44.0,,ok,617115
8146.0,Jul-02-2024,andacollo,,,11.0,baja,14.0,TMP-001,sin validar,558175
8147.0,Jan-23-2025,Andacollo,Fraude,Centro,14.0,Alta,32.0,,dato ingresado manualmente,146927
8148.0,2024-03-13,OVALLE,robo,Rural,11.0,baja,45.0,ERROR,,774919
8149.0,2025-09-08,Montepatria,robo,,16.0,Alta,45.0,ERROR,revisar,195076
8150.0,sin fecha,OVALLE,Violencia,Rural,8.0,ALTA,66.0,ERROR,,697725
8151.0,2025-08-08,OVALLE,Accidente,Norte,15.0,ALTA,"19,0",TMP-002,sin validar,420869
8152.0,10/02/2025,LaSerena,,Sur,16.0,Alta,32.0,TMP-002,revisar,377443
8153.0,2025-07-19,vicuna,Violencia,Centro,"1,0",,17.0,,,378367
8154.0,Nov-22-2024,LaSerena, robo ,NORTE,2.0,ALTA,15.0,TMP-002,ok,219017
8155.0,Jun-28-2025,Ovalle,Fraude,Sur,12.0,Alta,53.0,,revisar,669029
,2024/09/08,ovalle,,centro,18.0,,62.0,TMP-001,,324107
8157.0,Jan-12-2025,Monte Patria,robo,Rural,1.0,ALTA,57.0,TMP-002,sin validar,2196
8158.0,04/05/2024,Illapel,Fraude,,19.0,baja,"61,0",TMP-002,revisar,90917
8159.0,2024-12-26,ovalle,robo,Norte,16.0,Media,45.0,TMP-002,ok,960513
8160.0,16/07/2025,La Serena,,Norte,4.0,Alta,52.0,TMP-001,,40074
8161.0,,Illapel,hurto,Rural,2.0,baja,59.0,TMP-001,sin validar,81074
8162.0,2025/11/20,La Serena,Hurto,Norte,13.0,Media,44.0,,ok,640644
8163.0,2024/02/09,ovalle,,Sur,6.0,Media,34.0,,,34401
8164.0,Jul-16-2025,La Serena,Violencia,centro,7.0,,19.0,TMP-001,,414190
,2024-07-26,Illapel,,centro,8.0,Media,35.0,TMP-002,,329610
8166.0,2025-02-26, LA SERENA ,Fraude,Sur,15.0,ALTA,54.0,,,784119
8167.0,2025/08/04,La Serena,,Norte,8.0,Alta,56.0,,dato ingresado manualmente,984669
,2024-06-18,Montepatria,Hurto,centro,15.0,ALTA,37.0,,,434917
8169.0,2025-03-25,monte patria,Hurto,Rural,19.0,Alta,,TMP-002,,682299
8170.0,sin fecha,Serena,,NORTE,"2,0",baja,59.0,TMP-002,,473533
8171.0,08/04/2024,monte patria,Accidente,Rural,9.0,,42.0,,sin validar,26011
8172.0,May-09-2024,LA SERENA,Fraude,Rural,6.0,Alta,41.0,,sin validar,723430
8173.0,2024/04/15,Montepatria,Robo,Rural,4.0,Media,49.0,,,650971
8174.0,Oct-15-2024,Illapel,Hurto,Rural,8.0,ALTA,17.0,,ok,834429
8175.0,2024-03-14,Andacollo,Hurto,Norte,10.0,ALTA,22.0,ERROR,,751869
8176.0,,Andacollo,Violencia,Sur,6.0,Alta,34.0,ERROR,ok,773407
8177.0,2025/05/29,monte patria,Violencia,,15.0,,43.0,TMP-001,,814739
8178.0,2025-12-21,Montepatria,Fraude,Rural,3.0,,59.0,TMP-002,sin validar,931846
8179.0,29/06/2025,coquimbo,,centro,"9,0",baja,"63,0",TMP-002,dato ingresado manualmente,434138
8180.0,,Serena,Hurto,Sur,13.0,ALTA,53.0,ERROR,dato ingresado manualmente,742102
8181.0,Apr-01-2025,ovalle,Accidente,Rural,8.0,Baja,35.0,TMP-002,revisar,835565
8182.0,Feb-11-2025,monte patria,ACCIDENTE,Norte,"14,0",Alta,36.0,,sin validar,13012
8183.0,20/11/2024,la serena,,Rural,4.0,,38.0,,,109596
8184.0,08/06/2024,OVALLE,Fraude,NORTE,9.0,Baja,17.0,TMP-002,dato ingresado manualmente,210361
8185.0,2025-11-09,la serena,Accidente,Norte,10.0,baja,29.0,ERROR,dato ingresado manualmente,688128
8186.0,May-01-2025,Ovalle,Accidente,Rural,7.0,ALTA,25.0,TMP-002,revisar,304078
8187.0,2025-01-28,Coquimbo ,Hurto,Centro,14.0,ALTA,"31,0",,revisar,893894
8188.0,2025-07-12,illapel,Fraude,,13.0,Media,"69,0",ERROR,,85914
8189.0,May-31-2024,OVALLE, Hurto ,Rural,6.0,baja,26.0,TMP-002,ok,201932
8190.0,,Serena,,,6.0,,41.0,,,748515
8191.0,2024-03-12,Vicuña,Hurto,Rural,8.0,baja,15.0,TMP-001,dato ingresado manualmente,353379
8192.0,sin fecha,ovalle,Accidente,Centro,3.0,Alta,17.0,ERROR,,186662
8193.0,17/09/2024,SALAMANCA,,centro,4.0,Alta,69.0,TMP-001,dato ingresado manualmente,807285
8194.0,2025-12-07,LA SERENA,robo,,10.0,baja,51.0,TMP-002,dato ingresado manualmente,740602
8195.0,,Coquimbo ,,Sur,"6,0",Media,21.0,TMP-002,ok,73103
8196.0,18/02/2025,ovalle, Fraude ,Sur,5.0,Alta,54.0,,sin validar,955248
8197.0,2024-06-26,coquimbo,robo,Centro,5.0,ALTA,31.0,,ok,329824
8198.0,2025-11-06,LaSerena,Hurto,Sur,,ALTA,"43,0",TMP-001,,824544
8199.0,2025-03-20,Monte Patria,Violencia,Norte,10.0,ALTA,31.0,,,105659
8200.0,2025-10-14,La Serena,Fraude,Rural,4.0,,65.0,TMP-001,ok,17160
8201.0,2024-11-04,vicuna,Robo,centro,13.0,Baja,20.0,TMP-001,ok,690480
8202.0,,monte patria,Robo,centro,7.0,baja,,,dato ingresado manualmente,935057
8203.0,2024/10/07,Coquimbo,Fraude,centro,18.0,Media,43.0,ERROR,dato ingresado manualmente,663612
8204.0,2024/10/26,Coquimbo ,,Centro,5.0,,42.0,TMP-002,,85917
8205.0,sin fecha,la serena,,Sur,1.0,ALTA,36.0,,sin validar,247788
8206.0,06/07/2024,Coquimbo,robo,Norte,6.0,Media,68.0,,sin validar,500638
8207.0,Nov-24-2024,Salamanca,Fraude,Sur,16.0,,17.0,,,565419
8208.0,2025-03-28,OVALLE,Accidente,Norte,11.0,,68.0,,,302626
8209.0,2024/10/13,illapel,,,14.0,,32.0,TMP-001,sin validar,303559
8210.0,Apr-12-2025,La Serena,Violencia,NORTE,"1,0",Media,64.0,,dato ingresado manualmente,582974
8211.0,2024-10-23,La Serena,Violencia,,2.0,Media,63.0,TMP-002,,947196
8212.0,2025-10-05,Coquimbo ,Accidente,,13.0,baja,21.0,ERROR,,982380
8213.0,2024/12/19,VICUÑA,,,17.0,,57.0,ERROR,revisar,119036
8214.0,20/10/2024,La Serena,Hurto,Sur,10.0,Media,16.0,TMP-001,,703844
8215.0,sin fecha,Illapel,Accidente,Centro,5.0,,23.0,,dato ingresado manualmente,822282
8216.0,2025-04-19,SALAMANCA,Violencia,Sur,9.0,ALTA,,TMP-001,ok,356594
8217.0,2025-06-10,andacollo,Hurto,Centro,9.0,ALTA,14.0,,sin validar,995760
8218.0,Nov-03-2024,Andacollo,Accidente,,17.0,,19.0,ERROR,,771028
8219.0,2024/06/30,Coquimbo ,Hurto,Centro,4.0,Media,44.0,TMP-001,dato ingresado manualmente,154469
8220.0,Aug-18-2024,coquimbo,Hurto,centro,7.0,Baja,49.0,,revisar,6390
8221.0,,COQUIMBO,Fraude,,5.0,Alta,56.0,ERROR,ok,524615
8222.0,07/12/2025,ovalle,Hurto,Rural,10.0,,46.0,ERROR,sin validar,551628
8223.0,Apr-09-2024,SALAMANCA,robo,Rural,5.0,Media,50.0,TMP-002,sin validar,107677
8224.0,Nov-16-2024,Monte Patria,Hurto,Centro,18.0,Media,49.0,,ok,999557
8225.0,2025-04-11,laserena,Accidente,Centro,17.0,baja,19.0,,,260108
8226.0,sin fecha,Vicuña,Accidente,,19.0,,23.0,,sin validar,817035
8227.0,,LA SERENA,VIOLENCIA,NORTE,13.0, Baja ,14.0,,revisar,332710
8228.0,15/07/2024,SALAMANCA,Hurto,NORTE,4.0,,48.0,,sin validar,689539
8229.0,Jul-25-2024,Ovalle,Accidente,Centro,11.0,baja,47.0,TMP-002,,369834
8230.0,2025-09-20,VICUÑA,Violencia,NORTE,9.0,Alta,28.0,,,685233
8231.0,,SALAMANCA,Violencia,Norte,12.0,,50.0,TMP-001,ok,81101
8232.0,Jul-27-2025,ovalle,hurto,Rural,11.0,,56.0,TMP-001,,990385
8233.0,2025-08-13,illapel,,,3.0,Alta,20.0,TMP-001,sin validar,528848
8234.0,2025-02-06,LaSerena,Robo,Rural,10.0,Baja,41.0,TMP-001,sin validar,108510
8235.0,Feb-11-2025,SALAMANCA,Violencia,centro,8.0,,56.0,,,591820
8236.0,27/09/2025,monte patria,Accidente,Norte,7.0,baja,56.0,TMP-001,ok,779600
8237.0,2025/04/07,Ovalle,Robo,Sur,9.0,ALTA,62.0,,,317086
8238.0,sin fecha,Serena, Fraude ,Rural,11.0,Alta,66.0,TMP-002,,120535
8239.0,2025-08-23,COQUIMBO,robo,Rural,11.0,,59.0,TMP-001,dato ingresado manualmente,346763
8240.0,2025/07/18,Illapel,Robo,Centro,11.0,Media,17.0,TMP-001,revisar,406570
8241.0,2024-12-11,Ovalle,Robo,Centro,6.0,Baja,64.0,ERROR,,227306
8242.0,Oct-21-2025,SALAMANCA,Accidente,Norte,11.0,Media,29.0,TMP-002,,586143
8243.0,2025-06-23,illapel,Violencia,Norte,19.0,Alta,23.0,TMP-001,revisar,131639
8244.0,2025/08/19,LaSerena,Violencia,,11.0, Baja ,38.0,ERROR,,162304
8245.0,09/11/2025, vicuna ,fraude,Norte,16.0,BAJA,23.0,TMP-002,revisar,74015
8246.0,2024/12/31,Andacollo,Violencia,Centro,1.0,Baja,47.0,,sin validar,860803
8247.0,10/01/2025,la serena,robo,Norte,1.0,baja,48.0,TMP-002,revisar,566076
8248.0,Jul-23-2025,Coquimbo,Fraude,Centro,17.0,Baja,57.0,,sin validar,632749
8249.0,30/09/2024,Monte Patria,Violencia,NORTE,16.0,Media,"17,0",,dato ingresado manualmente,63089
8250.0,26/01/2024,Vicuña,Fraude,Centro,19.0, ALTA ,40.0,,revisar,82814
8251.0,,SALAMANCA,,Centro,9.0,Alta,43.0,ERROR,,878434
8252.0,2025-09-03,VICUÑA,Robo,Sur,13.0,Media,56.0,TMP-001,,677044
8253.0,Feb-25-2024,andacollo,Fraude,NORTE,13.0,Alta,16.0,TMP-001,,116490
8254.0,,Vicuña,Robo,Rural,,baja,30.0,,sin validar,198794
,Mar-01-2024,vicuna,Violencia,NORTE,2.0,Baja,26.0,,dato ingresado manualmente,324920
8256.0,2024/08/22,illapel,Accidente,Norte,12.0,baja,40.0,TMP-002,revisar,802861
8257.0,2024/04/21,LA SERENA,Fraude, Norte ,"8,0",baja,66.0,ERROR,,938030
8258.0,,vicuna,robo,Norte,1.0,Baja,16.0,ERROR,,343308
8259.0,2024/09/27,Monte Patria,Violencia,centro,3.0,ALTA,41.0,TMP-001,,563257
8260.0,2025-01-04,LA SERENA,Fraude,  ,7.0,,51.0,,revisar,214503
8261.0,May-24-2024,LaSerena, Robo ,,11.0,,27.0,TMP-002,,149258
8262.0,23/09/2025,vicuna,,Centro,1.0,,64.0,TMP-002,,480781
8263.0,,illapel,Accidente,Norte,3.0,Baja,21.0,,,76181
8264.0,2025-03-07,LA SERENA,,,19.0,Media,67.0,,,612792
8265.0,Dec-16-2024,Ovalle,Hurto,CENTRO,8.0,Baja,"19,0",ERROR,dato ingresado manualmente,804112
8266.0,Nov-24-2024,LaSerena,robo,centro,11.0,,55.0,TMP-001,revisar,817391
8267.0,10/01/2024,LA SERENA,Violencia,centro,8.0,ALTA,47.0,TMP-001,dato ingresado manualmente,52212
8268.0,21/10/2025,SALAMANCA,Robo,Sur,11.0,Baja,30.0,,,243910
8269.0,12/10/2024,La Serena,Hurto,Norte,18.0,,31.0,ERROR,,849042
8270.0,2024-08-07,Serena,Violencia,centro,12.0,ALTA,25.0,,ok,189594
8271.0,2025/11/29,ovalle,,centro,10.0,Baja,54.0,ERROR,,181469
,2025/07/30,Coquimbo,Accidente,Norte,9.0,Baja,19.0,,,165800
8273.0,,Vicuña,robo,centro,"13,0",BAJA,48.0,TMP-001,,162182
8274.0,2025/12/02,LA SERENA,Hurto,,6.0,Alta,62.0,TMP-001,ok,869474
8275.0,21/10/2025,Monte Patria,,Sur,15.0,baja,"29,0",TMP-002,ok,7261
8276.0,2025-08-16, Coquimbo ,Accidente,,5.0,,21.0,ERROR,ok,583781
8277.0,Oct-12-2025,coquimbo,  ,NORTE,18.0,Alta,32.0,TMP-001,revisar,689937
8278.0,11/07/2025,LA SERENA,Accidente,NORTE,15.0,ALTA,38.0,TMP-001,ok,459716
8279.0,18/03/2024,la serena,Accidente,Norte,9.0,Baja,"27,0",TMP-001,ok,356937
8280.0,2024/07/04,la serena,Accidente,Norte,6.0,baja,50.0,ERROR,ok,207469
8281.0,2024-12-01,VICUÑA,Accidente,Centro,7.0,Alta,"50,0",TMP-002,,210946
8282.0,Mar-28-2024,Illapel,Robo,Rural,9.0,Alta,,,,133759
8283.0,2024-03-27,VICUÑA,Violencia,Sur,4.0,,21.0,ERROR,,65410
8284.0,17/10/2025,Illapel,Robo,Centro,11.0,,43.0,TMP-002,,639177
,Apr-13-2025,SALAMANCA,Accidente,,9.0,Baja,26.0,,dato ingresado manualmente,136936
8286.0,2025-01-28,coquimbo,robo,Centro,14.0, Media ,21.0,TMP-001,ok,819331
8287.0,20/09/2024,monte patria,,Norte,"11,0",Alta,42.0,TMP-001,,365299
8288.0,15/08/2024,LA SERENA,Robo,Sur,3.0,baja,,TMP-002,sin validar,638885
8289.0,sin fecha,Vicuña,Hurto,NORTE,18.0,Alta,33.0,TMP-001,revisar,746662
8290.0,Oct-15-2024,ovalle,Accidente, Rural ,3.0,,56.0,TMP-001,sin validar,565152
8291.0,07/09/2024,Illapel, Violencia ,Rural,6.0,Baja,16.0,TMP-002,ok,175331
,2025-09-04,Illapel,Robo,Centro,7.0,Media,31.0,ERROR,,365667
8293.0,2025/09/24,Montepatria,Fraude,NORTE,5.0,Media,51.0,,ok,907333
8294.0,11/04/2024,Ovalle,robo,,2.0,baja,40.0,ERROR,,944818
8295.0,May-25-2024,SALAMANCA,,Centro,"11,0",baja,15.0,TMP-002,dato ingresado manualmente,542041
8296.0,,vicuna,Accidente,Sur,16.0,ALTA,51.0,,,282820
8297.0,2025-10-25,OVALLE,Violencia, Centro ,6.0,,45.0,,,476351
,2025/02/24,VICUÑA,Robo,Norte,1.0,Media,14.0,,,562939
8299.0,2025-04-15,andacollo,Fraude,norte,"15,0",baja,,ERROR,ok,303739
8300.0,2025/06/17,La Serena,Fraude,Norte,6.0,,55.0,ERROR,sin validar,11341
8301.0,Jan-25-2025,Coquimbo ,Robo,centro,8.0,baja,39.0,,dato ingresado manualmente,777413
8302.0,,Andacollo,Hurto,Norte,5.0,ALTA,35.0,TMP-001,,34892
8303.0,2025/09/28,Monte Patria,Robo,Centro,2.0,ALTA,"20,0",,dato ingresado manualmente,632985
8304.0,2024/05/18,Andacollo,robo,Norte,12.0,baja,25.0,,,659882
8305.0,Jun-07-2024,Monte Patria,Violencia,,"15,0",ALTA,34.0,,sin validar,254809
8306.0,2025-09-01,Ovalle,Robo,NORTE,"4,0",Media,39.0,,dato ingresado manualmente,742217
8307.0,,vicuna,,Rural,14.0,Baja,46.0,TMP-001,ok,390612
8308.0,,Coquimbo ,Violencia,centro,4.0,,,TMP-001,,230573
8309.0,sin fecha,monte patria,Accidente,centro,5.0,Alta,64.0,,,90800
8310.0,23/02/2025,andacollo,,centro,11.0,Alta,23.0,ERROR,dato ingresado manualmente,547486
8311.0,2024-10-15,monte patria,Hurto,,,Media,24.0,TMP-002,dato ingresado manualmente,885841
8312.0,2025/01/21,vicuna,Robo,centro,12.0,,5.0,,revisar,758426
8313.0,26/02/2025,Ovalle,Accidente,Norte,8.0,ALTA,35.0,TMP-001,sin validar,973966
8314.0,2024-06-28,OVALLE,Robo,,16.0,Alta,"47,0",ERROR,sin validar,100744
8315.0,Dec-15-2024,LaSerena,,NORTE,19.0,,22.0,,,412367
8316.0,2025/02/27,vicuna,Accidente, NORTE ,17.0,Baja,69.0,TMP-002,,832349
8317.0,sin fecha,LaSerena,,centro,,baja,22.0,,sin validar,66584
8318.0,2024/07/17,andacollo,Violencia,Sur,14.0,Media,14.0,ERROR,revisar,236043
8319.0,2025-09-05,la serena,ACCIDENTE,Norte,11.0,Media,"53,0",,,210826
8320.0,29/12/2024,VICUÑA,Robo,Norte,18.0,ALTA,"30,0",TMP-002,revisar,143699
8321.0,10/12/2024,Coquimbo ,Accidente,Rural,10.0, baja ,49.0,TMP-001,,19730
8322.0,Aug-08-2025,Salamanca,robo,,18.0,baja,43.0,,sin validar,752549
8323.0,2024/06/09,SALAMANCA,HURTO,Rural,11.0,baja,38.0,,revisar,575989
8324.0,2024-04-05,Montepatria,Accidente,Centro,3.0,Alta,57.0,,dato ingresado manualmente,273057
8325.0,27/10/2024,OVALLE,Fraude,,5.0,Media,69.0,,,501363
8326.0,2025/12/26,La Serena,Hurto,Centro,"14,0",ALTA,29.0,TMP-002,sin validar,733617
8327.0,,MONTE PATRIA,robo,NORTE,4.0,ALTA,40.0,,sin validar,789459
8328.0,06/02/2025,Monte Patria,,Sur,15.0,Baja,53.0,TMP-002,dato ingresado manualmente,877997
8329.0,,la serena,Violencia,centro,7.0,Alta,21.0,TMP-001,sin validar,675394
8330.0,2025/02/22,ovalle,robo,centro,7.0, Alta ,64.0,TMP-002,sin validar,393039
,,coquimbo,Accidente,NORTE,"13,0",Baja,16.0,,revisar,758132
,2025/12/01,Ovalle,,centro,3.0,Baja,53.0,,sin validar,86593
8333.0,sin fecha,VICUÑA,Robo,,,baja,,,,926754
8334.0,sin fecha,OVALLE,,Centro,2.0,ALTA,31.0,TMP-001,sin validar,23291
,,SALAMANCA,Hurto,Norte,nan,baja,"38,0",ERROR,revisar,317322
8336.0,,LaSerena,Robo,Rural,5.0,Alta,,TMP-002,ok,253302
8337.0,,OVALLE,,NORTE,16.0,,59.0,,,748511
8338.0,,la serena,Hurto,Norte,14.0,,53.0,ERROR,,604700
8339.0,Apr-05-2025,Salamanca,Robo,Rural,10.0,baja,18.0,,revisar,378430
8340.0,2024-02-02,andacollo,Robo,Rural,11.0,baja,27.0,,ok,333801
8341.0,22/02/2025,ovalle,Robo,,5.0,ALTA,17.0,TMP-001,ok,320840
8342.0,,COQUIMBO,Hurto,Norte,2.0,ALTA,53.0,,revisar,747702
8343.0,Mar-12-2024,coquimbo,Accidente,Sur,1.0,ALTA,,TMP-001,ok,604050
8344.0,03/09/2025,VICUÑA,Accidente,NORTE,16.0,ALTA,41.0,,ok,413331
8345.0,10/08/2025,La Serena,,Rural,5.0,ALTA,33.0,,sin validar,572778
8346.0,,Coquimbo,Hurto,Rural,4.0,ALTA,36.0,ERROR,revisar,692937
8347.0,2024/12/25,Vicuña,,Rural,"16,0",Alta,60.0,TMP-001,,390215
8348.0,2024/06/15,Montepatria,Fraude,centro,,Baja,43.0,TMP-001,,790585
8349.0,2024/01/01,LA SERENA,,Centro,1.0,Media,61.0,TMP-001,,801907
8350.0,2024-09-21,illapel,Robo,Sur,3.0,,,TMP-002,dato ingresado manualmente,551892
8351.0,2024/07/18,ovalle,Fraude,Sur,,Alta,24.0,,,936891
8352.0,sin fecha,coquimbo,Violencia,CENTRO,"11,0",baja,33.0,,ok,853882
8353.0,sin fecha,COQUIMBO,Accidente,Sur,16.0,,44.0,TMP-002,revisar,63688
8354.0,2024-11-03,Ovalle,robo,NORTE,1.0,baja,,ERROR,sin validar,560080
8355.0,2025-07-27, coquimbo ,Hurto,Centro,6.0,Media,"36,0",,dato ingresado manualmente,396173
8356.0,2024/12/24,SALAMANCA,Violencia,,6.0,Media,39.0,TMP-002,,349526
8357.0,Nov-15-2025,illapel,Accidente,centro,3.0,Alta,23.0,TMP-002,dato ingresado manualmente,849190
8358.0,,Andacollo,,NORTE,18.0,Baja,19.0,,ok,494885
8359.0,23/07/2024,Montepatria,Violencia,,2.0,Baja,20.0,,ok,134891
8360.0,2025/09/25,COQUIMBO,Fraude,,3.0,,66.0,TMP-002,,216156
8361.0,2025-07-02,Coquimbo ,Hurto,Norte,7.0, Media ,18.0,,ok,826890
8362.0,2024-10-23,Vicuña,  ,Rural,,,43.0,,dato ingresado manualmente,512106
8363.0,Sep-30-2025,Montepatria,Fraude,Rural,2.0,ALTA,20.0,,dato ingresado manualmente,904801
8364.0,Nov-23-2025,ovalle,Robo,,4.0,ALTA,30.0,TMP-001,revisar,391753
8365.0,,Coquimbo ,Hurto,NORTE,3.0,BAJA,32.0,TMP-001,sin validar,112998
8366.0,,Coquimbo,Hurto,,6.0,Baja,60.0,,sin validar,755517
8367.0,2025/04/10,LaSerena,Fraude,Rural,5.0,ALTA,19.0,TMP-002,,384625
8368.0,2025-09-09,La Serena,robo,,9.0,Media,30.0,,ok,793569
8369.0,Dec-06-2024,Illapel,Fraude,Norte,2.0,Media,16.0,TMP-002,sin validar,101524
8370.0,sin fecha,Illapel,,NORTE,1.0,Media,53.0,ERROR,sin validar,374144
8371.0,,La Serena,robo,Sur,9.0,Alta,30.0,TMP-002,revisar,135966
8372.0,2025/02/12,coquimbo,,Norte,5.0,ALTA,39.0,ERROR,ok,219673
8373.0,sin fecha,la serena,Violencia,Sur,15.0,Media,47.0,TMP-001,,946195
8374.0,,monte patria,robo,Norte,13.0,Media,46.0,ERROR,,858194
8375.0,May-21-2025,vicuna,Hurto,Rural,6.0,Baja,52.0,ERROR,ok,569379
8376.0,02/10/2024,Illapel,Hurto,Norte,4.0,Baja,30.0,,ok,475990
8377.0,2025-10-17,COQUIMBO,robo,Norte,8.0,Baja,62.0,ERROR,sin validar,565943
8378.0,2025/08/20,Vicuña,Robo,centro,10.0,Media,27.0,,,12917
8379.0,2025-08-26,monte patria,robo,centro,15.0,Baja,64.0,,,442001
8380.0,03/09/2024,VICUÑA,Accidente,NORTE,5.0,Media,50.0,TMP-002,revisar,33423
8381.0,Apr-04-2025,OVALLE,Violencia,NORTE,12.0,baja,64.0,TMP-001,dato ingresado manualmente,175407
8382.0,2025/06/18,Salamanca,,,"11,0",baja,43.0,TMP-001,,951008
8383.0,2024/02/02,Vicuña,Fraude,Centro,5.0,Media,38.0,,ok,907201
8384.0,2025-01-28,LaSerena,Violencia,Centro,2.0,ALTA,36.0,,dato ingresado manualmente,144795
8385.0,27/03/2024,SALAMANCA,,Sur,500.0,,69.0,,,436373
8386.0,Mar-10-2025,Coquimbo ,Hurto,centro,15.0,baja,16.0,,,532613
8387.0,2024-09-23,LA SERENA,Violencia,Norte,9.0,baja,54.0,TMP-002,dato ingresado manualmente,367827
8388.0,13/02/2025,Ovalle, Hurto ,Sur,14.0,ALTA,"56,0",,,341805
8389.0,2024-12-11,Coquimbo ,Fraude,Norte,14.0,Alta,25.0,TMP-001,dato ingresado manualmente,450609
8390.0,2025/01/07,vicuna,Hurto,NORTE,5.0,Baja,19.0,TMP-001,,168344
8391.0,sin fecha,VICUÑA,Accidente,centro,2.0,Media,39.0,,,443472
8392.0,26/04/2025, Salamanca ,Hurto,NORTE,14.0,Alta,28.0,ERROR,,733775
8393.0,2024/09/03,Monte Patria,Accidente,Rural,"12,0",Baja,36.0,TMP-002,dato ingresado manualmente,362279
8394.0,2025/12/19,VICUÑA,Accidente,NORTE,11.0,Baja,44.0,,sin validar,302330
8395.0,Feb-23-2025,Vicuña,robo,centro,13.0,Alta,69.0,TMP-002,sin validar,20439
8396.0,Jan-22-2025,Montepatria,Fraude,NORTE,13.0,Media,31.0,TMP-001,,618489
8397.0,sin fecha,Coquimbo,Robo,centro,18.0,,34.0,,revisar,292487
8398.0,2024-06-22,SALAMANCA,Accidente,Rural,1.0,,47.0,,dato ingresado manualmente,245707
8399.0,2025/08/07,Salamanca,Robo,NORTE,14.0,Media,46.0,ERROR,,208687
8400.0,2025-09-04,Serena,,Sur,19.0,Baja,"52,0",TMP-001,,908265
8401.0,2025-02-18,Montepatria,Hurto,Centro,12.0,,25.0,TMP-002,,780807
8402.0,Nov-29-2025,monte patria,Robo,Rural,1.0,Media,54.0,,sin validar,93981
8403.0,2025-11-16,monte patria,robo,,6.0,,61.0,TMP-002,,344215
8404.0,,Vicuña,Robo,Rural,5.0,Media,30.0,,dato ingresado manualmente,164002
8405.0,2025/01/01,SALAMANCA,Fraude,Rural,13.0,ALTA,"26,0",TMP-001,revisar,120943
,2024/09/25,Monte Patria,Robo,Rural,,ALTA,18.0,TMP-002,sin validar,71463
8407.0,,vicuna,Robo,,16.0,,39.0,,ok,548004
8408.0,2024-09-21,VICUÑA, Violencia ,NORTE,18.0,Baja,38.0,,,728513
8409.0,21/05/2024,OVALLE,Robo,Norte,16.0,Baja,"18,0",TMP-002,dato ingresado manualmente,714140
8410.0,Feb-18-2024,Serena,Hurto,centro,16.0,Baja,40.0,TMP-001,ok,16503
8411.0,,monte patria,Hurto,Norte,8.0,Alta,61.0,,ok,210091
8412.0,2024/12/23,Coquimbo,,Rural,9.0,Media,65.0,ERROR,revisar,160563
8413.0,2025-11-20,La Serena,Violencia,Sur,18.0,Alta,68.0,TMP-002,dato ingresado manualmente,695589
8414.0,Jan-09-2024,VICUÑA,Accidente,Sur,7.0,,"40,0",TMP-001,,740117
8415.0,Dec-07-2024,la serena,Robo,,13.0,baja,38.0,TMP-001,sin validar,4828
8416.0,17/05/2024,Serena,Hurto,Rural,10.0,,61.0,,sin validar,600353
8417.0,Dec-05-2024,Coquimbo ,robo,centro,18.0,Alta,27.0,TMP-001,revisar,414367
8418.0,15/09/2024,LA SERENA,,NORTE,2.0,ALTA,14.0,TMP-002,sin validar,365478
8419.0,sin fecha,coquimbo,Robo,centro,,Alta,69.0,ERROR,revisar,783117
8420.0,sin fecha,Illapel,robo,Centro,3.0,baja,67.0,TMP-002,,783862
8421.0,2025/12/24,monte patria,Fraude,Centro,9.0,Alta,56.0,TMP-002,ok,17783
8422.0,Sep-01-2025,illapel,Violencia,,9.0,ALTA,"31,0",,sin validar,949879
8423.0,29/09/2024,Ovalle,Fraude,,7.0,baja,35.0,TMP-001,ok,994180
8424.0,Jul-24-2024,Serena,Accidente,Sur,10.0,Baja,27.0,,revisar,550354
8425.0,2024/11/18,COQUIMBO,,Rural,11.0,Media,"33,0",ERROR,revisar,745981
8426.0,2024/02/05,SALAMANCA,Accidente,NORTE,1.0,Alta,17.0,,,914920
8427.0,26/07/2025,monte patria,Robo,Norte,13.0,Alta,16.0,TMP-001,,50933
8428.0,sin fecha,Coquimbo,Fraude,centro,17.0,,58.0,TMP-001,,297595
8429.0,Nov-17-2025,vicuna,Robo,,18.0,Baja,61.0,,,587134
8430.0,Nov-30-2024,Ovalle,Fraude,Centro,11.0,baja,52.0,ERROR,revisar,626628
8431.0,2024-10-08,Andacollo,Robo,NORTE,1.0,ALTA,14.0,ERROR,,574060
8432.0,28/11/2025,Coquimbo ,Violencia,Centro,15.0,Alta,54.0,ERROR,,544894
8433.0,2025/10/07,Coquimbo,Hurto,Centro,14.0,ALTA,,,dato ingresado manualmente,127569
8434.0,02/05/2024, La Serena ,Violencia, Sur ,18.0,ALTA,66.0,,,887142
8435.0,2024/03/27,andacollo,Fraude,Norte,15.0,Media,28.0,,,42444
8436.0,,Andacollo,Hurto,NORTE,1.0,baja,19.0,ERROR,ok,434540
8437.0,2025-09-26,OVALLE,robo,Sur,5.0,ALTA,5.0,ERROR,sin validar,461839
8438.0,Aug-18-2024,Montepatria,Robo,centro,1.0,Media,40.0,ERROR,,252009
8439.0,2025-05-01,Coquimbo,,Sur,5.0,Alta,45.0,TMP-002,sin validar,488701
8440.0,Jun-07-2025,Coquimbo ,Hurto, Sur ,10.0,ALTA,67.0,ERROR,dato ingresado manualmente,311712
8441.0,14/07/2025,vicuna,Hurto,Sur,19.0,,28.0,TMP-002,revisar,265865
8442.0,2024-08-13,COQUIMBO,Violencia,Centro,13.0,Baja,53.0,TMP-002,sin validar,515155
8443.0,2024-12-20,coquimbo,Robo,centro,7.0,,37.0,TMP-002,sin validar,509115
8444.0,24/07/2025,Montepatria,robo,Sur,13.0,Baja,36.0,ERROR,dato ingresado manualmente,601386
8445.0,sin fecha,monte patria,Accidente,centro,12.0,Baja,35.0,TMP-002,,574026
8446.0,11/09/2025,COQUIMBO,,Sur,,ALTA,46.0,ERROR,ok,843452
8447.0,21/05/2025, Salamanca ,Hurto,NORTE,15.0,  ,50.0,TMP-001,sin validar,146376
8448.0,May-24-2025,Monte Patria,Fraude,Norte,3.0,media,16.0,,dato ingresado manualmente,612619
8449.0,2025-02-24,COQUIMBO,Violencia,Sur,16.0,Media,43.0,,,381219
8450.0,,LA SERENA,Hurto,Norte,,,14.0,TMP-001,sin validar,977937
8451.0,2024/08/31,Andacollo,Accidente,Rural,5.0,,65.0,,dato ingresado manualmente,255020
8452.0,13/04/2024,Andacollo,robo,Norte,14.0,ALTA,57.0,TMP-001,,282592
8453.0,2024/05/02,illapel,Violencia,Sur,19.0,Media,55.0,,,895917
,2024/03/22,Coquimbo,Fraude,Rural,1.0,baja,24.0,TMP-001,revisar,864792
8455.0,,Illapel,Violencia,NORTE,1.0,Baja,31.0,ERROR,,906376
8456.0,Jun-12-2025,Ovalle,Hurto,NORTE,8.0,,nan,,,654433
8457.0,05/01/2024,Vicuña,Fraude,centro,12.0,,68.0,TMP-001,,192593
8458.0,sin fecha,Illapel,,Rural,11.0,Media,58.0,TMP-002,,536673
8459.0,2025/09/07,Coquimbo ,Violencia,Rural,"3,0",Baja,52.0,,revisar,343151
,2024/04/27,andacollo,Hurto,,16.0,ALTA,60.0,ERROR,,202187
8461.0,2024-05-26,illapel,,Rural,19.0,,19.0,,,896944
8462.0,2024-12-28,SALAMANCA,Violencia,Rural,2.0,ALTA,63.0,TMP-002,sin validar,917622
8463.0,sin fecha,Salamanca,Robo,,17.0,baja,56.0,ERROR,ok,158545
8464.0,15/07/2025,LA SERENA,Accidente,NORTE,3.0,ALTA,29.0,,revisar,178552
8465.0,,Monte Patria,Robo,Rural,13.0,ALTA,16.0,,sin validar,352915
8466.0,May-06-2025,Serena,Robo,centro,13.0,Alta,15.0,ERROR,sin validar,994169
8467.0,2024/03/21,coquimbo,,NORTE,9.0,,16.0,TMP-002,dato ingresado manualmente,570059
8468.0,2024-12-03,illapel,Violencia, Centro ,11.0,Alta,18.0,TMP-001,sin validar,214544
8469.0,,Vicuña,Violencia,centro,18.0,Alta,38.0,TMP-002,sin validar,898400
8470.0,,monte patria,Violencia,Sur,7.0,Media,47.0,,dato ingresado manualmente,594573
8471.0,13/04/2024,la serena,Robo,Norte,10.0,baja,64.0,TMP-002,dato ingresado manualmente,363128
8472.0,2024/06/30,LaSerena,robo,centro,8.0,baja,61.0,ERROR,,854602
8473.0,20/11/2025,Illapel,Hurto,NORTE,13.0,Alta,41.0,TMP-002,sin validar,668456
8474.0,18/03/2024,VICUNA,Hurto,Rural,9.0,,38.0,ERROR,,392483
8475.0,,andacollo,Robo,centro,4.0,baja,31.0,,,669213
8476.0,2024-01-08,Ovalle,Violencia,Sur,10.0,Media,45.0,TMP-002,,652895
8477.0,2025/11/06,illapel,robo,Sur,11.0,Media,67.0,,,811468
8478.0,,Monte Patria,Hurto,NORTE,7.0,baja,59.0,TMP-001,revisar,554655
8479.0,03/08/2025,SALAMANCA,Hurto,Centro,8.0,Alta,19.0,,ok,136338
8480.0,2024/12/06,Monte Patria,Violencia,Norte,16.0,Media,61.0,TMP-001,,75078
8481.0,25/09/2025,Coquimbo ,Hurto,Norte,5.0, ALTA ,"68,0",ERROR,,636687
8482.0,28/11/2025,Ovalle,Hurto,Rural,9.0,Baja,67.0,,sin validar,447912
8483.0,2025/10/08,coquimbo,Hurto,NORTE,13.0,ALTA,68.0,,sin validar,20154
8484.0,2024/05/18,OVALLE,Robo,centro,12.0,Media,26.0,TMP-001,sin validar,578314
8485.0,Aug-06-2025,vicuna,Violencia,Rural,1.0,Baja,34.0,ERROR,dato ingresado manualmente,246913
8486.0,2024/12/29, Coquimbo  ,Violencia,,1.0,ALTA,30.0,TMP-002,revisar,140958
8487.0,Oct-17-2024,La Serena,,Rural,12.0,Baja,47.0,TMP-001,dato ingresado manualmente,108927
8488.0,2024-01-25,LaSerena,,NORTE,10.0,Media,54.0,TMP-001,dato ingresado manualmente,406632
8489.0,01/02/2025,OVALLE,VIOLENCIA,Norte,14.0,Media,63.0,ERROR,dato ingresado manualmente,362335
8490.0,,Salamanca,Robo,Sur,19.0,nan,30.0,TMP-001,,214634
8491.0,2024/08/18,andacollo,Hurto,Rural,4.0,Media,50.0,TMP-002,sin validar,834403
8492.0,2024-12-05,Salamanca,Accidente,,12.0,Baja,130.0,ERROR,ok,454385
8493.0,2025-02-20,ovalle,Robo,,"10,0",Media,45.0,TMP-002,ok,699089
8494.0,sin fecha,Serena,Robo,Sur,16.0,,23.0,ERROR,sin validar,420182
8495.0,2025/06/14,Montepatria,Hurto,RURAL,3.0,Alta,19.0,,,265080
8496.0,30/03/2024,LaSerena,,NORTE,10.0,baja,21.0,ERROR,,135156
8497.0,23/03/2025,OVALLE,Hurto,NORTE,17.0,Baja,54.0,ERROR,revisar,286796
8498.0,Aug-21-2024,illapel,robo,NORTE,5.0,Baja,"48,0",ERROR,ok,766492
8499.0,Apr-24-2025,Vicuña,,,11.0,,56.0,,sin validar,489461
8500.0,05/04/2024,Vicuña,Robo,Norte,6.0,Baja,68.0,,,93410
8501.0,16/09/2025,la serena,Fraude,centro,"4,0",Baja,58.0,,,72142
8502.0,14/06/2024,ovalle,robo,Rural,16.0,baja,38.0,,ok,45661
8503.0,2025-09-17,Monte Patria,, Rural ,14.0,Alta,25.0,ERROR,,876535
8504.0,17/04/2024, La Serena ,Fraude,Centro,18.0,Baja,15.0,ERROR,revisar,985090
8505.0,,SALAMANCA,Fraude,NORTE,6.0,Alta,33.0,TMP-001,,196691
8506.0,2025/03/14,Monte Patria,Hurto, Centro ,3.0,Alta,37.0,,,206527
8507.0,2025-03-01,monte patria,,Sur,12.0,ALTA,58.0,ERROR,dato ingresado manualmente,832073
8508.0,Jul-14-2024,Vicuña,,RURAL,17.0,Media,15.0,ERROR,dato ingresado manualmente,511913
8509.0,2025/12/26,LA SERENA,,Norte,1.0,Media,30.0,,,325820
8510.0,2024/05/22,OVALLE,Fraude,NORTE,9.0,ALTA,24.0,,sin validar,270599
8511.0,17/04/2025,LaSerena,Hurto,Sur,15.0,ALTA,52.0,TMP-002,,944258
8512.0,Dec-22-2025,monte patria,Violencia,Sur,6.0,ALTA,57.0,,,829896
8513.0,2024-01-28,Montepatria,Violencia,,14.0,Baja,26.0,TMP-002,ok,956007
8514.0,19/12/2025,Coquimbo ,robo,Sur,16.0,,32.0,TMP-001,sin validar,946283
8515.0,Aug-02-2024,Salamanca,Fraude,Centro,1.0,baja,31.0,,sin validar,996428
8516.0,2024/05/29,la serena,Hurto,NORTE,"3,0",baja,nan,TMP-002,dato ingresado manualmente,332480
8517.0,sin fecha,coquimbo,,,16.0,ALTA,"29,0",,dato ingresado manualmente,483187
8518.0,24/02/2025,Coquimbo ,Violencia,centro,3.0,Baja,33.0,ERROR,dato ingresado manualmente,605835
8519.0,,vicuna,Hurto,centro,"8,0",,,TMP-001,revisar,370815
8520.0,06/08/2024,Monte Patria, Fraude ,Norte,5.0,Baja,21.0,,,750915
8521.0,,VICUÑA,Hurto,NORTE,9.0,baja,53.0,,dato ingresado manualmente,997783
8522.0,2025/11/15,SALAMANCA,Violencia,centro,10.0,Baja,18.0,TMP-001,revisar,207933
8523.0,2024-03-14,Serena,Violencia,Rural,13.0,ALTA,33.0,TMP-002,dato ingresado manualmente,975832
,Jun-24-2025,la serena,Violencia,centro,9.0,,43.0,ERROR,revisar,472062
8525.0,2025/09/28,COQUIMBO,Hurto,centro,5.0,Media,28.0,ERROR,revisar,40017
8526.0,2025-07-09,Ovalle,,Sur,18.0, Media ,68.0,TMP-001,sin validar,917679
8527.0,Jul-15-2024,COQUIMBO,Violencia,Rural,13.0,ALTA,68.0,TMP-002,sin validar,147511
8528.0,May-22-2024,Andacollo,robo,Norte,"19,0",,59.0,TMP-002,ok,213794
8529.0,,vicuna,robo,NORTE,1.0,Baja,54.0,TMP-002,ok,370252
8530.0,2024-08-05,La Serena,Fraude,Sur,1.0,,51.0,,dato ingresado manualmente,605224
8531.0,2024/05/06,Serena,,Rural,12.0, Media ,46.0,ERROR,,422409
8532.0,2024-05-21, Illapel ,Hurto,Norte,18.0,,49.0,TMP-002,sin validar,479391
8533.0,sin fecha,monte patria,FRAUDE,NORTE,18.0,baja,61.0,TMP-001,,694616
8534.0,2024/08/19,Illapel,Fraude,centro,16.0,baja,60.0,,,266983
8535.0,2024-01-27,Monte Patria,,Sur,5.0,ALTA,21.0,ERROR,,529079
8536.0,31/03/2025,coquimbo,robo,centro,15.0,,21.0,TMP-001,,714351
8537.0,,ovalle,Hurto,Centro,8.0,ALTA,45.0,,sin validar,444446
8538.0,2025-08-09,Serena,Accidente,Norte,12.0,ALTA,41.0,TMP-002,sin validar,349463
,2025-06-04,Illapel,,,3.0,Alta,32.0,TMP-001,dato ingresado manualmente,451597
8540.0,04/02/2025,Monte Patria,Accidente,Centro,18.0,Alta,58.0,,ok,950800
8541.0,sin fecha,Andacollo,,Rural,"14,0",baja,"40,0",TMP-001,sin validar,120653
8542.0,2024-06-07,Ovalle,Fraude,NORTE,19.0,Baja,24.0,,ok,581143
8543.0,28/01/2024,monte patria,,Sur,1.0,BAJA,35.0,,,866160
8544.0,28/08/2025,SALAMANCA,,Norte,4.0,Alta,16.0,,,806085
8545.0,2025-09-06,OVALLE,,Rural,,Baja,19.0,TMP-001,,275022
8546.0,2024-10-21,Coquimbo,Violencia,Norte,7.0, baja ,"35,0",,,269559
8547.0,2024/05/15,Coquimbo ,robo,Rural,12.0,baja,47.0,TMP-002,,776552
8548.0,2025-09-09,Vicuña,,Sur,16.0,Media,22.0,,ok,403997
8549.0,2025/06/20,laserena,Fraude,,2.0,baja,25.0,TMP-002,dato ingresado manualmente,103735
8550.0,Jun-18-2025,coquimbo,Accidente,NORTE,15.0,baja,65.0,,revisar,988580
8551.0,sin fecha,illapel,Hurto,Sur,"11,0",baja,42.0,,ok,546734
8552.0,17/03/2024,Coquimbo ,hurto,Centro,14.0,Media,32.0,TMP-001,,406165
8553.0,,Illapel,Robo,Centro,19.0,,22.0,,ok,194493
,,illapel,Robo,centro,2.0,baja,55.0,,ok,208330
8555.0,2024-06-22,Monte Patria,Fraude,NORTE,, Alta ,48.0,,ok,545033
8556.0,,monte patria,, Centro ,13.0, Alta ,50.0,TMP-002,ok,817831
8557.0,2025-10-18,monte patria,,Norte,18.0,ALTA,49.0,,ok,764419
8558.0,2025/01/20,VICUÑA,Robo,,9.0,Media,60.0,TMP-002,revisar,177961
,Jun-01-2025,andacollo,Violencia,Centro,6.0,Alta,25.0,,,587280
8560.0,2025-08-16,illapel,Accidente,,14.0,Baja,59.0,TMP-002,dato ingresado manualmente,682386
8561.0,sin fecha,VICUÑA,Robo,Centro,,ALTA,41.0,TMP-001,,974693
8562.0,2025/10/30,LA SERENA,Violencia,NORTE,15.0, baja ,60.0,,ok,43881
8563.0,16/07/2024,ovalle,Accidente,Centro,12.0,baja,63.0,ERROR,dato ingresado manualmente,186777
8564.0,09/05/2025,OVALLE,robo, centro ,8.0,ALTA,65.0,TMP-002,dato ingresado manualmente,252997
8565.0,2025-11-02,ovalle,,norte,11.0,Baja,,,dato ingresado manualmente,831269
8566.0,Jul-07-2024,Vicuña,Violencia,Norte,17.0,alta,49.0,,revisar,218835
8567.0,2025/10/19,la serena, nan ,Rural,500.0,ALTA,26.0,TMP-001,dato ingresado manualmente,297697
8568.0,Sep-23-2025,Montepatria,Violencia,centro,11.0,ALTA,56.0,TMP-001,,671465
8569.0,Mar-31-2025,VICUÑA,robo,NORTE,4.0,Alta,66.0,,revisar,865977
8570.0,17/01/2025,ovalle,,Sur,11.0,,15.0,ERROR,,201651
8571.0,24/02/2025, vicuna ,Violencia,Sur,4.0,baja,62.0,,revisar,675789
8572.0,19/04/2025,Monte Patria,Accidente,Rural,5.0,Media,14.0,ERROR,revisar,347930
8573.0,2024-02-08,Illapel,Accidente, Sur ,18.0,baja,42.0,,ok,4025
8574.0,,La Serena,,Norte,5.0, Baja ,,,,886887
8575.0,2025-07-30, Serena ,accidente,Sur,7.0,Media,"17,0",TMP-002,,130664
,sin fecha,la serena,Violencia,Rural,5.0,Alta,50.0,TMP-002,,693031
8577.0,2025/07/08,Serena,Accidente,Sur,11.0,,35.0,,revisar,971646
8578.0,Oct-03-2025,OVALLE,,Centro,17.0,Baja,"19,0",TMP-002,revisar,717944
8579.0,Sep-25-2025,Monte Patria,Hurto,Rural,14.0,baja,15.0,TMP-002,,667393
8580.0,2024-03-19,vicuna,Fraude,Norte,9.0,ALTA,25.0,,revisar,754745
8581.0,2024-03-10,la serena,Fraude,Rural,9.0,Media,15.0,,sin validar,338881
8582.0,2024/02/05,Montepatria,robo, NORTE ,4.0,Media,38.0,,,244458
8583.0,2025/05/09,andacollo,Hurto,Norte,4.0,,"51,0",,dato ingresado manualmente,311330
8584.0,10/12/2025,ovalle,Accidente,,4.0,,26.0,TMP-001,,122813
8585.0,14/04/2024,COQUIMBO,,Centro,19.0,Media,59.0,TMP-001,ok,81541
8586.0,sin fecha,Monte Patria,Accidente,centro,13.0,Baja,29.0,ERROR,,251113
8587.0,Jul-23-2024,VICUÑA,Robo,Norte,18.0,,60.0,,dato ingresado manualmente,346290
8588.0,2025-10-18,Serena,Hurto,centro,"5,0",Media,57.0,,,865890
8589.0,Mar-22-2025, Andacollo ,robo,Norte,19.0,,59.0,TMP-002,revisar,994881
8590.0,Jul-22-2024,Andacollo,Violencia,,4.0,baja,31.0,TMP-002,ok,710820
8591.0,May-27-2024,andacollo,Fraude,NORTE,2.0,Alta,60.0,,sin validar,433300
8592.0,,LA SERENA,Hurto,,1.0,alta,66.0,ERROR,dato ingresado manualmente,934716
8593.0,2025/11/05,VICUÑA,Robo,Rural,3.0,Baja,55.0,ERROR,ok,645607
8594.0,2025/12/29,LA SERENA,Violencia,,14.0,,20.0,,ok,671500
8595.0,2025-01-18,Monte Patria,robo,NORTE,2.0,,57.0,,,997247
8596.0,07/09/2024,Andacollo,Robo,Rural,8.0,Baja,59.0,TMP-001,dato ingresado manualmente,334492
8597.0,2025-11-04, illapel ,Fraude,centro,13.0,Alta,33.0,TMP-002,sin validar,701819
8598.0,Jan-02-2024,Ovalle,Violencia,Rural,11.0,ALTA,39.0,TMP-001,,761157
8599.0,,Montepatria,Robo,Sur,16.0,baja,69.0,,dato ingresado manualmente,367776
8600.0,Dec-29-2024,monte patria,Violencia,Sur,8.0,,51.0,ERROR,ok,562803
8601.0,2025/05/15,Montepatria,Accidente,NORTE,5.0,baja,"35,0",,,499094
8602.0,,Coquimbo,Robo,Centro,6.0,Baja,29.0,,dato ingresado manualmente,559433
8603.0,2024/04/16,Coquimbo,Accidente,centro,,ALTA,36.0,TMP-002,ok,130772
8604.0,Jul-25-2025,LA SERENA,Robo,Centro,16.0,Baja,53.0,ERROR,,902585
8605.0,2024-08-10,Illapel,Hurto,Rural,4.0,Baja,29.0,TMP-002,ok,113536
8606.0,,Vicuña,robo,centro,1.0,ALTA,,TMP-002,dato ingresado manualmente,692798
8607.0,07/10/2024,Montepatria,Violencia,NORTE,9.0,ALTA,48.0,TMP-002,sin validar,815075
,Oct-20-2024,vicuna,robo,Sur,12.0,Baja,51.0,,,664008
8609.0,2025/09/26,vicuna,Violencia,centro,2.0,,52.0,,dato ingresado manualmente,232475
8610.0,,Vicuña,robo,Norte,8.0,baja,47.0,ERROR,ok,93767
8611.0,,SALAMANCA,Violencia,Centro,5.0,,27.0,ERROR,sin validar,310216
8612.0,2024/09/21,Illapel,Robo,Centro,7.0,Alta,45.0,TMP-002,,431176
8613.0,2025/12/02,Serena,robo,centro,1.0,Media,51.0,,revisar,363425
8614.0,2025/04/19,COQUIMBO,Robo,NORTE,17.0,Baja,20.0,TMP-001,ok,122213
8615.0,Aug-30-2025,Illapel,Robo,Sur,3.0,baja,50.0,,ok,400038
8616.0,2025-04-08,Vicuña,Robo,,16.0,,130.0,,,17008
8617.0,Apr-06-2024,coquimbo,robo,Norte,12.0,,32.0,TMP-001,dato ingresado manualmente,128190
8618.0,Nov-04-2024,OVALLE,Robo,NORTE,8.0,,43.0,ERROR,ok,350753
8619.0,02/10/2025,Ovalle,Accidente,NORTE,4.0,Baja,64.0,TMP-001,ok,495218
8620.0,27/12/2025,ovalle,Violencia,Centro,10.0,ALTA,15.0,TMP-002,ok,242281
8621.0,2024-04-03,COQUIMBO,Accidente,Centro,18.0,,44.0,ERROR,,702151
8622.0,,monte patria,Violencia,Rural,16.0,ALTA,45.0,,,845206
8623.0,2024/11/15,Andacollo,Hurto,NORTE,18.0,Alta,21.0,ERROR,sin validar,670367
8624.0,2024/12/08,Illapel,accidente,centro,19.0,ALTA,16.0,,dato ingresado manualmente,779179
8625.0,2024-11-27,Vicuña,robo,NORTE,10.0,Media,55.0,TMP-002,,957765
8626.0,2025-01-15,SALAMANCA,robo,Centro,12.0,alta,60.0,,sin validar,71746
8627.0,07/02/2025,ovalle,Robo,Centro,16.0,Media,51.0,ERROR,revisar,64739
,2025-04-24,VICUÑA,robo,Norte,11.0,Baja,51.0,TMP-002,ok,970683
8629.0,2024-04-11,Salamanca,Violencia,centro,"16,0",Baja,69.0,TMP-002,revisar,81785
8630.0,,Ovalle,, Sur ,11.0,baja,18.0,,revisar,532783
8631.0,Apr-05-2024,Coquimbo,fraude,centro,11.0,,21.0,TMP-001,sin validar,641518
8632.0,,monte patria,robo,,,ALTA,55.0,ERROR,ok,439654
8633.0,2025-10-31,La Serena,Violencia,Norte,13.0,,17.0,,ok,536717
8634.0,2025-05-28,la serena,Hurto,Centro,7.0,Alta,30.0,,,15713
8635.0,May-02-2025,coquimbo,Hurto,Centro,16.0,ALTA,58.0,TMP-001,dato ingresado manualmente,398665
8636.0,2025-05-26,VICUÑA,,Rural,5.0,ALTA,26.0,ERROR,ok,697285
8637.0,2025-05-11,VICUÑA,robo,Rural,"14,0",baja,36.0,,,191282
8638.0,2025-12-28,Salamanca,,Norte,5.0,Alta,66.0,,revisar,330941
8639.0,2025/09/21,illapel,,Norte,,Media,46.0,TMP-002,dato ingresado manualmente,712206
8640.0,,COQUIMBO, Fraude ,Norte,9.0,Media,55.0,,ok,470899
8641.0,,La Serena,Fraude,CENTRO,19.0,Media,18.0,TMP-001,dato ingresado manualmente,754340
8642.0,Sep-15-2024,VICUÑA,Accidente,Rural,19.0,BAJA,,TMP-001,,55489
8643.0,sin fecha,Coquimbo,Violencia,,14.0,Media,59.0,ERROR,,753899
,2024/12/09,LA SERENA,Fraude,centro,"18,0",baja,15.0,ERROR,dato ingresado manualmente,240203
8645.0,26/08/2024,LaSerena,,Rural,2.0,Alta,26.0,ERROR,sin validar,268520
8646.0,06/07/2024,Serena,robo,Centro,4.0,Baja,46.0,,dato ingresado manualmente,984023
8647.0,,ovalle,Fraude,Norte,5.0,Media,49.0,TMP-002,revisar,759391
8648.0,2024/09/21,andacollo,Accidente,,,baja,51.0,TMP-001,ok,841195
8649.0,,LaSerena,Violencia,Norte,,ALTA,32.0,TMP-002,sin validar,131511
8650.0,07/04/2025,ovalle,Accidente,NORTE,9.0,Baja,31.0,ERROR,,766755
8651.0,,Salamanca, robo ,NORTE,10.0,Alta,49.0,TMP-001,dato ingresado manualmente,969023
8652.0,20/02/2024,OVALLE,Robo,NORTE,19.0,Media,,TMP-002,,318040
8653.0,Jan-07-2025,LA SERENA,Violencia,Sur,16.0,,47.0,,dato ingresado manualmente,631830
8654.0,2025/08/07,Illapel,Accidente,Sur,14.0,,65.0,TMP-002,,787956
8655.0,Oct-14-2025,SALAMANCA,Robo,,5.0,Media,33.0,ERROR,sin validar,601685
8656.0,2025/06/06,Vicuña,Fraude,Norte,12.0,baja,30.0,,,820550
8657.0,2024/04/21,La Serena,Accidente,Norte,18.0,ALTA,64.0,,sin validar,619594
8658.0,Jun-30-2025,Serena,Violencia,Rural,16.0,baja,20.0,,revisar,702071
8659.0,2024-03-02,coquimbo,Fraude,Centro,14.0,,49.0,TMP-001,,221234
8660.0,2024/03/10,illapel,robo,NORTE,10.0,  ,62.0,TMP-001,ok,974461
8661.0,03/10/2025,la serena,Violencia,Centro,14.0,ALTA,17.0,ERROR,ok,158865
8662.0,2024/08/09,Coquimbo ,Hurto,Rural,12.0,Alta,,,revisar,968490
8663.0,11/08/2025,Vicuña,,Centro,3.0,Baja,44.0,,,531656
8664.0,19/09/2024,Andacollo,robo,Sur,2.0,Media,40.0,TMP-002,dato ingresado manualmente,894234
8665.0,Apr-14-2025,vicuna,Violencia,Sur,9.0,Media,28.0,TMP-002,,48422
8666.0,17/07/2024,monte patria,ROBO,centro,13.0,,62.0,TMP-001,sin validar,862414
8667.0,2024-11-26,Illapel,,Rural,11.0,Alta,58.0,,,544621
8668.0,2025-11-06,Vicuña,Accidente,Norte,8.0,baja,50.0,TMP-002,revisar,898097
8669.0,,Illapel,Accidente,NORTE,2.0,Media,61.0,TMP-001,,730523
8670.0,2024/03/13,Montepatria,robo,Norte,14.0,ALTA,57.0,TMP-002,ok,511679
8671.0,sin fecha,la serena,Hurto,Centro,3.0,,,,,556104
8672.0,2024-01-31,la serena,Robo,Rural,15.0,baja,33.0,TMP-001,sin validar,556481
8673.0,2025/07/08,illapel, Accidente ,Centro,18.0,baja,63.0,TMP-002,dato ingresado manualmente,87490
8674.0,2025/04/10,La Serena,,Norte,7.0,baja,57.0,,ok,258555
8675.0,27/07/2025,coquimbo,robo,Centro,13.0,,68.0,TMP-001,sin validar,123251
8676.0,07/05/2024,vicuna,Accidente,centro,2.0,ALTA,26.0,,revisar,301055
8677.0,29/06/2024,vicuna,robo,NORTE,2.0,Baja,52.0,TMP-002,,329992
8678.0,2024-12-24,illapel,robo,NORTE,8.0,ALTA,18.0,ERROR,revisar,362855
,,COQUIMBO,Accidente,Sur,7.0,Alta,55.0,ERROR,,631129
8680.0,2024/11/12,Ovalle,Accidente,centro,8.0,ALTA,38.0,,sin validar,505216
8681.0,2025/06/09,vicuna,Robo,centro,4.0,Baja,43.0,TMP-001,,816748
8682.0,2024-02-14,LaSerena,accidente,,13.0,Alta,27.0,TMP-001,dato ingresado manualmente,756693
8683.0,,OVALLE,Accidente,Rural,6.0,Media,,,sin validar,431492
8684.0,2024/11/11,Illapel,Fraude,NORTE,10.0,baja,55.0,TMP-001,dato ingresado manualmente,780816
8685.0,2025-02-03,Monte Patria,,NORTE,5.0,,"55,0",,sin validar,154711
8686.0,2024/11/16,OVALLE,Fraude,centro,15.0,Alta,57.0,,ok,451355
8687.0,2024-05-27, COQUIMBO ,Hurto,  ,7.0,,66.0,TMP-002,,942308
8688.0,,SALAMANCA,Robo,centro,16.0,,44.0,,ok,121766
8689.0,Dec-15-2025,Coquimbo,Hurto,NORTE,18.0,ALTA,33.0,ERROR,revisar,617012
,Oct-11-2025,vicuna,Hurto,centro,15.0,Baja,38.0,,revisar,186990
8691.0,08/05/2024,Andacollo,robo,Rural,,Baja,18.0,ERROR,,639860
8692.0,2024-01-30,andacollo,Hurto,Sur,11.0,Baja,52.0,TMP-001,,184125
8693.0,2024-04-12,ovalle,,NORTE,7.0,Baja,65.0,TMP-002,,264917
8694.0,2024-04-29,OVALLE,,,16.0,Media,35.0,TMP-002,revisar,866336
8695.0,,SALAMANCA,Fraude,Rural,17.0,baja,31.0,TMP-001,ok,663947
8696.0,2025-07-06,Andacollo,,,16.0,,37.0,,sin validar,702739
8697.0,01/11/2024,monte patria,Violencia,Rural,3.0,Baja,55.0,ERROR,,239567
8698.0,Sep-07-2025,SALAMANCA,Robo,,2.0,,43.0,TMP-002,revisar,213839
8699.0,2024-05-29,OVALLE,hurto,,1.0,baja,19.0,,dato ingresado manualmente,460769
8700.0,Jan-17-2024,Illapel,Accidente,,12.0,Media,53.0,TMP-002,revisar,473803
8701.0,2025/05/11, illapel ,Robo,Centro,2.0,baja,60.0,,revisar,196615
8702.0,29/05/2025,VICUÑA,,Rural,11.0,baja,61.0,,ok,405910
8703.0,Nov-21-2024,vicuna,Violencia,centro,13.0,Alta,25.0,,revisar,296408
8704.0,2025-09-30,la serena,Accidente,centro,1.0,baja,66.0,ERROR,ok,136341
8705.0,Sep-23-2025,La Serena,Fraude,NORTE,19.0,baja,17.0,TMP-001,,460046
8706.0,Jun-21-2024,OVALLE,Fraude,centro,9.0,Alta,23.0,ERROR,,774051
8707.0,2025-05-12,OVALLE,robo, Norte ,19.0,Media,50.0,TMP-002,,950065
8708.0,2025/02/17,Montepatria,,NORTE,4.0,,26.0,,,276521
8709.0,23/04/2025,SALAMANCA,Fraude,Sur,6.0,,23.0,TMP-001,revisar,367898
8710.0,2024-07-26,Monte Patria,Hurto,centro,5.0,baja,67.0,ERROR,dato ingresado manualmente,695397
8711.0,2024-02-04,la serena,,,1.0,Media,63.0,TMP-002,dato ingresado manualmente,384177
8712.0,04/01/2025,Coquimbo ,Fraude,rural,15.0,baja,67.0,TMP-001,sin validar,901838
8713.0,Oct-01-2024,illapel,robo,Norte,6.0, baja ,37.0,TMP-002,revisar,398938
8714.0,2025/09/28,OVALLE,robo,NORTE,9.0,Alta,59.0,,,762813
8715.0,2025-03-18,Monte Patria,Fraude,NORTE,5.0,Baja,32.0,TMP-001,,35688
8716.0,,ovalle,,,11.0,MEDIA,42.0,ERROR,revisar,159897
8717.0,Aug-16-2025,LA SERENA,Robo,centro,7.0,baja,45.0,ERROR,,275341
8718.0,2025-10-01,VICUÑA,Hurto,centro,13.0,Alta,50.0,TMP-002,sin validar,526916
8719.0,2025/01/01,Vicuña,Fraude,NORTE,19.0,ALTA,19.0,ERROR,,312495
8720.0,Jan-25-2024,LA SERENA,Robo,Sur,11.0,,21.0,TMP-001,dato ingresado manualmente,601561
8721.0,2025-10-22,Serena,robo,Centro,2.0,,35.0,TMP-002,,573245
8722.0,24/04/2024,OVALLE, Violencia , Norte ,8.0,Alta,48.0,,,743648
8723.0,2025/03/24,coquimbo,Accidente,Sur,7.0,Alta,50.0,TMP-002,sin validar,975719
8724.0,2024/12/27,monte patria,Accidente,,"15,0",ALTA,48.0,ERROR,ok,538210
8725.0,2024-01-17,Coquimbo ,Hurto,NORTE,9.0,Baja,43.0,ERROR,ok,537822
8726.0,2025/04/02,la serena,robo,centro,14.0,Alta,59.0,,ok,43589
8727.0,Dec-13-2025,illapel,Accidente,Rural,5.0, Media ,38.0,,revisar,170791
8728.0,06/05/2024,SALAMANCA,Fraude,Sur,19.0,ALTA,55.0,,revisar,86862
8729.0,2025/07/24,COQUIMBO,Robo,centro,13.0,Media,52.0,TMP-002,sin validar,764745
8730.0,13/01/2025,OVALLE,Fraude,Rural,19.0,,,ERROR,,781691
8731.0,Jun-19-2024,illapel,Fraude,Centro,1.0,ALTA,,TMP-002,dato ingresado manualmente,891794
8732.0,10/05/2024,LA SERENA,Violencia,Norte,18.0,  ,17.0,ERROR,,158510
8733.0,May-25-2025,coquimbo,ROBO,,14.0,ALTA,38.0,ERROR,ok,862361
8734.0,May-24-2024,LaSerena,,centro,3.0,baja,40.0,TMP-002,sin validar,735907
8735.0,2025-03-10,Coquimbo ,,Rural,16.0,,55.0,,revisar,910146
8736.0,16/10/2025,Salamanca,robo,centro,6.0,,50.0,ERROR,,63611
8737.0,2025/01/23,Monte Patria,robo,Sur,5.0,baja,52.0,TMP-002,ok,92327
8738.0,2025-09-08,Montepatria,,NORTE,5.0,ALTA,43.0,,dato ingresado manualmente,577701
8739.0,,ovalle,Violencia,Norte,19.0,Baja,47.0,TMP-002,,241470
8740.0,2025/11/20,monte patria,Accidente,Centro,2.0,ALTA,58.0,ERROR,,602321
8741.0,08/09/2024,illapel,Hurto,Norte,17.0,Media,"67,0",TMP-001,revisar,919103
8742.0,02/11/2024,illapel,robo,Norte,,Alta,25.0,TMP-002,ok,710103
8743.0,sin fecha,COQUIMBO,,Centro,4.0,Baja,54.0,ERROR,,204051
8744.0,2025-09-30,COQUIMBO,Accidente,Centro,18.0,BAJA,37.0,,sin validar,70439
8745.0,2024-05-16,Ovalle,,,11.0,Baja,65.0,,,518145
8746.0,Mar-27-2025,OVALLE,Hurto,,14.0,Alta,41.0,,ok,580098
8747.0,10/06/2024,OVALLE,,Norte,15.0,Alta,25.0,,dato ingresado manualmente,480884
8748.0,Dec-05-2024,Serena,,Sur,4.0,ALTA,68.0,TMP-001,revisar,760662
8749.0,2024/04/20,SALAMANCA,,NORTE,5.0,,,ERROR,,584695
8750.0,2025/02/25,la serena,Robo,NORTE,15.0,,19.0,ERROR,,697182
8751.0,2024/01/09,illapel,Violencia,,12.0,,64.0,TMP-002,dato ingresado manualmente,538049
8752.0,2025/07/16,Serena,Fraude,Centro,9.0,Media,37.0,,dato ingresado manualmente,782867
8753.0,2025/03/31,VICUÑA,Violencia,Norte,17.0,,32.0,TMP-002,revisar,11704
8754.0,13/02/2025,Andacollo,Fraude,,16.0,Alta,60.0,,ok,573812
8755.0,2024-11-02,Montepatria,Accidente,centro,2.0,Alta,,TMP-002,,905571
8756.0,2025-12-05,Serena,,Centro,6.0,baja,18.0,,dato ingresado manualmente,766659
8757.0,Aug-27-2025,Andacollo,,centro,8.0,,21.0,TMP-002,,46531
8758.0,2025-08-29,ovalle,Violencia,,15.0,baja,68.0,TMP-001,revisar,99066
8759.0,Sep-20-2024,Illapel,robo,Rural,,ALTA,53.0,,,308491
8760.0,31/01/2024,ovalle,Hurto,Norte,13.0,,50.0,ERROR,,810751
8761.0,2025-10-07,Illapel, Hurto ,Sur,,ALTA,19.0,TMP-001,,500479
8762.0,2025-04-19,Andacollo,,Sur,13.0,Media,39.0,ERROR,sin validar,45737
8763.0,2025-11-11,la serena,Violencia,centro,6.0,,18.0,,ok,935235
8764.0,17/05/2024,SALAMANCA,robo,Sur,15.0,,60.0,TMP-002,revisar,277847
8765.0,31/08/2024,Vicuña,Fraude,Rural,3.0,ALTA,52.0,,ok,952792
8766.0,2025-01-07,Serena,robo,Norte,6.0,,69.0,,revisar,504960
,24/01/2024,Coquimbo ,robo,NORTE,6.0,,37.0,,dato ingresado manualmente,869470
8768.0,2024/06/06,ovalle,Accidente,Centro,5.0,Baja,35.0,,,956209
8769.0,21/12/2025,monte patria,robo,NORTE,,,59.0,ERROR,ok,375097
8770.0,2024-01-28,Ovalle,Robo,Centro,9.0,,32.0,TMP-001,revisar,789060
8771.0,May-12-2025,Vicuña,Violencia,Rural,3.0,,30.0,TMP-002,,867536
8772.0,2025/03/23,Salamanca,Fraude,Centro,"5,0",,41.0,ERROR,ok,409991
8773.0,,OVALLE,Hurto,Norte,10.0,Media,54.0,ERROR,revisar,980919
8774.0,sin fecha,Illapel, Accidente ,Sur,16.0,Alta,33.0,ERROR,,491986
8775.0,2025-03-29,OVALLE,robo,Norte,10.0,Baja,53.0,ERROR,sin validar,514626
8776.0,May-23-2024,Vicuña,Robo,Sur,15.0,baja,24.0,,revisar,9596
8777.0,07/08/2025,vicuna,Accidente,centro,15.0,ALTA,69.0,,,773315
8778.0,07/01/2024,La Serena,Accidente,Rural,14.0,Baja,32.0,ERROR,dato ingresado manualmente,208993
8779.0,Oct-31-2024,Vicuña,Accidente,,,,16.0,TMP-002,ok,485650
8780.0,May-04-2024,Vicuña,Hurto,centro,4.0,baja,68.0,,,917749
8781.0,Jan-17-2025,Serena,Violencia,,11.0,Baja,64.0,TMP-001,sin validar,857164
8782.0,18/06/2025,Salamanca,,,13.0,Baja,45.0,ERROR,ok,887475
8783.0,2024/06/17,monte patria,Hurto,centro,8.0,Baja,17.0,TMP-002,revisar,602818
8784.0,,LaSerena,robo,centro,12.0,Baja,35.0,TMP-001,,187261
8785.0,2025-03-10,COQUIMBO,Violencia,Rural,6.0,ALTA,20.0,TMP-002,dato ingresado manualmente,201570
8786.0,sin fecha,LA SERENA,Hurto,,4.0,Media,19.0,ERROR,,851333
8787.0,09/11/2025,ovalle,Robo,,4.0,,65.0,ERROR,ok,999535
8788.0,,vicuna,robo,NORTE,18.0,baja,,,,921266
8789.0,,Illapel,violencia,NORTE,8.0,Media,"62,0",TMP-001,ok,791403
8790.0,2025/10/03,vicuna,robo,Norte,15.0,Media,63.0,,revisar,384564
8791.0,Jun-09-2025,Vicuña,Violencia,centro,12.0,,47.0,ERROR,,187932
8792.0,14/12/2024,Illapel,Hurto,Norte,12.0,Alta,,,ok,540596
8793.0,2024/04/15,Ovalle, Fraude ,centro,10.0,Media,48.0,TMP-002,ok,468968
8794.0,30/01/2024,illapel,Violencia,centro,8.0,Alta,43.0,TMP-002,ok,490656
,2024-09-06,Serena,Hurto,centro,1.0,Media,"44,0",,,188704
8796.0,Nov-01-2025,Montepatria,robo,,5.0,baja,32.0,ERROR,revisar,99881
8797.0,,Vicuña,robo,Norte,1.0,Media,50.0,TMP-002,revisar,780360
8798.0,Feb-01-2024,LaSerena,Violencia,centro,13.0,baja,24.0,TMP-001,dato ingresado manualmente,618567
8799.0,sin fecha,LaSerena,,Rural,16.0,,44.0,TMP-002,dato ingresado manualmente,385556
8800.0,19/04/2025,Illapel,,Rural,4.0,Baja,5.0,,,868634
8801.0,2024-04-04, LA SERENA ,Violencia,Sur,17.0,,"62,0",,,541805
8802.0,17/03/2025,VICUÑA,,,6.0,Media,,TMP-002,,85885
8803.0,2025/08/25,La Serena,Fraude,centro,18.0,ALTA,21.0,ERROR,dato ingresado manualmente,37199
8804.0,26/11/2024,illapel,,Sur,6.0,baja,18.0,ERROR,sin validar,230818
8805.0,17/06/2025,illapel,Fraude,Sur,6.0,Baja,"68,0",,revisar,688558
8806.0,2025-05-10,Ovalle,Violencia,Norte,11.0,Alta,65.0,TMP-002,sin validar,452101
8807.0,,LaSerena,Hurto,Norte,17.0,Alta,62.0,TMP-002,ok,527866
8808.0,,Salamanca,Accidente,,15.0,Media,"29,0",TMP-001,sin validar,894459
8809.0,17/10/2024,SALAMANCA,Accidente,centro,8.0,nan,18.0,TMP-002,dato ingresado manualmente,137399
8810.0,2024-06-23,LaSerena,Robo,Centro,16.0,ALTA,67.0,ERROR,,648361
8811.0,2025-08-07,illapel,Accidente,Rural,"5,0",,36.0,TMP-002,sin validar,5600
8812.0,2025/11/20,LaSerena,,Norte,14.0,Media,52.0,ERROR,sin validar,895207
8813.0,Mar-16-2024,LA SERENA,Violencia,Centro,16.0,,56.0,,sin validar,346070
8814.0,May-11-2024,vicuna, Fraude ,centro,"18,0",Baja,30.0,,ok,357959
8815.0,Jan-09-2024,Ovalle,Accidente,,13.0,,51.0,,,101120
8816.0,2024/09/28,Salamanca, Hurto ,Sur,,Baja,16.0,,sin validar,809749
8817.0,2025/02/12,vicuna,,,17.0,Media,27.0,TMP-002,revisar,746966
8818.0,Apr-23-2024,ovalle,Accidente,Sur,17.0,baja,20.0,,ok,633757
,sin fecha,Montepatria,Hurto,centro,9.0,Baja,33.0,,ok,39477
8820.0,Jan-31-2024,OVALLE,,centro,5.0,Media,17.0,,revisar,466693
8821.0,25/01/2025,Coquimbo,Fraude,centro,5.0,Baja,49.0,,,405953
8822.0,,Ovalle,robo,centro,14.0,Baja,35.0,,,478900
8823.0,20/11/2025,OVALLE,robo,Rural,8.0,Alta,,,sin validar,241253
8824.0,2024-09-26,Salamanca,Fraude,NORTE,19.0,Alta,33.0,TMP-002,,38551
8825.0,2024/12/19,ovalle,Robo,NORTE,2.0,,15.0,TMP-001,,598604
8826.0,,vicuna,Robo,Rural,14.0,,48.0,TMP-001,sin validar,785540
8827.0,01/02/2024,OVALLE,Violencia,,12.0,,52.0,TMP-002,,603235
8828.0,14/10/2025, Salamanca ,Robo, centro ,12.0,Baja,43.0,TMP-001,sin validar,59115
8829.0,,LA SERENA,Robo,centro,14.0,Baja,52.0,TMP-002,,680634
8830.0,2024-05-10,SALAMANCA,Hurto,Sur,12.0,Alta,23.0,,ok,87272
8831.0,06/04/2025,LaSerena,Robo,Norte,19.0,,61.0,,dato ingresado manualmente,284978
8832.0,2024/05/06,Montepatria,Hurto,Rural,18.0,baja,41.0,,,552945
8833.0,2024-03-18,monte patria,Hurto,Norte,5.0,ALTA,43.0,ERROR,ok,288148
8834.0,2025-06-20,illapel,,Rural,17.0,Alta,58.0,,ok,165758
8835.0,sin fecha,monte patria,Hurto,,13.0,Media,,ERROR,revisar,189389
8836.0,12/11/2025,OVALLE,Hurto,centro,1.0,Baja,44.0,TMP-002,,260593
8837.0,21/06/2025,monte patria,robo,Centro,11.0,ALTA,44.0,,,91762
8838.0,2024/02/28,vicuña,robo,NORTE,17.0,ALTA,36.0,,,895545
8839.0,08/09/2024,La Serena,,Norte,13.0,Media,"29,0",TMP-002,revisar,602946
8840.0,24/04/2024,la serena,,Sur,5.0,,15.0,,,375340
8841.0,2025/09/19,SALAMANCA,Accidente,Rural,13.0,Alta,58.0,TMP-002,sin validar,87764
8842.0,,monte patria,Violencia,Sur,4.0,baja,61.0,ERROR,,34563
8843.0,sin fecha,vicuna,Robo,Norte,12.0,,28.0,ERROR,,513897
8844.0,2025/09/21,LA SERENA,Fraude,Sur,8.0,,28.0,,revisar,879983
8845.0,2025/03/08,andacollo,Hurto,centro,"13,0",baja,"39,0",TMP-002,,953286
8846.0,2025-01-17,VICUÑA,Accidente,Rural,3.0,ALTA,64.0,TMP-001,,496229
8847.0,Apr-30-2025,SALAMANCA,,NORTE,13.0,Baja,20.0,ERROR,,317318
,Feb-09-2024,COQUIMBO,Accidente,Centro,1.0, baja ,50.0,TMP-001,dato ingresado manualmente,548163
8849.0,,LA SERENA,robo,Norte,1.0,,42.0,ERROR,ok,476159
8850.0,2024-01-13,LA SERENA,Fraude,NORTE,16.0,Media,67.0,ERROR,dato ingresado manualmente,153846
8851.0,,andacollo,Violencia,Rural,13.0,,36.0,ERROR,revisar,784688
8852.0,,la serena,,NORTE,7.0,BAJA,43.0,ERROR,,225705
8853.0,01/04/2024,Montepatria,robo,Rural,12.0,baja,32.0,,revisar,734811
8854.0,2025-10-29,monte patria,,centro,4.0,baja,37.0,,dato ingresado manualmente,679433
8855.0,2025-09-26,Coquimbo ,,Sur,15.0,Baja,23.0,,sin validar,490352
8856.0,,monte patria,robo,centro,"12,0",Alta,46.0,,,3074
8857.0,2024-01-13,Illapel,Violencia,Centro,4.0,baja,42.0,TMP-001,sin validar,172848
8858.0,Mar-05-2025,La Serena,Fraude,,11.0,ALTA,20.0,TMP-002,,863644
8859.0,Apr-21-2024,SALAMANCA,Accidente,,2.0,baja,60.0,,dato ingresado manualmente,520006
8860.0,2024/07/04,Coquimbo,Fraude,NORTE,1.0,ALTA,67.0,TMP-001,,68919
8861.0,,la serena,,,6.0,,14.0,,,333921
8862.0,sin fecha,SALAMANCA,Accidente,Sur,15.0,ALTA,20.0,TMP-001,,754454
8863.0,sin fecha,Coquimbo ,robo,Rural,8.0,ALTA,23.0,,,799757
8864.0,16/08/2025,OVALLE,Robo,centro,13.0,ALTA,27.0,ERROR,,932477
8865.0,2025-04-03,LA SERENA,Robo,centro,7.0,baja,57.0,ERROR,ok,712862
8866.0,04/02/2024,OVALLE,Fraude,Norte,17.0,Alta,63.0,,ok,273715
,2024-01-03,Salamanca,robo,NORTE,13.0,,63.0,ERROR,dato ingresado manualmente,348881
8868.0,28/11/2025,VICUÑA,Violencia,,17.0,Alta,54.0,,,188781
8869.0,2025-07-08,LaSerena,,,19.0,baja,"26,0",,ok,959652
8870.0,2025-05-08,LA SERENA,, Rural ,4.0,baja,41.0,,sin validar,617143
8871.0,Aug-05-2025,COQUIMBO,Fraude,,12.0,Alta,31.0,,,538868
8872.0,2024/09/13,LaSerena,Robo,Rural,2.0,ALTA,37.0,ERROR,dato ingresado manualmente,826546
8873.0,May-24-2025,Illapel,robo,,9.0,Media,36.0,TMP-001,dato ingresado manualmente,952217
8874.0,06/12/2025,andacollo,Accidente,NORTE,9.0,Alta,38.0,ERROR,revisar,926118
8875.0,2024/01/23,Vicuña,Robo,Norte,2.0,Baja,18.0,ERROR,ok,5766
8876.0,,Andacollo,Fraude,Sur,13.0,baja,36.0,ERROR,dato ingresado manualmente,558324
8877.0,2024/02/21,Salamanca,Robo,centro,12.0,Media,60.0,,ok,536580
8878.0,2024/07/22,La Serena,Violencia,Rural,7.0,BAJA,15.0,ERROR,revisar,503031
8879.0,,Illapel,,centro,,ALTA,"40,0",ERROR,revisar,760702
8880.0,2024/07/21,Andacollo,,centro,4.0,ALTA,26.0,TMP-002,dato ingresado manualmente,428913
8881.0,Aug-07-2024,Coquimbo,Robo,NORTE,1.0,Media,57.0,TMP-002,revisar,330795
8882.0,May-03-2025,SALAMANCA,Hurto,Rural,6.0,ALTA,57.0,,sin validar,421387
8883.0,29/01/2025,ovalle,Robo,centro,17.0,,55.0,,,371842
8884.0,2024/07/20,andacollo,Robo,,8.0,baja,19.0,,ok,769166
8885.0,2025-01-31,SALAMANCA,Fraude,Sur,15.0,Baja,18.0,,revisar,384593
8886.0,2025-04-29,Illapel,Robo,Sur,7.0,Baja,34.0,TMP-002,dato ingresado manualmente,404066
8887.0,2024/03/03,coquimbo,robo,,13.0,ALTA,50.0,TMP-002,,3309
8888.0,30/03/2024,Illapel,robo,Sur,17.0,,42.0,TMP-002,dato ingresado manualmente,546102
8889.0,,SALAMANCA,,centro,5.0,Media,36.0,ERROR,sin validar,422699
8890.0,2025-06-10,SALAMANCA,Robo,Rural,"3,0",baja,52.0,TMP-002,,608005
8891.0,29/06/2024,Coquimbo ,Hurto,centro,3.0,ALTA,19.0,,sin validar,890389
8892.0,,Ovalle,robo,Norte,18.0,Alta,62.0,,ok,719677
8893.0,Dec-31-2024,illapel,Violencia,Norte,10.0,,60.0,TMP-002,,793443
8894.0,2025/02/19,VICUÑA,Accidente,Norte,16.0, baja ,16.0,,sin validar,454073
8895.0,2025/09/12,coquimbo,,Norte,5.0,baja,45.0,ERROR,sin validar,14770
8896.0,19/10/2024,coquimbo,robo,,4.0,Media,61.0,,sin validar,897733
8897.0,02/02/2025,la serena,Robo,centro,12.0,,59.0,,dato ingresado manualmente,915496
8898.0,2024-03-15,LaSerena,Accidente,NORTE,4.0,Alta,29.0,,sin validar,875621
8899.0,,Monte Patria,robo,NORTE,1.0,Alta,20.0,TMP-002,revisar,766237
8900.0,,Serena,,Centro,3.0,,59.0,,dato ingresado manualmente,455057
8901.0,,SALAMANCA,,Norte,11.0,ALTA,52.0,,dato ingresado manualmente,315664
8902.0,,ovalle,Robo,NORTE,10.0,baja,62.0,TMP-001,dato ingresado manualmente,681917
8903.0,2025/04/04,VICUÑA,Accidente,Centro,,Baja,67.0,,dato ingresado manualmente,435777
8904.0,Nov-09-2024,Salamanca,Hurto,Centro,16.0,BAJA,33.0,TMP-002,,958201
8905.0,05/04/2024,La Serena,Violencia,Rural,17.0,Baja,60.0,TMP-002,,449012
8906.0,2024-07-20,Coquimbo,Hurto,,1.0,ALTA,"31,0",,,428790
8907.0,Jun-20-2024,la serena,Robo,NORTE,3.0,ALTA,38.0,TMP-002,dato ingresado manualmente,98972
8908.0,Aug-06-2025,la serena,Hurto,Centro,14.0,Alta,"26,0",TMP-002,dato ingresado manualmente,486581
8909.0,2025-05-08,la serena,Hurto,centro,10.0,media,,,,598561
8910.0,2024/02/20,Coquimbo ,Hurto,,13.0,Media,24.0,,ok,599460
8911.0,,Illapel,Fraude,Norte,0.0,,60.0,ERROR,,247806
8912.0,2025-06-28,SALAMANCA, Accidente ,,11.0,Baja,20.0,ERROR,,559708
8913.0,12/04/2024,Vicuña,Robo,NORTE,11.0,Media,55.0,ERROR,,218109
8914.0,Jul-20-2024,Salamanca,Accidente,Norte,14.0,baja,36.0,,sin validar,442439
8915.0,2024/09/08,coquimbo,Robo,Rural,18.0,ALTA,40.0,TMP-001,revisar,408622
8916.0,Jan-31-2025,la serena,Robo,centro,17.0,Media,16.0,ERROR,sin validar,505007
8917.0,Apr-06-2024,Coquimbo ,Robo,Norte,9.0,Media,40.0,TMP-001,ok,105959
8918.0,06/11/2025,COQUIMBO,robo,NORTE,,ALTA,42.0,ERROR,,450624
8919.0,,VICUÑA,,Centro,2.0,Baja,64.0,,sin validar,103209
8920.0,Aug-06-2025,OVALLE,Hurto,  ,19.0,baja,67.0,,sin validar,515079
8921.0,Sep-13-2024,OVALLE,,NORTE,10.0,baja,31.0,ERROR,sin validar,527252
8922.0,,andacollo,,centro,17.0,Baja,64.0,TMP-002,,925637
8923.0,23/12/2025,monte patria,Hurto,Rural,"13,0",Baja,32.0,ERROR,,212035
8924.0,, SALAMANCA ,Accidente,centro,14.0,Baja,56.0,,dato ingresado manualmente,650174
8925.0,,OVALLE,robo,Rural,12.0,ALTA,,,,588717
8926.0,2025-02-06,Vicuña,Accidente,Sur,18.0,Media,64.0,ERROR,,797565
8927.0,Mar-06-2024,LaSerena,Fraude,NORTE,11.0,,56.0,,,456158
8928.0,2024/04/22,Montepatria,Robo,Rural,7.0,Alta,"33,0",ERROR,ok,618362
8929.0,,vicuna,fraude,Rural,14.0,ALTA,,TMP-002,ok,650750
8930.0,2025-10-28,Ovalle,Violencia,Norte,19.0,Baja,68.0,,ok,669425
,27/05/2024,SALAMANCA,Fraude,centro,1.0,Baja,,TMP-002,,160500
8932.0,2024-03-27,LaSerena,Accidente,centro,6.0,Media,"17,0",,,226188
8933.0,Feb-18-2024,Salamanca,robo,CENTRO,11.0,ALTA,41.0,ERROR,,118906
8934.0,Sep-19-2024,OVALLE,robo,centro,15.0,,60.0,,revisar,842239
8935.0,2024/06/20,Montepatria,Accidente,,4.0,Alta,65.0,TMP-002,sin validar,531954
8936.0,2025/06/06,vicuna, Robo ,Centro,15.0,ALTA,31.0,ERROR,ok,871287
8937.0,Nov-10-2025,LaSerena,Violencia,Rural,1.0,Media,56.0,,dato ingresado manualmente,976520
,07/03/2024,illapel,,NORTE,3.0,Alta,56.0,,,164338
8939.0,22/06/2024,Coquimbo,Fraude,NORTE,12.0,ALTA,53.0,TMP-002,dato ingresado manualmente,570512
8940.0,22/03/2024,Andacollo,,centro,6.0,Alta,66.0,,,348670
8941.0,05/07/2025,Salamanca,Violencia,NORTE,3.0,,37.0,TMP-001,sin validar,280554
8942.0,17/09/2025,andacollo,Violencia,Sur,12.0,ALTA,20.0,,,938203
8943.0,04/09/2024,La Serena,,Centro,4.0,Alta,17.0,,revisar,504068
8944.0,02/03/2025,Andacollo,,Rural,12.0,,29.0,TMP-001,ok,668957
8945.0,04/07/2024,COQUIMBO,Hurto,Rural,10.0,baja,19.0,ERROR,ok,218314
,Jan-03-2024,Vicuña,Violencia,CENTRO,12.0,ALTA,18.0,,dato ingresado manualmente,873168
8947.0,25/01/2025,Montepatria,robo,Centro,5.0,Alta,35.0,ERROR,sin validar,931019
8948.0,11/10/2024,Monte Patria,Robo,,17.0,ALTA,18.0,,revisar,44776
8949.0,sin fecha,coquimbo,,Norte,5.0,ALTA,25.0,TMP-001,dato ingresado manualmente,148826
8950.0,07/09/2025,andacollo,Hurto,Centro,3.0,,60.0,,revisar,663309
8951.0,,OVALLE,Robo,Sur,19.0,ALTA,65.0,,ok,608542
,2025/12/08,OVALLE,Violencia,Norte,11.0,Baja,21.0,ERROR,dato ingresado manualmente,740473
8953.0,2024-06-26,VICUÑA,,NORTE,5.0,ALTA,49.0,ERROR,,780878
,Dec-11-2025,Serena,accidente,Rural,18.0,Baja,32.0,ERROR,sin validar,722278
8955.0,29/09/2024,LA SERENA,,NORTE,18.0,Alta,18.0,,ok,653423
8956.0,,SALAMANCA,Fraude,Norte,2.0,Media,40.0,TMP-001,revisar,704173
,27/10/2024,Vicuña,Accidente,Centro,6.0,ALTA,63.0,,dato ingresado manualmente,490892
8958.0,,LA SERENA,Violencia,sur,8.0,Alta,51.0,,ok,160878
8959.0,2024-05-02,vicuna,Hurto,Norte,18.0,Alta,40.0,,revisar,194942
8960.0,,monte patria,,Rural,11.0, ALTA ,30.0,,,800619
8961.0,Mar-12-2025,Illapel,Accidente,,17.0,Media,30.0,TMP-002,,713161
8962.0,2024/02/25,la serena,Violencia, Centro ,3.0,Alta,"48,0",,dato ingresado manualmente,795489
8963.0,sin fecha,la serena,Robo,Centro,14.0,baja,67.0,,revisar,322753
8964.0,Jun-16-2024,LaSerena,,centro,2.0,baja,19.0,TMP-001,revisar,557483
8965.0,2025-08-11,OVALLE,Violencia,NORTE,7.0,Baja,22.0,TMP-001,,47655
8966.0,24/06/2025,Coquimbo,Hurto,centro,15.0,Alta,31.0,TMP-001,revisar,460053
8967.0,2025/04/30,ovalle,Robo,NORTE,17.0,Alta,15.0,TMP-001,revisar,756217
8968.0,sin fecha,la serena,Fraude,,13.0,,47.0,,,405288
8969.0,28/05/2025,Andacollo,Violencia,Rural,4.0,,25.0,TMP-002,dato ingresado manualmente,418414
8970.0,2025/09/26,Coquimbo,Accidente,CENTRO,11.0, Alta ,58.0,,revisar,948898
8971.0,16/04/2024,Andacollo,Fraude,Rural,13.0,,35.0,TMP-002,,686004
8972.0,2024-04-04,coquimbo,Hurto,NORTE,10.0,,51.0,ERROR,revisar,521214
8973.0,2025-09-16,Andacollo,Robo,centro,500.0, ALTA ,67.0,TMP-001,revisar,999350
8974.0,2024/01/17,VICUÑA,Robo,centro,5.0,,28.0,TMP-002,,16601
8975.0,2025/10/18,Andacollo,robo,centro,1.0,Media,67.0,,,925982
8976.0,Apr-09-2024,LA SERENA,Accidente,,13.0,baja,63.0,TMP-002,revisar,658106
8977.0,sin fecha,LaSerena,Accidente,Norte,10.0,,34.0,,ok,106237
8978.0,2024-01-30,Coquimbo,Fraude,Norte,,,62.0,TMP-002,,38441
8979.0,,coquimbo,,  ,19.0,,,ERROR,,708757
8980.0,Apr-20-2025,Illapel,Robo,Centro,12.0,Alta,54.0,TMP-001,sin validar,70577
8981.0,2024/10/25,Monte Patria,robo,Sur,13.0,Baja,,,dato ingresado manualmente,739228
8982.0,Nov-19-2025,Montepatria,Violencia,Centro,15.0,,26.0,ERROR,revisar,484967
8983.0,Apr-08-2024,Vicuña,Hurto,Norte,17.0,Baja,"52,0",,,341280
8984.0,Aug-06-2024,vicuna,,NORTE,19.0,Media,48.0,,,61085
8985.0,2025/08/03,Andacollo,Accidente,,3.0,ALTA,52.0,ERROR,sin validar,622239
8986.0,2024-06-11,vicuna,Accidente,Sur,10.0,baja,25.0,TMP-001,sin validar,895012
8987.0,2025-07-03,monte patria,Robo,Norte,5.0,ALTA,50.0,TMP-001,sin validar,151523
8988.0,Apr-23-2024,Serena,Hurto,Norte,5.0,Media,68.0,ERROR,ok,460198
8989.0,2024-01-19,vicuna,robo,Rural,6.0,Alta,52.0,,,447133
8990.0,21/07/2024,LaSerena,Hurto,centro,11.0,ALTA,15.0,,sin validar,851575
8991.0,09/09/2024,Andacollo,robo,Rural,,Baja,18.0,,,386034
8992.0,2024-11-02,Coquimbo ,Accidente,,10.0,,30.0,ERROR,,876342
8993.0,14/03/2025,OVALLE,Fraude,Rural,"1,0",,29.0,,sin validar,251602
8994.0,Apr-23-2024,vicuna,,,5.0,Baja,42.0,TMP-001,,193809
8995.0,15/07/2024,Ovalle,Fraude,NORTE,14.0,,66.0,TMP-002,sin validar,334328
8996.0,2024-12-20,la serena,robo,centro,16.0,,21.0,,revisar,775796
,2024/02/12,coquimbo,Accidente,Centro,14.0,Baja,41.0,,ok,496892
8998.0,2024/05/03, VICUÑA ,, Centro ,14.0,ALTA,5.0,,revisar,626263
8999.0,09/08/2024,Ovalle,Violencia,Rural,13.0,ALTA,31.0,TMP-001,,471858
9000.0,Dec-11-2025,Illapel,Violencia,Centro,6.0,,22.0,,,766775
9001.0,,OVALLE,robo,Sur,15.0,Baja,25.0,TMP-001,dato ingresado manualmente,553154
9002.0,27/06/2024,VICUÑA,Fraude,NORTE,17.0,baja,66.0,ERROR,dato ingresado manualmente,215733
9003.0,,OVALLE,Accidente,NORTE,19.0,Alta,"52,0",TMP-002,revisar,551528
,Mar-25-2024,monte patria,Fraude,Rural,9.0,,33.0,,dato ingresado manualmente,479867
9005.0,2025/09/29,SALAMANCA,Robo,NORTE,-3.0,Alta,42.0,TMP-002,sin validar,183098
9006.0,02/12/2025,SALAMANCA,Accidente,centro,16.0,Alta,32.0,TMP-002,sin validar,929134
9007.0,2025-09-06,OVALLE,Fraude,Sur,1.0,,51.0,TMP-002,,594377
9008.0,27/02/2024,ovalle,robo,NORTE,13.0,Media,57.0,,revisar,541758
9009.0,16/04/2024,Ovalle,, Centro ,5.0,,62.0,TMP-002,dato ingresado manualmente,255745
9010.0,2024/11/30,ovalle,robo,Centro,10.0,,43.0,TMP-001,sin validar,772988
9011.0,11/04/2025,monte patria,Fraude,Sur,12.0,,30.0,,sin validar,307394
9012.0,,Serena,Fraude,Sur,9.0,Alta,53.0,,sin validar,702223
9013.0,,coquimbo,robo,Rural,6.0,Baja,46.0,,,935196
9014.0,04/04/2025,Coquimbo,robo,centro,,Alta,"57,0",,ok,563172
9015.0,18/03/2025,coquimbo,robo,,,Alta,39.0,TMP-001,ok,783807
9016.0,07/04/2024,coquimbo,Robo,Centro,6.0,Media,68.0,TMP-002,dato ingresado manualmente,893256
9017.0,Feb-25-2024,LA SERENA,Hurto,Sur,9.0,baja,44.0,TMP-001,sin validar,943212
9018.0,sin fecha,Vicuña,Violencia,,11.0,,53.0,ERROR,,456864
9019.0,2024/07/04,Serena,Fraude,Norte,19.0,Media,31.0,TMP-001,revisar,799934
9020.0,Mar-04-2024,La Serena, Robo ,Norte,18.0,Media,30.0,,ok,39717
9021.0,21/06/2025,Salamanca,robo,Rural,13.0,Alta,42.0,ERROR,,125164
9022.0,Sep-28-2025,vicuna,robo,centro,16.0,Baja,49.0,TMP-002,,466036
9023.0,Nov-26-2025,SALAMANCA,,NORTE,7.0,Alta,35.0,,ok,175487
9024.0,2025-04-24,LaSerena,,NORTE,5.0,,47.0,,,687861
9025.0,13/12/2024,LA SERENA,,centro,13.0,ALTA,51.0,TMP-001,sin validar,461413
9026.0,2025-09-17,illapel,,,18.0,,19.0,ERROR,ok,385147
9027.0,,Vicuña,Hurto,,5.0,Alta,47.0,,,465834
9028.0,2024/06/12,monte patria,Hurto,Sur,3.0,baja,39.0,TMP-002,revisar,610081
9029.0,Jan-07-2025,Monte Patria,Accidente,Rural,8.0,ALTA,31.0,,,704864
9030.0,2025/07/01,Coquimbo ,robo,Centro,8.0,ALTA,27.0,TMP-001,sin validar,779200
9031.0,2024-02-29,coquimbo,Accidente,Rural,2.0,ALTA,52.0,TMP-002,ok,600412
9032.0,2025/04/03,Coquimbo,robo,Sur,7.0,ALTA,67.0,,revisar,557416
9033.0,2025/10/11,Coquimbo,Hurto,NORTE,14.0,,43.0,TMP-001,,450104
9034.0,31/05/2025,OVALLE,Accidente,Rural,6.0, Alta ,52.0,,ok,275533
9035.0,2024-11-23,andacollo,Violencia,Sur,9.0,ALTA,55.0,,ok,872386
9036.0,2024-09-18,Salamanca,Robo,Sur,,Baja,,,ok,767977
9037.0,2024-08-22,SALAMANCA,,Sur,11.0,Alta,48.0,TMP-001,,876882
9038.0,2025-03-29,Salamanca,,Norte,11.0,Baja,35.0,TMP-001,sin validar,370975
9039.0,2025-05-05,Vicuña,Hurto,centro,12.0,Alta,40.0,,,62649
9040.0,2024-04-12,ovalle,robo,Centro,,,23.0,TMP-001,sin validar,979338
,Oct-10-2025,illapel,Accidente,Sur,14.0,Baja,27.0,ERROR,revisar,231481
,May-28-2025,LaSerena,Fraude,centro,14.0,,36.0,,revisar,353500
9043.0,21/12/2024,SALAMANCA,Hurto,Centro,9.0,baja,69.0,TMP-001,dato ingresado manualmente,489999
9044.0,Dec-26-2024,Monte Patria,Fraude,,7.0,Media,28.0,TMP-001,,868662
9045.0,04/07/2024,Serena,Violencia,Sur,17.0,Media,62.0,ERROR,,782951
9046.0,21/04/2024,illapel,Accidente,NORTE,3.0,ALTA,23.0,,ok,955786
9047.0,2024/05/15,Andacollo,Robo,Rural,18.0,ALTA,51.0,TMP-001,sin validar,770719
9048.0,,Serena,,,14.0,ALTA,25.0,,ok,460403
9049.0,29/08/2025,COQUIMBO,Robo,NORTE,17.0,,29.0,TMP-001,sin validar,351925
9050.0,Sep-29-2024,Vicuña,Fraude,  ,2.0,baja,19.0,ERROR,ok,545821
9051.0,2024-06-15,Serena,robo,NORTE,5.0,Alta,30.0,TMP-002,dato ingresado manualmente,134535
9052.0,,VICUÑA,robo,Sur,-3.0,,53.0,,,203020
9053.0,2025/11/26,Ovalle,Accidente,Rural,16.0,Baja,22.0,TMP-001,ok,972355
9054.0,, Coquimbo ,,Sur,11.0,Baja,41.0,,revisar,436609
9055.0,17/09/2025,MONTEPATRIA,accidente,,2.0,baja,28.0,,revisar,477180
9056.0,2024/11/10,Salamanca,Hurto,centro,2.0,,60.0,,revisar,692009
9057.0,14/10/2025,Salamanca,Accidente,Rural,2.0,ALTA,30.0,,,157834
9058.0,,La Serena,robo,Rural,11.0,Media,52.0,TMP-002,,702623
9059.0,2024/07/22,Ovalle,Robo,Centro,18.0,baja,43.0,,,239135
9060.0,2024/09/25,SALAMANCA,Accidente,NORTE,16.0,baja,60.0,TMP-002,,381936
9061.0,2024-11-16,Ovalle,Accidente,Sur,4.0,ALTA,56.0,TMP-001,,319510
9062.0,2024-10-09,Andacollo,Hurto,Norte,12.0,ALTA,49.0,,,68024
9063.0,sin fecha,VICUÑA,Accidente,,2.0,baja,36.0,TMP-002,sin validar,686920
9064.0,Jun-09-2025,La Serena,Hurto,  ,13.0,,,,revisar,138486
9065.0,20/08/2025,la serena,Hurto,centro,14.0,,54.0,TMP-002,ok,124185
9066.0,Aug-29-2025,LaSerena,Robo,,16.0,,19.0,,sin validar,748228
9067.0,Sep-22-2024,Coquimbo,Accidente,centro,1.0,,"48,0",ERROR,,173700
9068.0,2025/11/16,Illapel,Accidente,NORTE,1.0,ALTA,69.0,,dato ingresado manualmente,940559
9069.0,Feb-21-2024,Coquimbo ,Fraude,Norte,17.0,baja,34.0,TMP-002,dato ingresado manualmente,448111
9070.0,May-29-2024,Coquimbo ,Accidente,,17.0,Alta,38.0,ERROR,dato ingresado manualmente,659827
9071.0,Mar-05-2024,Andacollo,Violencia,Centro,3.0,Media,22.0,TMP-002,ok,49611
9072.0,Aug-18-2025,SALAMANCA,Hurto,,8.0,Baja,35.0,,ok,738677
9073.0,sin fecha,Salamanca,Hurto,Norte,12.0,Alta,35.0,TMP-002,dato ingresado manualmente,908018
9074.0,Sep-15-2025,vicuna,robo,Norte,7.0,,65.0,,ok,838448
9075.0,2025-05-30,OVALLE,Fraude,Centro,4.0,Alta,45.0,TMP-002,ok,48251
9076.0,2024-07-25,Salamanca,,NORTE,19.0,,69.0,ERROR,sin validar,343182
9077.0,07/12/2025,illapel,Violencia,centro,17.0,baja,39.0,TMP-001,sin validar,470946
9078.0,20/05/2024,Andacollo,Violencia,Sur,7.0,baja,52.0,TMP-001,ok,14560
9079.0,2024-11-18,Andacollo,Robo,Centro,5.0,Media,41.0,,revisar,165859
9080.0,,OVALLE,Accidente,Rural,6.0,Media,"42,0",ERROR,,58225
9081.0,13/11/2025,Coquimbo ,Robo,Sur,1.0,Media,30.0,ERROR,dato ingresado manualmente,723278
9082.0,2025/10/02,Vicuña,Hurto,NORTE,11.0,ALTA,26.0,,ok,808787
9083.0,2025/05/16,COQUIMBO,Hurto,centro,8.0,baja,22.0,,dato ingresado manualmente,52518
9084.0,,Coquimbo ,Hurto,NORTE,3.0,ALTA,35.0,TMP-002,ok,470091
9085.0,23/02/2024,monte patria,Robo,centro,13.0,,57.0,TMP-001,,547725
9086.0,2024/09/14,VICUÑA,Robo,,13.0,Media,22.0,TMP-002,ok,318797
9087.0,16/03/2024,andacollo,robo,Rural,15.0,,28.0,TMP-001,ok,692118
9088.0,2025/02/12,Vicuña,robo,Norte,3.0,,43.0,TMP-001,ok,123464
,2025-02-26,Coquimbo,Violencia,centro,"15,0",Media,"16,0",,revisar,414021
9090.0,,Coquimbo ,Accidente,,3.0,baja,51.0,,,369214
9091.0,22/05/2024,la serena,robo,,6.0,ALTA,"62,0",ERROR,revisar,333181
9092.0,2025-03-24,vicuna,robo,Norte,8.0,baja,61.0,TMP-001,,553988
9093.0,27/07/2024,COQUIMBO,Robo,Norte,15.0,baja,46.0,TMP-001,dato ingresado manualmente,820064
9094.0,2025-08-10,VICUÑA,robo,,4.0,Media,"19,0",TMP-001,dato ingresado manualmente,783915
9095.0,16/03/2024,Serena,Hurto,centro,9.0,Media,38.0,ERROR,dato ingresado manualmente,863031
9096.0,29/03/2024,Vicuña,Accidente,,10.0,baja,16.0,,,609061
9097.0,2024-12-01,Montepatria,Robo,NORTE,4.0,baja,39.0,TMP-001,,794463
9098.0,Dec-26-2025,LaSerena,Accidente,,"6,0",Baja,47.0,,sin validar,490118
9099.0,21/09/2025,COQUIMBO,Fraude,,, baja ,32.0,ERROR,,615430
9100.0,2024/05/20,coquimbo,Fraude,Sur,13.0,Alta,47.0,ERROR,ok,943897
9101.0,2025/08/29,vicuna,Robo,norte,,,66.0,TMP-002,,884233
9102.0,18/12/2024,Montepatria,Violencia,centro,4.0,baja,47.0,,dato ingresado manualmente,701363
9103.0,,Vicuña,,centro,18.0,Media,56.0,,,637841
9104.0,sin fecha,ovalle,Violencia,centro,12.0,,34.0,,,530762
9105.0,15/02/2025,MONTE PATRIA,robo,centro,12.0,Media,50.0,ERROR,,773845
9106.0,2025/05/28,COQUIMBO,Violencia, centro ,11.0,Baja,14.0,,ok,884367
9107.0,Dec-16-2025,Coquimbo,FRAUDE,Sur,12.0,baja,17.0,,ok,357099
9108.0,2024-01-22,Montepatria,Violencia,centro,3.0,,27.0,,,97314
9109.0,sin fecha,LA SERENA,,NORTE,0.0,baja,56.0,TMP-002,,221599
9110.0,2024/11/26,Serena,Violencia, NORTE ,1.0,Baja,19.0,TMP-002,dato ingresado manualmente,572716
9111.0,2025/10/24,Andacollo,robo,Centro,2.0,baja,41.0,,ok,324551
9112.0,2025/11/20,Salamanca,robo,Rural,9.0,ALTA,38.0,TMP-002,dato ingresado manualmente,654245
9113.0,2025-03-25,Ovalle,Accidente,CENTRO,2.0,ALTA,15.0,TMP-001,sin validar,759905
9114.0,2025-05-01,coquimbo,robo,Centro,4.0,Baja,14.0,TMP-001,revisar,887011
9115.0,27/11/2024,Serena,robo,Rural,11.0,Alta,30.0,ERROR,revisar,246252
9116.0,04/11/2025,coquimbo,, Rural ,15.0,baja,57.0,,,117877
9117.0,Jul-17-2024,La Serena, Fraude ,Rural,3.0,,16.0,,ok,115746
9118.0,24/07/2024,coquimbo,Robo,Sur,5.0,baja,19.0,TMP-001,ok,818317
9119.0,Jan-21-2025,coquimbo,Accidente,Norte,13.0,,62.0,ERROR,,861666
9120.0,26/05/2024,la serena,Accidente,NORTE,15.0,Baja,64.0,,dato ingresado manualmente,467629
9121.0,13/10/2024,Ovalle,Accidente,,17.0,Baja,27.0,TMP-001,sin validar,673818
9122.0,Feb-10-2024,monte patria,robo,,15.0,ALTA,57.0,TMP-001,,395805
9123.0,09/03/2025,Serena,Accidente,centro,2.0,Media,51.0,TMP-002,dato ingresado manualmente,620038
9124.0,2025-07-21,SALAMANCA,Hurto,,3.0,media,63.0,,revisar,257419
9125.0,28/01/2024,Montepatria,Hurto,Sur,"13,0",baja,68.0,TMP-002,ok,340481
9126.0,06/07/2025,Andacollo,Fraude,NORTE,15.0,,55.0,TMP-001,sin validar,613768
9127.0,2025/04/16,monte patria,Robo,,5.0,,44.0,TMP-001,ok,184362
9128.0,Jan-19-2024,illapel,Robo,Norte,9.0,,24.0,ERROR,,186555
9129.0,09/01/2024,Ovalle,Accidente,,15.0,Alta,34.0,TMP-001,,10794
9130.0,2025-09-28,andacollo,robo,Rural,15.0,,64.0,ERROR,,519561
9131.0,Apr-17-2025,coquimbo,robo,Norte,,Alta,47.0,TMP-001,ok,232115
,sin fecha,illapel,Robo,,7.0,ALTA,48.0,ERROR,dato ingresado manualmente,193915
9133.0,2025-07-11,andacollo,,NORTE,11.0,Media,19.0,ERROR,,954412
9134.0,14/01/2024,Andacollo,Hurto,Rural,8.0,baja,24.0,TMP-001,dato ingresado manualmente,824207
9135.0,11/09/2025,Salamanca,robo,Norte,4.0,baja,29.0,TMP-001,ok,329814
9136.0,2024-11-25,Andacollo,Hurto,Sur,1.0,Media,19.0,,,223271
9137.0,Jun-08-2025,andacollo,Violencia,Rural,4.0,ALTA,54.0,,dato ingresado manualmente,662962
9138.0,08/02/2024,la serena,,Rural,5.0,Baja,56.0,,ok,256975
9139.0,Oct-23-2024,Coquimbo,Violencia,NORTE,4.0,Alta,61.0,,,637509
9140.0,Sep-16-2024,ovalle,Accidente,,7.0,,35.0,TMP-002,sin validar,883717
9141.0,,Montepatria,Hurto,,19.0,Baja,40.0,TMP-001,dato ingresado manualmente,606327
9142.0,08/10/2024,Montepatria,Violencia,Norte,3.0,ALTA,16.0,,revisar,203271
9143.0,sin fecha,COQUIMBO,Robo,Rural,18.0,,50.0,,dato ingresado manualmente,717785
9144.0,sin fecha,Ovalle,Accidente,Sur,11.0,,60.0,ERROR,ok,522173
9145.0,sin fecha,andacollo,hurto,rural,15.0,Media,47.0,ERROR,dato ingresado manualmente,238254
9146.0,2025/02/25,VICUÑA,Hurto,NORTE,8.0,ALTA,49.0,,,348972
9147.0,Jul-07-2024,Montepatria, Accidente ,NORTE,8.0,,38.0,TMP-001,ok,705636
9148.0,,LA SERENA,Robo,Rural,5.0,Baja,43.0,TMP-001,,940352
9149.0,,Coquimbo ,,NORTE,14.0,Baja,45.0,TMP-001,sin validar,5163
9150.0,Feb-26-2025,Montepatria,Fraude,NORTE,1.0,Media,49.0,TMP-002,dato ingresado manualmente,235409
,2024/06/02,La Serena,,NORTE,14.0,Baja,38.0,TMP-002,,876109
9152.0,Mar-07-2024,COQUIMBO,Robo,Centro,1.0,ALTA,33.0,ERROR,sin validar,959659
9153.0,Jun-12-2025,andacollo,Violencia,NORTE,10.0,baja,28.0,,revisar,594679
9154.0,2025/12/28,Vicuña,robo,Norte,3.0,Baja,61.0,ERROR,ok,291533
9155.0,16/06/2024, Monte Patria ,robo,Norte,18.0,ALTA,48.0,TMP-002,,394809
9156.0,2025-01-10,monte patria,accidente,Norte,2.0,,"54,0",TMP-001,revisar,164453
9157.0,,la serena,Fraude,Rural,6.0,,21.0,,dato ingresado manualmente,798012
9158.0,01/12/2025,Illapel,Robo,Norte,4.0,Baja,53.0,,dato ingresado manualmente,678383
9159.0,,ovalle,Accidente,,10.0,Alta,25.0,TMP-002,dato ingresado manualmente,359873
9160.0,15/01/2025,Ovalle,Fraude,centro,2.0,Media,23.0,ERROR,dato ingresado manualmente,454679
9161.0,,ovalle,robo,,11.0,,58.0,TMP-002,dato ingresado manualmente,273969
9162.0,25/01/2024,COQUIMBO,,NORTE,7.0,Baja,,ERROR,revisar,467639
9163.0,2024-11-17,SALAMANCA,,Norte,7.0,,64.0,,,40940
9164.0,Dec-09-2024,illapel,Robo,Centro,11.0,Baja,38.0,TMP-001,,573449
9165.0,sin fecha,la serena,,rural,4.0,Baja,,,,725028
9166.0,2024/09/25,coquimbo ,Fraude,Norte,3.0,Baja,59.0,,,480501
9167.0,2025-02-19,vicuna, Robo ,Rural,6.0,Alta,53.0,ERROR,ok,102055
9168.0,19/08/2024,ovalle,,Centro,9.0,Media,33.0,TMP-001,,106604
9169.0,,Serena,,Centro,13.0,Alta,30.0,ERROR,,42262
9170.0,,illapel,robo,Norte,17.0,ALTA,48.0,TMP-001,sin validar,280513
9171.0,09/03/2025,Montepatria,,centro,10.0,Baja,19.0,,ok,9724
9172.0,2024-06-24,Monte Patria,Violencia,NORTE,14.0,Media,,,dato ingresado manualmente,885998
9173.0,27/02/2025,SALAMANCA,,Rural,17.0,Alta,66.0,,revisar,151619
9174.0,2024/08/27,Coquimbo ,,Norte,15.0,baja,59.0,,ok,509501
9175.0,Aug-31-2025,SALAMANCA,,NORTE,1.0,Baja,62.0,,,146335
9176.0,,coquimbo,Violencia,Sur,16.0,,68.0,ERROR,revisar,628078
9177.0,Jan-20-2024,LaSerena,Accidente,centro,2.0,Alta,44.0,,dato ingresado manualmente,445043
9178.0,Aug-03-2024,coquimbo,,Sur,15.0,Alta,67.0,,sin validar,814828
9179.0,,OVALLE,FRAUDE,,5.0,Baja,,,ok,762657
9180.0,Dec-07-2025,Vicuña,Fraude,Rural,12.0,baja,66.0,TMP-001,dato ingresado manualmente,200115
9181.0,2025-09-28,vicuna,Fraude,Norte,17.0,Alta,31.0,ERROR,,117956
9182.0,sin fecha,coquimbo,Violencia,Norte,6.0,ALTA,43.0,TMP-001,,979862
9183.0,2025/05/31,Coquimbo ,Violencia,Sur,10.0,  ,43.0,TMP-001,dato ingresado manualmente,383836
9184.0,,LA SERENA, Fraude ,Rural,3.0,Alta,30.0,ERROR,sin validar,75422
,sin fecha,Coquimbo ,robo,Sur,8.0,Media,54.0,,,165566
9186.0,13/02/2025,La Serena,Robo,Centro,10.0,,21.0,TMP-002,revisar,704682
9187.0,Aug-13-2025,Salamanca,Violencia,NORTE,8.0,ALTA,34.0,TMP-002,,213738
9188.0,,Serena,Accidente,Norte,5.0,Alta,50.0,,revisar,408774
9189.0,07/08/2025,andacollo,Accidente,Rural,8.0,Baja,35.0,,ok,463022
9190.0,2025-06-04,Serena,Accidente,Norte,6.0,Alta,49.0,,,59520
9191.0,Dec-17-2024,vicuna,Fraude,NORTE,9.0,baja,20.0,TMP-002,revisar,18175
9192.0,May-08-2024,vicuna,robo,,,baja,61.0,ERROR,,717593
9193.0,Jul-02-2024,coquimbo,Fraude,centro,11.0,Alta,46.0,ERROR,sin validar,519377
,04/01/2025,Andacollo,,centro,,Alta,64.0,ERROR,sin validar,905783
9195.0,03/04/2024,Andacollo,,,18.0,Media,52.0,,sin validar,900170
9196.0,09/08/2025,vicuna,,Norte,12.0,,61.0,TMP-002,,793287
9197.0,11/02/2025,monte patria,Accidente,NORTE,5.0,Alta,37.0,TMP-002,sin validar,326188
9198.0,2025-08-26,Coquimbo,Accidente,Centro,18.0,,67.0,TMP-002,,433632
9199.0,sin fecha,LA SERENA,Robo,centro,9.0,media,36.0,TMP-002,ok,25409
9200.0,Sep-21-2025,La Serena,robo,Sur,4.0,Media,"30,0",TMP-001,,361328
9201.0,sin fecha,la serena,Accidente,Norte,,,40.0,,,592112
9202.0,2025-08-14,Andacollo,Violencia,centro,4.0,Alta,68.0,TMP-002,ok,347163
9203.0,,la serena,Hurto,,5.0,,65.0,,dato ingresado manualmente,355555
9204.0,,Coquimbo ,Fraude,Centro,18.0,Baja,52.0,,revisar,66654
9205.0,2024/02/19,LA SERENA,Fraude,Sur,"18,0",,63.0,ERROR,dato ingresado manualmente,54689
9206.0,Jan-12-2024,Monte Patria,Hurto,Rural,17.0,Alta,14.0,,,992244
9207.0,,Illapel,Violencia,,18.0,  ,59.0,,dato ingresado manualmente,570292
9208.0,2024/07/08,Ovalle,Fraude,NORTE,12.0,,56.0,TMP-001,sin validar,625474
9209.0,30/06/2024,Coquimbo ,Robo,centro,,Alta,30.0,ERROR,ok,681635
9210.0,,Andacollo,,Centro,5.0,ALTA,21.0,TMP-002,sin validar,607281
9211.0,09/02/2024,LaSerena,Violencia,Norte,15.0,Media,25.0,,revisar,755487
9212.0,sin fecha,LA SERENA,Hurto,Rural,18.0,Baja,33.0,TMP-001,ok,489187
9213.0,2024/11/18,la serena,Hurto,Sur,3.0,baja,15.0,TMP-002,,802072
9214.0,Sep-20-2024,vicuna,Violencia,NORTE,17.0,Alta,15.0,TMP-001,dato ingresado manualmente,148029
9215.0,May-27-2025,coquimbo,Accidente,centro,1.0,ALTA,15.0,,dato ingresado manualmente,794790
9216.0,2024/07/02,Montepatria,robo,,10.0,Alta,29.0,TMP-002,sin validar,860461
9217.0,13/09/2025,salamanca,Fraude,Centro,12.0,,41.0,,dato ingresado manualmente,354611
9218.0,2024-03-20,COQUIMBO,Violencia,Centro,18.0,Baja,16.0,,ok,167431
9219.0,2024-08-18,VICUÑA,Fraude,centro,4.0,Baja,32.0,TMP-002,,663040
9220.0,22/02/2025,Andacollo,Fraude,,3.0,Alta,"30,0",TMP-001,ok,314756
9221.0,sin fecha,monte patria,Fraude,Centro,16.0,baja,66.0,TMP-001,ok,901886
9222.0,2025/10/20, Serena ,Fraude,Sur,2.0,Alta,38.0,ERROR,revisar,752189
9223.0,2025-12-17,Coquimbo,Robo,Rural,19.0,ALTA,62.0,TMP-002,ok,93495
9224.0,2024/09/21,La Serena,Hurto,centro,6.0,baja,35.0,TMP-001,,84541
9225.0,2024-02-02,coquimbo,Fraude,Norte,14.0,Alta,57.0,ERROR,dato ingresado manualmente,7204
9226.0,Apr-23-2025,Montepatria,Violencia,Centro,6.0,baja,32.0,,ok,954218
9227.0,Sep-24-2025,vicuna,Hurto,Centro,16.0,Alta,22.0,,,761315
9228.0,2024/06/05,coquimbo,,Sur,18.0,BAJA,38.0,TMP-002,,894789
9229.0,sin fecha, Montepatria ,,Centro,16.0,Baja,69.0,TMP-002,sin validar,760646
9230.0,Sep-30-2024,la serena,Hurto,Sur,18.0,alta,20.0,TMP-001,dato ingresado manualmente,890360
9231.0,May-22-2024,Salamanca,,,8.0,baja,38.0,TMP-002,dato ingresado manualmente,447326
9232.0,,illapel,Hurto,Sur,18.0,baja,41.0,TMP-001,,438618
9233.0,2024-08-30,vicuna,Accidente,Sur,19.0,Media,55.0,,,36146
9234.0,2025/10/19,illapel,robo,Centro,7.0,Baja,60.0,TMP-002,sin validar,868445
9235.0,2024/04/10,illapel,,Sur,17.0,Media,27.0,TMP-001,revisar,979680
9236.0,2025-02-10,Vicuña,Robo,Sur,,baja,32.0,,dato ingresado manualmente,723764
9237.0,Oct-07-2024,Andacollo,Accidente,NORTE,6.0,baja,64.0,,,9464
9238.0,02/04/2024,Coquimbo ,Robo,Centro,16.0,Alta,20.0,,,103713
9239.0,sin fecha,Andacollo,Hurto,Rural,5.0,Baja,27.0,TMP-001,sin validar,174806
9240.0,2024-09-30, andacollo ,Hurto,Centro,6.0,baja,15.0,TMP-001,ok,346245
9241.0,2025/01/03,VICUÑA,Robo,centro,7.0,Baja,66.0,ERROR,sin validar,703337
9242.0,2024/02/24,Serena,,,15.0,,24.0,,dato ingresado manualmente,996068
9243.0,2025/02/03,Salamanca,Violencia,Centro,7.0,,59.0,,,973327
9244.0,2025/09/24,VICUÑA,robo,Rural,15.0,Media,59.0,TMP-002,sin validar,828696
9245.0,2024/09/24,Salamanca,Robo,centro,4.0, Media ,47.0,,ok,107339
9246.0,2024-12-15,VICUÑA,,NORTE,19.0,,52.0,,dato ingresado manualmente,513062
9247.0,08/02/2024,Andacollo,Robo,,3.0,ALTA,25.0,TMP-001,,315709
9248.0,2024/05/05,la serena,Hurto,Rural,13.0,ALTA,64.0,,revisar,172124
9249.0,2024-07-06,VICUÑA,robo,NORTE,,,52.0,,sin validar,620965
9250.0,,OVALLE,Hurto,centro,4.0,Media,26.0,TMP-002,sin validar,818059
9251.0,,COQUIMBO,,,3.0,Alta,28.0,,sin validar,3683
9252.0,2024/06/14,LaSerena,Robo,NORTE,4.0,Alta,67.0,TMP-001,,148690
9253.0,04/08/2024,COQUIMBO,,NORTE,15.0,,40.0,,revisar,610951
9254.0,07/03/2025,OVALLE,Robo,centro,15.0,Baja,52.0,TMP-002,,645955
9255.0,May-28-2024,OVALLE,Accidente,Sur,2.0,baja,,TMP-002,sin validar,695585
9256.0,,coquimbo,Violencia,NORTE,3.0,baja,59.0,TMP-002,,604620
9257.0,2024-02-06,LA SERENA,Violencia,,2.0,Baja,41.0,,revisar,986522
9258.0,2025/09/02,VICUÑA,Robo,centro,18.0,ALTA,34.0,TMP-001,,175090
9259.0,17/11/2024,Andacollo,,Centro,16.0,Media,65.0,TMP-001,dato ingresado manualmente,28259
9260.0,2025/09/19,La Serena,robo,NORTE,8.0,baja,14.0,TMP-002,dato ingresado manualmente,368045
9261.0,2024/12/08,Salamanca,,centro,11.0,baja,55.0,TMP-001,revisar,819535
9262.0,sin fecha,Coquimbo,robo,,6.0,,33.0,,sin validar,371848
9263.0,2025/04/06,Salamanca,Fraude,,18.0,media,45.0,ERROR,dato ingresado manualmente,480043
9264.0,Jul-14-2025,vicuna,Violencia,NORTE,9.0,Media,69.0,ERROR,,312728
9265.0,21/05/2024,andacollo,Robo,Centro,,ALTA,60.0,TMP-001,,981325
9266.0,Jun-30-2024,SALAMANCA,Robo,Centro,10.0,baja,54.0,TMP-001,ok,397476
,2024/06/05,Salamanca,robo,centro,5.0,Media,36.0,,,108476
9268.0,2024-08-11,Serena,Violencia,NORTE,10.0, Media ,16.0,TMP-002,sin validar,958681
9269.0,,vicuna,Accidente,NORTE,5.0,,61.0,ERROR,revisar,637208
9270.0,May-17-2025,andacollo,Robo,Norte,13.0,ALTA,19.0,TMP-002,dato ingresado manualmente,604475
9271.0,2024-04-26,Andacollo,,Centro,"7,0",ALTA,60.0,ERROR,,482130
9272.0,Nov-27-2025,Illapel,,Rural,3.0,baja,,TMP-002,ok,605994
9273.0,,Salamanca,Accidente,Sur,8.0,,58.0,TMP-002,sin validar,842842
9274.0,2024-08-16,SALAMANCA,Hurto,Centro,2.0,ALTA,"62,0",ERROR,sin validar,843302
9275.0,2024/09/11,Salamanca,Violencia,NORTE,14.0,Alta,33.0,TMP-002,revisar,627153
9276.0,,LASERENA,Accidente,Rural,8.0,Media,14.0,ERROR,dato ingresado manualmente,284084
9277.0,sin fecha,Andacollo,Hurto,Sur,8.0,Baja,66.0,ERROR,revisar,896190
9278.0,2024-07-10,andacollo,Robo,,13.0,Baja,46.0,ERROR,revisar,815193
9279.0,2025-12-07,vicuna,Violencia,NORTE,19.0,Alta,50.0,,,58803
9280.0,2025/08/15,coquimbo,Fraude,Rural,8.0,ALTA,25.0,TMP-001,,901261
9281.0,Aug-07-2024,Salamanca,Robo,,14.0,,38.0,TMP-002,,675653
9282.0,18/12/2025,Andacollo,Accidente,Norte,17.0,Media,42.0,,,664688
,2024-04-09,VICUÑA,Violencia,Rural,17.0,Baja,53.0,,ok,489923
,31/03/2025,La Serena,robo,Sur,16.0,Alta,16.0,,,4299
9285.0,31/01/2025,Monte Patria,Fraude,Rural,12.0,,36.0,ERROR,dato ingresado manualmente,736891
9286.0,2025-03-13,Illapel,Violencia,Norte,12.0,baja,44.0,,ok,763263
9287.0,sin fecha,LaSerena,ROBO,centro,15.0,,"64,0",ERROR,sin validar,45509
9288.0,2024-11-09,Montepatria,Violencia,Norte,15.0,baja,,TMP-002,dato ingresado manualmente,693546
9289.0,sin fecha,illapel,Fraude,Centro,17.0,ALTA,59.0,,sin validar,941225
9290.0,07/05/2024,LA SERENA,Accidente,Sur,14.0,Baja,57.0,,sin validar,111891
9291.0,2024-10-12, SALAMANCA ,,Sur,4.0,baja,43.0,ERROR,,502198
,2025/10/04,LA SERENA,Hurto,,19.0,BAJA,32.0,,dato ingresado manualmente,30403
9293.0,31/01/2024,andacollo,Robo,Rural,10.0,Baja,30.0,TMP-002,sin validar,949949
9294.0,13/03/2024,SALAMANCA,Fraude,NORTE,11.0,Baja,,,,824774
9295.0,2024-12-02,VICUÑA,robo,Norte,8.0,Baja,59.0,,,550587
9296.0,11/02/2024,Serena,Robo,NORTE,6.0,baja,20.0,TMP-001,ok,333956
9297.0,sin fecha,Montepatria,robo,Rural,1.0,,53.0,TMP-002,,907316
9298.0,Apr-17-2025,la serena,Robo,NORTE,3.0,,20.0,,sin validar,442522
9299.0,24/01/2024,Andacollo,,,12.0,,63.0,,sin validar,808435
9300.0,,SALAMANCA,,centro,,Baja,"21,0",TMP-002,,314499
9301.0,Sep-06-2025,SALAMANCA,Violencia,,19.0,ALTA,40.0,,,445287
9302.0,2025-06-05,Vicuña,Hurto,Centro,19.0,Alta,19.0,TMP-001,,94769
9303.0,2025-09-03,COQUIMBO,robo,Rural,18.0,Media,41.0,TMP-001,,210714
9304.0,Jun-10-2024, la serena ,Violencia,centro,12.0,Baja,20.0,,ok,648555
9305.0,Sep-06-2024,SALAMANCA,Violencia,Centro,17.0,,36.0,ERROR,,43010
9306.0,2025-01-04,coquimbo,,NORTE,12.0,Alta,44.0,TMP-002,,475081
9307.0,2024/09/25,andacollo,Robo,Rural,14.0,ALTA,29.0,,,336656
9308.0,2025-10-03,Montepatria,Accidente,centro,500.0,baja,51.0,TMP-001,dato ingresado manualmente,781390
9309.0,04/10/2024,ovalle,Violencia,CENTRO,"18,0",,58.0,,dato ingresado manualmente,127946
9310.0,Jun-17-2024,monte patria,Hurto,Norte,"3,0",ALTA,38.0,,,959381
9311.0,May-15-2025,Salamanca,Fraude, NORTE ,17.0,baja,31.0,TMP-001,revisar,481856
9312.0,16/04/2024,COQUIMBO,robo,NORTE,0.0,,26.0,TMP-002,,837202
9313.0,12/07/2025,Monte Patria,Accidente,Norte,16.0,ALTA,31.0,ERROR,dato ingresado manualmente,286248
9314.0,sin fecha,COQUIMBO,robo,Centro,5.0,MEDIA,,ERROR,ok,373182
9315.0,,Monte Patria,Robo,Norte,2.0,Alta,49.0,ERROR,dato ingresado manualmente,495923
9316.0,Feb-15-2024,Illapel,Hurto,NORTE,"17,0",,56.0,ERROR,,34646
9317.0,Sep-18-2025,Monte Patria,,centro,7.0,Media,30.0,TMP-001,,596997
9318.0,2025/03/29,Salamanca,Accidente,NORTE,18.0,Media,35.0,TMP-002,,860655
9319.0,,Coquimbo,Accidente,Rural,4.0,ALTA,25.0,TMP-002,,72206
9320.0,2024/06/16,Salamanca,Accidente,centro,19.0,Alta,66.0,TMP-001,,404485
9321.0,2025-06-21,COQUIMBO ,Violencia,,16.0,Alta,14.0,TMP-001,,348353
9322.0,2025/07/16,COQUIMBO,Robo,centro,1.0,ALTA,36.0,TMP-001,,886043
9323.0,Apr-27-2024,Vicuña,,centro,"2,0",Alta,,,sin validar,711942
9324.0,Jun-14-2024,monte patria,robo,,11.0,Media,17.0,,sin validar,443506
9325.0,2024/03/08,SALAMANCA,Hurto,Sur,12.0,,,TMP-002,ok,618589
9326.0,2024/12/10,Vicuña,Violencia,Rural,1.0,,41.0,TMP-001,,535290
9327.0,2025/05/21,LaSerena,,NORTE,3.0,Baja,56.0,TMP-002,sin validar,480972
9328.0,May-02-2025,Ovalle,Accidente,Centro,13.0,,17.0,TMP-001,revisar,101344
9329.0,2025-12-18,monte patria,Robo,centro,16.0,baja,,TMP-002,revisar,350844
9330.0,Mar-22-2024,coquimbo,Robo,Centro,7.0,Baja,20.0,TMP-002,,908455
9331.0,2025/11/30,Salamanca,robo,Sur,7.0,Media,15.0,ERROR,dato ingresado manualmente,996473
9332.0,14/02/2025,La Serena,Fraude,Sur,1.0,ALTA,29.0,,revisar,737437
9333.0,2025-08-29,SALAMANCA,Fraude,centro,2.0,baja,59.0,TMP-001,sin validar,690097
9334.0,2024/01/25,Coquimbo ,Fraude,,3.0,Alta,26.0,,dato ingresado manualmente,57184
9335.0,Jun-26-2025,Illapel,VIOLENCIA,Rural,2.0,,42.0,TMP-001,,355179
9336.0,29/09/2025,Serena,robo,Norte,5.0,Baja,28.0,,,781515
9337.0,29/09/2025,COQUIMBO,robo,NORTE,5.0,baja,16.0,TMP-001,dato ingresado manualmente,811349
9338.0,2025/04/24,Vicuña,Accidente,centro,13.0,Alta,64.0,,ok,452235
9339.0,20/05/2025,La Serena,,Rural,,,"41,0",,ok,821161
9340.0,2024/04/02,Andacollo,Hurto,Centro,10.0,Media,14.0,TMP-002,,870655
9341.0,Oct-19-2024,monte patria,Violencia, centro ,18.0,alta,60.0,TMP-001,,666497
9342.0,,Coquimbo ,robo,Centro,7.0,ALTA,16.0,TMP-001,,432632
,2025-03-26,illapel,Violencia,Sur,19.0,Baja,61.0,,,439006
9344.0,2025/09/28,LaSerena,Accidente,,9.0,baja,66.0,,ok,672400
9345.0,24/02/2025,Monte Patria,Violencia,Sur,9.0,Media,40.0,TMP-002,sin validar,968955
9346.0,2024/12/15,Salamanca,,Norte,14.0,ALTA,19.0,TMP-002,sin validar,39483
9347.0,2025-07-01,Serena,Robo,NORTE,1.0,nan,47.0,TMP-001,,988177
9348.0,01/11/2025,Coquimbo ,robo,Centro,14.0,,,TMP-002,dato ingresado manualmente,875125
9349.0,18/06/2025,COQUIMBO,Violencia,,19.0,baja,38.0,,dato ingresado manualmente,620942
9350.0,,Vicuña,robo,NORTE,15.0,Baja,,TMP-001,,793438
9351.0,2024/06/21,COQUIMBO,Fraude,Rural,13.0,baja,69.0,TMP-002,,576156
9352.0,sin fecha,Serena,robo,NORTE,18.0,,,TMP-002,ok,190672
9353.0,Oct-31-2024,Monte Patria,robo,Centro,10.0,,36.0,TMP-001,,423706
9354.0,Sep-28-2024,la serena,,Centro,16.0,BAJA,48.0,TMP-001,revisar,435195
9355.0,sin fecha,OVALLE,Accidente,,16.0,Media,62.0,TMP-002,dato ingresado manualmente,642042
9356.0,Nov-01-2024,Montepatria,Fraude,Centro,11.0,,30.0,,ok,156419
9357.0,Sep-17-2024,LA SERENA,fraude,NORTE,"19,0",Alta,63.0,TMP-002,sin validar,277759
9358.0,Oct-26-2024,COQUIMBO,Accidente,Sur,13.0,,32.0,,dato ingresado manualmente,242260
9359.0,Jun-18-2024,andacollo,Fraude,,9.0,Baja,53.0,ERROR,revisar,396601
9360.0,Apr-28-2025,VICUÑA,Accidente,centro,5.0,Alta,56.0,TMP-001,revisar,100741
9361.0,2024-04-03,Montepatria,Fraude,centro,9.0,ALTA,51.0,,ok,506101
9362.0,Sep-06-2024,ovalle,Violencia,centro,3.0,,26.0,,,219377
9363.0,,Serena,Violencia,,12.0,baja,"55,0",TMP-001,revisar,954998
,Nov-16-2025,la serena,Hurto,Sur,8.0,ALTA,38.0,TMP-001,dato ingresado manualmente,285932
9365.0,2024/09/20,ovalle,Hurto,centro,17.0,Baja,46.0,TMP-001,revisar,318109
9366.0,Jan-23-2025,ovalle,Violencia,Rural,13.0,baja,55.0,,sin validar,886343
9367.0,04/04/2025,Serena,, Rural ,9.0,,44.0,,dato ingresado manualmente,474502
9368.0,2024-01-06,LaSerena,Violencia,NORTE,16.0,Baja,17.0,ERROR,revisar,310480
9369.0,2025/12/04,SALAMANCA,Robo,NORTE,10.0,,35.0,,dato ingresado manualmente,376617
9370.0,28/02/2024,la serena,,Sur,14.0,,69.0,TMP-001,dato ingresado manualmente,283210
9371.0,Dec-04-2024,Coquimbo ,Robo,,16.0,  ,53.0,ERROR,revisar,763817
9372.0,2024/01/16,LA SERENA,robo,centro,7.0,ALTA,27.0,TMP-001,ok,421245
9373.0,2024/01/02,SALAMANCA,ROBO,Sur,12.0,Baja,62.0,TMP-001,revisar,756928
9374.0,May-15-2024,VICUÑA,Accidente,centro,9.0,ALTA,22.0,TMP-002,sin validar,297614
9375.0,Nov-26-2024,illapel,Accidente,Centro,2.0,ALTA,56.0,TMP-001,,479166
9376.0,May-10-2025,COQUIMBO,Violencia,centro,16.0,baja,48.0,,revisar,82972
9377.0,2024-12-20,SALAMANCA,Fraude,Centro,"11,0",Media,24.0,,ok,496036
9378.0,2025-01-08,LaSerena,robo,Sur,10.0,baja,67.0,ERROR,,294745
9379.0,2024-01-29,coquimbo,Hurto,centro,13.0,baja,43.0,TMP-002,dato ingresado manualmente,660782
9380.0,,COQUIMBO,Robo,Sur,11.0,MEDIA,49.0,ERROR,revisar,644373
9381.0,2025/06/18,SALAMANCA,Hurto,,15.0,ALTA,14.0,TMP-001,sin validar,638146
9382.0,2025/09/18,vicuna,Fraude,Centro,4.0,ALTA,15.0,,sin validar,265569
9383.0,30/08/2024,LaSerena,Accidente,centro,"11,0",ALTA,-1.0,TMP-001,,776227
,2024/10/30,Monte Patria,,NORTE,7.0,ALTA,25.0,,ok,136334
9385.0,Feb-09-2024,LaSerena,Robo,Centro,18.0,ALTA,64.0,ERROR,revisar,336373
9386.0,2024/12/03, coquimbo ,Fraude,centro,11.0,Baja,54.0,,,186561
,Feb-02-2025,LA SERENA,Fraude,centro,7.0,baja,59.0,ERROR,ok,849024
9388.0,Jul-28-2024,SALAMANCA,Fraude,Centro,15.0,baja,21.0,,dato ingresado manualmente,755394
9389.0,,coquimbo,Accidente,Norte,4.0,Media,47.0,TMP-002,,194273
9390.0,2024-09-01,coquimbo,Accidente,Rural,3.0,Baja,30.0,,revisar,784892
9391.0,2024-10-08,Coquimbo ,Accidente,Rural,9.0,Baja,63.0,,revisar,728735
9392.0,2025/04/24,Illapel,Robo,,"16,0",baja,22.0,ERROR,,229381
9393.0,05/08/2025,la serena,robo,Centro,,baja,56.0,ERROR,revisar,505786
9394.0,,LA SERENA,Accidente,centro,10.0,,65.0,TMP-001,ok,324901
9395.0,2024-08-08,Vicuña,,,17.0,,62.0,TMP-002,revisar,929343
9396.0,2024-09-07,LA SERENA,Fraude,Norte,8.0,Media,54.0,,,248790
9397.0,17/03/2025,ovalle,Fraude,,11.0, baja ,18.0,TMP-002,sin validar,476726
9398.0,2024/11/18,OVALLE,Violencia,Norte,11.0,Alta,22.0,TMP-002,revisar,635651
9399.0,sin fecha,monte patria,,Sur,8.0,Media,19.0,ERROR,,985630
9400.0,05/07/2025,SALAMANCA,robo,Norte,7.0,BAJA,,,sin validar,716947
9401.0,2025-06-14,monte patria,Hurto,Rural,10.0,ALTA,61.0,TMP-002,ok,876741
9402.0,,ovalle,Violencia,Rural,13.0,ALTA,15.0,,,679227
9403.0,2025/09/16,SALAMANCA,Fraude,centro,,Alta,69.0,ERROR,,354659
9404.0,2024/01/10,SALAMANCA,Robo,Norte,14.0,Alta,46.0,,dato ingresado manualmente,170355
,20/08/2024,monte patria,Fraude,centro,,Media,22.0,,dato ingresado manualmente,16603
9406.0,2025-05-07,SALAMANCA,robo,Centro,6.0,Alta,68.0,,dato ingresado manualmente,191450
9407.0,2024-05-01,illapel,accidente,Rural,11.0,ALTA,24.0,TMP-002,ok,323768
9408.0,21/09/2024,LA SERENA,Hurto,Centro,7.0,Baja,53.0,,sin validar,738154
9409.0,2024-12-17,LA SERENA,Violencia,Rural,11.0,Media,34.0,,dato ingresado manualmente,625816
9410.0,Oct-09-2025,Ovalle,,Rural,17.0,Alta,35.0,TMP-001,revisar,731438
9411.0,Oct-04-2024,Serena,robo,Sur,"8,0",Baja,68.0,TMP-002,,612674
9412.0,Oct-26-2024,Coquimbo,fraude,centro,10.0,Alta,36.0,TMP-002,ok,973769
9413.0,2025/08/11,Ovalle,Fraude,Sur,13.0,Baja,41.0,ERROR,,216249
9414.0,Dec-30-2024,VICUÑA,Accidente,Rural,13.0,Alta,29.0,,,570532
9415.0,2025/11/19,vicuna,robo,Norte,15.0,Media,57.0,,,922824
9416.0,2025/03/20,la serena,Accidente,NORTE,10.0,Media,32.0,TMP-001,ok,119428
9417.0,,Illapel,Robo,,17.0,Media,53.0,TMP-002,ok,708108
9418.0,2025-12-25,illapel,Hurto,centro,15.0,,22.0,,,280831
9419.0,2024/12/19,andacollo,Robo,Norte,10.0,ALTA,18.0,,dato ingresado manualmente,647003
9420.0,2024-08-31,Coquimbo , nan ,Norte,15.0,Media,40.0,ERROR,dato ingresado manualmente,792960
9421.0,Nov-25-2024,La Serena,robo,,"15,0",ALTA,30.0,ERROR,,456466
9422.0,sin fecha,Andacollo,,Rural,16.0,Alta,33.0,ERROR,ok,418417
9423.0,Nov-04-2025,OVALLE,accidente,Rural,2.0,Alta,52.0,,dato ingresado manualmente,169415
9424.0,2024/10/10,OVALLE,Robo,NORTE,8.0,,,,dato ingresado manualmente,612975
,,vicuna,robo,Sur,0.0,baja,48.0,ERROR,,205294
9426.0,2024-04-22,Serena,Hurto,Norte,,Baja,,TMP-002,revisar,396174
9427.0,,andacollo,,Centro,6.0,Media,34.0,TMP-001,dato ingresado manualmente,932052
9428.0,2025-03-02,monte patria, Fraude ,centro,5.0,Media,59.0,,sin validar,248623
9429.0,11/07/2024,COQUIMBO,Fraude,NORTE,19.0,ALTA,36.0,TMP-002,,269890
9430.0,2024/12/25,COQUIMBO ,Violencia,RURAL,5.0,,"43,0",TMP-002,dato ingresado manualmente,868611
9431.0,2024/10/02,coquimbo,robo,NORTE,15.0,,15.0,,sin validar,899131
9432.0,Apr-02-2025,illapel,Violencia,NORTE,9.0,,63.0,,,164966
9433.0,,SALAMANCA,Fraude,norte,18.0,Alta,63.0,TMP-001,,978732
9434.0,2024/02/24,Ovalle,Hurto,Norte,19.0,baja,60.0,TMP-001,revisar,78035
9435.0,2025/06/22,monte patria,Violencia,centro,13.0,Alta,56.0,TMP-001,,507052
9436.0,,coquimbo,robo,Sur,11.0,Media,60.0,TMP-002,revisar,466082
9437.0,Feb-10-2025, Montepatria ,Fraude,,8.0,Alta,61.0,,revisar,231278
9438.0,11/07/2024, Monte Patria ,Violencia,,10.0,Alta,28.0,,revisar,764708
,,VICUÑA,Fraude,NORTE,13.0,Alta,14.0,ERROR,revisar,358847
9440.0,,illapel,,Sur,13.0,Baja,26.0,TMP-002,,420696
9441.0,2025/10/23,ovalle,Fraude,Rural,15.0, Baja ,40.0,TMP-002,,301779
9442.0,2024-04-09,Ovalle,Hurto,Centro,13.0,baja,47.0,TMP-001,,347843
9443.0,May-07-2024,andacollo,robo,Norte,12.0,Baja,52.0,,sin validar,512955
9444.0,sin fecha,Montepatria,,Centro,,ALTA,"44,0",ERROR,sin validar,814572
9445.0,2024-02-03,Monte Patria,Violencia,centro,14.0,Media,59.0,TMP-001,revisar,101460
9446.0,2024-06-13,Andacollo,ROBO,centro,12.0,Baja,32.0,,dato ingresado manualmente,667878
9447.0,2025/04/19,Illapel,Violencia,Sur,6.0,,38.0,TMP-002,sin validar,597469
9448.0,sin fecha,Vicuña,,,14.0,Baja,45.0,,dato ingresado manualmente,321834
9449.0,2025-02-05,OVALLE,Fraude,Sur,7.0,,41.0,,,502645
9450.0,02/03/2024,VICUÑA,,Sur,1.0,Baja,21.0,TMP-001,,375413
9451.0,sin fecha,coquimbo,Violencia,centro,19.0,,67.0,,,934816
9452.0,2025-08-25,Illapel,Hurto,Sur,11.0,Media,57.0,,ok,78446
9453.0,,Vicuña,Robo,NORTE,1.0,ALTA,50.0,TMP-002,sin validar,734455
9454.0,2025-06-09,vicuna,Fraude,Centro,14.0,baja,57.0,TMP-001,,696119
9455.0,2024/02/13,ovalle,Accidente,Centro,16.0,Media,60.0,TMP-002,dato ingresado manualmente,807428
9456.0,Nov-12-2024,COQUIMBO,Accidente,Centro,10.0,Media,59.0,,ok,72421
9457.0,2024-02-08,Monte Patria,,,12.0,baja,53.0,ERROR,,52233
9458.0,2024-03-11,Monte Patria,hurto,centro,11.0,baja,37.0,,sin validar,245208
9459.0,Jun-08-2024,Ovalle,Hurto,Centro,18.0,Alta,65.0,ERROR,,383703
9460.0,2025-12-25,Montepatria,,,11.0,Alta,34.0,TMP-002,,124355
9461.0,2025-02-23,COQUIMBO,,Sur,-3.0,,41.0,,sin validar,903786
9462.0,,VICUÑA,Accidente,Norte,12.0,ALTA,37.0,TMP-001,dato ingresado manualmente,105234
9463.0,06/07/2024,Coquimbo,robo,Sur,3.0,ALTA,50.0,,,83214
9464.0,Sep-04-2024,serena,Hurto,Norte,13.0,ALTA,37.0,ERROR,sin validar,457546
9465.0,2024-11-16,vicuna,Hurto,Sur,,Alta,39.0,,dato ingresado manualmente,336667
9466.0,2024-03-30,coquimbo,Accidente,NORTE,18.0,Baja,65.0,,ok,575814
9467.0,04/08/2024,Monte Patria,Hurto,Rural,500.0,,34.0,ERROR,dato ingresado manualmente,197322
9468.0,24/11/2024,Coquimbo,,Norte,14.0,Media,25.0,ERROR,,376980
,2025/12/30,andacollo,Fraude, centro ,14.0,,53.0,TMP-001,sin validar,375896
9470.0,2025-10-31,Coquimbo,Accidente,,18.0,Media,66.0,TMP-002,dato ingresado manualmente,254684
9471.0,Aug-13-2024,la serena,Fraude,NORTE,7.0,ALTA,24.0,TMP-002,dato ingresado manualmente,606922
9472.0,05/07/2025,Serena,hurto,centro,10.0,ALTA,22.0,,dato ingresado manualmente,143879
9473.0,14/01/2025,Serena,Fraude,,17.0, ALTA ,40.0,ERROR,ok,504641
9474.0,2024-08-19,Serena,Violencia,Rural,"6,0",,43.0,,,611141
9475.0,,la serena,Violencia,,10.0,ALTA,47.0,TMP-001,revisar,395460
9476.0,Apr-08-2025,Illapel,,Norte,16.0,baja,35.0,ERROR,revisar,244299
9477.0,sin fecha,Coquimbo,Violencia, centro ,9.0,ALTA,41.0,TMP-002,revisar,884849
9478.0,Dec-26-2025,Andacollo,Hurto,Centro,13.0,Media,37.0,,dato ingresado manualmente,185752
9479.0,sin fecha,Salamanca,Fraude,Centro,19.0,baja,23.0,ERROR,,647408
9480.0,sin fecha,LaSerena,robo,Rural,18.0,Media,17.0,TMP-002,sin validar,132830
9481.0,2024/06/15,Coquimbo,robo,Centro,4.0,ALTA,40.0,TMP-002,ok,55990
9482.0,24/07/2025,Vicuña,Hurto,Centro,10.0,Media,22.0,,sin validar,235283
9483.0,2025/11/07,LaSerena,robo,NORTE,17.0,,25.0,TMP-002,,893816
9484.0,08/06/2025,Vicuña,Robo,NORTE,5.0,,19.0,TMP-001,sin validar,183289
9485.0,2025-11-26,andacollo,,Norte,9.0,baja,42.0,,sin validar,423928
9486.0,2025/10/22,Coquimbo ,Violencia,Norte,19.0,,14.0,ERROR,dato ingresado manualmente,96665
9487.0,2024/02/26,Montepatria,Robo,NORTE,7.0,BAJA,50.0,,,950666
,Jun-26-2025,COQUIMBO,Violencia,norte,17.0,ALTA,28.0,,,478083
,2025/03/10,Coquimbo ,Violencia,NORTE,,,41.0,ERROR,,590676
9490.0,sin fecha,Salamanca,robo,Sur,9.0,,40.0,TMP-002,,465613
9491.0,2024/07/09,andacollo,FRAUDE,Rural,3.0,baja,50.0,TMP-001,sin validar,952228
9492.0,Jun-25-2025,Montepatria,Fraude,Sur,4.0,Baja,17.0,,,667816
9493.0,18/09/2024,coquimbo,,,7.0,Alta,47.0,,,930958
9494.0,May-11-2024,andacollo,Hurto,Sur,6.0,Media,32.0,,sin validar,782624
9495.0,Sep-26-2025,ovalle,Robo,Norte,16.0,Media,21.0,,,243723
9496.0,Oct-08-2025,ovalle,Fraude,NORTE,18.0, baja ,51.0,,,514666
9497.0,2024/06/25,ovalle,Robo,Norte,4.0,Baja,"33,0",TMP-002,,287726
9498.0,2025-04-29,la serena,Accidente,NORTE,8.0,ALTA,36.0,,,509248
9499.0,14/11/2025,LA SERENA,Violencia,Norte,10.0,Baja,"22,0",ERROR,revisar,642703
9500.0,2024/04/24,andacollo,Fraude,centro,15.0,Media,59.0,,,404828
9501.0,06/05/2025,Monte Patria,Robo,Norte,2.0,ALTA,29.0,TMP-001,ok,972744
9502.0,15/07/2025,VICUÑA,,Sur,12.0,,33.0,TMP-001,,794771
9503.0,2025/03/02,LaSerena,Violencia,centro,11.0,,28.0,,,726092
9504.0,2025-10-23,vicuna,Fraude,Centro,10.0,Media,16.0,,dato ingresado manualmente,929504
9505.0,09/10/2024,Vicuña,robo,Rural,10.0,Alta,69.0,TMP-002,,251745
9506.0,04/09/2025,OVALLE,Violencia,Sur,3.0,Baja,20.0,TMP-001,ok,156379
9507.0,22/08/2024, Serena ,Fraude,,12.0,ALTA,66.0,ERROR,ok,94065
9508.0,Dec-10-2025,coquimbo,Fraude,centro,18.0,Baja,43.0,,revisar,614320
9509.0,Oct-09-2024,illapel,Robo,Centro,13.0,Alta,60.0,TMP-002,,795404
9510.0,2025/08/15,Andacollo,Robo,Norte,0.0,baja,64.0,TMP-001,revisar,436429
9511.0,2024/12/06,Coquimbo,Robo,Rural,10.0,,15.0,,revisar,233961
9512.0,May-20-2024,Andacollo,Fraude,Centro,9.0,ALTA,18.0,TMP-001,,501176
9513.0,,VICUÑA,Hurto,centro,11.0,ALTA,21.0,,dato ingresado manualmente,690690
9514.0,07/04/2025,Montepatria,Hurto,Rural,14.0,baja,64.0,TMP-001,,981727
9515.0,02/09/2024,Vicuña,,NORTE,13.0,Alta,39.0,ERROR,dato ingresado manualmente,738156
9516.0,Aug-07-2025,ovalle,Violencia,Norte,11.0,baja,26.0,TMP-001,,182635
9517.0,Sep-03-2024,Vicuña,,centro,10.0,ALTA,21.0,TMP-002,ok,719980
9518.0,,andacollo,Violencia, Centro ,500.0,ALTA,58.0,ERROR,,387502
9519.0,02/04/2025,SALAMANCA,robo,Sur,19.0,baja,59.0,,dato ingresado manualmente,401742
9520.0,2024-03-21,illapel,Violencia,centro,5.0,Alta,64.0,TMP-002,,524007
9521.0,26/12/2024,Salamanca,Fraude,centro,9.0,,49.0,,,238091
9522.0,sin fecha,Vicuña,Robo,centro,nan,baja,50.0,ERROR,,581059
9523.0,20/06/2025,vicuna,Fraude,Norte,5.0,ALTA,50.0,TMP-002,sin validar,371005
9524.0,sin fecha,la serena,Robo,NORTE,10.0,Media,36.0,,revisar,159594
9525.0,2025/12/18,VICUÑA,Robo,Centro,1.0,Alta,64.0,,revisar,526451
9526.0,2024/02/14, COQUIMBO ,nan,Rural,2.0,Media,14.0,ERROR,ok,700791
9527.0,2025/04/14,Montepatria,Robo,Rural,5.0,,25.0,TMP-001,ok,310235
9528.0,2024-08-28,Montepatria,,NORTE,19.0,Media,17.0,TMP-002,revisar,348607
9529.0,2025/03/02,LaSerena,robo,NORTE,11.0,baja,23.0,TMP-002,,65460
9530.0,2024-12-15,Illapel,Robo, Norte ,4.0,Media,43.0,ERROR,dato ingresado manualmente,25520
9531.0,Aug-28-2024,OVALLE,Robo,Norte,7.0,baja,36.0,,sin validar,573177
9532.0,,andacollo,Accidente,,5.0,Alta,,TMP-001,,923479
9533.0,sin fecha,illapel,robo,Norte,7.0,,"47,0",,,860865
9534.0,2024-05-10,Illapel,Hurto,Centro,"5,0",,34.0,,,323523
9535.0,2024-04-15,ovalle,VIOLENCIA,Sur,10.0,ALTA,18.0,TMP-002,ok,546080
9536.0,2024-08-21,Coquimbo,Violencia, Sur ,8.0,,,ERROR,sin validar,586121
9537.0,,Andacollo,robo,Sur,,,34.0,TMP-002,sin validar,533971
9538.0,26/07/2024,La Serena,Robo,centro,11.0,ALTA,26.0,,dato ingresado manualmente,162103
9539.0,2024/08/03,coquimbo,Violencia,Centro,6.0,baja,34.0,TMP-002,ok,414888
9540.0,2024/06/17,Coquimbo ,Robo,centro,13.0,,49.0,,ok,676323
9541.0,03/08/2025,Illapel,Hurto,Norte,12.0,ALTA,46.0,ERROR,revisar,657602
9542.0,Dec-30-2025,VICUÑA,Accidente,Centro,9.0,Alta,21.0,,,166975
9543.0,09/12/2025,Ovalle,,,12.0,Baja,33.0,TMP-002,sin validar,18141
9544.0,2025/11/22,Vicuña, Robo ,Rural,2.0,Media,53.0,TMP-001,,776832
9545.0,2024-12-19,Coquimbo,Fraude,Norte,6.0,Baja,28.0,,revisar,554664
9546.0,2025-01-18,ovalle,Hurto,centro,6.0,,30.0,ERROR,dato ingresado manualmente,692868
9547.0,08/02/2025,ovalle,robo,centro,"5,0",,43.0,TMP-001,sin validar,307185
9548.0,,Andacollo,Accidente,Norte,3.0,Media,,,,355035
9549.0,,La Serena,Accidente,NORTE,13.0,Alta,62.0,,revisar,862118
9550.0,2024/02/28,Coquimbo ,accidente,NORTE,6.0,,50.0,TMP-002,revisar,82754
9551.0,Jun-20-2024,Montepatria,Violencia,Norte,11.0,,32.0,ERROR,,980379
9552.0,sin fecha,Vicuña,,,"9,0",Alta,62.0,TMP-002,dato ingresado manualmente,393592
,06/08/2024,Andacollo,Hurto,Rural,4.0,baja,68.0,,ok,659888
9554.0,2025-08-04,Monte Patria,Fraude,sur,9.0,Baja,17.0,ERROR,sin validar,687859
9555.0,Apr-21-2025,andacollo,Hurto,Rural,16.0,Alta,67.0,ERROR,revisar,836562
9556.0,,VICUNA,robo,Sur,"14,0",,40.0,TMP-002,dato ingresado manualmente,521677
9557.0,Aug-25-2025,vicuna,,centro,12.0,Alta,29.0,TMP-001,dato ingresado manualmente,922324
9558.0,,Monte Patria,VIOLENCIA,Centro,13.0,Media,68.0,TMP-002,,247667
9559.0,2025-09-20,Salamanca,robo,Centro,14.0,,60.0,TMP-001,dato ingresado manualmente,66243
9560.0,2024/03/30,Ovalle,Accidente,Centro,15.0,Media,16.0,,,570392
9561.0,Nov-13-2024,vicuna,,Norte,18.0,Media,41.0,,,553586
9562.0,,Coquimbo ,Accidente,Centro,14.0,Media,36.0,ERROR,dato ingresado manualmente,613576
9563.0,Sep-02-2024,Coquimbo,Hurto,centro,17.0,Media,30.0,TMP-002,ok,348368
9564.0,2025-12-26,Serena,Violencia,NORTE,4.0,baja,44.0,TMP-001,,651243
9565.0,Jan-30-2025,Andacollo,Robo,Sur,11.0,ALTA,18.0,TMP-002,sin validar,341290
9566.0,2024/12/12,vicuña,Hurto,centro,2.0,,44.0,TMP-002,revisar,548139
9567.0,Mar-11-2024,coquimbo,Fraude,centro,14.0,Baja,30.0,ERROR,,609704
9568.0,2024/11/13,SALAMANCA,Robo,Norte,4.0,Alta,36.0,,dato ingresado manualmente,282026
9569.0,2024/02/18,monte patria,,Centro,18.0,Alta,26.0,,,222344
9570.0,10/07/2024,LA SERENA,Hurto,Centro,19.0,baja,35.0,ERROR,ok,291182
9571.0,Jul-18-2024,Montepatria,robo,NORTE,11.0,Media,57.0,TMP-002,dato ingresado manualmente,525119
,2025-03-25,Coquimbo,,Rural,2.0,baja,30.0,,,702904
9573.0,03/05/2024,Monte Patria,Violencia,Sur,8.0,,42.0,ERROR,,417559
9574.0,2024/09/11,LaSerena,Accidente,RURAL,3.0,Baja,25.0,,,354093
9575.0,22/07/2024,coquimbo,Accidente,Sur,7.0,ALTA,130.0,,revisar,578990
9576.0,2024/05/11,Vicuña,Fraude,Centro,18.0,,14.0,ERROR,ok,268340
9577.0,2024-01-18,Coquimbo,Violencia,Sur,9.0,ALTA,17.0,,sin validar,918509
9578.0,2024/09/20,illapel,Robo,Rural,2.0,Alta,31.0,TMP-002,,700386
9579.0,11/08/2025,La Serena,Hurto,NORTE,18.0,baja,42.0,,revisar,966369
9580.0,Sep-26-2024,coquimbo,robo,Norte,3.0,ALTA,47.0,,,812749
9581.0,Apr-12-2025,monte patria,Hurto,Sur,12.0,ALTA,63.0,TMP-002,revisar,787521
9582.0,,la serena,,Norte,13.0,baja,38.0,,,124003
9583.0,08/09/2024,vicuna,robo,Norte,7.0,,16.0,TMP-002,,688683
9584.0,2025/01/09,Vicuña,accidente,Centro,6.0,baja,20.0,,revisar,602185
9585.0,2024/10/19,Montepatria,robo,Rural,4.0,,19.0,,,161156
9586.0,, La Serena ,Robo,Norte,18.0,,28.0,,sin validar,273396
9587.0,13/09/2024,COQUIMBO,Robo,Centro,10.0,baja,51.0,,ok,741759
9588.0,2025/09/08,Illapel,HURTO,Norte,3.0,Baja,41.0,ERROR,,331745
9589.0,2024-09-11,Salamanca,Robo,centro,19.0,Alta,61.0,TMP-001,revisar,123047
9590.0,2025/12/01,LA SERENA,Fraude,Rural,2.0,Baja,14.0,TMP-001,,167641
9591.0,16/09/2024,Coquimbo ,violencia,Sur,11.0,Baja,55.0,TMP-001,dato ingresado manualmente,688840
9592.0,2025/12/09,Coquimbo ,robo,Sur,9.0,Baja,14.0,TMP-002,,971026
9593.0,2024-10-14,vicuna,,,12.0,,59.0,ERROR,ok,232877
9594.0,13/05/2024,Ovalle,Violencia,centro,1.0,,48.0,ERROR,ok,684151
9595.0,Jul-26-2024,OVALLE,Accidente,norte,9.0,ALTA,46.0,,,501661
9596.0,18/12/2025,Andacollo,,Rural,2.0,,61.0,TMP-002,dato ingresado manualmente,192590
9597.0,02/06/2025,LaSerena,Fraude,NORTE,17.0,,58.0,TMP-002,dato ingresado manualmente,731769
9598.0,Mar-20-2025,COQUIMBO,,centro,5.0,media,64.0,TMP-002,sin validar,516772
9599.0,2024-01-08,coquimbo,Fraude,Rural,14.0,Baja,25.0,TMP-002,,835321
9600.0,sin fecha,ovalle,Accidente,Centro,16.0,Baja,50.0,,,301637
9601.0,sin fecha,Vicuña,Fraude,,17.0,Baja,22.0,ERROR,,76813
9602.0,Jun-17-2024,coquimbo, robo ,Centro,"10,0",baja,21.0,TMP-002,,155022
9603.0,Oct-18-2024,Illapel,Robo,Centro,19.0,Baja,31.0,TMP-002,,6615
9604.0,,SALAMANCA,Robo,centro,18.0,Media,51.0,ERROR,,384411
9605.0,2025/03/16,Serena,Robo,centro,3.0,,61.0,,,637147
9606.0,25/01/2025,COQUIMBO,Fraude,centro,19.0,ALTA,33.0,TMP-001,ok,256674
9607.0,22/09/2025,ovalle,Robo,NORTE,5.0,Alta,47.0,ERROR,sin validar,705723
9608.0,,Vicuña,,Centro,1.0,ALTA,61.0,,,756089
9609.0,,monte patria,HURTO,centro,14.0,baja,69.0,,sin validar,471829
9610.0,Aug-18-2025,Vicuña,Fraude,NORTE,8.0,Media,"45,0",TMP-001,revisar,670826
9611.0,2025/11/08,Coquimbo,Violencia,,12.0,Baja,57.0,TMP-001,revisar,372284
9612.0,27/03/2024,Coquimbo,Fraude,NORTE,9.0,Alta,26.0,,ok,505081
9613.0,02/03/2024,COQUIMBO,Hurto,centro,3.0,Media,66.0,ERROR,,444148
9614.0,,Andacollo,Accidente,Centro,1.0,,51.0,ERROR,revisar,170696
9615.0,2024/01/11,ovalle,,NORTE,7.0,baja,65.0,TMP-001,,723443
9616.0,2024/06/01,VICUÑA,Hurto,centro,15.0,Alta,43.0,TMP-001,,689288
9617.0,2025-02-15,andacollo,,Centro,17.0,media,53.0,,dato ingresado manualmente,194285
9618.0,2025/08/12,Serena,Accidente,norte,7.0,ALTA,18.0,,,780759
9619.0,Aug-03-2025,La Serena,Hurto,,4.0,,49.0,TMP-002,sin validar,42233
9620.0,2024-11-23,Coquimbo ,,NORTE,11.0,Media,23.0,TMP-001,revisar,686947
9621.0,19/09/2024,LaSerena, Violencia ,NORTE,19.0,Alta,59.0,,,575002
9622.0,26/09/2025,vicuna, Hurto ,Centro,15.0,,,ERROR,,975884
9623.0,,LaSerena,Violencia,centro,,baja,61.0,ERROR,dato ingresado manualmente,901942
9624.0,Jun-05-2024,Coquimbo,Fraude,centro,8.0,,33.0,,revisar,851980
9625.0,2024-12-07,Coquimbo ,Fraude,NORTE,19.0,Baja,57.0,,revisar,834881
9626.0,2025-05-21,LaSerena,Fraude,centro,3.0, baja ,"40,0",TMP-002,,427958
9627.0,sin fecha,coquimbo,Accidente,Centro,4.0,baja,59.0,,revisar,347779
9628.0,2025/02/09,La Serena,robo,centro,14.0,baja,21.0,,,743838
9629.0,2025-03-18,Salamanca,,,6.0,BAJA,53.0,TMP-001,,835812
9630.0,02/09/2024,vicuna,Fraude,NORTE,2.0,Media,68.0,,revisar,915806
9631.0,2024/07/20,Coquimbo,,Sur,16.0,ALTA,48.0,,ok,634458
9632.0,sin fecha,Salamanca,Violencia, Rural ,15.0,Alta,63.0,,sin validar,961449
9633.0,sin fecha,coquimbo,Robo,Sur,11.0,Baja,37.0,TMP-002,revisar,237417
9634.0,,andacollo,Fraude,Sur,1.0,Baja,69.0,ERROR,sin validar,256436
9635.0,2025/07/21,vicuna,Hurto,centro,5.0,ALTA,31.0,,,742214
9636.0,sin fecha,monte patria,Accidente,Sur,8.0,Baja,60.0,ERROR,sin validar,519040
9637.0,,andacollo,,Norte,1.0,ALTA,62.0,TMP-002,revisar,343847
9638.0,2025/01/02,la serena,Hurto,centro,8.0,ALTA,68.0,ERROR,,726485
9639.0,sin fecha,Monte Patria,Accidente,Sur,8.0,Alta,30.0,,ok,795025
9640.0,Sep-20-2024,coquimbo,robo, centro ,"10,0",baja,"69,0",TMP-002,ok,876282
9641.0,sin fecha,Salamanca,robo,Sur,15.0,,17.0,ERROR,dato ingresado manualmente,496520
9642.0,sin fecha,La Serena,Violencia,Norte,9.0,,45.0,,,262202
9643.0,2025/10/02,coquimbo,,Centro,7.0,ALTA,40.0,TMP-001,ok,359129
,2024-02-02,SALAMANCA,Hurto,Norte,2.0,Media,57.0,ERROR,,448320
9645.0,2025-06-02,andacollo,Robo,centro,16.0,Media,18.0,,sin validar,323832
,2024/08/07,andacollo,Accidente,centro,17.0,ALTA,,ERROR,dato ingresado manualmente,564222
9647.0,,vicuna,Hurto,centro,3.0,Baja,31.0,ERROR,,26957
9648.0,May-04-2025,Coquimbo,Hurto,Centro,1.0,ALTA,16.0,ERROR,revisar,820326
9649.0,2025/10/19,La Serena,robo,,13.0,Baja,36.0,,sin validar,904619
9650.0,Jun-08-2025,la serena,,NORTE,,baja,66.0,ERROR,ok,213770
9651.0,2024/02/28,Salamanca,Fraude,Centro,13.0,Baja,52.0,TMP-002,dato ingresado manualmente,147067
9652.0,15/04/2025,Coquimbo,robo,centro,5.0,,45.0,ERROR,ok,817845
9653.0,,Montepatria,  ,Norte,4.0,Alta,57.0,,,19412
9654.0,10/05/2024,Ovalle,Fraude,centro,12.0,,46.0,ERROR,revisar,199005
9655.0,2024-09-01,ovalle,,Centro,5.0,Baja,46.0,TMP-002,,232219
9656.0,2024-09-04,COQUIMBO,,Centro,11.0, baja ,-1.0,,revisar,91835
9657.0,2024-01-30,SALAMANCA,Robo,centro,2.0,ALTA,16.0,TMP-001,revisar,323137
,Jan-01-2024,illapel,,Norte,19.0,baja,38.0,,sin validar,918008
9659.0,2025-11-07,coquimbo,,rural,13.0,baja,64.0,TMP-001,sin validar,920797
9660.0,2025-08-16,Vicuña,Accidente,centro,,Media,26.0,TMP-002,,602230
9661.0,2025/08/22,illapel,Robo,Norte,7.0,Alta,67.0,ERROR,ok,367084
9662.0,2024/09/25, Vicuña ,Fraude,,16.0,Alta,58.0,TMP-001,revisar,731347
9663.0,22/11/2025,VICUÑA,Fraude,Sur,17.0,Baja,"51,0",,dato ingresado manualmente,758476
9664.0,,illapel,Accidente,Sur,18.0,ALTA,38.0,ERROR,,719796
9665.0,2024-02-14,VICUÑA,Hurto,centro,16.0,Baja,63.0,TMP-002,,645184
9666.0,2025-03-23,Andacollo,,Rural,3.0,baja,48.0,,,123786
9667.0,2025-04-29,Ovalle,Violencia,,16.0,Alta,62.0,TMP-001,sin validar,420798
9668.0,2025-04-20,Coquimbo,Accidente,,4.0,Baja,40.0,,dato ingresado manualmente,34417
9669.0,2024/10/04,OVALLE,robo,NORTE,1.0,baja,18.0,ERROR,revisar,502912
9670.0,2025/05/29,Illapel,Robo,centro,5.0,media,34.0,TMP-001,sin validar,755785
9671.0,2025-01-16,SALAMANCA,Hurto,Centro,19.0,baja,64.0,TMP-002,,394020
9672.0,Feb-02-2025,Coquimbo,Accidente,Centro,3.0,Alta,36.0,,dato ingresado manualmente,780841
9673.0,2024/01/31,Serena,robo,,11.0,ALTA,,TMP-002,revisar,704951
9674.0,Dec-24-2024,OVALLE,,Norte,9.0,Alta,31.0,ERROR,ok,558478
9675.0,2024-04-13,la serena,Robo,centro,11.0,Alta,31.0,ERROR,dato ingresado manualmente,894436
9676.0,Mar-03-2025,MONTEPATRIA,Accidente,Sur,18.0,,23.0,,,859397
9677.0,30/05/2025,Serena,Hurto,centro,2.0,Media,49.0,TMP-001,,77477
9678.0,09/03/2025,VICUÑA,Robo,Rural,16.0,ALTA,33.0,TMP-002,ok,287834
9679.0,,Monte Patria,,Norte,7.0,ALTA,62.0,TMP-001,ok,966005
9680.0,2025/04/11,LA SERENA,robo,Rural,18.0,Baja,37.0,,,37341
9681.0,2024-04-08,coquimbo,robo,Centro,11.0,,36.0,TMP-001,,151881
9682.0,2025/07/01,Coquimbo ,  ,centro,14.0,ALTA,40.0,,dato ingresado manualmente,526433
9683.0,Jul-11-2025,COQUIMBO,Accidente,Norte,17.0,baja,52.0,ERROR,ok,484684
9684.0,14/10/2025,SALAMANCA,Hurto,,13.0,baja,43.0,,revisar,982787
9685.0,2024/10/04,COQUIMBO ,NAN,Norte,17.0,ALTA,53.0,TMP-001,,179085
9686.0,Jun-14-2024, COQUIMBO ,Hurto,Centro,10.0,baja,50.0,ERROR,dato ingresado manualmente,620366
9687.0,Jul-07-2024,Coquimbo ,Robo,Centro,8.0,,45.0,TMP-001,,524622
9688.0,2024/01/05,COQUIMBO,,Sur,"2,0",BAJA,58.0,TMP-001,sin validar,461453
9689.0,2024/01/01,Andacollo,,NORTE,7.0,ALTA,29.0,,,15169
9690.0,2025/03/29,andacollo,robo,Centro,12.0,Alta,53.0,TMP-001,dato ingresado manualmente,890951
9691.0,Sep-02-2025,LA SERENA,robo,NORTE,10.0,Baja,41.0,TMP-002,sin validar,180743
9692.0,2025/03/11,illapel,,NORTE,19.0,Media,25.0,,ok,17741
9693.0,2025/09/02, Coquimbo  ,Hurto,Centro,,,17.0,,,358886
9694.0,Jul-04-2024,illapel,Robo,centro,17.0,baja,38.0,TMP-001,dato ingresado manualmente,573396
9695.0,2024/06/18,Coquimbo ,hurto,,14.0,Baja,,ERROR,ok,161385
9696.0,2025-01-05,Monte Patria,Hurto,Centro,4.0,baja,20.0,TMP-002,ok,653885
9697.0,Jan-04-2024,Coquimbo,Hurto,centro,5.0,Media,29.0,TMP-002,,981365
9698.0,23/04/2024,monte patria,robo,,11.0, Alta ,22.0,TMP-001,revisar,566443
9699.0,2024/07/18,la serena,Hurto,NORTE,8.0,ALTA,23.0,TMP-001,,299619
9700.0,2024-07-25,La Serena,Violencia,NORTE,2.0,,31.0,,dato ingresado manualmente,100232
9701.0,2024/02/22,VICUÑA,Violencia,,5.0,Alta,52.0,ERROR,ok,91820
9702.0,,Vicuña,Accidente,,8.0,ALTA,27.0,,sin validar,903511
9703.0,10/10/2024,La Serena,Hurto,,11.0,ALTA,42.0,ERROR,revisar,611033
,28/06/2024,vicuna,Hurto,centro,12.0,ALTA,30.0,ERROR,dato ingresado manualmente,991597
9705.0,2025/07/29, vicuna ,,Rural,19.0,baja,66.0,,sin validar,768756
9706.0,,La Serena,Accidente,NORTE,5.0,ALTA,38.0,TMP-001,dato ingresado manualmente,508646
9707.0,,LaSerena,Hurto,centro,18.0,,30.0,,,171148
9708.0,2025-12-31,monte patria,Accidente,centro,18.0,baja,30.0,,ok,46802
9709.0,2025-01-03,ovalle,  ,NORTE,-3.0,Alta,61.0,,dato ingresado manualmente,54038
9710.0,2024-03-10,La Serena,,Norte,2.0,Baja,61.0,ERROR,sin validar,118986
9711.0,, Montepatria ,Violencia,centro,15.0,baja,36.0,TMP-001,,148080
9712.0,2025/01/12,Serena, Robo ,Centro,14.0,,29.0,ERROR,sin validar,874352
9713.0,2025/04/18,LA SERENA,Fraude,Rural,5.0,,40.0,,revisar,365062
,07/06/2025,vicuna,ROBO,Rural,6.0,baja,37.0,TMP-001,dato ingresado manualmente,95281
9715.0,,COQUIMBO,Robo,Sur,17.0,,14.0,,sin validar,670488
9716.0,20/03/2024,salamanca,Fraude,centro,18.0,ALTA,18.0,TMP-002,,621986
9717.0,Oct-05-2024,coquimbo,,NORTE,"14,0",BAJA,59.0,TMP-002,,683750
9718.0,2025/07/30,SALAMANCA,Hurto,,13.0,Baja,"30,0",,,27520
9719.0,sin fecha,Coquimbo,,Sur,7.0,Baja,20.0,TMP-001,,754324
9720.0,2024/11/22,Coquimbo ,,Rural,12.0,ALTA,17.0,TMP-001,dato ingresado manualmente,279769
9721.0,2024-06-01,Andacollo,Fraude,NORTE,6.0,baja,,,,346508
9722.0,11/04/2024,la serena,robo,Norte,8.0,Alta,40.0,,,664185
9723.0,2025/12/16,ovalle,Accidente,Sur,8.0,ALTA,34.0,ERROR,revisar,881978
9724.0,2024/04/10,OVALLE,Robo,,7.0,ALTA,39.0,ERROR,,580094
9725.0,2024/12/29,Salamanca,Fraude,Norte,17.0,Media,52.0,,sin validar,179038
9726.0,2025/01/18,coquimbo,Fraude,NORTE,19.0,Alta,62.0,TMP-001,revisar,625585
9727.0,,Salamanca,Violencia,Centro,14.0,Baja,45.0,TMP-002,,225706
9728.0,2025/09/03,monte patria,Violencia,Rural,10.0,,66.0,TMP-001,,139452
9729.0,2025-05-21,ovalle,robo,Rural,2.0,baja,18.0,,revisar,967960
9730.0,10/05/2024,Coquimbo ,Hurto,Sur,,Alta,57.0,TMP-002,revisar,62450
9731.0,10/10/2025,LA SERENA,Accidente,,5.0,,61.0,,revisar,237710
9732.0,,Andacollo,Robo,Norte,13.0,baja,58.0,TMP-002,dato ingresado manualmente,930189
9733.0,Apr-03-2024,ovalle,robo,Norte,15.0,ALTA,68.0,TMP-001,dato ingresado manualmente,735296
9734.0,2025-07-07,Salamanca,Accidente,Norte,4.0,Media,24.0,,dato ingresado manualmente,969393
9735.0,2025-11-03,COQUIMBO,Hurto,NORTE,1.0,baja,31.0,,ok,475466
9736.0,Mar-30-2025,LA SERENA,Fraude,Rural,6.0,Alta,52.0,,sin validar,611859
9737.0,2024-02-13,Illapel,Violencia,NORTE,4.0,Baja,,TMP-002,,56383
9738.0,2024/12/11,La Serena, robo ,Norte,1.0,ALTA,66.0,,,830898
9739.0,,Coquimbo ,, Norte ,7.0,Baja,54.0,,revisar,829003
9740.0,sin fecha,vicuña,Violencia,NORTE,5.0,baja,35.0,TMP-001,,953447
9741.0,2024/03/08,Monte Patria,Accidente,Norte,10.0,baja,16.0,ERROR,,548365
9742.0,06/07/2025,ovalle,robo,Norte,1.0,baja,49.0,ERROR,,158249
9743.0,2024-05-17,Monte Patria,robo,Centro,15.0,Alta,"32,0",TMP-002,ok,481613
9744.0,29/09/2025,La Serena,,Norte,1.0,Baja,34.0,TMP-001,sin validar,798944
9745.0,23/07/2025,andacollo,Violencia,centro,18.0,ALTA,24.0,TMP-002,dato ingresado manualmente,45103
9746.0,07/10/2025,VICUÑA,Violencia,Centro,12.0,,16.0,,revisar,60764
9747.0,,andacollo,Hurto,NORTE,3.0,Alta,17.0,,,988322
9748.0,16/10/2025,ovalle,Accidente,Sur,7.0,Media,20.0,TMP-002,,296225
9749.0,2025/10/04,SALAMANCA,Accidente,Norte,14.0,baja,20.0,TMP-002,ok,233047
9750.0,Aug-22-2024,la serena,robo,NORTE,14.0,Alta,33.0,,dato ingresado manualmente,739530
9751.0,2024/04/28,LA SERENA,robo,Norte,14.0,Alta,16.0,,ok,961049
9752.0,2025/04/27,coquimbo,Accidente,Sur,9.0, ALTA ,45.0,,,65469
9753.0,2024-08-04,Ovalle,robo,Norte,9.0,Media,27.0,TMP-001,sin validar,983622
9754.0,26/06/2024,Illapel,Violencia,,12.0,baja,17.0,TMP-002,sin validar,704792
9755.0,2025-08-16,Andacollo,Robo,Sur,11.0,baja,48.0,TMP-001,sin validar,739788
9756.0,Feb-07-2025,Coquimbo ,Fraude,Norte,1.0,baja,56.0,,revisar,868292
9757.0,2025-04-21,OVALLE,Fraude,Norte,19.0,ALTA,18.0,,,86641
9758.0,Jan-10-2024,Vicuña,robo,Centro,4.0,baja,16.0,,,786763
9759.0,Apr-11-2025,Serena,  ,Norte,5.0,,55.0,TMP-002,,96291
9760.0,Apr-01-2024,ovalle,Fraude,,1.0,,31.0,ERROR,sin validar,239708
9761.0,,monte patria,Violencia,Norte,4.0, baja ,62.0,TMP-001,dato ingresado manualmente,68544
9762.0,Sep-30-2025,Vicuña,,Norte,12.0,,31.0,ERROR,,470789
9763.0,Jul-21-2025,SALAMANCA,Hurto,NORTE,18.0,,52.0,ERROR,sin validar,76512
9764.0,29/01/2024, Monte Patria ,Violencia, centro ,6.0,Baja,51.0,TMP-002,dato ingresado manualmente,384686
9765.0,2025-09-14,Serena,,NORTE,13.0,Baja,24.0,,revisar,387329
9766.0,25/10/2024,Montepatria,Robo,,14.0,,23.0,,ok,804787
9767.0,Jun-14-2025,ovalle,Hurto,Rural,4.0,ALTA,45.0,TMP-002,ok,414090
9768.0,2024-08-13,coquimbo,Robo,Norte,18.0,Alta,69.0,ERROR,ok,624892
9769.0,Dec-08-2024,vicuna,Hurto,Rural,10.0,Baja,66.0,ERROR,,70558
9770.0,2025-08-07,vicuna,robo,Sur,15.0,Baja,57.0,TMP-001,,434001
9771.0,Jul-31-2024,Salamanca,Accidente,Norte,8.0,baja,5.0,TMP-002,revisar,225149
9772.0,2025/08/19,Montepatria,Hurto,NORTE,"19,0",nan,,,,407728
9773.0,07/06/2025,Andacollo,Robo,Centro,18.0,Alta,68.0,,,71008
9774.0,Apr-18-2025,andacollo,Violencia,NORTE,15.0,,31.0,,revisar,552432
9775.0,sin fecha,Coquimbo,Fraude,NORTE,,Baja,19.0,,,548167
9776.0,2024-03-20,illapel,,Rural,8.0,,"42,0",TMP-002,revisar,449475
9777.0,2024/11/19,Ovalle,Hurto,Rural,1.0,Alta,56.0,TMP-002,sin validar,246171
9778.0,2024-03-06,Salamanca, Fraude ,NORTE,3.0,Media,47.0,ERROR,revisar,652757
9779.0,10/04/2025,VICUÑA,robo,,14.0,,,,,61333
9780.0,,Illapel,robo,Rural,6.0,Baja,40.0,,,154084
9781.0,Aug-18-2024,illapel,Accidente,Norte,13.0,Media,5.0,TMP-001,dato ingresado manualmente,756295
9782.0,21/01/2025,COQUIMBO,robo,Rural,11.0,Alta,42.0,,revisar,567773
9783.0,May-09-2025,Andacollo,Fraude,Rural,13.0,baja,58.0,ERROR,,438603
9784.0,2025/10/13,Serena,,Norte,5.0,Media,14.0,ERROR,dato ingresado manualmente,114913
9785.0,01/04/2024,Coquimbo,Violencia,Centro,2.0,alta,,TMP-001,sin validar,856970
9786.0,Sep-15-2025,vicuna,Robo,Norte,18.0,baja,33.0,TMP-002,revisar,169981
9787.0,Oct-09-2024,Serena,ROBO,Centro,6.0,,25.0,TMP-001,sin validar,259056
9788.0,2025/05/24,la serena,Fraude,Centro,2.0,ALTA,56.0,ERROR,dato ingresado manualmente,42211
9789.0,Jul-28-2024,illapel,,sur,13.0,,60.0,TMP-002,sin validar,143811
9790.0,2025-07-24,Illapel,,centro,13.0,,19.0,ERROR,sin validar,769186
9791.0,09/12/2024,La Serena,Hurto,Sur,15.0,baja,56.0,ERROR,dato ingresado manualmente,859301
9792.0,2024/02/04,Montepatria,robo, Rural ,16.0,ALTA,25.0,,,576355
9793.0,,ovalle,robo,NORTE,10.0,ALTA,43.0,,sin validar,894763
9794.0,Mar-29-2024,illapel,Hurto,Centro,11.0,Baja,31.0,TMP-001,,827481
9795.0,sin fecha,SALAMANCA, Hurto ,,13.0,Media,35.0,TMP-002,dato ingresado manualmente,609623
9796.0,22/10/2024,Serena,Hurto,Rural,3.0,Alta,66.0,ERROR,ok,923293
9797.0,sin fecha,ovalle,Fraude, Sur ,7.0,,64.0,,dato ingresado manualmente,127014
9798.0,2024-10-22,vicuna,Hurto,Norte,19.0,Media,45.0,TMP-002,dato ingresado manualmente,324088
9799.0,,coquimbo,,,4.0,baja,40.0,ERROR,revisar,305356
9800.0,,Coquimbo,,Sur,16.0,baja,63.0,TMP-001,,169964
9801.0,2025-02-22,OVALLE,Violencia,Norte,10.0,baja,41.0,TMP-002,sin validar,645969
9802.0,21/11/2025,SALAMANCA,fraude,NORTE,12.0,Alta,67.0,,,597179
9803.0,2024/11/20,vicuna,Violencia,Rural,"15,0",ALTA,15.0,ERROR,,408111
9804.0,2024/08/20,SALAMANCA,Violencia,,"19,0",ALTA,39.0,,sin validar,8064
9805.0,2024/03/04,Andacollo,Fraude,centro,18.0,ALTA,48.0,TMP-002,ok,681649
9806.0,2024/07/30,Ovalle,,,11.0,Media,18.0,TMP-002,dato ingresado manualmente,725562
9807.0,May-27-2024,Illapel,Robo,NORTE,5.0, nan ,19.0,TMP-001,sin validar,691557
9808.0,sin fecha,COQUIMBO,Violencia,Norte,17.0,ALTA,17.0,,,95708
9809.0,Jun-28-2025,illapel,Accidente,Sur,5.0,ALTA,66.0,TMP-001,ok,334783
,2024/04/03,vicuna,Fraude,,9.0,Alta,29.0,,dato ingresado manualmente,341729
9811.0,Dec-24-2024,illapel,Accidente,Sur,14.0,Alta,26.0,,sin validar,279271
9812.0,02/12/2025,Coquimbo,,Norte,13.0,Alta,34.0,ERROR,dato ingresado manualmente,328108
9813.0,2025/08/25,Coquimbo ,robo,Norte,5.0,Alta,,TMP-002,dato ingresado manualmente,377365
9814.0,11/11/2025,vicuna,Violencia,NORTE,17.0,Media,46.0,,sin validar,517122
9815.0,21/02/2024,Coquimbo ,Hurto,,14.0,ALTA,31.0,TMP-001,sin validar,433010
9816.0,,Montepatria,robo,centro,10.0,Media,48.0,TMP-001,sin validar,151571
9817.0,17/08/2024,OVALLE,robo,Centro,11.0,Alta,31.0,TMP-001,revisar,275357
9818.0,2024-12-17,VICUÑA,Violencia,,9.0,,34.0,ERROR,revisar,474076
9819.0,2024/10/14,ovalle,Violencia,Norte,10.0,,20.0,,sin validar,919731
9820.0,Feb-03-2024,Vicuña,Fraude,Sur,"13,0",Alta,31.0,,revisar,23098
9821.0,2025/04/11,MONTEPATRIA,Accidente,Norte,10.0,alta,51.0,,sin validar,690847
9822.0,sin fecha,monte patria,Fraude,Sur,16.0,baja,52.0,ERROR,revisar,713103
9823.0,Aug-24-2024,la serena,,RURAL,9.0,ALTA,19.0,TMP-002,,855527
9824.0,30/08/2025,Ovalle,robo,Norte,7.0,Media,61.0,ERROR,revisar,270509
9825.0,Sep-10-2024,Ovalle,,Centro,3.0,,65.0,TMP-001,revisar,359462
9826.0,Jun-09-2024,Andacollo,,Norte,13.0,Baja,68.0,ERROR,,643886
9827.0,Sep-01-2024,andacollo,Fraude,NORTE,11.0,,65.0,TMP-002,revisar,358694
9828.0,2024/05/24,illapel,Fraude,centro,13.0,ALTA,42.0,,,801753
9829.0,,COQUIMBO,Violencia,Sur,7.0,Alta,64.0,ERROR,dato ingresado manualmente,241155
9830.0,2024/10/31,LaSerena,robo,,12.0,Media,48.0,TMP-001,ok,195297
9831.0,2025/05/17,la serena,,Sur,19.0,ALTA,66.0,,sin validar,467376
9832.0,2024-07-20,Vicuña,,Norte,12.0,baja,29.0,TMP-002,revisar,229666
9833.0,30/05/2025,ANDACOLLO,,,3.0,ALTA,64.0,TMP-001,revisar,394219
9834.0,2025/10/29,Coquimbo,Robo,Rural,19.0,Alta,44.0,TMP-002,ok,681399
9835.0,2024/07/15,Serena,,Norte,16.0,Media,34.0,TMP-001,ok,842171
9836.0,2025-04-24, OVALLE ,Fraude,Centro,1.0,,65.0,,,809277
9837.0,Jul-11-2025,Monte Patria,Accidente,Sur,18.0,Media,65.0,TMP-002,ok,297229
9838.0,sin fecha,La Serena,Fraude,Norte,2.0,,47.0,,ok,46045
9839.0,2024-02-10,la serena,Accidente,Rural,12.0,,20.0,ERROR,sin validar,975310
9840.0,sin fecha,La Serena,,Rural,11.0,Media,48.0,ERROR,,480019
9841.0,Dec-01-2024,monte patria,Hurto,Sur,5.0,Baja,54.0,TMP-001,sin validar,498612
9842.0,2024/08/26,VICUÑA,,NORTE,15.0,baja,43.0,,,667085
9843.0,2025-07-24,LA SERENA,,,4.0,ALTA,14.0,,,208104
9844.0,,Illapel,Robo,Norte,6.0,Media,53.0,TMP-002,,795319
9845.0,sin fecha,Andacollo,Fraude,centro,16.0,baja,25.0,TMP-001,ok,107098
9846.0,31/03/2024,Montepatria,Accidente,centro,16.0,Baja,44.0,TMP-002,revisar,292998
9847.0,2025-03-07,Illapel,Hurto,Centro,4.0,Baja,66.0,TMP-001,dato ingresado manualmente,85281
9848.0,Jun-03-2024,Monte Patria,Accidente,,2.0,,23.0,TMP-002,ok,163518
9849.0,2025-06-17,vicuna,robo,Rural,3.0,baja,37.0,,revisar,54293
9850.0,2024/06/23,La Serena,Violencia,Norte,18.0,Baja,68.0,TMP-002,,892852
9851.0,sin fecha,La Serena,robo,Norte,1.0,,40.0,TMP-002,dato ingresado manualmente,747544
9852.0,sin fecha,Coquimbo,Accidente,centro,12.0,baja,,,ok,27029
9853.0,11/06/2025,Illapel,robo,SUR,10.0,,60.0,ERROR,,878272
9854.0,2025-04-01,vicuna,Violencia,,8.0,,45.0,,ok,344736
9855.0,Sep-30-2024,Andacollo,robo,NORTE,15.0,Alta,36.0,ERROR,sin validar,991740
9856.0,Aug-12-2025,Montepatria,Accidente,,3.0,Baja,"48,0",TMP-001,revisar,977825
9857.0,Aug-16-2025,LaSerena,robo,,10.0,,68.0,,,810000
9858.0,Jan-22-2024,OVALLE,Violencia,centro,19.0,baja,25.0,TMP-001,,299226
9859.0,16/06/2024,andacollo,Accidente,Rural,14.0,Media,39.0,ERROR,ok,884773
9860.0,2025/02/24,Serena,Violencia,centro,11.0,baja,40.0,,dato ingresado manualmente,372812
9861.0,,OVALLE,Hurto,Rural,19.0, Media ,51.0,,,421468
9862.0,25/03/2024,Salamanca,robo,Centro,14.0,Alta,30.0,TMP-002,sin validar,507293
9863.0,2024/01/28,Illapel,Accidente,NORTE,7.0,Alta,69.0,,dato ingresado manualmente,392946
9864.0,sin fecha,la serena,Hurto,NORTE,17.0,Media,"63,0",ERROR,sin validar,761473
9865.0,2024/03/02,Montepatria,ACCIDENTE,Norte,14.0,,21.0,TMP-002,revisar,463241
9866.0,2024-03-19,illapel,,centro,2.0,baja,39.0,TMP-002,dato ingresado manualmente,985349
9867.0,2025/10/22,ovalle,Violencia,Norte,0.0,Baja,44.0,,sin validar,425138
9868.0,Sep-28-2025,Serena,Hurto,Centro,8.0,Media,62.0,,,200814
9869.0,13/07/2024,andacollo,Fraude,Rural,6.0,Alta,25.0,,ok,15728
9870.0,Aug-01-2025,monte patria,Hurto,Rural,17.0,,63.0,,,491943
9871.0,2025-01-14,Coquimbo,Hurto,Sur,5.0,,31.0,,revisar,322361
9872.0,18/03/2025,Illapel,Violencia,Sur,"19,0",,34.0,TMP-002,dato ingresado manualmente,187511
9873.0,Jan-14-2024,la serena,Hurto,Sur,5.0,baja,130.0,,ok,760250
9874.0,2024-08-31,SALAMANCA,Accidente,centro,7.0,Alta,"37,0",ERROR,ok,697552
9875.0,Jan-03-2024,Ovalle,Fraude,Sur,16.0,BAJA,17.0,TMP-002,,212264
9876.0,17/07/2024,OVALLE,Fraude,,5.0,,38.0,,,578606
9877.0,sin fecha,ANDACOLLO,robo,Sur,13.0,,46.0,TMP-001,revisar,469330
9878.0,Jun-15-2024,vicuna,Robo,Sur,1.0,ALTA,46.0,,ok,304040
9879.0,,illapel,,Centro,16.0,ALTA,68.0,,sin validar,974451
9880.0,02/08/2025,andacollo,,Sur,10.0,baja,14.0,,revisar,377500
9881.0,2025-12-26,Vicuña,Hurto,centro,8.0,Media,33.0,,ok,787610
9882.0,22/01/2025,Salamanca,nan,Centro,2.0,,64.0,,sin validar,745664
9883.0,03/07/2024,La Serena,Violencia,Rural,6.0,Media,25.0,ERROR,sin validar,377413
9884.0,2024/04/19,SALAMANCA,robo,Centro,19.0,alta,16.0,ERROR,revisar,858183
9885.0,2024-07-12,OVALLE,,NORTE,16.0,MEDIA,43.0,TMP-001,revisar,768034
9886.0,13/03/2025,ovalle,Violencia,centro,,Baja,35.0,ERROR,sin validar,846663
9887.0,Dec-27-2025,Coquimbo,Hurto,Centro,1.0,Alta,23.0,,dato ingresado manualmente,168084
9888.0,sin fecha,vicuna,,Centro,13.0,Baja,49.0,TMP-002,sin validar,686192
9889.0,sin fecha,LA SERENA,Hurto,Norte,3.0,Baja,30.0,,revisar,504744
9890.0,,monte patria,Robo,NORTE,19.0,Alta,15.0,TMP-001,revisar,629572
9891.0,29/05/2024,andacollo,,Sur,19.0,Baja,31.0,,ok,480873
9892.0,Feb-22-2024,illapel,robo,Sur,18.0,Alta,63.0,TMP-001,ok,951039
,02/08/2024,Ovalle,Fraude,Sur,,Baja,30.0,TMP-002,revisar,123818
9894.0,2024-04-24,VICUÑA,Accidente,Norte,15.0,,35.0,TMP-001,revisar,979509
9895.0,2024/06/25,SALAMANCA,Hurto,Norte,2.0,baja,49.0,TMP-002,ok,359352
9896.0,,OVALLE,Robo,Norte,13.0,,35.0,TMP-001,dato ingresado manualmente,910819
9897.0,,Coquimbo, robo ,,7.0,Baja,57.0,TMP-001,ok,615502
9898.0,sin fecha,Monte Patria,,centro,10.0,baja,18.0,TMP-002,,834875
9899.0,Jan-26-2024,Monte Patria,Violencia,Sur,6.0,,68.0,,,13428
9900.0,2024/07/02,Vicuña,,Rural,4.0,,38.0,ERROR,,596746
9901.0,2024-02-08,Illapel,Robo,NORTE,13.0,Alta,33.0,TMP-001,dato ingresado manualmente,755200
9902.0,03/06/2025,Serena,Accidente,,3.0,baja,"48,0",,dato ingresado manualmente,590172
9903.0,Dec-29-2024,Serena,Robo,Centro,1.0,baja,15.0,TMP-001,ok,366083
9904.0,16/04/2025,Andacollo,Accidente,Norte,10.0,Media,33.0,,,915054
9905.0,,coquimbo,Robo,NORTE,17.0,ALTA,44.0,TMP-002,sin validar,292963
9906.0,2025-03-17,Vicuña,Fraude,Centro,11.0,Baja,21.0,,revisar,80314
9907.0,2025/07/12,Salamanca,Violencia,centro,15.0,Alta,33.0,,,162804
9908.0,,Andacollo,Violencia,Rural,6.0,,42.0,TMP-001,ok,87983
9909.0,14/12/2024,vicuna,,Sur,10.0,Alta,55.0,TMP-001,,801100
9910.0,2024/06/01,andacollo,robo,Centro,10.0,Media,63.0,TMP-002,,727193
9911.0,2024-07-18,ovalle,robo,,15.0,Media,"61,0",TMP-001,,54315
9912.0,2025-11-25,Serena,Violencia,NORTE,13.0,baja,59.0,,ok,977672
9913.0,08/04/2025,Monte Patria,Robo,,16.0,Baja,37.0,TMP-002,revisar,824778
9914.0,Aug-22-2025,LaSerena,ACCIDENTE,centro,500.0,ALTA,54.0,,,633035
9915.0,2025/04/27,Ovalle,hurto,NORTE,13.0,Baja,,TMP-001,dato ingresado manualmente,677341
9916.0,2024-11-24,LA SERENA,Robo,Centro,3.0,,65.0,,sin validar,507730
9917.0,2025-03-15,LaSerena,Robo,centro,6.0,ALTA,57.0,,ok,932322
9918.0,2024/09/25,LA SERENA,Fraude,centro,1.0,ALTA,57.0,TMP-002,,773620
9919.0,,ovalle,,,9.0,Baja,31.0,ERROR,sin validar,836682
9920.0,2024/05/18,Ovalle,robo,,10.0,Baja,"37,0",ERROR,,941289
9921.0,2025/10/21,coquimbo,Violencia,  ,1.0,MEDIA,,,revisar,743951
9922.0,,ovalle,Robo,NORTE,19.0,Media,68.0,,revisar,504247
9923.0,,Illapel,Fraude,Centro,19.0,Alta,33.0,,ok,792135
9924.0,2024/03/26,coquimbo,,Sur,5.0,baja,57.0,,dato ingresado manualmente,328841
9925.0,Apr-30-2025,Salamanca,Fraude,Sur,14.0,,53.0,TMP-002,,114180
9926.0,19/05/2025,Montepatria,robo,Centro,14.0,Alta,24.0,TMP-001,sin validar,823908
9927.0,11/11/2025,Montepatria,Fraude,Norte,6.0,Media,31.0,,revisar,865404
9928.0,Feb-06-2024,la serena,Violencia,Centro,16.0,Alta,"61,0",ERROR,,986794
9929.0,2025-05-12,Vicuña,robo,,6.0,Alta,16.0,,,173784
9930.0,2024/04/13,COQUIMBO,Robo,centro,,ALTA,46.0,TMP-002,,951681
9931.0,sin fecha,Serena,robo,centro,"6,0",,19.0,TMP-001,,205422
9932.0,2025-09-21,Serena,Accidente,Sur,1.0,,26.0,TMP-001,,558395
9933.0,2025-04-25,OVALLE,Hurto,centro,12.0,baja,15.0,ERROR,revisar,55588
9934.0,2025/07/21,Illapel,Violencia,,12.0,Media,25.0,TMP-001,,983777
9935.0,2024/06/21,ovalle,Violencia,centro,16.0,Baja,39.0,,ok,90547
9936.0,24/11/2024,Andacollo,robo,Centro,10.0,Alta,31.0,TMP-001,ok,694526
9937.0,2025-11-04,Andacollo,Accidente,,3.0,Alta,66.0,TMP-002,ok,826723
9938.0,2024/07/21,Coquimbo ,robo,Sur,7.0,alta,"20,0",ERROR,ok,67836
9939.0,,LaSerena,Robo,Centro,17.0,,59.0,ERROR,,553546
9940.0,,la serena,Violencia,Norte,18.0,baja,23.0,TMP-001,dato ingresado manualmente,720385
9941.0,27/10/2025,Coquimbo ,Fraude,Sur,3.0,Media,25.0,TMP-001,,674403
9942.0,09/04/2024,illapel,Robo,,4.0,ALTA,59.0,ERROR,sin validar,471529
9943.0,2025-01-31,illapel,,,7.0,Alta,57.0,TMP-002,,3653
9944.0,Oct-19-2024,SALAMANCA,robo,Rural,16.0,Baja,27.0,,dato ingresado manualmente,378268
9945.0,Oct-04-2025,LA SERENA,,Rural,14.0,Baja,37.0,TMP-002,,883710
9946.0,08/01/2025,Salamanca,,NORTE,18.0,baja,58.0,TMP-001,,180423
9947.0,2024-08-31, VICUÑA ,Violencia,centro,19.0,ALTA,30.0,ERROR,ok,553991
9948.0,14/07/2025,Coquimbo,,Rural,2.0,Alta,14.0,TMP-002,,73008
9949.0,2025/06/30,Ovalle,Accidente,Rural,19.0,baja,34.0,,dato ingresado manualmente,815785
9950.0,10/07/2025,Vicuña,Hurto,Centro,3.0,,47.0,ERROR,,170156
9951.0,,la serena,robo,centro,8.0,Media,68.0,,ok,82054
9952.0,2024-04-06,Monte Patria,Violencia,Rural,,baja,"39,0",ERROR,,717812
9953.0,28/09/2025,LaSerena, Hurto ,Sur,7.0,ALTA,59.0,ERROR,,745219
9954.0,sin fecha,COQUIMBO,Hurto,Norte,8.0,baja,46.0,,revisar,700082
9955.0,2024-05-15,andacollo,Fraude,,10.0,Media,57.0,,ok,721235
9956.0,2024/08/05,COQUIMBO,Fraude,Sur,8.0,baja,56.0,,sin validar,772542
9957.0,23/11/2025,Montepatria,Robo,Norte,7.0,Alta,46.0,TMP-002,,516207
9958.0,2024-04-19,vicuna,Hurto,,10.0,Alta,19.0,,,789054
9959.0,2025-08-27,LaSerena,robo,Rural,18.0,Alta,31.0,ERROR,sin validar,496186
9960.0,31/05/2024,Vicuña,Accidente,Rural,4.0,,"62,0",,dato ingresado manualmente,518010
9961.0,2025-12-17,VICUÑA,robo,Rural,12.0,,27.0,,ok,982999
9962.0,,LaSerena,Robo,NORTE,2.0,baja,37.0,TMP-002,,200957
9963.0,03/11/2025,ANDACOLLO,,Norte,13.0,Media,"50,0",,ok,664179
9964.0,2024-05-03,la serena,robo,Norte,16.0,baja,"68,0",TMP-002,dato ingresado manualmente,817356
9965.0,Jul-07-2024,Andacollo,Fraude,centro,13.0,Baja,28.0,TMP-002,,608573
9966.0,27/08/2024,Coquimbo ,Violencia,Sur,11.0,,21.0,TMP-002,ok,153258
9967.0,2025-04-18,VICUÑA,Accidente,,16.0,Media,35.0,,dato ingresado manualmente,339474
9968.0,Apr-22-2025,Ovalle,Fraude,centro,,baja,64.0,TMP-002,dato ingresado manualmente,827665
9969.0,,VICUÑA,,centro,18.0,Alta,"51,0",ERROR,revisar,191732
9970.0,2024/11/06,VICUÑA,Hurto,NORTE,10.0,baja,52.0,,sin validar,414108
9971.0,26/05/2025,LaSerena,Accidente,NORTE,13.0,ALTA,19.0,ERROR,,545278
9972.0,2025/06/12,Salamanca,Accidente,Norte,8.0,BAJA,,,ok,627684
9973.0,08/02/2025,illapel,Fraude,,5.0,ALTA,41.0,ERROR,dato ingresado manualmente,855184
9974.0,2024/02/16,la serena,violencia,Norte,17.0,,58.0,,,306317
9975.0,,Coquimbo,Robo,Sur,8.0,Media,55.0,,ok,796498
9976.0,,ovalle,ACCIDENTE,NORTE,3.0,baja,27.0,TMP-002,ok,780500
9977.0,11/12/2025,SALAMANCA,Hurto,Centro,, Media ,44.0,TMP-002,revisar,403300
9978.0,2024-04-04,COQUIMBO,,Centro,4.0,,23.0,TMP-001,sin validar,945530
9979.0,2024/05/11,OVALLE,Fraude,NORTE,17.0,ALTA,30.0,,dato ingresado manualmente,368552
9980.0,07/11/2024,Coquimbo ,Robo,NORTE,1.0,ALTA,68.0,ERROR,,581481
9981.0,2024/10/26,Vicuña,,Sur,,,41.0,,,440235
9982.0,,Andacollo,Robo,,,,52.0,ERROR,ok,642878
9983.0,Oct-07-2024, monte patria ,Hurto,Sur,12.0,baja,"36,0",,ok,689459
9984.0,2025-10-27,Coquimbo,,Rural,14.0,Media,45.0,,,248496
9985.0,01/10/2024,Coquimbo,robo,sur,"16,0",Baja,57.0,TMP-002,sin validar,313936
9986.0,Aug-29-2024,vicuna,Robo,Norte,16.0,,22.0,ERROR,revisar,66280
9987.0,Mar-22-2025,SALAMANCA,robo,NORTE,15.0,Alta,36.0,ERROR,sin validar,511521
9988.0,06/08/2025,SALAMANCA,robo,centro,7.0,baja,63.0,TMP-001,sin validar,924647
9989.0,2025-02-19,vicuna,Robo,Centro,2.0,Media,31.0,,dato ingresado manualmente,645097
9990.0,19/02/2024,LaSerena,Fraude,NORTE,9.0,Alta,66.0,ERROR,revisar,588208
9991.0,May-11-2024,Monte Patria,Violencia,NORTE,10.0,Media,15.0,TMP-001,,984447
9992.0,2025-12-20,ovalle,,Norte,18.0,Baja,55.0,TMP-001,dato ingresado manualmente,510987
9993.0,21/09/2024,Coquimbo,,Rural,14.0,Baja,20.0,,revisar,722340
9994.0,sin fecha,vicuna,,Sur,8.0,ALTA,20.0,,sin validar,239197
9995.0,2024-06-15,illapel,Accidente,NORTE,19.0,ALTA,63.0,ERROR,,187521
9996.0,2024-02-27,Montepatria,Fraude,Rural,1.0, Baja ,54.0,TMP-001,,663708
9997.0,,Coquimbo,Robo,CENTRO,nan,Baja,21.0,TMP-001,sin validar,80457
9998.0,2025-04-20,OVALLE,Fraude,CENTRO,13.0,Baja,38.0,TMP-002,revisar,430902
9999.0,Feb-14-2024,Vicuña,,Rural,19.0,Media,51.0,TMP-001,ok,238054
10000.0,Jun-02-2025,Ovalle,,Norte,18.0,ALTA,,,,684789
10001.0,Oct-02-2025,COQUIMBO,,Sur,12.0,ALTA,60.0,ERROR,dato ingresado manualmente,234450
10002.0,2025/08/27,COQUIMBO,Fraude,Sur,5.0,Alta,,TMP-002,ok,4112
10003.0,2024/09/13,Montepatria,Violencia,Norte,2.0,Baja,20.0,ERROR,sin validar,447232
10004.0,Jan-27-2024,monte patria,robo,,18.0,ALTA,22.0,TMP-002,,739998
10005.0,Sep-15-2024,LA SERENA,Robo,Norte,14.0,,18.0,ERROR,sin validar,94724
10006.0,2025/08/16,Coquimbo,Violencia,Centro,5.0,,,,,989094
10007.0,14/05/2024,COQUIMBO,,Rural,2.0,Baja,31.0,,ok,187844
10008.0,,Montepatria,Hurto,Norte,16.0,Baja,67.0,,,24912
10009.0,,monte patria,robo,NORTE,3.0,ALTA,68.0,,revisar,194401
10010.0,Aug-01-2025,illapel,robo,Norte,3.0,baja,34.0,TMP-001,ok,364948
10011.0,,Coquimbo ,Robo,SUR,4.0,Alta,27.0,,dato ingresado manualmente,170664
10012.0,2024/10/16,COQUIMBO,robo,Sur,8.0,Baja,,,sin validar,876878
10013.0,24/04/2024,monte patria,Robo,Centro,4.0,Alta,23.0,,,782487
10014.0,,la serena,Hurto,Norte,5.0,baja,53.0,,revisar,900721
10015.0,2025/03/17,SALAMANCA,,NORTE,12.0,baja,31.0,ERROR,,726198
10016.0,2024-09-26,Illapel,Robo,centro,15.0,ALTA,54.0,,,89070
10017.0,,illapel,Fraude,Rural,4.0,baja,58.0,TMP-002,sin validar,63215
10018.0,sin fecha,ovalle,Hurto,Centro,1.0,baja,26.0,TMP-002,,679414
10019.0,2024-10-28,illapel,Accidente,Centro,2.0,ALTA,28.0,ERROR,sin validar,38702
10020.0,20/11/2025, LaSerena ,Robo,Rural,9.0,Baja,-1.0,TMP-001,dato ingresado manualmente,282133
10021.0,,monte patria,,Rural,7.0,Alta,23.0,,sin validar,61274
10022.0,Jun-24-2024,La Serena,Accidente,Centro,9.0,,58.0,TMP-002,,441581
10023.0,2025/03/26,Andacollo,Accidente,centro,19.0,Baja,20.0,TMP-001,dato ingresado manualmente,615549
10024.0,29/09/2024,Andacollo,Accidente,Sur,4.0,,48.0,,ok,25535
10025.0,2024-12-19,Serena,Accidente,Rural,10.0,Alta,35.0,,sin validar,240056
10026.0,2025/11/26,VICUÑA,Accidente,Norte,19.0,,50.0,,revisar,445615
10027.0,2025-02-06,Salamanca,ROBO,,18.0,Media,"39,0",TMP-002,dato ingresado manualmente,858321
10028.0,Feb-03-2025,COQUIMBO ,Fraude, Centro ,11.0,ALTA,35.0,ERROR,dato ingresado manualmente,174507
10029.0,2025-05-30,Illapel,Robo,Sur,19.0,ALTA,48.0,,,267931
10030.0,Nov-17-2024,Montepatria,Robo,NORTE,11.0,  ,65.0,TMP-002,ok,526554
10031.0,03/01/2024,Montepatria,Robo,Centro,8.0,Baja,64.0,TMP-002,sin validar,532233
10032.0,Aug-15-2024,Salamanca,Robo,centro,14.0,,30.0,,ok,722706
10033.0,Aug-02-2025,SALAMANCA,Hurto,centro,2.0,Alta,34.0,,sin validar,859979
10034.0,2024/06/20,Serena,,Sur,18.0,Alta,62.0,ERROR,sin validar,21638
10035.0,2025-05-20,coquimbo,,,"10,0",Baja,22.0,,,665637
10036.0,2024/10/11,COQUIMBO,Hurto,Rural,10.0,Baja,40.0,,ok,741378
10037.0,Sep-09-2024,OVALLE,Violencia,Centro,14.0,Baja,48.0,ERROR,ok,205958
10038.0,2024-12-22,VICUÑA,,Rural,4.0,Media,21.0,TMP-001,dato ingresado manualmente,772945
10039.0,Jul-03-2024,Serena,Accidente,Centro,"5,0",Baja,42.0,,,415932
10040.0,2025-11-02,Montepatria,,rural,1.0,,54.0,ERROR,sin validar,575159
,2025-05-29,COQUIMBO,Violencia,,1.0,Baja,61.0,,dato ingresado manualmente,403234
10042.0,19/03/2024,Vicuña,Violencia,centro,5.0,baja,51.0,,sin validar,77273
10043.0,,coquimbo,fraude,Rural,15.0,ALTA,62.0,TMP-001,ok,381987
10044.0,,Ovalle,Hurto,Norte,6.0,,49.0,,,374987
10045.0,sin fecha,Andacollo,Hurto,Sur,3.0,Alta,18.0,ERROR,,282434
10046.0,25/05/2024,OVALLE,Hurto,Norte,5.0,baja,49.0,TMP-001,revisar,853069
10047.0,Jan-27-2025,Serena,,Norte,3.0,Baja,19.0,,,605703
10048.0,,Monte Patria,Accidente,centro,7.0,,68.0,TMP-001,sin validar,973176
10049.0,Feb-11-2024,la serena,robo,Centro,5.0,,39.0,TMP-001,ok,171351
10050.0,sin fecha,Ovalle,Violencia,CENTRO,11.0,Alta,61.0,,,961405
10051.0,2025-03-01,Coquimbo ,Accidente,Rural,14.0,ALTA,19.0,TMP-002,revisar,44428
10052.0,2025-11-17,la serena,Accidente,centro,10.0,alta,20.0,TMP-001,dato ingresado manualmente,214662
10053.0,21/12/2024,OVALLE,Violencia,NORTE,nan,,51.0,,sin validar,671220
10054.0,25/06/2024,VICUNA,Accidente,Rural,"16,0",ALTA,20.0,,,470688
10055.0,,vicuna,Robo,Rural,1.0,baja,41.0,TMP-001,,583799
10056.0,2025-05-26,COQUIMBO,robo,Rural,15.0,ALTA,43.0,,sin validar,245951
10057.0,2025-12-15,vicuna,Robo,NORTE,6.0,Alta,34.0,TMP-002,sin validar,282921
10058.0,11/07/2025,coquimbo,Accidente,Rural,10.0,,31.0,ERROR,sin validar,682006
10059.0,May-07-2025,la serena,Accidente,NORTE,12.0,Alta,"15,0",TMP-001,,659326
10060.0,Jul-21-2025,Coquimbo ,,centro,6.0,ALTA,15.0,ERROR,ok,249024
10061.0,2025-02-20,ovalle, Accidente ,Norte,6.0,baja,37.0,,ok,324254
10062.0,Mar-21-2024,Illapel,Robo,norte,4.0,Media,30.0,,ok,936826
10063.0,,OVALLE,Robo,Rural,3.0,Baja,40.0,,,89056
10064.0,07/05/2025,COQUIMBO,robo,Norte,11.0,ALTA,53.0,,sin validar,424808
10065.0,sin fecha,SALAMANCA,Accidente,NORTE,13.0,ALTA,-1.0,TMP-001,,357118
10066.0,2024-03-19,LaSerena, Accidente ,,1.0,media,"16,0",TMP-002,ok,421198
10067.0,2024/06/02,coquimbo,Fraude,NORTE,6.0,Baja,29.0,,sin validar,133952
10068.0,sin fecha,LA SERENA,Accidente,Rural,7.0,Baja,41.0,TMP-001,ok,461879
10069.0,2025-07-19,LaSerena,Fraude,Centro,2.0,Media,45.0,ERROR,,748004
10070.0,2024/05/06,Coquimbo ,Fraude,,18.0,ALTA,46.0,,sin validar,326349
10071.0,27/11/2024,Andacollo,Fraude,Sur,5.0,Media,55.0,ERROR,,891703
10072.0,2025-03-06,Serena,,centro,12.0,ALTA,31.0,ERROR,ok,774523
10073.0,2024/01/22,OVALLE,robo,centro,3.0,ALTA,53.0,,ok,465193
10074.0,Aug-20-2024,Andacollo,Violencia,NORTE,1.0,ALTA,39.0,ERROR,revisar,380230
10075.0,2025/06/04,OVALLE,Robo,Rural,8.0,baja,52.0,TMP-001,,259606
10076.0,,Montepatria,robo, Centro ,"1,0",Baja,"49,0",,revisar,619998
10077.0,,Monte Patria,Fraude,centro,18.0,Baja,29.0,,,166891
10078.0,sin fecha,Salamanca,Fraude,Rural,2.0,Media,57.0,TMP-001,ok,293655
10079.0,2025-10-16,Monte Patria,Accidente,Centro,9.0,Baja,21.0,TMP-001,revisar,260821
10080.0,2025-07-02,Vicuña,  ,,8.0,Alta,39.0,TMP-002,dato ingresado manualmente,479813
10081.0,Oct-23-2024,Ovalle,Violencia,Centro,4.0,Alta,17.0,TMP-001,dato ingresado manualmente,97255
10082.0,May-09-2025,la serena,robo,Centro,3.0,,20.0,ERROR,revisar,756201
10083.0,18/03/2025,Coquimbo,Hurto,Rural,"6,0",ALTA,35.0,,revisar,60472
10084.0,2024/07/23,ovalle,Fraude,Sur,9.0,baja,16.0,TMP-002,ok,743161
10085.0,2024/01/16,SALAMANCA,Robo,NORTE,14.0,,26.0,TMP-001,ok,933418
10086.0,Aug-10-2025,LaSerena,, Rural ,9.0,ALTA,"53,0",ERROR,sin validar,954304
,2024-10-20,monte patria,Accidente,Rural,16.0,baja,28.0,,sin validar,1920
10088.0,2025-09-07,Coquimbo,Violencia,Sur,15.0,Alta,,TMP-002,sin validar,49954
10089.0,Mar-18-2025,Vicuña,Violencia,centro,11.0,Baja,,TMP-002,,867539
10090.0,28/09/2024,Ovalle,robo,centro,14.0,baja,51.0,TMP-001,revisar,408248
10091.0,2024-05-25,ovalle,robo,Rural,15.0,Alta,62.0,TMP-001,sin validar,933702
10092.0,16/11/2025,OVALLE,Accidente,Centro,5.0,baja,23.0,,,86995
10093.0,2024/11/20,andacollo,robo,Sur,4.0,Baja,34.0,,,916392
10094.0,26/01/2024,Coquimbo ,Robo,,2.0,baja,32.0,ERROR,dato ingresado manualmente,853094
10095.0,2024-11-25,VICUÑA,,NORTE,17.0,baja,21.0,TMP-001,sin validar,533939
10096.0,2024-11-18,La Serena,,Sur,3.0,baja,41.0,ERROR,ok,86782
10097.0,2025/08/20,monte patria,Violencia,centro,18.0,Alta,33.0,,,787368
10098.0,2025/02/24,Ovalle,Violencia,Sur,19.0,Media,58.0,TMP-001,,767028
10099.0,2024-05-29,Vicuña,Violencia,Centro,18.0,,63.0,TMP-002,revisar,973149
10100.0,Feb-28-2024,Montepatria,Hurto,,12.0,ALTA,"27,0",TMP-001,,38922
10101.0,Apr-29-2025,Coquimbo,Violencia,Centro,4.0,Baja,52.0,TMP-002,,768600
10102.0,Nov-02-2024,Monte Patria,Violencia,,5.0,,"48,0",,revisar,577361
10103.0,May-13-2025,illapel,Hurto,Centro,1.0,Baja,64.0,ERROR,ok,942112
,,Illapel,Robo,centro,17.0,Baja,54.0,ERROR,sin validar,792490
10105.0,Dec-20-2024,Serena,,Centro,17.0,ALTA,20.0,,ok,457361
10106.0,Jul-18-2024,La Serena,Fraude,RURAL,12.0,Media,51.0,ERROR,,659799
10107.0,2024-11-11,COQUIMBO,Robo,Centro,18.0,Alta,58.0,,dato ingresado manualmente,109458
10108.0,24/12/2025,Coquimbo,Hurto,,"19,0",Alta,17.0,TMP-001,,396907
10109.0,Aug-06-2025,SALAMANCA,Fraude,NORTE,19.0,Baja,39.0,,,954282
10110.0,2024-02-05,ovalle,Fraude,Centro,,,21.0,,,413677
10111.0,2024/02/25,Coquimbo,robo,Norte,"19,0",,,TMP-002,ok,634242
10112.0,02/01/2024,La Serena,Hurto,Sur,"10,0",Media,31.0,,ok,951009
10113.0,2025-10-02,la serena,Accidente,NORTE,19.0,ALTA,59.0,TMP-002,,826828
10114.0,30/07/2025,Monte Patria,Robo,Centro,3.0,Alta,50.0,TMP-001,,874010
10115.0,2025/01/27,ovalle,Violencia,Centro,7.0,baja,67.0,TMP-002,,288349
10116.0,2025/09/01,coquimbo,Violencia,NORTE,10.0,Media,31.0,,dato ingresado manualmente,895878
,2024/10/06,Salamanca,Fraude,,5.0,,20.0,,,91359
10118.0,Jul-17-2024,VICUÑA,Fraude,Centro,9.0,baja,58.0,ERROR,dato ingresado manualmente,401886
10119.0,Jan-12-2025,Monte Patria,robo,NORTE,,nan,29.0,,dato ingresado manualmente,778007
10120.0,2024/09/16,Vicuña,Accidente,centro,9.0,,56.0,,,763394
10121.0,sin fecha,vicuna,Hurto,Centro,11.0,,58.0,,,210577
10122.0,sin fecha,Andacollo,Violencia,,19.0,,24.0,ERROR,dato ingresado manualmente,679798
10123.0,2025-12-12,monte patria,,centro,5.0,ALTA,23.0,,ok,493367
10124.0,Sep-16-2024,LaSerena,Accidente,,13.0,Baja,32.0,TMP-002,revisar,141166
10125.0,Dec-08-2025,illapel,Fraude,Rural,14.0,Alta,68.0,,,793428
10126.0,2024/04/14,Coquimbo,Robo,,5.0,ALTA,48.0,TMP-001,ok,383628
10127.0,Jul-27-2025,VICUÑA,Accidente,Norte,12.0,Media,23.0,,ok,969320
10128.0,19/08/2025,VICUÑA,,Sur,15.0,Baja,19.0,,,962207
10129.0,2025/05/23,Coquimbo,Violencia,Sur,,ALTA,38.0,,,870723
10130.0,2025/06/05,Salamanca,Robo,,11.0,,24.0,,,989456
10131.0,2025/11/01,Vicuña,,NORTE,10.0,ALTA,41.0,TMP-001,dato ingresado manualmente,380095
10132.0,,OVALLE,,Norte,5.0,baja,30.0,,ok,238341
10133.0,,monte patria,Robo,Sur,11.0, Alta ,20.0,ERROR,revisar,124979
10134.0,2024/10/28,ovalle,,centro,18.0,Media,66.0,ERROR,sin validar,826938
10135.0,Nov-01-2025,Montepatria,,centro,11.0,ALTA,47.0,,,213631
10136.0,30/10/2024,Montepatria,Accidente,centro,2.0,Media,37.0,,ok,787246
10137.0,2024-09-28,Serena,Robo,Rural,5.0,Alta,22.0,ERROR,sin validar,631046
10138.0,2024/03/05,illapel,Fraude,,"16,0", ALTA ,33.0,TMP-001,,953254
10139.0,Mar-27-2025,La Serena,,Centro,8.0,,42.0,,revisar,951138
10140.0,sin fecha,La Serena,,Sur,19.0,,55.0,ERROR,dato ingresado manualmente,73839
10141.0,Feb-21-2025,OVALLE,Violencia,Sur,18.0,ALTA,,TMP-001,sin validar,986601
10142.0,25/10/2025,VICUÑA,Fraude,CENTRO,13.0,,50.0,,dato ingresado manualmente,43007
10143.0,Oct-28-2024,monte patria,Fraude,Sur,17.0,ALTA,53.0,TMP-002,sin validar,966887
10144.0,Jan-06-2025,Vicuña,Hurto,centro,3.0,,55.0,TMP-001,sin validar,443261
10145.0,21/04/2024,OVALLE,Accidente,Norte,"15,0",Alta,51.0,ERROR,sin validar,442154
10146.0,2025/07/17,monte patria,,NORTE,13.0,Media,64.0,TMP-001,,969709
10147.0,Mar-14-2025,Vicuña,Accidente,Norte,9.0,Baja,"65,0",,ok,549788
10148.0,,COQUIMBO,Violencia,Centro,3.0,ALTA,57.0,,revisar,648601
10149.0,2025/08/08,Illapel,robo,Centro,1.0,baja,67.0,,revisar,596805
10150.0,2025/07/01,COQUIMBO,robo,centro,16.0,,48.0,,sin validar,304177
10151.0,2025/07/18,coquimbo,Hurto,Norte,2.0,,58.0,TMP-001,revisar,545173
10152.0,sin fecha,VICUÑA,Hurto,Centro,"12,0",Alta,31.0,TMP-001,sin validar,927759
10153.0,,VICUÑA,Violencia,Centro,19.0,ALTA,14.0,,dato ingresado manualmente,424553
10154.0,Nov-10-2024,La Serena,,Rural,4.0,baja,,,ok,950056
10155.0,Oct-09-2025,andacollo,Fraude,NORTE,8.0,ALTA,39.0,,sin validar,696420
10156.0,20/01/2025,LaSerena,Accidente,NORTE,"7,0",Media,51.0,TMP-002,revisar,178085
10157.0,,Monte Patria,Accidente,centro,5.0,ALTA,64.0,ERROR,,332011
10158.0,01/03/2025,Coquimbo,Fraude,centro,6.0,,"55,0",TMP-002,,63584
10159.0,2024-08-08,Coquimbo ,Robo,NORTE,7.0,Media,37.0,,,454225
10160.0,2025-02-14,Monte Patria,robo,Sur,7.0,Alta,34.0,,revisar,557008
10161.0,2025-04-01,SALAMANCA,Robo,Rural,11.0,,41.0,ERROR,revisar,865089
10162.0,2025/05/25,Ovalle,Fraude,centro,14.0,Baja,38.0,ERROR,dato ingresado manualmente,840845
10163.0,Aug-11-2024,Andacollo,Accidente,Rural,17.0,baja,50.0,TMP-001,revisar,596284
10164.0,,Coquimbo ,robo,Rural,17.0,Media,42.0,TMP-001,ok,381566
10165.0,28/02/2025,Coquimbo,robo,Sur,8.0,baja,36.0,TMP-001,,864689
10166.0,Nov-15-2025,COQUIMBO,Fraude,centro,9.0,Media,53.0,TMP-001,,118998
10167.0,2025/10/21,LA SERENA,Hurto,NORTE,8.0,Baja,66.0,TMP-002,dato ingresado manualmente,841930
10168.0,2025-08-04,Coquimbo,Accidente,Norte,12.0,Alta,21.0,,ok,391763
10169.0,,Montepatria,Violencia,NORTE,18.0,baja,36.0,ERROR,,177003
10170.0,Aug-14-2024,LaSerena,Violencia,centro,6.0,Alta,63.0,TMP-001,revisar,141074
10171.0,2025-01-22,LA SERENA,Accidente,NORTE,11.0,Media,18.0,ERROR,,810622
10172.0,,Montepatria,Hurto,centro,2.0,,40.0,TMP-002,dato ingresado manualmente,416893
10173.0,,Serena,,NORTE,17.0,ALTA,48.0,,dato ingresado manualmente,400566
10174.0,Sep-23-2024,Ovalle,,Sur,9.0,,33.0,TMP-002,dato ingresado manualmente,278108
10175.0,14/08/2025,Salamanca,,NORTE,15.0,Baja,51.0,ERROR,ok,896737
10176.0,May-04-2024,SALAMANCA,Robo,,3.0,Baja,"39,0",,,391738
10177.0,2024/02/19,LA SERENA,robo,Centro,4.0,Alta,47.0,,,250328
10178.0,19/07/2024,VICUÑA,Hurto,Rural,14.0,ALTA,26.0,,ok,255890
10179.0,02/04/2024,la serena,,NORTE,,Media,41.0,ERROR,ok,956981
10180.0,2024-09-01,vicuna,Accidente,Sur,7.0,,20.0,,dato ingresado manualmente,736231
10181.0,2024-10-02,Monte Patria,Accidente,NORTE,16.0, Baja ,27.0,,dato ingresado manualmente,125610
10182.0,2025/03/04,Ovalle,Violencia,centro,10.0,Media,15.0,,sin validar,860334
10183.0,11/07/2024,illapel,,Rural,10.0,Alta,42.0,TMP-002,,934567
10184.0,,Ovalle,Violencia,Sur,,ALTA,68.0,ERROR,dato ingresado manualmente,31035
10185.0,2025/07/08,OVALLE,Fraude,,7.0,Media,27.0,TMP-002,,288525
10186.0,sin fecha,vicuna,,Sur,17.0,Media,64.0,TMP-002,,115662
10187.0,,Serena,,NORTE,13.0,baja,24.0,TMP-002,ok,82975
10188.0,16/05/2025,Vicuña,robo,NORTE,16.0,baja,48.0,TMP-001,revisar,857052
,2025/09/05,vicuna,Robo,Norte,18.0,Baja,20.0,,revisar,126461
10190.0,2024-10-17,Ovalle,,centro,2.0,Media,33.0,TMP-002,dato ingresado manualmente,552110
10191.0,2025/07/27,ovalle,,centro,4.0,baja,"43,0",TMP-002,dato ingresado manualmente,219247
10192.0,sin fecha,Andacollo,Robo,Centro,12.0,ALTA,55.0,,,691449
10193.0,2024/08/08,illapel,,Rural,3.0,ALTA,44.0,ERROR,,633317
10194.0,2025/03/20,OVALLE,Violencia,Rural,"10,0",baja,15.0,,,483778
10195.0,01/06/2025,Serena,,Norte,1.0,Baja,23.0,TMP-001,revisar,86544
10196.0,2024/11/16,Illapel,Hurto,Centro,16.0,baja,38.0,,,803052
10197.0,2024-11-15,Vicuña,Accidente,centro,12.0,ALTA,26.0,TMP-001,dato ingresado manualmente,584276
10198.0,,Illapel,,Centro,500.0,Alta,67.0,ERROR,,328017
10199.0,sin fecha,La Serena,Robo,,5.0,Baja,28.0,TMP-001,dato ingresado manualmente,954678
10200.0,26/11/2024,Salamanca,Accidente,NORTE,2.0,Baja,"53,0",,,416695
10201.0,18/01/2024,OVALLE,Hurto,,7.0,Baja,32.0,TMP-002,,472019
10202.0,2025-08-06,OVALLE,,CENTRO,5.0,alta,53.0,ERROR,ok,556903
10203.0,2025-01-03,Coquimbo ,,Norte,10.0,baja,51.0,TMP-001,,752059
10204.0,2024-08-09,Andacollo,,centro,4.0,Alta,19.0,TMP-002,sin validar,394804
10205.0,2024/02/28,LaSerena,Accidente,Centro,8.0,Baja,68.0,TMP-002,dato ingresado manualmente,592250
10206.0,2025-02-06,OVALLE,Fraude,Norte,8.0,Alta,49.0,,revisar,644742
10207.0,2024/05/14,montepatria,Robo,NORTE,3.0,Media,68.0,ERROR,revisar,632215
10208.0,Jan-05-2025,Coquimbo,Hurto,Sur,10.0,Media,39.0,,sin validar,548185
10209.0,2025-04-01,Serena,Fraude,centro,14.0,,48.0,ERROR,revisar,997630
10210.0,2024/04/28, COQUIMBO ,Hurto,Norte,5.0,Media,42.0,TMP-002,revisar,87950
10211.0,2025-01-08, la serena ,Robo,centro,13.0,ALTA,19.0,ERROR,sin validar,10686
10212.0,2024-07-20,ovalle,Robo,Norte,17.0,Baja,58.0,TMP-001,ok,556559
10213.0,Apr-07-2025,LA SERENA,Accidente, centro ,9.0,,54.0,TMP-002,revisar,621082
10214.0,2024/01/12,COQUIMBO,,,"10,0",Baja,46.0,TMP-002,revisar,748748
10215.0,2024-02-28,Salamanca,Accidente,centro,18.0,BAJA,33.0,,ok,980607
10216.0,2025-10-16,COQUIMBO,Fraude,NORTE,18.0,baja,46.0,,sin validar,198637
10217.0,2025/12/27,andacollo,Robo,centro,16.0,baja,34.0,,,986813
10218.0,sin fecha,illapel,Violencia,NORTE,18.0,Media,21.0,,dato ingresado manualmente,96940
10219.0,2025-09-06,Coquimbo,Fraude,Centro,16.0,Alta,51.0,TMP-002,dato ingresado manualmente,273307
10220.0,2025-01-15, illapel ,Robo,Rural,2.0,baja,33.0,ERROR,revisar,197733
10221.0,sin fecha,monte patria,Hurto,centro,6.0,,41.0,ERROR,ok,572233
10222.0,,Monte Patria,robo,Centro,1.0,baja,38.0,TMP-002,sin validar,254770
10223.0,2025/11/06,SALAMANCA,Hurto,Centro,2.0,Media,20.0,ERROR,revisar,441861
,2025-01-28,Vicuña,Violencia,NORTE,19.0,,48.0,,dato ingresado manualmente,857289
10225.0,02/08/2024,OVALLE,Robo,CENTRO,13.0,Baja,30.0,,revisar,780791
10226.0,2025/12/11,Coquimbo,Hurto,Centro,12.0,Media,67.0,TMP-002,revisar,467800
10227.0,2024/04/28,La Serena,Violencia,Norte,3.0,Media,23.0,ERROR,ok,587230
10228.0,2024-10-23,Coquimbo, robo ,Centro,"11,0",baja,32.0,TMP-001,revisar,476114
10229.0,2025-01-08,Vicuña,robo,Centro,4.0,baja,48.0,ERROR,ok,963982
10230.0,2025-11-05,Salamanca,,Sur,11.0,ALTA,46.0,,revisar,484361
10231.0,05/07/2025,Coquimbo,Fraude,Sur,5.0,Baja,24.0,,ok,577783
10232.0,Jan-04-2025,Salamanca,,NORTE,12.0,baja,,TMP-002,sin validar,852371
10233.0,09/07/2024,La Serena,Accidente,centro,19.0,,15.0,TMP-002,dato ingresado manualmente,325137
10234.0,07/01/2024,Vicuña,robo,Centro,11.0,,69.0,TMP-001,,680457
10235.0,2024/05/28,andacollo,Accidente,Norte,18.0,ALTA,69.0,,sin validar,750941
10236.0,,Illapel,Fraude,Centro,7.0,,31.0,,,851324
10237.0,25/10/2024,Montepatria,Accidente,Sur,15.0,Media,26.0,TMP-002,,403107
10238.0,2024-03-27,Ovalle,Accidente,Centro,4.0,ALTA,"18,0",ERROR,ok,263223
10239.0,May-21-2025,COQUIMBO, robo ,centro,15.0,baja,62.0,,sin validar,539414
10240.0,15/01/2025,Vicuña,nan,Sur,6.0,,50.0,TMP-002,,559064
10241.0,Oct-08-2024,la serena,Violencia,centro,4.0,ALTA,15.0,,dato ingresado manualmente,349180
10242.0,,Vicuña, Hurto ,,"11,0",Media,51.0,,ok,150017
10243.0,2025-08-03,illapel,Violencia,Rural,18.0,Media,23.0,TMP-001,sin validar,932289
10244.0,12/01/2025,VICUÑA,Accidente,Sur,,baja,52.0,,sin validar,905249
10245.0,2024-10-30,vicuna,,NORTE,16.0,Alta,24.0,,sin validar,366870
10246.0,12/01/2024,LA SERENA,Robo,Norte,8.0,,41.0,TMP-002,dato ingresado manualmente,187811
10247.0,,vicuna,Hurto,centro,2.0,ALTA,45.0,TMP-001,sin validar,180963
10248.0,Mar-03-2024,Montepatria,Robo,Sur,14.0,Baja,26.0,TMP-001,sin validar,450075
10249.0,19/08/2025,Monte Patria,robo,Centro,10.0,Baja,23.0,,,179069
10250.0,Sep-29-2024,andacollo,Fraude,Centro,"19,0",Media,24.0,TMP-002,,758893
10251.0,Jun-17-2024,Serena,Hurto,,19.0,,59.0,,revisar,775693
10252.0,2025/04/14,Salamanca,Hurto,Norte,7.0,,22.0,,ok,272563
10253.0,2025-12-21,monte patria,Accidente,Sur,7.0,Baja,27.0,,dato ingresado manualmente,638183
10254.0,08/11/2025,Illapel,robo,,5.0,Media,45.0,TMP-001,ok,838429
10255.0,02/04/2024,ovalle,,,4.0,,60.0,,ok,144636
10256.0,sin fecha,Montepatria,,Rural,16.0,Alta,24.0,,dato ingresado manualmente,38594
10257.0,2025/08/17,COQUIMBO,Accidente,CENTRO,,,62.0,,ok,648106
10258.0,2025-08-17,SALAMANCA,robo,Rural,,Baja,30.0,TMP-001,sin validar,105387
10259.0,25/01/2025,LaSerena,Hurto,Sur,7.0,,43.0,,dato ingresado manualmente,630665
,03/10/2025,COQUIMBO,Robo,,17.0,ALTA,30.0,,sin validar,720377
10261.0,2024-09-01,monte patria,Robo,Centro,16.0,Alta,35.0,TMP-001,sin validar,311779
,Jun-10-2024,illapel,Violencia,Centro,5.0,baja,17.0,,,794003
10263.0,2025-11-23,andacollo,Fraude,NORTE,7.0,Baja,19.0,,,768548
10264.0,25/01/2024,ovalle,robo,NORTE,8.0,baja,66.0,ERROR,dato ingresado manualmente,511754
,,Illapel,Accidente,NORTE,9.0,baja,50.0,ERROR,,453441
10266.0,2025/02/15, Andacollo ,robo,Centro,6.0,ALTA,16.0,TMP-001,,694130
10267.0,,andacollo,robo,NORTE,7.0,,47.0,TMP-002,dato ingresado manualmente,889084
10268.0,Apr-08-2025, ovalle ,robo,Sur,15.0,Baja,39.0,ERROR,revisar,43708
10269.0,2024/12/11,ovalle,Fraude,Centro,3.0,Baja,36.0,TMP-001,dato ingresado manualmente,299907
10270.0,25/06/2025,monte patria,Robo,,2.0,Baja,-1.0,TMP-002,,269070
10271.0,2025-07-17,illapel,HURTO,Sur,1.0,ALTA,56.0,,sin validar,874353
10272.0,2025/06/19,Illapel,Robo,NORTE,10.0,Alta,33.0,ERROR,ok,188681
10273.0,2024/01/21,COQUIMBO,Hurto,Rural,17.0,,46.0,TMP-001,ok,358249
10274.0,2024-12-19,VICUÑA,Robo,Sur,12.0,baja,30.0,TMP-001,,373094
10275.0,Dec-06-2025,COQUIMBO,,Sur,2.0,,58.0,,ok,199347
10276.0,18/01/2024,Illapel,Hurto,Rural,7.0,baja,26.0,TMP-002,,782446
10277.0,2024/02/10,Andacollo,Fraude,Norte,3.0,ALTA,28.0,TMP-001,revisar,595203
10278.0,Dec-02-2025,LaSerena,Hurto,centro,10.0,Baja,55.0,ERROR,sin validar,436272
10279.0,Jul-07-2024,Vicuña,Fraude,,17.0,,"27,0",TMP-002,,50129
10280.0,31/08/2025,Coquimbo,Robo,Centro,15.0,Media,57.0,TMP-001,ok,613562
10281.0,04/03/2024,LaSerena,  ,centro,1.0,Media,23.0,,dato ingresado manualmente,948487
10282.0,,coquimbo,Robo,Norte,18.0,Media,19.0,TMP-002,sin validar,796326
10283.0,,Monte Patria,,Sur,6.0,Alta,,TMP-002,ok,403861
10284.0,May-22-2025,Montepatria,Robo,Rural,17.0,Alta,48.0,TMP-001,ok,432365
10285.0,Dec-09-2025,SALAMANCA,Hurto,Centro,11.0,ALTA,47.0,,,924893
10286.0,30/08/2025,Monte Patria,Fraude,Rural,17.0,baja,17.0,,,548020
,2024-07-24,Coquimbo ,Accidente,NORTE,9.0,ALTA,17.0,TMP-002,,529915
10288.0,2025-01-22,Serena,Violencia,NORTE,"3,0",,18.0,ERROR,,328179
10289.0,2025/05/21,LA SERENA,,Rural,3.0,Media,55.0,,,435973
10290.0,,illapel,Violencia,Centro,1.0,ALTA,39.0,TMP-001,,196841
10291.0,2024/08/25,Coquimbo ,Hurto,NORTE,18.0,Alta,34.0,,dato ingresado manualmente,569886
,24/08/2025,LA SERENA,Accidente,,6.0,Alta,66.0,TMP-002,,714180
10293.0,01/05/2024,OVALLE,Fraude,Rural,3.0,Media,66.0,,sin validar,575998
10294.0,,ovalle,robo,NORTE,"7,0",Baja,44.0,,ok,513580
10295.0,Aug-24-2024,VICUÑA,,NORTE,3.0,ALTA,65.0,TMP-002,revisar,266117
10296.0,2025/05/11,Coquimbo ,,Sur,17.0,Alta,30.0,,,385802
10297.0,2024/11/04,Andacollo,Violencia,NORTE,13.0,ALTA,28.0,TMP-002,revisar,500379
10298.0,sin fecha,Montepatria,Violencia,Rural,5.0,Baja,41.0,TMP-001,,282422
10299.0,07/12/2024,ILLAPEL,Violencia,NORTE,18.0,Media,44.0,,revisar,508443
10300.0,2025-01-02,Ovalle,Accidente,NORTE,16.0,Baja,45.0,,dato ingresado manualmente,226462
10301.0,29/07/2025,COQUIMBO,robo,centro,2.0,baja,43.0,TMP-001,ok,633811
10302.0,2025/07/16,OVALLE,robo,centro,19.0,MEDIA,22.0,ERROR,,361313
10303.0,2024/01/19,Monte Patria,Hurto,,14.0,Alta,"48,0",,sin validar,578887
10304.0,16/02/2024,COQUIMBO,,Rural,10.0,ALTA,60.0,TMP-001,,193396
10305.0,2025-04-07,coquimbo,robo,NORTE,3.0,Baja,39.0,,ok,124129
10306.0,22/01/2024,COQUIMBO,robo,Rural,6.0,ALTA,62.0,,sin validar,691487
10307.0,2025-08-02,Serena,Violencia,Norte,4.0,Media,66.0,TMP-001,ok,34109
10308.0,,La Serena,Accidente,NORTE,4.0,baja,41.0,,dato ingresado manualmente,557752
10309.0,,ovalle,Hurto,Sur,8.0,baja,21.0,TMP-001,dato ingresado manualmente,830976
10310.0,23/07/2025,coquimbo,Accidente,Centro,"19,0",Media,29.0,,ok,928924
10311.0,2024-12-08,VICUÑA,Violencia,Norte,19.0,Baja,22.0,ERROR,sin validar,737585
10312.0,May-20-2025,Coquimbo,Violencia,Sur,16.0,Baja,34.0,TMP-001,,859149
10313.0,,Serena,Accidente,Norte,18.0,Media,56.0,,sin validar,204538
10314.0,2025-05-07,Coquimbo,Robo,,3.0,,31.0,ERROR,dato ingresado manualmente,9080
10315.0,02/03/2024,Ovalle,Violencia,centro,17.0,Alta,18.0,,sin validar,940741
10316.0,14/09/2024,Serena,Hurto,Rural,17.0,,53.0,TMP-001,sin validar,238736
10317.0,2024-10-10,Montepatria,,Sur,3.0,Alta,52.0,TMP-001,dato ingresado manualmente,155140
10318.0,2024-04-26,ovalle,ROBO,Rural,5.0,,45.0,,,597114
10319.0,Oct-25-2024,COQUIMBO,Hurto,Centro,2.0,baja,49.0,,dato ingresado manualmente,111270
10320.0,2024-07-25,La Serena,Hurto,Norte,17.0,baja,22.0,,dato ingresado manualmente,712636
,2024-09-29,Serena,Violencia,Sur,16.0,baja,64.0,,,857320
10322.0,Jun-15-2025,SALAMANCA,Accidente,Sur,9.0,Alta,60.0,,,449288
10323.0,22/03/2025,COQUIMBO,Fraude,Sur,16.0,Baja,37.0,ERROR,revisar,461873
10324.0,2025-09-29,VICUÑA,Violencia,Rural,14.0,,54.0,ERROR,,525483
10325.0,2024/02/22,Andacollo,Fraude,NORTE,,,68.0,,,297918
10326.0,13/12/2025,Coquimbo,robo,NORTE,15.0,ALTA,58.0,TMP-002,sin validar,961322
10327.0,2024/05/28,Coquimbo,Accidente,Rural,13.0,baja,50.0,TMP-001,,718894
10328.0,Mar-13-2024,LA SERENA,robo, NORTE ,17.0, ALTA ,47.0,TMP-001,,581396
10329.0,Apr-22-2024,OVALLE,HURTO,centro,5.0,,36.0,,sin validar,212831
10330.0,2025-08-04,Monte Patria,Violencia,,15.0,baja,56.0,,dato ingresado manualmente,955427
10331.0,Jan-10-2025,COQUIMBO, robo ,Centro,15.0,,58.0,ERROR,dato ingresado manualmente,486315
10332.0,,Vicuña,robo,Rural,2.0,Baja,44.0,ERROR,,738126
10333.0,2024/09/10,la serena,FRAUDE,Centro,4.0,Media,60.0,TMP-002,,481762
10334.0,15/06/2025,coquimbo,Violencia,Sur,12.0,,47.0,ERROR,dato ingresado manualmente,747848
10335.0,2025/02/08,ovalle,Fraude,Centro,17.0,Alta,25.0,TMP-001,revisar,339051
10336.0,Jun-19-2025,vicuña,Fraude,Centro,5.0,ALTA,45.0,TMP-002,ok,471925
10337.0,2024-04-12,COQUIMBO,,Norte,9.0,Baja,58.0,,revisar,217415
10338.0,13/05/2025,Coquimbo ,Fraude,Sur,10.0,Baja,40.0,TMP-001,revisar,506918
10339.0,Sep-12-2025,COQUIMBO,Fraude,Sur,18.0,ALTA,69.0,TMP-001,dato ingresado manualmente,837638
10340.0,2025/05/29,coquimbo,Violencia,centro,12.0,ALTA,39.0,TMP-001,revisar,878815
10341.0,2025/04/17,ovalle,Robo,Rural,5.0,Baja,63.0,ERROR,,712217
10342.0,23/01/2024,LA SERENA,,NORTE,14.0,,67.0,ERROR,sin validar,509196
10343.0,2025-10-27,monte patria,Robo,Sur,17.0,,14.0,TMP-001,revisar,148106
10344.0,11/11/2024,Salamanca,Accidente,centro,16.0,Alta,56.0,,ok,405472
10345.0,sin fecha,Andacollo,Accidente,Rural,15.0,Baja,66.0,ERROR,dato ingresado manualmente,68519
10346.0,2025-06-09,Vicuña,robo,NORTE,2.0,,48.0,TMP-002,,27259
10347.0,05/10/2025,Coquimbo ,Violencia,Sur,18.0, ALTA ,,,ok,628617
10348.0,22/07/2025,Salamanca,Accidente,Norte,19.0,Media,24.0,,sin validar,48495
10349.0,2025-08-14,OVALLE,Fraude,Centro,,,45.0,,,399067
,03/01/2024,La Serena,Violencia,Sur,8.0,ALTA,43.0,TMP-001,sin validar,350471
10351.0,2025-12-17,vicuna,Robo,Rural,,ALTA,26.0,,,130458
10352.0,2025/12/11,coquimbo,Hurto,Rural,11.0,Alta,50.0,TMP-002,ok,730711
10353.0,,LaSerena,robo,Norte,18.0,ALTA,32.0,TMP-002,ok,153822
10354.0,2025-01-20,Salamanca,robo,centro,2.0,baja,55.0,,dato ingresado manualmente,737260
10355.0,,Vicuña,Accidente,Rural,,,18.0,TMP-002,dato ingresado manualmente,642520
10356.0,2024/04/22,Andacollo,Robo,Sur,9.0,Alta,42.0,,dato ingresado manualmente,81696
10357.0,Mar-19-2025,Monte Patria,Fraude,NORTE,10.0,Baja,"15,0",,,946364
10358.0,, COQUIMBO ,robo,Centro,15.0,baja,22.0,TMP-002,,329368
10359.0,2025/12/10,coquimbo,,Centro,12.0,Baja,23.0,,,404990
,03/08/2024,Illapel,Robo,Norte,2.0,Alta,15.0,TMP-002,sin validar,367334
10361.0,2024/01/22,andacollo,Accidente,Centro,14.0,,58.0,TMP-002,ok,997930
10362.0,2025-11-14,COQUIMBO,,Rural,,Media,"48,0",TMP-002,revisar,638319
10363.0,Oct-10-2024,la serena,Robo,Rural,9.0,baja,37.0,ERROR,dato ingresado manualmente,410498
10364.0,,Coquimbo ,,centro,5.0,Baja,21.0,,dato ingresado manualmente,305433
10365.0,21/04/2025,Andacollo,Fraude,NORTE,2.0,Alta,45.0,ERROR,ok,934491
10366.0,2025/10/20,Coquimbo,,,16.0,Baja,59.0,,dato ingresado manualmente,2466
10367.0,Apr-16-2025,vicuna,robo,Centro,2.0,,,TMP-002,,557941
10368.0,04/06/2024,LaSerena,Accidente,centro,8.0, Baja ,23.0,,ok,551389
10369.0,Sep-12-2025,ovalle,,centro,15.0,,31.0,,,743984
10370.0,2025-08-17,monte patria,Accidente,Norte,13.0,,66.0,TMP-002,ok,552119
10371.0,2024-05-14,Coquimbo ,robo,centro,15.0,Alta,16.0,,ok,719892
10372.0,2024/09/04,Monte Patria,robo,centro,"19,0",Media,43.0,ERROR,,440270
10373.0,Jun-03-2025,VICUNA,Hurto,Centro,19.0,Alta,18.0,TMP-002,revisar,360214
10374.0,2024-02-17,vicuna,Hurto,Centro,"16,0",,37.0,,,215844
10375.0,2025-07-01,la serena,Robo,,19.0,Media,31.0,,,925687
10376.0,2024-08-11,Coquimbo ,Hurto,Rural,7.0,Media,19.0,,dato ingresado manualmente,189118
10377.0,2024-02-22,monte patria,Violencia,Norte,4.0,,28.0,,,233770
10378.0,28/12/2024,Serena,Fraude,,4.0,Alta,66.0,,,640436
10379.0,12/06/2024,la serena,Accidente,Centro,9.0,Baja,41.0,,,424836
10380.0,2024-06-20,Illapel,,centro,7.0,ALTA,50.0,TMP-002,sin validar,169948
10381.0,28/12/2024,ovalle,Robo,Sur,17.0,Alta,29.0,TMP-002,revisar,779544
10382.0,2024/08/05,La Serena,Violencia,NORTE,1.0,ALTA,18.0,TMP-002,sin validar,886812
10383.0,2025-02-03,andacollo,Violencia,Sur,4.0,Alta,130.0,,,681034
10384.0,sin fecha,Serena,,Centro,8.0,Media,65.0,ERROR,,809432
10385.0,Jul-19-2024,coquimbo,,Centro,,baja,40.0,,,324849
10386.0,2024/08/08,Salamanca,,Centro,14.0,,15.0,,ok,37200
10387.0,2024/08/15,Vicuña,Robo,Norte,17.0,baja,53.0,ERROR,dato ingresado manualmente,189577
10388.0,07/11/2025,OVALLE, Accidente ,Norte,8.0,Media,43.0,TMP-001,sin validar,470026
10389.0,Jan-17-2024,LaSerena, Fraude ,Sur,17.0,Media,65.0,TMP-002,,204814
10390.0,2024-01-20,LA SERENA,robo,NORTE,"6,0",ALTA,61.0,ERROR,ok,125342
10391.0,,andacollo,Fraude,Norte,2.0,baja,130.0,TMP-002,,597827
10392.0,2024-04-12,vicuna,Fraude,NORTE,16.0,Baja,34.0,TMP-002,ok,274231
10393.0,2025-05-25,andacollo,Fraude,Norte,4.0,ALTA,28.0,TMP-001,sin validar,277858
10394.0,2024-06-11,ovalle,robo,Centro,14.0,Media,69.0,,sin validar,576144
10395.0,2025-07-02,illapel,robo,Rural,13.0,Baja,58.0,,dato ingresado manualmente,404887
10396.0,Oct-23-2024,LaSerena,,centro,16.0,Alta,46.0,ERROR,ok,339723
10397.0,20/04/2025,SALAMANCA,,NORTE,11.0,ALTA,23.0,ERROR,,707062
10398.0,2025/08/02,LaSerena,,Rural,"7,0",Alta,56.0,TMP-001,sin validar,426757
10399.0,27/06/2024,VICUÑA,robo,centro,3.0,Media,15.0,TMP-001,ok,930942
10400.0,2025-07-18,Coquimbo,Robo,Sur,15.0,  ,27.0,ERROR,,52657
10401.0,23/07/2025,SALAMANCA,Robo,centro,"12,0",Baja,52.0,,,113794
10402.0,,Coquimbo,Hurto,Rural,3.0,Media,29.0,TMP-001,dato ingresado manualmente,376217
10403.0,,Salamanca,Fraude,Centro,13.0,Media,20.0,TMP-002,,767661
,,ovalle,Hurto,centro,4.0,Media,14.0,,,552382
10405.0,2024/12/24,la serena,Hurto,Centro,11.0,,,,ok,180827
10406.0,sin fecha,coquimbo,,,,ALTA,41.0,ERROR,,986014
10407.0,sin fecha,COQUIMBO,,,"18,0",Alta,27.0,TMP-001,sin validar,433051
10408.0,,LaSerena,Violencia,Centro,12.0,Alta,56.0,,sin validar,243538
10409.0,19/09/2025,Montepatria,Violencia,centro,8.0,,48.0,,dato ingresado manualmente,708928
10410.0,24/07/2025,Andacollo,Violencia,Centro,2.0,Alta,"64,0",ERROR,,8233
10411.0,sin fecha,LA SERENA,hurto, Rural ,13.0,,49.0,TMP-001,ok,165276
10412.0,2024-12-02,Montepatria,robo,centro,2.0,Baja,69.0,TMP-002,,613941
10413.0,,coquimbo,Fraude,centro,8.0,,18.0,TMP-001,,305466
10414.0,sin fecha,LaSerena,Fraude,Sur,5.0,ALTA,50.0,ERROR,revisar,636614
10415.0,Apr-26-2024,Coquimbo,Violencia,Sur,4.0,Alta,42.0,ERROR,ok,809091
10416.0,Dec-24-2024,Serena,robo,,16.0,ALTA,25.0,,,570532
10417.0,08/07/2024,MONTE PATRIA,Accidente,centro,3.0,Media,38.0,,dato ingresado manualmente,656626
10418.0,2024/08/12,Coquimbo,Fraude,centro,19.0,baja,57.0,ERROR,dato ingresado manualmente,461508
10419.0,25/04/2025,la serena,Accidente,,18.0,,46.0,ERROR,sin validar,476743
10420.0,,SALAMANCA,Robo,,18.0,baja,17.0,TMP-001,dato ingresado manualmente,678025
10421.0,2024-04-30,Serena,robo,Rural,500.0,ALTA,52.0,,,220257
10422.0,2024/02/01,ovalle,Accidente,,"8,0",ALTA,69.0,,dato ingresado manualmente,241128
10423.0,,LA SERENA,Robo,NORTE,13.0,Alta,61.0,,revisar,855871
10424.0,,illapel,Fraude,centro,,,21.0,ERROR,ok,127195
10425.0,12/09/2024,ovalle,robo,Rural,5.0,ALTA,66.0,,ok,3963
10426.0,2024/03/08,monte patria,Robo,NORTE,7.0,ALTA,22.0,TMP-002,,616771
10427.0,sin fecha,COQUIMBO,robo,NORTE,15.0,Alta,68.0,ERROR,,716261
10428.0,Dec-19-2025,monte patria,Fraude,Norte,8.0,baja,14.0,,ok,842057
10429.0,17/09/2025,VICUÑA, nan ,Sur,11.0,Baja,59.0,TMP-001,sin validar,121354
10430.0,2025-02-02,ovalle,Accidente,NORTE,,ALTA,48.0,TMP-002,ok,851832
10431.0,Jul-03-2024,salamanca,Hurto,NORTE,16.0,baja,64.0,TMP-001,dato ingresado manualmente,738359
10432.0,Apr-24-2025,monte patria,Hurto,Sur,11.0,,24.0,ERROR,,475398
10433.0,2024/04/06,VICUÑA,Robo,NORTE,5.0,baja,68.0,TMP-002,ok,647907
10434.0,Sep-20-2024,Illapel,,Rural,10.0,,57.0,TMP-002,revisar,797320
10435.0,Jul-21-2024,Montepatria,Fraude,Sur,11.0,Alta,50.0,,,654530
10436.0,2025/12/03,Serena,Robo,Rural,,ALTA,14.0,,,784965
10437.0,2024-04-29,monte patria,Fraude,,9.0,Alta,63.0,,revisar,492716
,31/03/2025,Vicuña,,NORTE,14.0,Baja,54.0,,,573040
10439.0,, andacollo ,Hurto,centro,1.0,,59.0,TMP-002,dato ingresado manualmente,489173
10440.0,,Serena,Violencia,Norte,2.0,Alta,23.0,,ok,410234
10441.0,2025-01-20,illapel,hurto,centro,7.0,Alta,64.0,TMP-002,ok,825607
10442.0,2024-09-15,Coquimbo ,,Centro,12.0,ALTA,54.0,TMP-002,sin validar,391479
10443.0,sin fecha,LaSerena,, Rural ,17.0,Media,45.0,,,697556
10444.0,2024/05/12,SALAMANCA,Robo,Centro,7.0,ALTA,59.0,TMP-001,sin validar,491470
10445.0,,monte patria,,,10.0,Alta,26.0,,ok,986055
10446.0,sin fecha,Coquimbo ,robo,centro,9.0,Alta,53.0,ERROR,,850232
10447.0,sin fecha,SALAMANCA,Accidente,,7.0,Alta,43.0,ERROR,sin validar,864956
10448.0,21/04/2025,Vicuña,Fraude,Norte,6.0,Alta,42.0,,dato ingresado manualmente,841567
10449.0,2025/01/25,illapel,FRAUDE,Rural,14.0,,15.0,,sin validar,473299
10450.0,Dec-23-2024,Ovalle,robo,centro,"2,0",,29.0,ERROR,revisar,406351
10451.0,2025-03-25,La Serena,Hurto,Norte,18.0,Baja,"-1,0",TMP-001,ok,984249
10452.0,17/01/2025, Serena ,,,10.0,ALTA,54.0,,sin validar,992007
10453.0,30/09/2025,LA SERENA,Fraude,NORTE,1.0,Alta,,,dato ingresado manualmente,352978
10454.0,Jan-21-2024,Vicuña,robo,Sur,6.0,Alta,41.0,TMP-002,dato ingresado manualmente,818435
10455.0,2024/08/02,Illapel,accidente,centro,16.0,baja,14.0,TMP-002,,113448
10456.0,,Ovalle,,Norte,9.0,Alta,63.0,,,652043
10457.0,Jan-14-2024,Monte Patria,robo,,14.0,,47.0,TMP-001,,818130
10458.0,,andacollo,Fraude,NORTE,5.0,Alta,66.0,ERROR,dato ingresado manualmente,883436
10459.0,2024/02/17,OVALLE,,centro,"8,0",Media,21.0,ERROR,sin validar,425710
10460.0,sin fecha,illapel,robo,NORTE,17.0,,20.0,TMP-001,sin validar,591023
10461.0,Jan-12-2025,Andacollo,robo,Rural,"2,0",ALTA,64.0,TMP-001,sin validar,548863
10462.0,25/03/2024,illapel,Accidente,Rural,17.0,Media,18.0,,dato ingresado manualmente,366308
10463.0,2025/07/26,LA SERENA,,Rural,,Media,54.0,TMP-001,dato ingresado manualmente,679103
10464.0,2024-06-13,monte patria,Fraude,centro,10.0,baja,60.0,,,764185
10465.0,2025-01-21,Andacollo,Fraude,,4.0,Media,21.0,,,130144
10466.0,2024/07/23,SALAMANCA,,,8.0,ALTA,64.0,ERROR,,969011
10467.0,Oct-05-2024,coquimbo,Violencia,Norte,8.0,ALTA,23.0,,,455149
10468.0,2024-10-23,COQUIMBO,,,16.0,Media,57.0,,revisar,668281
10469.0,Mar-23-2025,ANDACOLLO,Hurto,Sur,8.0,ALTA,15.0,TMP-002,,256445
10470.0,Jan-05-2025,Salamanca,Accidente,centro,19.0,,69.0,TMP-001,ok,810783
10471.0,2024/01/24,OVALLE,Fraude,Centro,17.0,Alta,14.0,TMP-001,,105120
10472.0,Nov-13-2025,Serena,Robo,NORTE,19.0,ALTA,14.0,,ok,669291
10473.0,2024/10/11,illapel,Accidente,Rural,8.0,  ,26.0,ERROR,,556082
10474.0,Sep-30-2024,vicuna,Fraude,Rural,14.0,Media,23.0,TMP-001,revisar,869980
10475.0,Oct-04-2024,Salamanca,Fraude,centro,19.0,Media,39.0,,dato ingresado manualmente,868309
10476.0,,La Serena,,Norte,7.0,,66.0,ERROR,,253992
10477.0,11/05/2025,coquimbo,Accidente,,1.0,ALTA,"33,0",TMP-002,,338900
10478.0,03/06/2024,andacollo,Accidente,Sur,18.0,,,,dato ingresado manualmente,100697
10479.0,Nov-14-2025,illapel,Violencia,NORTE,8.0,,"16,0",ERROR,sin validar,549053
10480.0,Sep-02-2024,la serena,robo,Sur,7.0,baja,56.0,,revisar,957727
10481.0,sin fecha,LaSerena,robo,centro,16.0,Media,42.0,TMP-001,,746889
10482.0,2024/12/12,Monte Patria,,Sur,12.0,Media,17.0,TMP-001,dato ingresado manualmente,455689
10483.0,Apr-02-2024,Serena,Hurto,Sur,,,27.0,TMP-001,dato ingresado manualmente,23213
10484.0,01/06/2024,VICUÑA,robo,centro,"11,0",baja,,,sin validar,42882
10485.0,Jul-01-2025,VICUÑA,Fraude,NORTE,,Media,43.0,TMP-001,dato ingresado manualmente,584360
10486.0,Mar-10-2025,Monte Patria,Violencia,Rural,19.0,ALTA,30.0,TMP-002,dato ingresado manualmente,162520
10487.0,18/09/2024,Ovalle,,centro,"6,0",Baja,31.0,,dato ingresado manualmente,230604
10488.0,2025-09-27,COQUIMBO,,Centro,17.0,,44.0,TMP-002,ok,793694
10489.0,sin fecha,OVALLE,robo,Rural,11.0,baja,28.0,TMP-002,revisar,284474
10490.0,sin fecha,LaSerena,Accidente,RURAL,10.0,Media,55.0,ERROR,,420080
10491.0,,Illapel,Accidente,Sur,14.0,ALTA,52.0,,,206023
10492.0,2024-02-29,la serena,Hurto,Rural,15.0,baja,56.0,,dato ingresado manualmente,669871
10493.0,Sep-22-2024,Serena,Robo,Rural,18.0,baja,24.0,TMP-002,,383405
10494.0,Dec-27-2025,la serena,Hurto,Sur,16.0,ALTA,43.0,,revisar,818378
10495.0,2024-06-29,Serena,Accidente, Rural ,13.0,Alta,62.0,ERROR,sin validar,876625
10496.0,2024/03/27, Andacollo ,Fraude,NORTE,11.0,,57.0,,ok,334361
10497.0,Feb-24-2025,Vicuña,, Centro ,9.0,ALTA,,ERROR,,364971
10498.0,08/11/2024,LA SERENA,Accidente,Norte,12.0,ALTA,39.0,,dato ingresado manualmente,286929
10499.0,sin fecha,VICUÑA,Violencia, NORTE ,2.0,baja,26.0,TMP-001,,736095
10500.0,Aug-25-2024,Illapel,Fraude,centro,5.0, Media ,63.0,,sin validar,11200
,2024-09-18,Monte Patria,Robo,Centro,2.0,ALTA,19.0,,sin validar,187837
10502.0,Nov-17-2024, Salamanca ,, Sur ,19.0,Media,60.0,ERROR,sin validar,304915
,2024-01-19,OVALLE,Violencia,Norte,16.0,Baja,5.0,TMP-002,ok,560305
10504.0,02/08/2025,Montepatria,robo,centro,2.0, Media ,"31,0",TMP-002,,116526
10505.0,2025/12/21,OVALLE,robo,,3.0,,46.0,,sin validar,715428
10506.0,Dec-18-2024,OVALLE,Fraude, Rural ,8.0,ALTA,25.0,,,790279
10507.0,2024-08-15,OVALLE,Hurto,NORTE,12.0,,"29,0",,sin validar,199678
10508.0,,Serena,Robo,,19.0,Media,"27,0",,revisar,348000
10509.0,17/08/2025,LaSerena,robo,Centro,10.0,Alta,48.0,ERROR,,649338
10510.0,sin fecha,La Serena,Hurto,,4.0,baja,42.0,TMP-002,ok,790151
10511.0,Dec-05-2025,Montepatria,Fraude,centro,9.0,,18.0,,,672966
10512.0,sin fecha,ovalle,Robo,NORTE,,ALTA,16.0,ERROR,,553873
10513.0,02/01/2025,la serena,Violencia,Norte,19.0, ALTA ,29.0,TMP-002,revisar,363575
10514.0,2025/10/11,OVALLE,Robo,Centro,12.0,,38.0,,revisar,722884
10515.0,,Montepatria,,Centro,10.0,,32.0,ERROR,,416206
10516.0,sin fecha,la serena,Fraude,,6.0,baja,51.0,TMP-002,dato ingresado manualmente,978791
10517.0,sin fecha,Vicuña,Violencia,NORTE,7.0,Baja,46.0,TMP-001,ok,854548
10518.0,17/04/2024,VICUÑA,Robo,,7.0,Media,41.0,,sin validar,274662
10519.0,,VICUÑA,robo,NORTE,8.0,Alta,23.0,,dato ingresado manualmente,420325
10520.0,Jun-27-2025, ovalle ,Accidente,Norte,18.0,ALTA,61.0,TMP-001,,428930
10521.0,2024-05-27,LaSerena,Violencia,NORTE,15.0,baja,28.0,TMP-001,sin validar,128416
10522.0,2025/11/01,VICUÑA,,,7.0,baja,60.0,TMP-002,,480004
10523.0,2025/05/17,LA SERENA,Robo,Rural,12.0,Media,35.0,TMP-001,revisar,80842
10524.0,2024/01/05,la serena,Fraude,centro,14.0,Baja,,,,644579
10525.0,,Ovalle,Hurto,,11.0,,49.0,TMP-001,,120209
10526.0,2024-02-15,Illapel, Accidente ,centro,19.0,,49.0,,ok,352869
10527.0,25/06/2024,Andacollo,,Rural,1.0,,43.0,,dato ingresado manualmente,914732
10528.0,sin fecha,VICUÑA,robo,Rural,2.0,Alta,50.0,TMP-002,,511077
10529.0,sin fecha,Illapel,Robo,Centro,14.0,baja,66.0,,sin validar,245227
10530.0,Mar-07-2024,Coquimbo,robo,Rural,6.0,baja,18.0,,dato ingresado manualmente,358338
10531.0,2024/06/28,andacollo,,centro,11.0,baja,50.0,,sin validar,27557
10532.0,Jul-18-2025,Montepatria,Violencia,centro,10.0,ALTA,20.0,ERROR,sin validar,534005
10533.0,2025/06/07,vicuna,Robo,NORTE,13.0,Baja,51.0,TMP-002,dato ingresado manualmente,395149
10534.0,,andacollo,Violencia, Norte ,12.0,,36.0,,dato ingresado manualmente,862094
10535.0,23/12/2024,Salamanca,Robo,centro,18.0,baja,53.0,ERROR,dato ingresado manualmente,543734
10536.0,Nov-21-2024,LaSerena,Fraude,NORTE,500.0,ALTA,44.0,TMP-001,ok,38355
10537.0,, Andacollo ,,Rural,11.0,,"22,0",,revisar,398177
10538.0,10/11/2025,Coquimbo ,Robo,centro,12.0,,39.0,TMP-002,sin validar,436471
10539.0,Jan-12-2025,SALAMANCA,robo,NORTE,16.0,baja,38.0,TMP-002,dato ingresado manualmente,550864
10540.0,,COQUIMBO,Violencia,Rural,13.0,,18.0,ERROR,sin validar,79095
10541.0,2025/12/11,Vicuña,VIOLENCIA,,2.0,Baja,19.0,,dato ingresado manualmente,875376
10542.0,2025/12/15,Andacollo,Hurto,NORTE,16.0,baja,37.0,TMP-002,ok,644500
10543.0,2024/10/11,Coquimbo,Fraude,Sur,8.0,Alta,60.0,,,552454
10544.0,2025-08-04,Andacollo,Robo,Rural,13.0,,-1.0,ERROR,,137062
10545.0,Dec-28-2025,COQUIMBO,ACCIDENTE,centro,4.0,Baja,27.0,TMP-002,,684501
10546.0,2025-09-27,OVALLE,Robo,Centro,"13,0",Media,39.0,ERROR,dato ingresado manualmente,482050
10547.0,2024-08-19,ovalle,Accidente,Rural,5.0,Alta,38.0,,sin validar,738846
10548.0,20/04/2025,andacollo,,centro,14.0,Media,24.0,TMP-001,revisar,590657
10549.0,2025-12-25,COQUIMBO,Accidente,Rural,5.0,Baja,46.0,,sin validar,558752
10550.0,2025/01/18,OVALLE,Accidente,Centro,19.0,Baja,26.0,,,212088
10551.0,2025-09-26,vicuna,robo,,16.0,,43.0,,,846667
10552.0,2025/12/26,Serena,robo,Sur,13.0,baja,68.0,,ok,41839
10553.0,Dec-12-2024,Coquimbo,Accidente,Norte,3.0,,56.0,TMP-002,revisar,581980
10554.0,Jul-08-2025,illapel,robo,Sur,10.0,Media,36.0,ERROR,sin validar,162176
10555.0,2024/02/19,Montepatria,Hurto,,11.0,Media,63.0,,dato ingresado manualmente,739204
10556.0,13/06/2025,monte patria,Accidente, Sur ,15.0,Alta,40.0,TMP-001,,461759
10557.0,2025-11-30,illapel,,Norte,13.0,,58.0,,,420101
10558.0,2024-08-23,ovalle,Hurto,Rural,6.0,Media,61.0,,,757627
10559.0,19/07/2024,coquimbo,Hurto,,18.0,baja,51.0,TMP-001,ok,802232
10560.0,04/11/2024,andacollo,robo,Rural,15.0,ALTA,37.0,TMP-002,dato ingresado manualmente,512372
10561.0,sin fecha,SALAMANCA,Violencia,centro,5.0,Media,69.0,TMP-001,dato ingresado manualmente,808311
10562.0,2024/04/03,Coquimbo,robo,Rural,15.0,,54.0,TMP-001,dato ingresado manualmente,593531
10563.0,01/07/2025,SALAMANCA,Violencia,Centro,18.0,baja,43.0,ERROR,ok,124090
10564.0,Apr-09-2024,la serena,,Norte,12.0,Alta,21.0,,dato ingresado manualmente,369695
10565.0,,Monte Patria,Hurto,Centro,7.0,Baja,52.0,,dato ingresado manualmente,246097
10566.0,Apr-27-2024,illapel,Hurto,Sur,5.0,ALTA,36.0,TMP-001,,611135
10567.0,Apr-16-2024,Montepatria,,Rural,18.0,baja,41.0,,dato ingresado manualmente,745105
10568.0,2025-09-15,la serena,,,,baja,28.0,TMP-002,,512214
10569.0,,COQUIMBO,robo,Norte,7.0,ALTA,35.0,TMP-001,ok,880791
10570.0,,ILLAPEL,Robo,Sur,14.0,Alta,56.0,TMP-001,ok,675066
10571.0,17/01/2025,LA SERENA,Violencia,Norte,19.0,,49.0,,,438350
10572.0,,Salamanca,Hurto,Sur,14.0,Media,16.0,TMP-002,sin validar,924625
10573.0,2024-07-09,Ovalle,Hurto,Norte,18.0,Baja,56.0,TMP-001,,997511
10574.0,,Serena,Fraude,,10.0,baja,67.0,,ok,265147
10575.0,2024/11/29,SALAMANCA,robo,Sur,7.0,,45.0,ERROR,sin validar,83043
10576.0,2025-04-17,COQUIMBO,Hurto,Centro,14.0,Baja,43.0,,dato ingresado manualmente,811170
10577.0,08/04/2024,Coquimbo,Violencia,Rural,6.0,ALTA,58.0,TMP-002,dato ingresado manualmente,526452
10578.0,,LaSerena,Hurto,centro,5.0,Alta,"61,0",TMP-001,sin validar,244845
10579.0,,la serena,robo,Sur,19.0,Media,-1.0,,revisar,617723
10580.0,Apr-16-2025,Serena,,Rural,9.0,Baja,18.0,TMP-002,revisar,263330
10581.0,,ovalle,robo,,14.0,ALTA,53.0,TMP-002,,739132
10582.0,2025/04/28,OVALLE,Robo,Sur,10.0,Baja,30.0,TMP-001,,50801
10583.0,2024/12/02,Salamanca,,Centro,2.0,Baja,34.0,,,360895
10584.0,15/07/2024,Montepatria,Fraude,Centro,18.0,Baja,32.0,TMP-001,,821411
10585.0,Jan-09-2024,Coquimbo ,accidente,centro,8.0,Media,28.0,TMP-001,,616522
10586.0,2025/03/28,Illapel,,Sur,19.0,Alta,48.0,,,166615
10587.0,2024/12/09,LaSerena,,Centro,15.0,baja,29.0,,,875807
10588.0,sin fecha,La Serena,,,6.0,Media,49.0,ERROR,,464345
,Oct-17-2025,Montepatria,robo,,8.0,Baja,52.0,TMP-002,,952460
10590.0,Jul-21-2025,coquimbo,Hurto,NORTE,9.0,,"66,0",TMP-002,sin validar,577800
10591.0,Oct-12-2025,la serena,Violencia,Sur,19.0,Media,61.0,,,131709
10592.0,2024-12-01,LaSerena,Accidente,Norte,4.0,ALTA,"58,0",,,995211
10593.0,2024/09/19,LaSerena,Violencia,Norte,16.0,Baja,17.0,,revisar,695247
10594.0,,Serena,Accidente,Norte,15.0,Media,19.0,,sin validar,629106
10595.0,Nov-26-2024,Montepatria,Fraude,NORTE,13.0,Media,23.0,ERROR,,566110
10596.0,2025-11-16,Illapel,Fraude,,3.0,baja,36.0,TMP-001,,853380
10597.0,20/02/2025,Monte Patria,Fraude,Rural,14.0,baja,28.0,ERROR,,511392
10598.0,2024/10/23,Illapel,robo,centro,7.0,baja,65.0,ERROR,revisar,95475
10599.0,02/03/2024,Serena,Robo,centro,4.0,Alta,52.0,ERROR,revisar,648122
10600.0,2025/11/11,Serena,Fraude,centro,17.0,Baja,57.0,ERROR,dato ingresado manualmente,697111
10601.0,2025/07/24,COQUIMBO,,,8.0,Media,63.0,,,682523
10602.0,Oct-14-2025,coquimbo,Hurto,Norte,, ALTA ,35.0,TMP-001,,650942
10603.0,Oct-19-2024,illapel,Fraude,Norte,9.0,ALTA,31.0,TMP-002,sin validar,861122
10604.0,,Vicuña,Violencia,centro,19.0,baja,64.0,,,31877
10605.0,2024/10/08,LaSerena, Accidente ,centro,18.0,Alta,47.0,TMP-002,,158433
10606.0,2025/06/22,Montepatria,Violencia,Norte,13.0,Baja,51.0,TMP-001,revisar,309101
10607.0,sin fecha,LaSerena,robo,Rural,"2,0",baja,62.0,TMP-001,sin validar,162659
10608.0,Nov-28-2025,La Serena,,Centro,11.0,ALTA,55.0,TMP-001,ok,80496
10609.0,May-10-2024,Illapel,Hurto,centro,,ALTA,,,,847729
10610.0,Jun-11-2025,OVALLE,Fraude,  ,7.0,,30.0,TMP-002,,594195
10611.0,sin fecha,vicuna,robo,Sur,12.0,Media,36.0,,,686647
10612.0,2024-08-14,Monte Patria,Robo,Norte,15.0,ALTA,32.0,ERROR,sin validar,324826
10613.0,2024-09-03,la serena,Violencia,Sur,19.0,baja,43.0,TMP-001,ok,429130
10614.0,2024/08/09,Coquimbo ,Hurto,,13.0,ALTA,35.0,ERROR,,461758
10615.0,2024-07-05,andacollo,Robo,Rural,9.0,ALTA,47.0,TMP-002,sin validar,10427
10616.0,2024-09-06,andacollo,,Centro,15.0,,59.0,TMP-001,revisar,127625
10617.0,,OVALLE,,Centro,8.0,Media,"58,0",TMP-001,,580357
10618.0,Jul-29-2025,monte patria,Accidente,Sur,"11,0",Media,63.0,ERROR,revisar,271337
10619.0,2024-02-29,Vicuña,,Norte,6.0,Baja,61.0,,dato ingresado manualmente,395992
10620.0,07/03/2024,vicuna,Fraude,RURAL,15.0,Baja,32.0,ERROR,,481334
10621.0,,Ovalle,Hurto,Sur,19.0,Baja,37.0,ERROR,dato ingresado manualmente,954284
10622.0,2025/12/13,ovalle,,centro,5.0,,53.0,ERROR,revisar,993518
10623.0,2024/10/20,LaSerena,Hurto,Rural,"18,0",,31.0,TMP-001,dato ingresado manualmente,246482
10624.0,04/11/2024,COQUIMBO,robo,,,,21.0,,,468609
10625.0,sin fecha, La Serena ,Accidente,Centro,13.0,,20.0,,ok,810559
10626.0,sin fecha,monte patria,,Centro,"14,0",Media,37.0,TMP-002,,190840
10627.0,2025/11/02,Illapel,Accidente,NORTE,14.0,,55.0,TMP-002,revisar,898310
10628.0,2024-05-24,Andacollo,Robo,Sur,15.0,Alta,"50,0",,,71090
10629.0,2024/11/14,la serena,Violencia,Sur,11.0,Alta,17.0,,sin validar,628707
10630.0,2025/02/09,ovalle,Violencia,Rural,5.0,Alta,37.0,ERROR,,715742
10631.0,Oct-29-2024,OVALLE,Robo,Centro,"2,0",Media,37.0,,,40319
10632.0,2024/03/05,VICUÑA,Fraude,Norte,17.0,Alta,29.0,,,978828
10633.0,2024/03/11,la serena,Accidente,  ,19.0,Alta,61.0,TMP-001,,94939
10634.0,2025-08-28,illapel,Accidente,Rural,12.0,,38.0,,ok,251735
10635.0,30/07/2025,Illapel,robo,NORTE,11.0,,43.0,ERROR,,530401
10636.0,2024-09-21,vicuna,,Sur,19.0,ALTA,65.0,TMP-002,dato ingresado manualmente,86746
10637.0,Jul-17-2024,COQUIMBO,robo,rural,10.0,Baja,69.0,ERROR,,688835
10638.0,,Coquimbo,,,5.0, Media ,31.0,TMP-001,,239214
10639.0,28/08/2025,Monte Patria, Fraude ,Sur,18.0,Alta,57.0,,,52976
10640.0,Oct-30-2025,SALAMANCA,Accidente,Rural,16.0,,18.0,TMP-001,ok,324582
10641.0,Jan-09-2024,andacollo,Violencia,,1.0,,69.0,TMP-002,revisar,306626
10642.0,2024-03-21,Coquimbo,Robo,Norte,17.0,Media,32.0,,dato ingresado manualmente,77245
10643.0,2024/05/12, OVALLE ,,Rural,11.0,,23.0,TMP-001,revisar,940697
10644.0,,Montepatria,,Rural,2.0,Alta,"50,0",,,189084
10645.0,29/10/2025,OVALLE,,NORTE,1.0,,66.0,TMP-001,,109041
10646.0,06/08/2025,La Serena,Accidente,,3.0,Alta,19.0,,,325822
,2025/06/08,OVALLE,,Sur,12.0,baja,40.0,TMP-001,revisar,919667
10648.0,Nov-26-2025,vicuna,robo,,3.0,ALTA,14.0,,dato ingresado manualmente,92862
10649.0,17/09/2025,Serena,Accidente,Norte,16.0,baja,58.0,,revisar,974179
10650.0,,ovalle,Violencia,Rural,18.0,baja,32.0,,ok,163909
10651.0,,Ovalle,Accidente,Centro,19.0,Alta,24.0,TMP-002,dato ingresado manualmente,513364
10652.0,2025/06/25,coquimbo,Violencia,NORTE,4.0,Media,19.0,ERROR,ok,500886
10653.0,09/10/2024,COQUIMBO,Robo,centro,13.0,ALTA,36.0,,ok,144112
10654.0,2025-10-03,illapel,Hurto,Centro,10.0,Media,33.0,TMP-001,,231158
10655.0,2024/01/19,Serena,,,18.0,Alta,63.0,,,766334
10656.0,03/04/2024, vicuna ,Accidente,,6.0,Media,67.0,TMP-001,dato ingresado manualmente,80654
10657.0,Sep-10-2024,Vicuña,Accidente,centro,19.0,,19.0,,,422952
10658.0,2025/09/29,Monte Patria,Robo,Centro,8.0,ALTA,18.0,TMP-002,sin validar,265634
10659.0,16/05/2025,SALAMANCA,Fraude,Centro,1.0,ALTA,17.0,TMP-002,,522798
10660.0,2024-09-30,Ovalle,,Norte,1.0,ALTA,36.0,,sin validar,994181
10661.0,2024-06-16,Andacollo,Accidente,Norte,10.0,Alta,66.0,,sin validar,657019
10662.0,09/12/2025,Vicuña,robo,Centro,17.0,Alta,44.0,TMP-002,dato ingresado manualmente,481354
10663.0,11/07/2024,andacollo,Hurto,Norte,18.0,Baja,20.0,ERROR,revisar,640696
10664.0,,Montepatria,Violencia,centro,,Media,24.0,ERROR,,993665
10665.0,2024-01-29,Andacollo,Robo,NORTE,7.0,Media,56.0,TMP-001,dato ingresado manualmente,264460
10666.0,,La Serena,Violencia,NORTE,3.0,baja,16.0,TMP-001,,921606
10667.0,2024-03-21,Andacollo,Fraude,centro,15.0, Media ,46.0,,sin validar,429433
10668.0,sin fecha,Monte Patria,Fraude,Centro,15.0,Alta,34.0,TMP-001,dato ingresado manualmente,445573
10669.0,2024/08/09,La Serena,Fraude,Sur,2.0,Media,55.0,TMP-001,sin validar,100261
10670.0,2024-11-09,Salamanca,robo,NORTE,15.0,baja,34.0,TMP-002,sin validar,404135
10671.0,2025-05-17,SALAMANCA,Violencia,SUR,2.0,Media,54.0,ERROR,,443321
10672.0,2025/02/16,coquimbo,FRAUDE,Norte,14.0,Baja,41.0,,,54195
10673.0,2025/08/22,illapel,ROBO,Rural,10.0,Alta,57.0,TMP-001,sin validar,578561
10674.0,2025-02-09,andacollo,Robo,,17.0,,44.0,TMP-002,,617750
10675.0,,Vicuña,,NORTE,14.0,,59.0,TMP-001,,712605
10676.0,,la serena,Fraude,Centro,,Alta,58.0,,,135036
10677.0,2024-06-13,Vicuña,Fraude,Sur,19.0,ALTA,38.0,,ok,236669
10678.0,sin fecha,Ovalle,,NORTE,13.0,baja,24.0,,,56534
10679.0,19/11/2024,OVALLE,Hurto,,13.0,,42.0,,ok,58719
10680.0,31/01/2025,Salamanca,robo,centro,"2,0",baja,52.0,,,755917
10681.0,04/08/2024,Montepatria,Accidente,Norte,1.0,,32.0,,dato ingresado manualmente,639728
10682.0,2024/12/19,andacollo,Violencia,NORTE,8.0,Baja,15.0,TMP-002,,57269
10683.0,23/05/2025,ovalle,Hurto,NORTE,"4,0",Alta,50.0,TMP-002,,67250
10684.0,,COQUIMBO,Violencia,Norte,12.0,,42.0,TMP-002,sin validar,968386
10685.0,2024/02/20,Montepatria,Accidente,Sur,11.0,alta,19.0,TMP-001,,920409
10686.0,2024/11/04,Coquimbo,Hurto,NORTE,10.0,baja,,ERROR,ok,617595
10687.0,2025-08-30,Monte Patria,Robo,centro,19.0,Baja,57.0,,ok,627552
10688.0,2024-08-02,Illapel,Hurto,NORTE,19.0,baja,57.0,ERROR,ok,732541
10689.0,2025/03/27,SALAMANCA,Fraude,,14.0,ALTA,67.0,TMP-002,dato ingresado manualmente,219460
10690.0,Jun-25-2024,La Serena,,NORTE,19.0,Alta,45.0,TMP-002,revisar,58400
,2025-08-07,vicuna,Violencia,Norte,1.0,nan,60.0,TMP-001,sin validar,412615
10692.0,May-01-2025,Montepatria,Fraude,Norte,19.0,Alta,23.0,TMP-002,dato ingresado manualmente,766528
10693.0,25/08/2025,ovalle,,Rural,18.0,,,TMP-001,revisar,952008
10694.0,2024/05/29,ovalle,Accidente,Norte,11.0,Media,43.0,TMP-002,revisar,416853
10695.0,Oct-26-2024,Salamanca,robo,Centro,18.0,ALTA,58.0,TMP-002,dato ingresado manualmente,597653
10696.0,,Serena,,NORTE,3.0,Media,63.0,TMP-001,dato ingresado manualmente,821963
10697.0,2025-02-10,Serena,,centro,"18,0",ALTA,17.0,TMP-001,ok,431609
,Dec-23-2025,Vicuña,  ,Norte,16.0,ALTA,62.0,TMP-002,sin validar,375718
10699.0,Sep-21-2024,VICUÑA,Fraude,NORTE,1.0,baja,63.0,TMP-002,sin validar,200992
10700.0,2025-04-29,andacollo,violencia,Norte,10.0,,26.0,,revisar,913597
10701.0,,Coquimbo,Robo,,"8,0",Alta,27.0,ERROR,sin validar,635262
10702.0,Jan-08-2025,vicuna,Hurto,Sur,5.0,baja,25.0,ERROR,revisar,248875
10703.0,2024-06-21,ovalle,robo,Sur,6.0,Alta,49.0,ERROR,sin validar,636546
10704.0,sin fecha,Illapel,Hurto,Rural,13.0,Alta,38.0,ERROR,,117399
10705.0,,coquimbo ,hurto,Rural,1.0,,69.0,TMP-001,ok,871661
10706.0,sin fecha,illapel,,Norte,3.0,,55.0,TMP-001,,380130
10707.0,2025/03/04,Salamanca,Fraude,Rural,,,52.0,,dato ingresado manualmente,323166
10708.0,Dec-03-2024,coquimbo,Robo,,,baja,14.0,,,923014
10709.0,,Illapel,robo,Sur,16.0,Alta,38.0,ERROR,,79823
10710.0,,coquimbo,Robo,Norte,2.0,,38.0,TMP-002,sin validar,371507
10711.0,2024-08-05,Montepatria,Robo,Norte,19.0,,52.0,TMP-002,ok,903280
10712.0,,Montepatria,,centro,8.0,Baja,17.0,,revisar,778650
10713.0,2024/08/27,Vicuña,,Centro,,baja,19.0,ERROR,revisar,631276
10714.0,2024-10-29,monte patria,Accidente,Centro,13.0,Alta,43.0,TMP-002,ok,998034
10715.0,May-26-2024,OVALLE,Robo,Rural,13.0,,49.0,,revisar,623907
10716.0,2025/02/12,LA SERENA,robo,NORTE,17.0,Alta,26.0,TMP-001,,626079
10717.0,27/08/2025,andacollo,Hurto,,2.0,Alta,59.0,ERROR,sin validar,331931
10718.0,2024-06-23,vicuna,,,1.0,,21.0,TMP-001,dato ingresado manualmente,288654
10719.0,2024-08-18,Serena,Robo,,4.0,,47.0,,,286218
,2025/05/14,illapel,Fraude,centro,10.0,,23.0,ERROR,,320847
10721.0,2024/03/17,monte patria,,  ,12.0,Media,51.0,,sin validar,864355
10722.0,2025-06-21,la serena,Hurto,NORTE,17.0,Baja,36.0,TMP-001,dato ingresado manualmente,826002
10723.0,Apr-21-2024,La Serena,Hurto,NORTE,16.0,Alta,17.0,,sin validar,874831
,May-31-2025,Salamanca,Accidente,Norte,2.0,Alta,55.0,TMP-002,revisar,159205
10725.0,Jul-23-2024,Coquimbo,,Centro,6.0,alta,15.0,,revisar,685218
10726.0,sin fecha,VICUÑA,,Sur,1.0,Baja,41.0,TMP-001,,239102
10727.0,Oct-02-2024,COQUIMBO,Fraude,,19.0,,29.0,,,828346
10728.0,08/09/2024,LA SERENA,,Sur,"12,0",Alta,30.0,ERROR,,685680
10729.0,Nov-19-2024,coquimbo,,,,Media,38.0,TMP-001,dato ingresado manualmente,150965
10730.0,2024/02/16,Andacollo,Fraude,Centro,"8,0",Alta,,TMP-001,,296372
10731.0,Nov-17-2024,illapel,Accidente,centro,15.0,Baja,53.0,TMP-002,ok,385110
10732.0,Sep-08-2025, COQUIMBO ,,Norte,6.0,Alta,32.0,TMP-002,dato ingresado manualmente,946802
10733.0,2024-04-28,Salamanca,Robo,Sur,5.0, Baja ,24.0,,,279942
10734.0,30/05/2024,ovalle,Violencia,Centro,6.0,ALTA,63.0,TMP-001,ok,943537
,Dec-23-2025,Monte Patria,Robo,centro,15.0,baja,43.0,ERROR,revisar,837118
10736.0,03/02/2024,ovalle,Robo,NORTE,8.0,,55.0,TMP-001,ok,625729
10737.0,2025-04-26,Monte Patria,Accidente,Sur,11.0,,"14,0",TMP-002,,885605
10738.0,2024-11-11,Ovalle,Accidente,centro,14.0,ALTA,47.0,ERROR,,966581
10739.0,,Salamanca, Fraude ,NORTE,4.0,ALTA,30.0,,ok,807746
10740.0,Apr-12-2024,la serena,Fraude,Norte,6.0,Alta,"25,0",,,837156
10741.0,2024-02-25,Andacollo, Hurto ,,16.0,ALTA,39.0,ERROR,revisar,311254
10742.0,sin fecha,Serena,Hurto,NORTE,9.0,,28.0,,revisar,61512
10743.0,2025/10/06,Ovalle,Accidente,NORTE,7.0,,29.0,,,128840
10744.0,14/04/2025,VICUÑA,robo,NORTE,18.0,Baja,16.0,,sin validar,164565
,2024/05/07,illapel,Hurto,Centro,10.0,,40.0,,,774494
10746.0,Jun-21-2025,ovalle,Violencia,Sur,3.0,baja,56.0,,revisar,831154
10747.0,Jun-11-2024,LA SERENA,robo,Sur,5.0,baja,39.0,TMP-002,dato ingresado manualmente,556605
10748.0,,monte patria,Robo,Norte,12.0, nan ,63.0,TMP-002,ok,341880
10749.0,Aug-28-2024,la serena,Fraude,,1.0,Media,55.0,TMP-001,,416499
10750.0,2025/02/07,Coquimbo,Accidente,Norte,13.0,Media,46.0,TMP-002,ok,387810
10751.0,2025/05/07,Coquimbo ,Fraude,NORTE,18.0,Baja,48.0,,sin validar,591875
10752.0,17/08/2025,monte patria,,NORTE,10.0,Alta,41.0,,dato ingresado manualmente,836396
10753.0,,Vicuña,Violencia,Centro,19.0,ALTA,52.0,ERROR,revisar,33629
10754.0,,coquimbo,robo,centro,13.0,,22.0,ERROR,revisar,367766
10755.0,2024/06/07,Illapel,robo,Centro,10.0,Media,130.0,,,276467
10756.0,sin fecha,Salamanca,,Centro,2.0,baja,28.0,TMP-001,ok,173835
10757.0,2024/06/14,Monte Patria,Robo,NORTE,"15,0",Alta,34.0,ERROR,sin validar,925534
10758.0,Oct-20-2025,Salamanca,Hurto,Norte,12.0,,63.0,ERROR,ok,952987
10759.0,2025-11-27,Coquimbo ,Robo,Norte,3.0,,20.0,,dato ingresado manualmente,540980
10760.0,2024/12/01,LaSerena,Fraude,,2.0,ALTA,64.0,,sin validar,511366
10761.0,2025-05-30,Coquimbo ,Violencia,NORTE,13.0,Media,40.0,ERROR,dato ingresado manualmente,424403
10762.0,14/08/2024,Andacollo,Hurto,,3.0,baja,41.0,,revisar,972481
10763.0,sin fecha,coquimbo,Accidente,NORTE,5.0,baja,51.0,TMP-002,revisar,272498
10764.0,2025-06-14,Montepatria,,NORTE,7.0,Media,18.0,,sin validar,353517
10765.0,2024/02/23,Salamanca,Fraude,,17.0,Media,20.0,TMP-001,,149170
10766.0,2024/06/22,coquimbo,Fraude,Sur,13.0,,69.0,ERROR,sin validar,50351
10767.0,sin fecha,Coquimbo ,Accidente,Rural,,alta,65.0,,sin validar,200380
10768.0,Jan-03-2025,andacollo,Fraude,,2.0,baja,23.0,TMP-002,dato ingresado manualmente,496978
10769.0,,Illapel,Accidente,,10.0,Media,14.0,,sin validar,738129
10770.0,May-22-2025,illapel,Robo,,6.0,Alta,44.0,,,921247
10771.0,Sep-02-2024,monte patria,Fraude,Sur,13.0,baja,30.0,,dato ingresado manualmente,120137
10772.0,2024/09/01,monte patria,Hurto,Sur,8.0,Alta,62.0,,,235868
10773.0,sin fecha,Ovalle,accidente,Norte,16.0,ALTA,27.0,,,721115
10774.0,2025-09-22,vicuna,Violencia,Centro,17.0, Alta ,,,,982368
10775.0,2024/12/21,Monte Patria,Hurto,centro,6.0,Alta,30.0,TMP-001,,928810
10776.0,17/07/2025, VICUÑA ,Fraude,centro,15.0,Media,45.0,TMP-001,,668928
10777.0,2025/12/31,Illapel,Violencia,Norte,500.0,ALTA,56.0,,sin validar,598885
10778.0,,Coquimbo,Hurto,Sur,8.0,ALTA,39.0,TMP-001,,671401
10779.0,,LA SERENA,Accidente,Rural,14.0,ALTA,33.0,TMP-001,dato ingresado manualmente,879946
10780.0,04/04/2024,Coquimbo ,Robo,Rural,19.0,baja,31.0,,revisar,461327
10781.0,2025/05/22,LA SERENA,Violencia,Norte,4.0,Media,42.0,TMP-001,dato ingresado manualmente,477719
10782.0,2025/04/01,vicuna,Accidente,centro,15.0,baja,31.0,TMP-002,,223065
10783.0,Jul-05-2024,Salamanca,ROBO,Rural,19.0,baja,19.0,,revisar,660746
10784.0,2024/02/05,andacollo,,Norte,4.0,Baja,17.0,,dato ingresado manualmente,445308
10785.0,,LA SERENA,Violencia,,17.0,Media,48.0,TMP-002,revisar,426125
10786.0,10/06/2024,la serena,Hurto,Sur,13.0,Baja,29.0,TMP-002,,949307
10787.0,2024-12-26,ovalle,Robo,,2.0,Alta,14.0,TMP-002,,422231
10788.0,09/01/2025,illapel,Violencia,Rural,18.0,MEDIA,67.0,TMP-002,dato ingresado manualmente,648721
10789.0,04/07/2025,coquimbo,,Norte,13.0,Baja,40.0,TMP-001,sin validar,783723
10790.0,2025-06-03,OVALLE,,NORTE,18.0,baja,17.0,,,197036
10791.0,2025/10/13,La Serena,Violencia,NORTE,12.0,,29.0,,,126565
10792.0,Oct-06-2025,Coquimbo,robo,,4.0,Baja,57.0,,dato ingresado manualmente,825185
10793.0,2024-09-15,Illapel,hurto,Centro,15.0,Baja,56.0,TMP-001,,530770
10794.0,07/03/2025,Coquimbo,Fraude,centro,1.0,ALTA,,TMP-002,sin validar,296774
,Apr-11-2025,Coquimbo,Violencia,centro,18.0,ALTA,14.0,TMP-002,,940929
10796.0,Oct-31-2025,LaSerena,Violencia,Sur,10.0,Baja,35.0,TMP-001,,864664
10797.0,,la serena,Accidente,Rural,5.0,Media,20.0,TMP-002,,886947
10798.0,2024-11-03,Vicuña,Violencia,NORTE,14.0,ALTA,25.0,TMP-002,,547215
10799.0,,SALAMANCA,,Centro,3.0,Media,46.0,TMP-001,ok,927338
10800.0,sin fecha,Andacollo,Fraude,Centro,12.0,,43.0,,revisar,89441
10801.0,2025/12/12,Montepatria,Hurto,,6.0,baja,30.0,,dato ingresado manualmente,486340
10802.0,,LaSerena,Robo,,11.0,Alta,44.0,,,306937
10803.0,Mar-17-2024,Coquimbo ,Fraude,NORTE,18.0,Media,31.0,TMP-002,ok,137366
10804.0,2025-10-24,OVALLE,Robo,NORTE,18.0,Alta,68.0,TMP-001,ok,958844
10805.0,05/02/2025,LA SERENA,Hurto,centro,16.0,Baja,56.0,TMP-001,ok,432174
10806.0,Feb-23-2024,la serena,,Rural,15.0,Baja,50.0,ERROR,revisar,309403
10807.0,Jun-14-2024,andacollo,,Centro,10.0,Media,60.0,,sin validar,18506
10808.0,2025/06/19,coquimbo,Violencia,centro,19.0,,54.0,ERROR,,227189
10809.0,Dec-26-2025,illapel,Hurto,NORTE,7.0,Baja,35.0,TMP-001,revisar,230136
10810.0,Mar-16-2025,ovalle,nan,Norte,,,47.0,TMP-001,sin validar,665427
10811.0,,andacollo,Hurto,NORTE,5.0,baja,47.0,,dato ingresado manualmente,747259
10812.0,Jan-04-2024,VICUÑA,Violencia,centro,6.0,baja,22.0,,revisar,264751
10813.0,25/02/2024,VICUÑA,Accidente,Norte,18.0,Baja,"14,0",,revisar,508088
10814.0,2024/08/23,vicuna,robo,Centro,11.0,ALTA,42.0,TMP-002,,308826
10815.0,Oct-01-2025,Serena,robo,Norte,19.0,,22.0,,revisar,17634
,,ovalle,Accidente,Centro,14.0,Alta,61.0,,,847519
10817.0,2025-06-28,LaSerena,,centro,19.0,,22.0,,,791067
10818.0,2024-03-19,coquimbo,Accidente,Centro,, ALTA ,,TMP-001,ok,876755
10819.0,2024/11/17,OVALLE,Fraude,Centro,14.0,Media,,TMP-002,,737421
10820.0,2025-05-12,Salamanca,Fraude,Sur,7.0,baja,15.0,,dato ingresado manualmente,747777
10821.0,03/10/2025,ovalle,Fraude,,8.0,,59.0,TMP-001,ok,21121
10822.0,Mar-12-2024,coquimbo,Robo,NORTE,10.0,Media,29.0,,dato ingresado manualmente,274187
10823.0,2024-09-06,andacollo,robo,CENTRO,6.0,Baja,26.0,ERROR,sin validar,998127
10824.0,,VICUÑA,Hurto,Norte,2.0,baja,59.0,ERROR,,920678
10825.0,2025-02-22,Andacollo,Accidente,,18.0,Alta,44.0,,revisar,884506
10826.0,2025-07-27,VICUÑA,  ,Rural,3.0,Alta,,TMP-001,revisar,224094
10827.0,2025-12-19,VICUÑA,Violencia,centro,,Baja,"33,0",TMP-001,,645274
10828.0,,illapel,HURTO,Sur,15.0,ALTA,67.0,TMP-001,,751838
10829.0,2025-09-18,Andacollo,Accidente,,9.0,baja,46.0,TMP-001,revisar,85456
10830.0,Sep-26-2025,Andacollo,robo,Centro,14.0,,49.0,ERROR,sin validar,692445
10831.0,2025/03/17,Serena,Robo,Rural,6.0,baja,42.0,ERROR,revisar,317933
10832.0,2024/09/19,Illapel,hurto,Rural,4.0,Baja,53.0,,sin validar,596167
10833.0,2025/10/10,COQUIMBO ,Fraude,Norte,4.0,Media,61.0,,,202488
10834.0,20/09/2024,Illapel,robo,,18.0,ALTA,21.0,TMP-002,sin validar,107219
10835.0,2025-11-04,Monte Patria,Hurto,NORTE,,Media,17.0,ERROR,dato ingresado manualmente,619605
10836.0,,Montepatria,Accidente,NORTE,4.0,ALTA,16.0,,dato ingresado manualmente,425673
,2024-05-10,andacollo,robo,  ,15.0,ALTA,16.0,,revisar,608129
10838.0,2025-07-15,Vicuña,Violencia,,5.0,,27.0,,revisar,34056
10839.0,2024/07/17,andacollo,accidente,Centro,19.0,ALTA,30.0,,ok,813657
10840.0,,LA SERENA,Hurto,Centro,14.0,Baja,35.0,TMP-001,dato ingresado manualmente,7755
10841.0,2024-05-06,COQUIMBO,hurto,Sur,18.0,Alta,14.0,TMP-001,dato ingresado manualmente,707709
10842.0,2024-03-04,andacollo,Accidente,centro,13.0,baja,55.0,TMP-001,ok,766966
10843.0,2025/12/17,Coquimbo,Accidente,NORTE,"2,0",ALTA,53.0,,sin validar,817600
10844.0,Aug-13-2024,Andacollo,Violencia,Sur,"5,0",,46.0,TMP-001,ok,240868
10845.0,Feb-24-2024,La Serena,,NORTE,"8,0",Alta,53.0,TMP-001,dato ingresado manualmente,650694
,2025/06/20,salamanca,Hurto,Sur,15.0,,37.0,,dato ingresado manualmente,579220
10847.0,2025/10/26,COQUIMBO,,Norte,"4,0",Alta,62.0,ERROR,,74541
10848.0,Nov-23-2025,monte patria,NAN,,1.0,ALTA,16.0,,dato ingresado manualmente,913909
10849.0,04/11/2025,COQUIMBO,violencia,centro,16.0,ALTA,58.0,,,436726
10850.0,,andacollo,Accidente,NORTE,10.0,baja,55.0,,ok,365832
10851.0,25/06/2025,Coquimbo,Fraude,Norte,15.0,baja,58.0,TMP-002,,430436
10852.0,2025/03/13,LA SERENA,,NORTE,19.0,,24.0,ERROR,sin validar,498540
10853.0,Jul-17-2024,Monte Patria,Fraude,Sur,17.0, Media ,15.0,ERROR,,55642
10854.0,2025/05/02,la serena,Fraude,centro,5.0,ALTA,40.0,TMP-001,dato ingresado manualmente,826039
10855.0,2024-07-27,la serena,,Sur,14.0,ALTA,57.0,ERROR,ok,401808
10856.0,12/05/2025,OVALLE,Violencia,Norte,12.0,,24.0,TMP-002,,391324
10857.0,sin fecha,Monte Patria,Violencia,centro,19.0,Media,65.0,,dato ingresado manualmente,109663
10858.0,2025/12/26,VICUÑA,Fraude,Rural,1.0,baja,65.0,TMP-002,,655589
10859.0,Apr-30-2025,COQUIMBO,Hurto,,14.0,Alta,52.0,TMP-001,,477388
,12/12/2025,Ovalle,Violencia,NORTE,"1,0",Alta,52.0,,ok,668664
10861.0,Apr-13-2025, Monte Patria ,Robo,Sur,14.0,baja,45.0,,,161066
10862.0,15/07/2025,LaSerena,Robo,NORTE,1.0,,29.0,,ok,361897
10863.0,Dec-05-2024,Salamanca,,NORTE,6.0,ALTA,66.0,,sin validar,707505
10864.0,,monte patria,Accidente,Norte,"5,0",Baja,28.0,,,365502
10865.0,2024-07-28,andacollo,,Rural,11.0,Baja,19.0,ERROR,dato ingresado manualmente,58025
10866.0,,LaSerena,Fraude,Rural,14.0,Baja,38.0,ERROR,,209766
10867.0,05/05/2025,SALAMANCA,robo,Norte,6.0,ALTA,33.0,TMP-002,ok,949444
10868.0,Jul-24-2024,la serena,Hurto,Centro,7.0,,28.0,TMP-002,,736932
10869.0,Aug-03-2025,SALAMANCA,Hurto,,10.0,Alta,51.0,TMP-002,sin validar,536565
10870.0,sin fecha,Coquimbo ,Accidente,Centro,16.0,ALTA,53.0,TMP-002,dato ingresado manualmente,392119
10871.0,2024/10/30,COQUIMBO,Accidente,centro,14.0,baja,21.0,ERROR,,626866
10872.0,2024-10-27,la serena, Fraude ,Sur,10.0,,17.0,ERROR,dato ingresado manualmente,190986
10873.0,,Salamanca,Hurto,,14.0,ALTA,50.0,,,377583
,Nov-03-2025,SALAMANCA,ROBO,centro,1.0,  ,19.0,,sin validar,172912
10875.0,,SALAMANCA,Violencia,Sur,10.0,Baja,51.0,TMP-002,ok,201609
10876.0,2025/08/19,Illapel,Violencia,Sur,14.0,baja,61.0,ERROR,ok,256153
10877.0,2025/10/25,coquimbo,Fraude,Rural,10.0,Baja,31.0,TMP-001,revisar,856415
10878.0,sin fecha,Montepatria,Hurto,Norte,6.0,Media,"43,0",,sin validar,561379
10879.0,Aug-23-2025,Coquimbo,robo,Centro,18.0,Media,130.0,,,811067
10880.0,2024-08-06,Andacollo,,Rural,9.0,,,,,146919
10881.0,2024/10/19,la serena,Violencia,centro,11.0,,37.0,TMP-001,ok,771082
10882.0,2024/11/07,Coquimbo ,Violencia,Centro,10.0,ALTA,,,revisar,999926
10883.0,,LaSerena,Fraude,NORTE,,Media,63.0,,ok,270021
10884.0,2024/11/30, Coquimbo ,Hurto,Sur,15.0,Baja,23.0,ERROR,,707808
10885.0,2024-03-20,Coquimbo ,Fraude,Sur,9.0,,22.0,,,718954
10886.0,2025-10-13,OVALLE,Fraude,NORTE,1.0,Baja,49.0,ERROR,revisar,673503
10887.0,,ovalle, Violencia ,Rural,4.0,Media,62.0,,dato ingresado manualmente,534743
10888.0,2025-11-20,OVALLE,Hurto,Sur,16.0,Baja,45.0,ERROR,,789024
10889.0,May-05-2024,la serena,,centro,11.0,,48.0,TMP-002,revisar,17705
10890.0,2025-05-02,vicuña,Hurto,Sur,16.0,Media,61.0,TMP-001,,109757
10891.0,25/01/2024,COQUIMBO,,NORTE,17.0,ALTA,25.0,TMP-002,sin validar,998253
10892.0,2024/12/29,LA SERENA,robo,Sur,,Media,50.0,,revisar,971897
10893.0,2024-07-12,serena,Hurto,Centro,16.0,Baja,14.0,TMP-002,,951520
10894.0,,Salamanca,,,1.0,baja,61.0,,,640822
10895.0,2025/01/24,VICUNA,,centro,4.0,Baja,43.0,ERROR,,930595
10896.0,sin fecha,Salamanca,Hurto,Centro,13.0,,"20,0",ERROR,,328746
10897.0,,Andacollo,Accidente,NORTE,1.0,Alta,,ERROR,,430357
10898.0,2024-12-27,Andacollo,Fraude,NORTE,1.0,Baja,49.0,TMP-001,sin validar,806342
10899.0,2024/12/30,VICUÑA,Accidente,Centro,18.0,baja,59.0,,revisar,56840
10900.0,,salamanca,robo,Norte,18.0,Baja,28.0,TMP-001,sin validar,728304
10901.0,2025/08/07,Andacollo,Violencia,Centro,10.0,Baja,38.0,,,72645
10902.0,Jun-03-2024,Salamanca,Accidente,centro,4.0,,45.0,TMP-002,sin validar,898454
10903.0,2024/05/01,Monte Patria,robo,Sur,9.0,Baja,20.0,TMP-001,dato ingresado manualmente,504798
10904.0,sin fecha, andacollo ,Hurto,Sur,18.0,,40.0,TMP-002,revisar,901480
10905.0,29/06/2025,la serena,Hurto,centro,2.0,Alta,20.0,TMP-002,ok,729304
10906.0,25/07/2025,VICUÑA,Robo,Centro,13.0,Media,53.0,,sin validar,327983
10907.0,2025-07-05,coquimbo,robo,Centro,12.0,ALTA,48.0,,revisar,801447
10908.0,2025-09-03,Serena,Accidente,Sur,10.0,,34.0,ERROR,revisar,864044
10909.0,2025-09-15,LA SERENA,Robo,,3.0,ALTA,41.0,TMP-001,,485756
10910.0,2024/10/27,vicuna,Hurto,NORTE,"9,0",Media,45.0,,revisar,207210
10911.0,2025-08-26,La Serena,Hurto,centro,2.0, ALTA ,19.0,ERROR,,177172
10912.0,May-13-2025,Vicuña,Robo, Centro ,4.0,Media,26.0,,,226311
10913.0,,coquimbo,Violencia,NORTE,7.0,baja,33.0,,sin validar,51312
10914.0,01/04/2025,ovalle,Hurto,,13.0,ALTA,44.0,TMP-002,ok,793393
10915.0,sin fecha,Illapel,Robo,Centro,8.0,ALTA,62.0,TMP-001,,444288
10916.0,Feb-10-2024,LA SERENA,Fraude,centro,12.0,,60.0,ERROR,sin validar,471902
10917.0,2025-11-17,Serena,,,17.0,baja,-1.0,TMP-001,sin validar,41810
10918.0,,Illapel,,Norte,3.0,,"61,0",TMP-002,sin validar,538488
10919.0,07/04/2025,VICUÑA,Violencia,NORTE,"12,0",Alta,37.0,ERROR,sin validar,305369
10920.0,2024/12/18,VICUÑA,Robo,Norte,6.0,ALTA,62.0,TMP-001,ok,72517
10921.0,2025-02-04,Monte Patria,robo,Rural,"11,0",ALTA,52.0,TMP-002,dato ingresado manualmente,454998
10922.0,18/02/2024,la serena,Accidente,Centro,9.0,ALTA,"52,0",,,86614
10923.0,May-27-2025,Monte Patria,FRAUDE,NORTE,10.0,,32.0,ERROR,revisar,976259
10924.0,,VICUÑA, Hurto ,Rural,7.0, Alta ,67.0,,ok,275758
10925.0,2024-08-05,OVALLE,robo,centro,3.0,Alta,,,,512748
10926.0,2024/08/09,vicuna,robo,Rural,14.0,  ,,TMP-002,,68822
10927.0,02/07/2024,Montepatria,Violencia,Sur,6.0,baja,22.0,TMP-002,,776951
10928.0,26/02/2024,Serena,,Sur,5.0,,66.0,,,938315
10929.0,Jul-31-2024,SALAMANCA,Fraude,centro,7.0,Media,52.0,,revisar,235377
10930.0,24/03/2024,andacollo,Robo,Centro,18.0,baja,19.0,,sin validar,140403
10931.0,2024/06/06,illapel,Robo,centro,8.0,Baja,41.0,ERROR,ok,684968
10932.0,2025/09/30,Vicuña,Violencia,Rural,3.0,Media,"68,0",ERROR,ok,803284
10933.0,2025/12/11,Illapel,Fraude,centro,5.0,Baja,68.0,,revisar,752650
10934.0,2025-03-25,Montepatria,Violencia,Sur,12.0,Baja,19.0,,revisar,299105
,Jul-29-2025,SALAMANCA,Accidente,Norte,17.0,Baja,17.0,,,351875
10936.0,Dec-09-2025,monte patria,,NORTE,4.0,Alta,47.0,ERROR,dato ingresado manualmente,903590
10937.0,2024/06/15,andacollo,Accidente,Sur,6.0,,40.0,TMP-002,sin validar,469551
10938.0,2025/07/25,LaSerena,Hurto,Norte,7.0,Media,68.0,TMP-001,dato ingresado manualmente,192577
10939.0,Jun-26-2024,La Serena,robo,,12.0,Alta,64.0,TMP-001,sin validar,11218
10940.0,Jan-01-2024,VICUÑA,Violencia,Centro,"4,0",ALTA,31.0,ERROR,sin validar,431466
10941.0,30/05/2025,monte patria,Violencia,NORTE,12.0,baja,61.0,,ok,805746
10942.0,2025-02-20,Andacollo,Violencia, Rural ,12.0,baja,"22,0",TMP-001,ok,917930
10943.0,sin fecha,Coquimbo ,Fraude,Sur,17.0,Alta,66.0,,ok,883494
10944.0,sin fecha,Coquimbo ,Fraude,Sur,7.0,Baja,64.0,ERROR,,554181
10945.0,2024/08/21,andacollo,Hurto,Centro,2.0,Media,26.0,TMP-002,,18637
10946.0,2025-09-11,Salamanca,Violencia,Rural,12.0,Alta,45.0,TMP-002,,762567
10947.0,sin fecha,ovalle,Fraude,Norte,9.0,Media,51.0,ERROR,dato ingresado manualmente,733744
10948.0,Sep-25-2025,andacollo,Robo,centro,"3,0",ALTA,47.0,ERROR,ok,291045
10949.0,2024/09/07,illapel,Accidente,centro,"10,0",,61.0,,sin validar,484106
10950.0,2024-01-14,Monte Patria,Hurto,NORTE,11.0,Media,62.0,,revisar,697371
10951.0,19/10/2025,Serena,robo,Centro,16.0,Alta,37.0,TMP-001,,529269
10952.0,20/01/2025,ILLAPEL,Violencia,centro,7.0,ALTA,18.0,,sin validar,701173
10953.0,sin fecha,Illapel,Robo,Norte,18.0,Media,68.0,,sin validar,923642
10954.0,2024/04/19,OVALLE,Violencia,NORTE,1.0,Media,42.0,,sin validar,233868
10955.0,2025-02-05,Montepatria,,Norte,17.0,ALTA,56.0,TMP-001,revisar,905293
10956.0,,la serena,Robo,Centro,14.0,Media,50.0,,ok,537801
10957.0,2025-12-08,la serena,ROBO,Norte,14.0,Baja,54.0,,,171323
10958.0,2025-01-14,Salamanca,Robo,NORTE,11.0,baja,45.0,,,977415
10959.0,Feb-23-2024, VICUÑA ,Robo,,16.0,baja,28.0,,ok,176576
10960.0,2025-10-01,Vicuña,Accidente,NORTE,6.0,ALTA,27.0,ERROR,revisar,319973
10961.0,01/12/2024,Ovalle,Robo,Rural,13.0,Media,55.0,TMP-001,sin validar,445021
10962.0,,Montepatria,Accidente,Sur,13.0,Alta,44.0,TMP-001,,592342
10963.0,2025/06/21,monte patria,Violencia,Rural,9.0,Media,42.0,TMP-001,,609564
10964.0,2025/05/04,La Serena,Hurto,,10.0,baja,67.0,,,735384
10965.0,,OVALLE,Accidente,,12.0,,36.0,TMP-002,revisar,12674
10966.0,2025-08-29,OVALLE,,centro,17.0,,68.0,,dato ingresado manualmente,871334
10967.0,sin fecha,LaSerena,Robo,Centro,10.0,Alta,26.0,TMP-001,,856829
10968.0,20/10/2025,vicuna,robo,Sur,8.0,,46.0,TMP-001,sin validar,564761
,May-06-2024,Montepatria,,,15.0, Baja ,47.0,ERROR,sin validar,975476
10970.0,,Monte Patria,Accidente,NORTE,13.0,  ,57.0,ERROR,revisar,376983
10971.0,Nov-27-2025,Vicuña,,,13.0,baja,50.0,ERROR,,276888
10972.0,Feb-20-2024,Illapel,Accidente,Sur,6.0,Media,"28,0",,ok,92313
10973.0,2025-04-02,Coquimbo ,robo,Norte,11.0,Media,47.0,,dato ingresado manualmente,416436
10974.0,2025-10-24,Vicuña,Fraude,Rural,"10,0",baja,32.0,,dato ingresado manualmente,602172
10975.0,Aug-23-2024,andacollo,Accidente,,7.0,ALTA,47.0,TMP-001,,294097
10976.0,Aug-31-2024,ovalle,,Rural,10.0,baja,41.0,TMP-002,revisar,154182
,2024-11-17,coquimbo,Violencia,NORTE,9.0,Baja,38.0,,,81947
10978.0,2024/12/12,Vicuña,,Norte,6.0,,15.0,,dato ingresado manualmente,457471
10979.0,Feb-22-2024,Ovalle,Fraude,Rural,2.0,Media,46.0,ERROR,,934271
10980.0,2025-06-27,coquimbo,Robo,NORTE,16.0,,29.0,,,959967
10981.0,31/10/2025,Salamanca,Hurto,Centro,11.0,baja,21.0,,ok,838122
,2025-10-19,la serena,Hurto,Norte,1.0,Baja,67.0,,ok,767826
10983.0,,Illapel,Fraude,Sur,16.0,Media,,TMP-001,,278323
10984.0,05/02/2024,Coquimbo,Accidente,,17.0,Alta,48.0,,ok,515286
10985.0,2024/11/24,Ovalle,Accidente,Norte,4.0,Alta,51.0,TMP-001,dato ingresado manualmente,282104
10986.0,12/08/2025,La Serena,,NORTE,3.0,Baja,15.0,TMP-002,,776836
10987.0,,SALAMANCA,Fraude,centro,6.0,,46.0,,sin validar,467499
10988.0,2025/06/12,OVALLE,VIOLENCIA,centro,16.0,Media,24.0,TMP-002,sin validar,651770
10989.0,2024/05/04,illapel,Violencia,Sur,5.0,Media,27.0,ERROR,sin validar,848175
10990.0,2025/08/28,Montepatria,Violencia,,6.0,Baja,nan,TMP-001,,182080
10991.0,2024/05/07,Ovalle,Violencia,centro,18.0,,30.0,ERROR,dato ingresado manualmente,749340
10992.0,2025-04-03,Coquimbo ,robo,Rural,12.0,Media,27.0,TMP-002,dato ingresado manualmente,487065
10993.0,2024/10/20,illapel,Fraude,,"12,0",baja,,,sin validar,163595
10994.0,13/05/2024,Monte Patria,,centro,10.0,Media,44.0,ERROR,ok,213344
10995.0,24/04/2025,Coquimbo ,robo,Centro,1.0,,63.0,,revisar,196591
10996.0,25/05/2024,vicuna,Fraude,,2.0,,58.0,,ok,825409
10997.0,Dec-02-2024,La Serena,Hurto,Rural,7.0,Alta,61.0,TMP-002,,577573
10998.0,17/08/2025,Coquimbo ,robo,Norte,19.0,ALTA,29.0,TMP-002,dato ingresado manualmente,947843
10999.0,,la serena,Robo,Sur,"18,0",,21.0,ERROR,revisar,603240
11000.0,2024/07/13,SALAMANCA, Fraude ,Norte,12.0,Alta,45.0,ERROR,,886846
11001.0,2025-10-03,monte patria,Violencia,centro,,Alta,18.0,ERROR,,987352
11002.0,13/04/2025,vicuña,Violencia,  ,2.0,,45.0,,,149057
11003.0,2024/05/19,OVALLE,Hurto,centro,19.0,,67.0,,,631699
11004.0,2025/04/12,Montepatria,Violencia,,19.0,,64.0,,ok,82217
11005.0,sin fecha,LA SERENA,Fraude,,11.0,baja,15.0,ERROR,,120399
11006.0,Nov-15-2024,Ovalle,Robo,Sur,11.0,Baja,42.0,TMP-001,sin validar,687330
11007.0,2025-02-16,LaSerena,Robo,rural,6.0,Alta,20.0,ERROR,sin validar,469345
11008.0,2024-08-19,illapel,Robo,Centro,,Media,49.0,TMP-001,,948793
11009.0,14/05/2024,VICUÑA, Accidente ,NORTE,15.0,,45.0,TMP-002,revisar,76417
11010.0,Oct-22-2025,monte patria,,centro,10.0,baja,21.0,TMP-002,,647286
11011.0,sin fecha,Andacollo,Hurto,NORTE,5.0,ALTA,40.0,,dato ingresado manualmente,915484
11012.0,2025/04/13,La Serena,,NORTE,18.0,Alta,14.0,ERROR,,973383
11013.0,,ovalle,Violencia,centro,19.0,Baja,52.0,TMP-001,dato ingresado manualmente,714768
11014.0,Mar-31-2025,andacollo,Violencia,Sur,13.0,ALTA,58.0,,ok,876707
11015.0,Apr-16-2024,LaSerena,Violencia,,5.0,Baja,41.0,ERROR,revisar,697053
11016.0,Jul-24-2024,Vicuña,robo, Norte ,5.0,,25.0,,revisar,24304
11017.0,2024-02-01,LA SERENA,Fraude,centro,10.0,baja,41.0,TMP-002,revisar,661786
11018.0,2025/02/07,Andacollo,robo,Rural,6.0,ALTA,39.0,TMP-002,revisar,668795
11019.0,,Montepatria,Hurto,Centro,5.0,Alta,17.0,TMP-002,ok,117355
11020.0,2025/01/20,OVALLE,Violencia,Sur,12.0,,21.0,TMP-002,ok,803286
11021.0,,la serena,Violencia,NORTE,6.0,baja,64.0,,,961095
,Dec-18-2025,andacollo,,Norte,7.0,ALTA,27.0,ERROR,dato ingresado manualmente,481880
11023.0,2024/06/26,LA SERENA,Accidente,NORTE,8.0,Media,"19,0",,sin validar,173636
11024.0,Sep-07-2025,SALAMANCA,Violencia,Rural,2.0,Media,27.0,,,814929
11025.0,Nov-21-2024,Monte Patria,robo,,3.0,,67.0,,,89776
11026.0,,COQUIMBO,robo,,11.0,Alta,62.0,,dato ingresado manualmente,973638
11027.0,May-24-2025,OVALLE,,Rural,14.0,ALTA,,,revisar,255267
11028.0,07/02/2024,VICUÑA,robo,,2.0,Alta,17.0,,ok,686959
11029.0,2024-07-17,Coquimbo,Hurto,Centro,1.0,Alta,63.0,TMP-001,,828428
11030.0,2025/06/25,OVALLE,Violencia,centro,8.0,media,15.0,,sin validar,371589
11031.0,12/11/2024,COQUIMBO,Robo,Norte,16.0,ALTA,52.0,TMP-002,revisar,826479
11032.0,,La Serena,robo,Sur,11.0,Alta,65.0,,ok,10638
11033.0,2024/12/04,Vicuña,,Rural,16.0,Media,42.0,,ok,305810
11034.0,02/01/2025,la serena,Accidente,NORTE,19.0,Baja,67.0,TMP-002,,267233
11035.0,23/07/2025,SALAMANCA,robo,Centro,11.0,,68.0,,,237765
11036.0,2024-06-23,OVALLE,Robo,NORTE,18.0,,38.0,,ok,792269
11037.0,2024/10/29,Serena,Accidente,centro,17.0,Baja,23.0,,,768898
11038.0,13/07/2025,monte patria,Robo,NORTE,16.0,baja,54.0,TMP-002,dato ingresado manualmente,988577
11039.0,Sep-27-2024,ovalle,Accidente,Norte,1.0,Media,32.0,TMP-001,revisar,363291
11040.0,23/02/2024, vicuna ,robo,Rural,14.0,baja,"25,0",,,181983
11041.0,05/11/2025,la serena,,Sur,,ALTA,,TMP-001,revisar,742577
11042.0,2025/04/18,VICUÑA,Hurto,,1.0,Baja,27.0,TMP-002,revisar,290050
11043.0,2025-05-22,Serena,,centro,7.0,baja,47.0,TMP-001,,767850
11044.0,2025-11-28,vicuna,Hurto,Sur,13.0,ALTA,69.0,ERROR,ok,228906
11045.0,2024-05-10,Vicuña,,Rural,2.0,BAJA,18.0,,sin validar,111577
11046.0,2025-03-10,VICUÑA,robo,,4.0,Media,59.0,TMP-001,ok,781179
11047.0,2024-03-21,LA SERENA,Accidente,Sur,10.0,baja,67.0,,sin validar,813897
11048.0,2024-09-05,Serena,Violencia,centro,1.0,Alta,48.0,TMP-001,ok,81465
11049.0,2024/01/09,COQUIMBO,,,19.0,Baja,"49,0",TMP-002,,353476
11050.0,04/05/2025,Illapel,Fraude,Norte,8.0,Alta,"35,0",TMP-001,revisar,565480
11051.0,03/10/2025,Vicuña,Robo,,"8,0",Baja,22.0,TMP-002,,751049
11052.0,2025/01/23,Andacollo,Hurto,centro,5.0,Alta,23.0,,ok,393609
11053.0,Sep-22-2025,coquimbo,,Sur,"2,0",Media,59.0,TMP-002,ok,154317
11054.0,2025/08/24,Illapel,,Sur,4.0,Alta,57.0,ERROR,ok,825362
11055.0,2025/05/20,LaSerena,robo,Centro,16.0,Alta,28.0,,ok,163697
11056.0,16/01/2024,OVALLE,,centro,0.0,baja,29.0,TMP-002,sin validar,843778
11057.0,2024/08/29,Salamanca,robo,Centro,13.0,Baja,61.0,ERROR,,541030
,,la serena,Violencia,Sur,"6,0",baja,47.0,TMP-001,sin validar,579515
11059.0,2025/12/13,coquimbo,robo,NORTE,12.0,Baja,38.0,TMP-002,ok,593899
11060.0,2024-09-23,illapel,Accidente,Sur,10.0,Media,63.0,ERROR,,23308
11061.0,,Vicuña,,NORTE,"9,0",Alta,17.0,ERROR,sin validar,2200
11062.0,2025/05/27,COQUIMBO,,Norte,11.0,,48.0,ERROR,dato ingresado manualmente,611221
11063.0,19/02/2024,LA SERENA,Fraude,centro,3.0,ALTA,66.0,TMP-001,dato ingresado manualmente,545948
11064.0,Mar-06-2024,monte patria,FRAUDE,Sur,7.0,Baja,"21,0",TMP-001,,186678
11065.0,24/02/2025,COQUIMBO,Violencia,NORTE,"18,0",,22.0,,,599927
11066.0,26/06/2024,Serena,Accidente,norte,4.0,baja,19.0,TMP-002,ok,477645
11067.0,2024-03-26,andacollo,Hurto,Sur,14.0,Baja,24.0,,ok,925784
11068.0,2024-07-23,SALAMANCA,robo,centro,17.0,ALTA,62.0,TMP-002,,581374
11069.0,19/11/2024,coquimbo,robo,,1.0,Alta,67.0,TMP-002,,824978
11070.0,2024/05/03,la serena,Violencia,Norte,11.0,ALTA,54.0,,,281731
,sin fecha,andacollo,Accidente,,19.0, Alta ,69.0,ERROR,dato ingresado manualmente,237346
11072.0,,Ovalle,robo,Centro,6.0,Baja,56.0,,dato ingresado manualmente,112609
11073.0,2024/09/07,Illapel,Accidente,Norte,18.0,baja,33.0,,ok,174899
11074.0,15/05/2024,Montepatria,VIOLENCIA,Rural,"16,0",Media,38.0,TMP-002,sin validar,991003
,2024-03-10,vicuna,,Sur,18.0,ALTA,69.0,,revisar,863387
11076.0,,COQUIMBO,Robo,,12.0,Alta,40.0,TMP-001,ok,405974
11077.0,18/10/2024,Salamanca,,NORTE,7.0,MEDIA,61.0,,dato ingresado manualmente,96006
11078.0,2025/04/23,la serena,Fraude,,17.0,ALTA,47.0,TMP-001,sin validar,292097
11079.0,2024/03/22,Coquimbo,Violencia,centro,7.0,baja,"66,0",TMP-002,dato ingresado manualmente,420225
11080.0,2025/06/26,la serena,Violencia,Norte,6.0,Alta,65.0,,sin validar,527349
,Jul-13-2025,LA SERENA,robo,Norte,9.0,Alta,66.0,TMP-001,sin validar,212018
11082.0,Apr-04-2024,COQUIMBO,Robo,Rural,19.0,,nan,,,727916
11083.0,2024/04/15,la serena,Hurto,Norte,13.0,baja,59.0,ERROR,,43618
11084.0,2025/05/23,vicuna,,Centro,19.0,Baja,20.0,ERROR,sin validar,920728
11085.0,2024-03-08,vicuna,Accidente,Centro,5.0,,37.0,TMP-002,,751783
11086.0,09/08/2025,Coquimbo,Violencia,Centro,14.0,,28.0,,dato ingresado manualmente,165174
11087.0,2025-09-16,VICUÑA,robo,centro,,Baja,34.0,TMP-002,dato ingresado manualmente,281287
11088.0,2024/11/20, Vicuña ,Accidente,NORTE,"6,0",Baja,-1.0,ERROR,sin validar,725951
11089.0,2025/06/23,coquimbo,robo,Sur,7.0,baja,65.0,,dato ingresado manualmente,253347
11090.0,Nov-08-2025,Montepatria,robo,,12.0,baja,42.0,,ok,584470
11091.0,25/04/2024,LaSerena,Fraude,Centro,4.0,,26.0,,dato ingresado manualmente,236635
11092.0,, Salamanca ,,Sur,13.0,Baja,48.0,TMP-002,,833599
11093.0,,Serena,robo,Sur,5.0,ALTA,32.0,TMP-002,sin validar,106026
11094.0,2025-03-01,OVALLE,Robo,,6.0,Baja,"45,0",,,990635
11095.0,,vicuna,,Norte,12.0,baja,16.0,,sin validar,924603
11096.0,2024-03-05,Ovalle,robo,Rural,12.0,Alta,"62,0",TMP-002,,239880
11097.0,2025-06-14,la serena,robo,Rural,7.0,ALTA,18.0,,,389279
11098.0,sin fecha,vicuna,Fraude,Rural,10.0,Media,54.0,TMP-002,ok,441033
11099.0,2025/09/16,andacollo,Robo,Centro,10.0,,24.0,TMP-002,sin validar,930328
11100.0,04/03/2024,la serena,Hurto,Rural,15.0,,36.0,ERROR,ok,884557
11101.0,Nov-20-2025,Ovalle,Robo,Rural,12.0,,"61,0",TMP-001,sin validar,873872
11102.0,2024-05-12,andacollo,robo,NORTE,4.0,,58.0,TMP-001,ok,15717
11103.0,2025-01-04,VICUÑA,ROBO,centro,-3.0,,21.0,,,146019
11104.0,23/05/2025,La Serena,Hurto,,8.0,baja,24.0,TMP-001,ok,128803
11105.0,,Coquimbo,Violencia,NORTE,"16,0",Baja,62.0,,revisar,236250
11106.0,sin fecha,LA SERENA,robo,NORTE,16.0,ALTA,33.0,,ok,570308
11107.0,,coquimbo,Accidente,Sur,15.0,Alta,25.0,,ok,698626
11108.0,Sep-01-2024,Vicuña,ROBO,centro,12.0,Baja,68.0,,dato ingresado manualmente,182672
11109.0,2025/12/28,ovalle,robo,,,Media,51.0,TMP-002,,22554
11110.0,2024/09/13, coquimbo ,Robo,Sur,15.0,Alta,56.0,TMP-001,sin validar,59008
11111.0,,la serena,Fraude,Rural,11.0,Alta,21.0,TMP-002,,181991
11112.0,2025-02-06,la serena,Robo,centro,18.0,baja,50.0,TMP-001,,937898
11113.0,,Montepatria,Fraude,NORTE,19.0,Media,26.0,TMP-002,revisar,808120
11114.0,2025/07/04,COQUIMBO,Hurto,norte,8.0,alta,57.0,TMP-001,revisar,56247
11115.0,2024/05/08,illapel,Accidente,CENTRO,15.0,ALTA,53.0,,dato ingresado manualmente,532033
11116.0,02/03/2025,Ovalle,Accidente,Centro,8.0,ALTA,50.0,ERROR,dato ingresado manualmente,841812
11117.0,2025-02-21,Salamanca,Violencia,Norte,13.0,Alta,50.0,TMP-001,ok,318297
11118.0,13/05/2024,LaSerena,Fraude,Sur,"19,0",,38.0,TMP-002,sin validar,445536
11119.0,10/03/2024,coquimbo,,Norte,13.0,Media,25.0,TMP-002,sin validar,510390
11120.0,May-05-2025,LA SERENA,Violencia,Sur,12.0,Alta,67.0,TMP-001,dato ingresado manualmente,72415
11121.0,sin fecha,Illapel,robo,Centro,11.0, ALTA ,56.0,ERROR,,153813
11122.0,27/07/2024,Ovalle,Accidente,Sur,"15,0",Baja,51.0,,dato ingresado manualmente,117310
11123.0,2024/01/09,COQUIMBO,,,1.0,ALTA,33.0,,,750792
,,Coquimbo ,Fraude,Rural,16.0,baja,66.0,,dato ingresado manualmente,457738
11125.0,2025-09-25,LA SERENA,Hurto,,"4,0",,68.0,,sin validar,500718
11126.0,23/08/2025,monte patria,Violencia,Rural,15.0,Media,28.0,ERROR,,531381
11127.0,26/03/2025,illapel,Fraude,centro,12.0,Alta,24.0,TMP-002,dato ingresado manualmente,387100
11128.0,Aug-01-2024,ovalle,Fraude,Centro,4.0,Baja,37.0,TMP-001,,72809
11129.0,2025-05-14,VICUÑA,,Rural,6.0,ALTA,22.0,,,481724
11130.0,2025/06/24,vicuna,Accidente,Sur,17.0,Alta,36.0,TMP-002,revisar,373071
11131.0,2025/12/01,illapel,Hurto,Rural,2.0,Media,23.0,,ok,124154
11132.0,2025/08/18,Montepatria,,Sur,9.0,Media,,TMP-001,ok,256047
,May-06-2025,Illapel,Accidente,,2.0,,25.0,ERROR,revisar,334750
11134.0,2024-05-10,Monte Patria,Hurto,Centro,13.0,baja,44.0,,revisar,35228
11135.0,2024/07/24,SALAMANCA,Fraude,centro,6.0,baja,33.0,TMP-002,ok,330280
11136.0,sin fecha, vicuna ,Fraude,centro,16.0,,50.0,,sin validar,446065
11137.0,2024/05/24,COQUIMBO,Hurto,Centro,3.0,ALTA,67.0,,revisar,223181
11138.0,2024/01/26,COQUIMBO,Accidente,Norte,4.0,Media,58.0,ERROR,revisar,488957
11139.0,2024-05-18,Coquimbo,,Norte,4.0,Alta,27.0,TMP-002,,695448
11140.0,2025/01/08,vicuna,Hurto,Sur,10.0,Media,69.0,TMP-002,sin validar,698540
11141.0,28/11/2025,Illapel,Fraude,,"1,0",Alta,62.0,,,604237
11142.0,2024/09/14,Salamanca,Accidente,NORTE,10.0,ALTA,57.0,TMP-001,dato ingresado manualmente,924807
11143.0,2025-01-19,Vicuña,Violencia,Rural,5.0,,,ERROR,,173890
11144.0,2025/11/05,Montepatria,Accidente,Centro,18.0,,60.0,,,631593
11145.0,05/03/2024,VICUÑA,,Sur,8.0,Alta,39.0,,ok,186735
,15/12/2025,vicuna,,centro,17.0,Media,35.0,,,788252
11147.0,Apr-19-2025,vicuna,robo,Centro,10.0,ALTA,57.0,TMP-002,ok,951206
11148.0,2024/05/23,la serena,robo,Norte,"9,0",ALTA,27.0,TMP-001,ok,808890
11149.0,Nov-17-2025,Salamanca, Fraude ,,3.0,ALTA,18.0,TMP-002,,297451
11150.0,2025-04-15,la serena,Fraude,,9.0,ALTA,28.0,ERROR,,339733
11151.0,Aug-03-2024,Coquimbo ,robo,Norte,7.0,ALTA,31.0,TMP-001,revisar,177875
11152.0,Jul-12-2025, la serena ,,Rural,5.0,,34.0,TMP-002,revisar,335362
11153.0,,La Serena,Fraude,,4.0,Media,61.0,TMP-002,,587513
11154.0,,Illapel,Accidente,Centro,16.0,Media,67.0,,dato ingresado manualmente,942697
11155.0,16/05/2025,monte patria,,Rural,15.0,,45.0,ERROR,ok,742948
11156.0,28/12/2025,ILLAPEL,Hurto,Rural,5.0,Media,59.0,,,674317
11157.0,09/01/2024,Andacollo, Accidente ,Sur,7.0,baja,38.0,,,33375
11158.0,20/12/2024,LaSerena,Accidente,centro,17.0,Baja,20.0,TMP-001,,467160
11159.0,May-02-2025,andacollo,Robo,,13.0,,60.0,TMP-001,,533628
11160.0,,monte patria,Hurto,Centro,18.0,Media,43.0,TMP-001,dato ingresado manualmente,434532
11161.0,,montepatria,,Centro,14.0,Media,59.0,TMP-001,ok,536689
11162.0,Apr-27-2024,Serena,robo,Sur,10.0,,67.0,TMP-001,revisar,230157
11163.0,2024/08/06,Coquimbo,Violencia,NORTE,19.0,baja,61.0,ERROR,dato ingresado manualmente,933223
11164.0,07/06/2025,LaSerena,robo,Sur,8.0,,22.0,TMP-001,ok,151828
11165.0,2025/11/24,Monte Patria,,Norte,11.0,Baja,40.0,,,719730
11166.0,12/03/2024,COQUIMBO,Hurto,Centro,19.0,ALTA,21.0,TMP-002,ok,635274
11167.0,18/07/2024,illapel,Hurto,,2.0,Alta,41.0,ERROR,dato ingresado manualmente,826552
11168.0,2024-04-05,ovalle,Accidente,NORTE,1.0,,60.0,TMP-001,,468723
11169.0,2025/06/24,Vicuña,Fraude,Sur,4.0,,57.0,ERROR,revisar,653395
11170.0,,Coquimbo ,Fraude,NORTE,7.0,ALTA,23.0,,dato ingresado manualmente,430070
11171.0,Apr-23-2024,Andacollo,Hurto,,"18,0",Alta,15.0,ERROR,,758417
11172.0,12/02/2024,andacollo,Accidente,NORTE,6.0,,60.0,,,810104
11173.0,sin fecha,LA SERENA,Accidente,NORTE,8.0,baja,19.0,,,171643
11174.0,Oct-11-2024,Ovalle,Hurto,Sur,9.0,Baja,46.0,ERROR,dato ingresado manualmente,43370
11175.0,29/07/2024,coquimbo,Accidente,NORTE,18.0,ALTA,23.0,,ok,94357
11176.0,2024-02-20,Andacollo,,Norte,16.0,Baja,43.0,,,932537
11177.0,Apr-18-2025, Vicuña ,Robo,Centro,14.0,ALTA,53.0,ERROR,sin validar,640471
11178.0,Sep-04-2025,ovalle,Robo,,-3.0,baja,50.0,,sin validar,133389
11179.0,2025-07-12,Vicuña,Violencia,centro,5.0,ALTA,24.0,ERROR,revisar,103950
11180.0,2024/02/10,LA SERENA,Robo,NORTE,17.0,baja,40.0,TMP-001,ok,527535
11181.0,2025-12-31,Serena,Robo, Sur ,1.0,Alta,37.0,ERROR,ok,693820
,,vicuna,,Rural,14.0,ALTA,29.0,ERROR,ok,377478
11183.0,2025/01/07,VICUÑA,Hurto,NORTE,6.0,baja,36.0,TMP-001,sin validar,826815
11184.0,Dec-20-2024,vicuna,Robo,Rural,18.0,Media,54.0,,,828373
,2024-11-23,Vicuña,,NORTE,18.0,ALTA,43.0,,,91416
11186.0,04/09/2024,OVALLE,Fraude,,"15,0",ALTA,45.0,,revisar,873621
11187.0,2025-05-18,Salamanca,robo,,19.0,ALTA,29.0,,ok,877224
11188.0,Apr-30-2024,Monte Patria,,Norte,7.0,baja,46.0,ERROR,sin validar,497425
11189.0,05/07/2025,Coquimbo,,centro,18.0,Baja,32.0,TMP-001,sin validar,651615
11190.0,2024/03/25,Salamanca,robo,,4.0,baja,50.0,,revisar,9216
11191.0,,Monte Patria,Robo,rural,16.0,ALTA,64.0,TMP-001,ok,603398
11192.0,2025-07-12,vicuna,Hurto,Norte,19.0,,19.0,,revisar,618429
11193.0,27/07/2024,la serena,Accidente,Centro,10.0,Alta,34.0,TMP-001,,518483
11194.0,2025-02-21,LA SERENA,,centro,3.0,,17.0,TMP-002,,367255
11195.0,Mar-06-2024,ovalle,robo,Sur,11.0,,51.0,,ok,987770
11196.0,2025/04/17,Illapel,robo,Norte,9.0,,43.0,TMP-002,sin validar,89088
11197.0,,LaSerena,robo,,3.0,ALTA,60.0,ERROR,revisar,539791
11198.0,,Montepatria,ROBO,Sur,5.0,,46.0,TMP-002,ok,692428
11199.0,May-09-2025,LaSerena,robo,Norte,17.0,ALTA,64.0,TMP-002,dato ingresado manualmente,738123
11200.0,22/02/2025,VICUÑA,ACCIDENTE,Norte,13.0,Baja,50.0,TMP-002,sin validar,354541
11201.0,2024-09-22,Illapel,Violencia,Sur,10.0,baja,23.0,,,846733
11202.0,2024/09/11,LA SERENA,Accidente,Rural,13.0,ALTA,62.0,,sin validar,470098
11203.0,2024/11/03,Monte Patria,robo,centro,7.0,Baja,56.0,,ok,554990
11204.0,Jun-10-2025,la serena,robo,NORTE,7.0,,66.0,TMP-001,,969486
11205.0,30/07/2024,Monte Patria,,Norte,8.0,,47.0,,dato ingresado manualmente,370776
11206.0,Apr-08-2025,monte patria,Hurto,centro,19.0,Media,43.0,TMP-002,ok,456878
11207.0,2025/12/20,Vicuña,Hurto,,17.0,Media,14.0,,sin validar,838419
11208.0,29/07/2024,LA SERENA,Accidente,Rural,5.0,Media,61.0,TMP-002,,290992
11209.0,2025/07/05,SALAMANCA,Robo,,15.0,Media,69.0,ERROR,dato ingresado manualmente,773906
11210.0,2024-02-29,la serena,,,"10,0",ALTA,40.0,,revisar,811681
11211.0,2024/10/25,VICUÑA,,,16.0,baja,69.0,,sin validar,833918
11212.0,,Montepatria,robo,,1.0,Media,19.0,TMP-002,revisar,414691
11213.0,,SALAMANCA,Robo,Sur,1.0,ALTA,,TMP-001,,846229
11214.0,,SALAMANCA, Accidente ,NORTE,2.0,baja,65.0,,revisar,822923
11215.0,2024/10/22,ovalle,robo,Centro,14.0,ALTA,"22,0",,,323431
11216.0,2024/12/04,SALAMANCA,,Rural,5.0,baja,18.0,TMP-001,dato ingresado manualmente,47543
11217.0,14/04/2024,illapel, robo ,Centro,1.0,baja,28.0,ERROR,sin validar,272160
11218.0,2025/01/16,Coquimbo,,,2.0,Media,51.0,ERROR,revisar,192611
11219.0,,OVALLE,Hurto,Centro,17.0,Baja,19.0,ERROR,revisar,452415
11220.0,26/03/2025,SALAMANCA,Robo,centro,9.0,Media,34.0,,sin validar,581419
11221.0,25/05/2024, Serena ,Accidente,centro,1.0,,69.0,ERROR,dato ingresado manualmente,339415
11222.0,30/03/2024,Illapel,Hurto,Centro,15.0,Alta,14.0,TMP-002,,200740
11223.0,Apr-06-2024,La Serena,Hurto,,6.0,baja,51.0,TMP-001,revisar,102827
11224.0,Apr-10-2024,Coquimbo,robo,Centro,8.0,,44.0,ERROR,,614285
11225.0,Aug-06-2025,LaSerena,,Norte,13.0,Media,55.0,TMP-001,dato ingresado manualmente,273905
11226.0,2024-06-03,Serena,Fraude,,12.0,Alta,22.0,TMP-001,ok,515478
11227.0,20/06/2025,VICUÑA,Robo,centro,12.0,baja,14.0,TMP-001,revisar,789409
11228.0,17/01/2024,COQUIMBO,Accidente,Rural,9.0,Alta,33.0,TMP-002,,481036
11229.0,sin fecha,Coquimbo ,Accidente,Norte,10.0,ALTA,53.0,,dato ingresado manualmente,973122
11230.0,2025-02-03,Coquimbo,Violencia,Centro,12.0,Media,63.0,TMP-001,revisar,454701
11231.0,16/04/2025,Coquimbo,,Centro,19.0, nan ,29.0,TMP-001,,951272
11232.0,Jul-22-2024,Illapel,Fraude,Sur,10.0,ALTA,,ERROR,revisar,634047
11233.0,sin fecha,Vicuña,,Rural,,Alta,15.0,,dato ingresado manualmente,744830
11234.0,2024/07/13,Serena,,NORTE,11.0,ALTA,45.0,,,746692
11235.0,2024/06/27,Coquimbo,Accidente,centro,10.0,,27.0,,sin validar,106749
11236.0,Dec-14-2025,LA SERENA,Robo,Norte,1.0,,15.0,ERROR,revisar,901250
11237.0,2024/05/21,Monte Patria,Violencia,centro,2.0,Alta,67.0,,,46884
11238.0,17/10/2024, VICUÑA ,,Rural,6.0,,66.0,TMP-002,,679666
11239.0,16/05/2025,vicuna,Hurto,Rural,17.0,ALTA,47.0,,ok,585145
11240.0,Sep-01-2025,ovalle,Violencia,Norte,14.0,,21.0,,,66417
11241.0,sin fecha,LA SERENA,Hurto,,14.0,Baja,26.0,,revisar,859308
11242.0,2025-09-21,vicuna,Hurto,Centro,10.0,Alta,49.0,TMP-002,sin validar,139648
11243.0,Dec-11-2024,SALAMANCA,Violencia,centro,7.0,baja,54.0,,revisar,796924
11244.0,2024/09/16,LaSerena,Fraude,Rural,1.0,baja,58.0,,sin validar,394773
11245.0,Jan-06-2025,Montepatria,Robo,NORTE,3.0,Media,18.0,TMP-002,,637175
11246.0,2025-09-21,Montepatria,Robo,centro,17.0,Alta,59.0,TMP-002,revisar,391116
11247.0,15/02/2025,OVALLE,Robo,Norte,3.0,,60.0,TMP-001,revisar,589262
11248.0,2025-11-24,Illapel,Robo,Sur,11.0,,39.0,,dato ingresado manualmente,243136
11249.0,sin fecha,andacollo,Hurto,centro,3.0,Alta,40.0,ERROR,,78883
,2025/08/08,Salamanca,,,15.0,baja,,TMP-001,sin validar,844681
11251.0,Jul-29-2025,coquimbo,Accidente,NORTE,12.0,,15.0,ERROR,revisar,149854
11252.0,2024-10-30,COQUIMBO,Violencia,NORTE,17.0,ALTA,,,sin validar,71343
11253.0,Jun-19-2024,Ovalle,Accidente,SUR,19.0,,49.0,,ok,513054
11254.0,sin fecha,Illapel,,Rural,"5,0",Media,33.0,,,249671
11255.0,2024/07/19,Coquimbo,Hurto,,4.0,,36.0,TMP-001,ok,824363
11256.0,Jan-21-2025,vicuna,Fraude,NORTE,4.0,,60.0,,dato ingresado manualmente,272104
11257.0,19/09/2024,illapel,Accidente,Rural,7.0,Baja,22.0,,,825324
11258.0,27/11/2025,andacollo,Accidente,NORTE,7.0,ALTA,34.0,,,122052
11259.0,2024-08-11,SALAMANCA,Fraude,Rural,16.0,baja,49.0,ERROR,,725084
11260.0,Mar-07-2025,Coquimbo , Hurto ,Norte,13.0,,14.0,ERROR,,388583
11261.0,2025-09-19,Montepatria,,centro,13.0,Baja,24.0,ERROR,revisar,70893
11262.0,2025/01/28,Serena,Hurto,Norte,17.0,Baja,55.0,ERROR,,479138
11263.0,2024/01/28,VICUÑA,Robo,Sur,1.0,Media,"20,0",TMP-002,revisar,354001
11264.0,2025-03-23, SALAMANCA ,robo,,19.0,Alta,38.0,ERROR,sin validar,456696
11265.0,2024-10-01,Salamanca,,Rural,"7,0",Alta,17.0,TMP-002,dato ingresado manualmente,556868
11266.0,sin fecha,Monte Patria,,Centro,13.0,ALTA,69.0,ERROR,,684091
11267.0,Jul-06-2025,Serena,robo,NORTE,14.0,Alta,14.0,ERROR,,107589
11268.0,Dec-11-2024,andacollo,,Centro,1.0,Media,23.0,,,217810
11269.0,2024/05/23,Illapel,Violencia,NORTE,18.0,baja,57.0,TMP-001,revisar,988299
11270.0,Feb-11-2024,SALAMANCA,Fraude,Rural,7.0,,69.0,,ok,938851
11271.0,2024/11/15,COQUIMBO,robo,centro,17.0,Alta,60.0,TMP-001,dato ingresado manualmente,18618
11272.0,, LaSerena ,Hurto,,17.0,ALTA,20.0,,sin validar,646591
11273.0,03/12/2024,VICUÑA,Fraude,Sur,2.0,baja,65.0,,sin validar,508046
11274.0,2024-05-10,VICUÑA,Hurto,NORTE,"8,0",Alta,18.0,,revisar,187653
11275.0,04/07/2025,COQUIMBO,Accidente,Norte,5.0,Baja,55.0,TMP-001,sin validar,27819
11276.0,May-15-2024,andacollo,robo,,1.0,Baja,58.0,TMP-002,ok,122357
11277.0,2025-01-27,Coquimbo ,Fraude,Rural,2.0,,44.0,TMP-002,sin validar,467772
11278.0,2024/03/16,ovalle,robo,Sur,-3.0,baja,59.0,,sin validar,390820
,Nov-28-2025,illapel,Fraude,Rural,18.0,,67.0,,revisar,490824
11280.0,,COQUIMBO,Accidente,NORTE,2.0,ALTA,67.0,ERROR,ok,732706
11281.0,2024/12/26,Coquimbo ,,Centro,18.0,ALTA,19.0,TMP-002,revisar,545168
11282.0,2024/03/17,Coquimbo,,Norte,11.0,,-1.0,,ok,208263
11283.0,18/11/2024,SALAMANCA,Accidente,NORTE,"4,0",ALTA,14.0,,revisar,434989
11284.0,Dec-20-2024,andacollo,robo,,17.0,baja,46.0,TMP-001,revisar,729331
11285.0,,Coquimbo,Fraude,,18.0,,22.0,ERROR,,785960
11286.0,2024/09/27,vicuna,Hurto,,"10,0",Baja,53.0,TMP-001,ok,512791
11287.0,03/05/2025,Serena,Violencia,,"1,0",,29.0,TMP-001,revisar,723290
11288.0,2024-05-27, Vicuña ,,Sur,9.0,baja,37.0,TMP-002,,168733
11289.0,26/07/2025,COQUIMBO,,Sur,2.0,baja,42.0,,ok,458647
11290.0,2025-02-22,OVALLE,Accidente,Rural,13.0,,34.0,TMP-002,revisar,685973
11291.0,,La Serena,Hurto,,16.0,,14.0,TMP-002,ok,188252
11292.0,sin fecha,Vicuña,Accidente,Centro,4.0,baja,25.0,TMP-002,sin validar,277023
11293.0,Feb-11-2025,andacollo,Hurto,NORTE,10.0,Media,28.0,TMP-002,revisar,892198
11294.0,,andacollo,,NORTE,"7,0",,65.0,TMP-001,,850514
11295.0,,La Serena,robo,Norte,2.0,,51.0,TMP-001,ok,678699
11296.0,sin fecha,Ovalle,  ,Rural,5.0,Baja,"21,0",TMP-001,sin validar,346021
11297.0,Apr-20-2025,La Serena,violencia,Centro,5.0,Baja,36.0,ERROR,sin validar,113804
11298.0,2024-01-11,Serena,Robo,Sur,7.0,Alta,35.0,TMP-001,ok,140022
11299.0,16/05/2024, LA SERENA ,,Rural,"1,0",Alta,42.0,,dato ingresado manualmente,363112
11300.0,2025/09/08,andacollo,Hurto,Sur,17.0,Media,46.0,TMP-001,sin validar,375492
11301.0,2025/08/15,Illapel,Accidente,Sur,15.0,ALTA,15.0,,ok,574530
11302.0,2025/01/08,Monte Patria,Fraude,Rural,14.0,,46.0,TMP-001,dato ingresado manualmente,646978
11303.0,30/08/2024,VICUÑA,Violencia,Centro,4.0,Media,68.0,TMP-001,ok,436950
11304.0,2025/01/31,Coquimbo,Hurto,NORTE,17.0,BAJA,24.0,ERROR,,88098
11305.0,2025/01/03,coquimbo,robo,NORTE,4.0,,51.0,,,741637
11306.0,2024/05/09,La Serena,Accidente,centro,7.0,ALTA,62.0,,revisar,317267
11307.0,sin fecha,Illapel,Violencia,Sur,9.0,Media,33.0,TMP-001,,596876
11308.0,sin fecha,coquimbo,,Sur,5.0,Baja,17.0,,ok,882815
11309.0,sin fecha,Salamanca,Violencia,centro,10.0,,48.0,TMP-002,,756591
11310.0,Feb-06-2024,Serena,Fraude,,17.0,,22.0,ERROR,,746962
11311.0,sin fecha,Montepatria,Hurto,Norte,11.0,Media,"38,0",TMP-001,dato ingresado manualmente,324890
11312.0,2024-05-03,COQUIMBO,Hurto,Centro,6.0,ALTA,54.0,ERROR,dato ingresado manualmente,362045
11313.0,Dec-20-2025,SALAMANCA,Fraude,NORTE,19.0,Alta,56.0,,,802973
11314.0,Mar-05-2024,monte patria,Fraude,Centro,11.0,Media,"31,0",ERROR,ok,374088
11315.0,sin fecha,ovalle,Hurto,CENTRO,19.0,ALTA,57.0,,ok,659004
11316.0,2024/10/13,andacollo,,Rural,2.0,Baja,20.0,TMP-001,ok,898484
11317.0,2025-06-07,Ovalle,Accidente,Sur,8.0,Baja,66.0,,,250740
11318.0,sin fecha,COQUIMBO,Robo,Norte,13.0,Baja,20.0,TMP-001,dato ingresado manualmente,217240
11319.0,11/12/2025,Salamanca, Fraude ,NORTE,,,34.0,,sin validar,514223
,2025/03/05,coquimbo,,NORTE,7.0,,50.0,,sin validar,214105
11321.0,2024-10-11,LaSerena,Hurto,SUR,14.0,,37.0,,revisar,906685
11322.0,sin fecha,Montepatria,Hurto,Rural,18.0,Baja,15.0,TMP-002,,203441
11323.0,sin fecha,SALAMANCA,,NORTE,18.0,ALTA,62.0,TMP-002,sin validar,301688
11324.0,29/07/2024,OVALLE,Violencia,Centro,"8,0",,66.0,ERROR,sin validar,140692
,2024-10-18,Montepatria,Hurto,Norte,3.0,ALTA,63.0,,dato ingresado manualmente,220385
11326.0,03/09/2025,monte patria,,Sur,19.0,Baja,17.0,TMP-001,revisar,331704
11327.0,,ovalle,Violencia,Centro,18.0,Baja,69.0,TMP-002,revisar,295532
11328.0,2025/02/26,SALAMANCA,,Sur,10.0,Media,nan,TMP-002,,504544
11329.0,Oct-24-2025,Andacollo,Fraude,Norte,12.0,,18.0,TMP-002,,455280
11330.0,sin fecha,la serena,,,1.0,,62.0,,,581322
11331.0,Dec-10-2024,Monte Patria,Violencia,NORTE,2.0,Alta,50.0,ERROR,revisar,670647
11332.0,2024-08-28,Salamanca,Accidente,,14.0,Baja,50.0,,,656823
11333.0,29/04/2025,Serena,robo,NORTE,9.0,Baja,19.0,ERROR,dato ingresado manualmente,299180
11334.0,sin fecha,LA SERENA,,,7.0,baja,17.0,,ok,628687
11335.0,2025/10/05,Coquimbo,Violencia,SUR,5.0,Media,5.0,,,698217
11336.0,Aug-12-2025,andacollo,Robo,Centro,16.0,Baja,24.0,,dato ingresado manualmente,592642
11337.0,sin fecha,Ovalle,Accidente,rural,9.0,baja,69.0,TMP-002,,587898
11338.0,,LA SERENA,Hurto,Norte,6.0,Media,16.0,,ok,482489
11339.0,2025/11/07,vicuna,Robo,Norte,12.0,Alta,68.0,,,742862
11340.0,14/09/2025,coquimbo,Fraude,,15.0,baja,58.0,,sin validar,882396
11341.0,2024-01-25,ovalle,Accidente,Sur,8.0,Baja,33.0,ERROR,sin validar,265864
11342.0,Apr-13-2025,OVALLE,,Rural,7.0,baja,63.0,,revisar,286140
11343.0,2025/05/06,Coquimbo,Violencia,Norte,11.0,ALTA,21.0,TMP-001,dato ingresado manualmente,957996
11344.0,02/08/2025,Coquimbo,Accidente,NORTE,13.0,Alta,63.0,ERROR,revisar,109658
11345.0,2025/08/28,LA SERENA,robo,NORTE,8.0,baja,15.0,,sin validar,956890
11346.0,,monte patria,Accidente,NORTE,5.0,Media,40.0,,,3491
11347.0,2025-02-11,Ovalle,,NORTE,3.0,Baja,45.0,TMP-001,,202842
11348.0,sin fecha,la serena,Robo,,9.0,Baja,63.0,ERROR,ok,910043
11349.0,09/09/2024,Vicuña,Accidente,Rural,3.0,Alta,29.0,TMP-002,,61559
11350.0,,LA SERENA,Accidente,Sur,"5,0",ALTA,37.0,TMP-002,ok,648649
11351.0,2024/03/18,ovalle,,Rural,5.0,Media,69.0,TMP-002,revisar,432600
,May-06-2025,COQUIMBO,,,16.0,baja,18.0,TMP-001,dato ingresado manualmente,783972
11353.0,17/12/2024,Coquimbo,Violencia,,7.0,ALTA,"51,0",TMP-001,,84916
11354.0,2024-07-19,vicuna,Hurto,,4.0,ALTA,55.0,TMP-001,,118581
11355.0,2025/04/04,Monte Patria,Robo,Sur,9.0,BAJA,31.0,,revisar,105852
11356.0,2024/04/03,COQUIMBO,,centro,9.0,Baja,53.0,TMP-002,sin validar,212867
11357.0,Mar-03-2025,illapel,Robo,Centro,15.0,Baja,50.0,ERROR,,164683
11358.0,sin fecha,Serena,robo,Norte,,Media,21.0,,sin validar,660467
11359.0,Nov-12-2024,vicuna,Violencia,centro,"12,0",Alta,"55,0",TMP-001,revisar,812433
11360.0,11/05/2025,LaSerena,Robo,Sur,10.0,ALTA,62.0,,dato ingresado manualmente,413155
11361.0,2024-05-24,andacollo,,,"19,0",baja,39.0,TMP-001,sin validar,605493
11362.0,2024/09/09,Coquimbo ,Robo,NORTE,17.0,baja,,ERROR,,275707
11363.0,May-09-2024,Ovalle,Violencia,Centro,13.0,baja,26.0,ERROR,,640762
11364.0,Dec-09-2025,monte patria,Violencia,Norte,4.0,ALTA,36.0,,ok,930694
11365.0,2024/07/13,illapel,,NORTE,5.0,ALTA,44.0,,dato ingresado manualmente,950853
11366.0,2025-09-28,VICUÑA,Violencia,centro,6.0,,"46,0",ERROR,,671896
11367.0,Nov-22-2025,Vicuña,Fraude,Norte,5.0,,50.0,,ok,401668
11368.0,06/10/2024,serena,Hurto,Rural,13.0,Alta,33.0,TMP-002,,985042
11369.0,2024/06/23,vicuna,Violencia,Rural,2.0,ALTA,15.0,,dato ingresado manualmente,83936
11370.0,,ovalle,Robo,centro,13.0,Baja,28.0,TMP-002,,179416
,,Vicuña,,centro,14.0,,24.0,TMP-002,ok,349053
11372.0,2025-06-04,Salamanca, Fraude ,Rural,3.0,Media,56.0,,,459672
11373.0,2024/10/16,VICUÑA, Hurto ,Norte,14.0,baja,57.0,TMP-001,sin validar,798301
,2024/02/13,LaSerena,robo,Sur,15.0,ALTA,61.0,TMP-001,dato ingresado manualmente,238840
11375.0,2024/08/18,Coquimbo,robo,centro,4.0,Baja,69.0,,sin validar,878243
11376.0,20/11/2025,Montepatria,,Norte,14.0,,61.0,ERROR,ok,954308
11377.0,2025-02-18,ovalle,Fraude,NORTE,4.0,ALTA,,ERROR,revisar,52851
11378.0,2024-05-16,SALAMANCA,,Centro,nan,,44.0,ERROR,ok,523399
11379.0,May-15-2025,COQUIMBO,robo,Sur,11.0,baja,41.0,ERROR,,669308
11380.0,Nov-12-2025,Andacollo,Fraude,Rural,14.0,Baja,15.0,,dato ingresado manualmente,46252
11381.0,Feb-14-2024,coquimbo,robo,centro,"3,0",baja,62.0,,sin validar,211363
11382.0,2024/01/31,andacollo,Hurto,,14.0,Media,41.0,,revisar,624269
11383.0,2025/06/09,Illapel,,Rural,8.0,Media,37.0,TMP-002,,586283
,2025-01-17,vicuna,robo,Rural,1.0,baja,47.0,TMP-001,ok,300142
11385.0,26/06/2024,Coquimbo,,Norte,10.0,Alta,66.0,,sin validar,183976
,2025-12-13,OVALLE,,Norte,19.0,baja,39.0,,ok,731681
11387.0,2025-11-10, Salamanca ,Fraude,centro,12.0,baja,"33,0",ERROR,dato ingresado manualmente,878835
11388.0,Sep-02-2024,Andacollo,robo,centro,13.0,ALTA,27.0,ERROR,sin validar,439013
11389.0,24/06/2024,Coquimbo ,Violencia,NORTE,14.0,ALTA,21.0,,revisar,320787
11390.0,Nov-06-2025,SALAMANCA,Fraude,,5.0,,53.0,ERROR,sin validar,910712
11391.0,2025-08-28,monte patria,Violencia,centro,2.0,Alta,56.0,,,412299
11392.0,20/12/2025,Monte Patria,,Rural,7.0,Baja,,,ok,644688
11393.0,31/05/2025,Coquimbo ,ROBO,Norte,5.0,Media,57.0,TMP-002,sin validar,630484
11394.0,08/06/2025,Andacollo,Violencia,NORTE,13.0,,14.0,,revisar,747968
11395.0,01/07/2025,MONTE PATRIA,Accidente,Centro,6.0,,36.0,,ok,482857
11396.0,14/03/2025,LA SERENA,Hurto,centro,5.0,Baja,31.0,ERROR,sin validar,362178
11397.0,Dec-04-2025,ovalle,Accidente,Rural,4.0,media,48.0,TMP-002,ok,49069
11398.0,,Coquimbo ,,,7.0,Media,20.0,ERROR,,240912
11399.0,2024-08-20,OVALLE,,Norte,13.0,baja,16.0,,sin validar,597638
11400.0,2025/09/10,coquimbo,Robo,Rural,10.0,Media,43.0,TMP-001,ok,897235
11401.0,2025/06/19,LA SERENA,robo,Rural,9.0,ALTA,26.0,,revisar,281425
11402.0,2024-08-12,Illapel,Hurto,Norte,15.0,Media,26.0,,revisar,261525
11403.0,Sep-09-2025,OVALLE,,Norte,5.0,,67.0,,revisar,229583
11404.0,2024-05-21,SALAMANCA,Violencia,Centro,4.0,ALTA,,TMP-002,,325898
11405.0,2025/03/23,La Serena,Fraude,NORTE,nan,Alta,35.0,,ok,634848
11406.0,12/07/2024,COQUIMBO,Accidente,NORTE,14.0,Alta,51.0,ERROR,,95355
11407.0,2025-01-14,VICUÑA,robo,Rural,5.0,Baja,25.0,TMP-001,,151185
11408.0,12/03/2024,la serena,Accidente,centro,"15,0",ALTA,17.0,TMP-001,ok,929436
11409.0,Jul-11-2025,SALAMANCA,Hurto,centro,19.0,BAJA,48.0,ERROR,ok,888058
11410.0,,coquimbo,Violencia,Norte,9.0,,63.0,,dato ingresado manualmente,938069
11411.0,sin fecha,OVALLE,Hurto,,1.0,,19.0,,ok,61344
11412.0,2025-01-22,Salamanca,Robo,,16.0,Alta,52.0,TMP-002,,205005
11413.0,sin fecha,Coquimbo ,Violencia,NORTE,,Baja,"38,0",,revisar,867947
11414.0,2025-09-05,Ovalle,Fraude,Sur,14.0,ALTA,34.0,ERROR,dato ingresado manualmente,25310
11415.0,2025/04/01,Illapel,,Sur,,,47.0,TMP-001,,509333
11416.0,,Monte Patria,Fraude,NORTE,10.0,,69.0,TMP-001,sin validar,815896
11417.0,2024-07-09,Coquimbo ,ROBO,,7.0,ALTA,,,dato ingresado manualmente,138674
11418.0,,OVALLE,,,19.0,Alta,66.0,ERROR,revisar,715281
11419.0,2025/02/06,SALAMANCA,,Centro,12.0,baja,66.0,TMP-002,,73938
11420.0,2024/11/22,Serena,Fraude,norte,1.0,Baja,36.0,ERROR,revisar,29254
11421.0,,ANDACOLLO,Accidente,centro,18.0,Baja,59.0,,dato ingresado manualmente,532897
11422.0,01/04/2024,la serena,Accidente,,3.0,Baja,36.0,TMP-002,dato ingresado manualmente,370598
11423.0,27/06/2025,monte patria,Hurto,centro,9.0,Alta,46.0,,dato ingresado manualmente,121861
11424.0,29/04/2025,vicuna,Accidente,Rural,12.0,baja,64.0,,sin validar,838631
11425.0,18/11/2025,LaSerena,,,,baja,32.0,TMP-001,dato ingresado manualmente,111107
11426.0,2025-12-18,andacollo,Violencia,Norte,"12,0",Alta,67.0,TMP-001,revisar,426943
11427.0,2024-01-18,la serena,Accidente,,13.0,,"22,0",,dato ingresado manualmente,396178
11428.0,2024/01/26,vicuna,robo,Rural,9.0,,58.0,,dato ingresado manualmente,912124
11429.0,2025/04/06,Montepatria,robo,Norte,8.0,baja,56.0,TMP-001,ok,588036
11430.0,,Illapel,Robo,,17.0, baja ,35.0,TMP-001,dato ingresado manualmente,204850
11431.0,2024/09/12,coquimbo,,Sur,1.0,baja,19.0,,,688047
11432.0,10/01/2025,ovalle,Robo,,4.0,Baja,36.0,,sin validar,139843
11433.0,2025/04/26,monte patria,robo,Rural,19.0,ALTA,62.0,,,907968
11434.0,Aug-04-2025,Andacollo,,Rural,7.0,ALTA,52.0,,sin validar,17327
11435.0,sin fecha,salamanca,Violencia,Centro,9.0,Baja,19.0,,sin validar,558101
11436.0,2025-07-13,COQUIMBO,,,11.0,Media,40.0,TMP-002,,239201
11437.0,Oct-30-2024,LaSerena,Fraude,Sur,13.0,Baja,38.0,,dato ingresado manualmente,998130
11438.0,2025-01-11,andacollo,Accidente,Sur,"17,0",baja,"50,0",TMP-002,,488132
11439.0,2025-03-05,vicuna,Fraude,Centro,7.0,Alta,28.0,TMP-001,revisar,251718
11440.0,2024/03/09,coquimbo,Accidente,Rural,"4,0",,26.0,ERROR,sin validar,862778
11441.0,sin fecha,monte patria,Hurto,Sur,3.0,baja,21.0,ERROR,ok,298138
11442.0,2024/02/16,Montepatria,Fraude,Norte,7.0,Baja,20.0,,dato ingresado manualmente,208433
11443.0,27/01/2025,Salamanca,,Rural,4.0,Media,18.0,,,414194
11444.0,Nov-01-2025,vicuna,Fraude,,2.0,ALTA,63.0,,,480230
11445.0,Nov-27-2024,Illapel,Violencia, Norte ,1.0,Alta,43.0,,,431143
11446.0,,LaSerena,Hurto,Norte,7.0,baja,21.0,ERROR,revisar,5097
11447.0,2024/03/21,andacollo,Robo,Rural,15.0,baja,44.0,ERROR,dato ingresado manualmente,153020
11448.0,2025-07-29,illapel,,Norte,14.0,,31.0,,dato ingresado manualmente,112967
11449.0,2024/11/19,La Serena,Violencia,Sur,5.0,ALTA,21.0,ERROR,ok,302143
11450.0,Oct-08-2024,Montepatria,Accidente,,9.0,,42.0,,revisar,181764
11451.0,25/10/2024,COQUIMBO,Robo,Norte,9.0,ALTA,47.0,TMP-001,dato ingresado manualmente,996133
11452.0,sin fecha,vicuña,Accidente,NORTE,6.0,ALTA,29.0,,revisar,362898
11453.0,2024-11-19,Andacollo,Hurto,NORTE,5.0,baja,68.0,,dato ingresado manualmente,449745
11454.0,Oct-20-2024,la serena,Accidente,Centro,500.0,ALTA,16.0,,,527939
11455.0,19/03/2024,Salamanca,Fraude,Rural,6.0,,31.0,ERROR,revisar,576407
11456.0,Apr-25-2024,coquimbo,robo,centro,8.0,Alta,65.0,TMP-002,ok,235732
11457.0,2024-11-10,la serena,Violencia,Sur,,Alta,23.0,TMP-001,ok,826341
11458.0,2025-01-03,Coquimbo ,Hurto,Sur,6.0,baja,"30,0",TMP-002,,705819
11459.0,2024/07/26,Monte Patria,,NORTE,15.0,baja,38.0,,,727687
11460.0,2024-02-16,VICUÑA,Accidente,,19.0,baja,65.0,TMP-001,,878513
11461.0,2024/06/19,Serena,ROBO,centro,16.0,ALTA,27.0,,,668448
11462.0,sin fecha,monte patria,Robo,Sur,2.0,baja,49.0,TMP-002,,94770
11463.0,sin fecha,coquimbo,Violencia,Norte,,baja,27.0,,,253869
11464.0,2024/02/04,Serena,Violencia,NORTE,1.0,Baja,21.0,ERROR,ok,591424
11465.0,18/02/2025,Monte Patria,Violencia,Sur,18.0,NAN,36.0,TMP-001,dato ingresado manualmente,426656
11466.0,2024-08-06,monte patria,Violencia,NORTE,2.0, Alta ,29.0,ERROR,,370860
11467.0,10/01/2024,Andacollo,,Sur,6.0,Baja,46.0,ERROR,sin validar,414496
11468.0,2025/04/08,andacollo,Violencia,Sur,3.0,baja,50.0,TMP-002,dato ingresado manualmente,712181
11469.0,Dec-30-2025,COQUIMBO,,,12.0,baja,"33,0",TMP-002,,98566
11470.0,09/12/2024,salamanca,Robo,Norte,2.0,Media,51.0,TMP-002,revisar,317504
11471.0,24/02/2025,Salamanca,Accidente,,18.0,,16.0,ERROR,dato ingresado manualmente,235417
11472.0,26/02/2024,Coquimbo,Accidente,,5.0,ALTA,37.0,TMP-002,,679129
11473.0,Nov-04-2024,ovalle,robo,centro,"5,0",Alta,29.0,TMP-001,,556459
11474.0,Aug-19-2025, Andacollo ,robo,centro,10.0,,63.0,ERROR,dato ingresado manualmente,350591
11475.0,21/01/2024,Salamanca,,centro,500.0,Baja,39.0,TMP-002,revisar,710365
11476.0,2024-01-05,Illapel,,Sur,16.0,ALTA,64.0,,dato ingresado manualmente,523358
11477.0,21/08/2024,Salamanca,Fraude,NORTE,5.0,Media,18.0,TMP-001,,360419
11478.0,2025/03/13,La Serena,Fraude,  ,18.0,baja,16.0,TMP-002,sin validar,997491
11479.0,2024-07-03,monte patria,,Norte,,Alta,46.0,,sin validar,790182
11480.0,2025/09/08,la serena,Accidente,Sur,12.0,baja,68.0,TMP-002,sin validar,544614
11481.0,Jul-06-2024,Monte Patria,Accidente,Rural,7.0,ALTA,23.0,TMP-001,ok,961875
11482.0,2024/02/10,Monte Patria,Accidente,Centro,"6,0",Alta,55.0,,revisar,92150
11483.0,24/11/2024,Coquimbo ,Accidente,,6.0,Alta,19.0,ERROR,,564532
11484.0,Feb-19-2024,VICUÑA,robo,centro,11.0,nan,21.0,ERROR,ok,370570
11485.0,2025/11/01,Salamanca,fraude,centro,2.0,Media,45.0,,ok,232954
11486.0,,ovalle,Fraude, Centro ,9.0,,36.0,,,548584
11487.0,Jul-19-2024,coquimbo,Fraude,centro,15.0,alta,25.0,TMP-001,dato ingresado manualmente,597175
11488.0,2025-03-01,Vicuña,,Centro,9.0,ALTA,14.0,ERROR,sin validar,532655
11489.0,Jul-31-2025,Vicuña,Violencia,,"13,0",Baja,60.0,,revisar,399708
11490.0,22/01/2024,COQUIMBO,Fraude,Rural,11.0,Baja,44.0,,ok,9177
11491.0,Sep-16-2025,Coquimbo ,Hurto,centro,0.0,,62.0,TMP-001,,556704
11492.0,06/11/2024,OVALLE,Fraude,,16.0,Baja,60.0,ERROR,sin validar,258416
11493.0,Oct-13-2025,Illapel,robo,Centro,"11,0",Baja,34.0,TMP-002,sin validar,68518
11494.0,18/06/2025,coquimbo,Fraude,Rural,1.0,ALTA,,TMP-001,dato ingresado manualmente,752312
11495.0,2025/01/21,Andacollo,Violencia,rural,4.0,,66.0,,revisar,899325
11496.0,Apr-30-2024,la serena,Violencia,NORTE,14.0,Alta,24.0,ERROR,ok,255612
11497.0,,illapel,Violencia,Centro,12.0,,29.0,,,192534
11498.0,27/09/2024,Monte Patria,Robo,,4.0,Alta,68.0,TMP-001,dato ingresado manualmente,224820
11499.0,2025/11/04,La Serena,,Rural,11.0, ALTA ,44.0,,dato ingresado manualmente,748375
11500.0,2024-01-22,OVALLE,,Norte,15.0,baja,34.0,,,998223
11501.0,2025-09-26,Coquimbo,,NORTE,16.0,,34.0,TMP-002,ok,889321
11502.0,2024-11-07,Coquimbo,Violencia,Rural,13.0,ALTA,38.0,,sin validar,627596
11503.0,12/04/2025,Andacollo, Fraude ,,7.0,Media,49.0,,,657753
11504.0,2025/08/21,La Serena,Robo,centro,"15,0",Baja,"24,0",TMP-002,sin validar,908195
11505.0,,coquimbo,Hurto,Centro,5.0,,20.0,ERROR,revisar,779452
11506.0,2024/11/20,Monte Patria,Accidente,Sur,6.0, ALTA ,32.0,,revisar,356461
11507.0,2024-03-28,andacollo,Robo,Norte,16.0,Alta,41.0,TMP-001,dato ingresado manualmente,103546
11508.0,Jul-08-2025,LaSerena,Accidente,,15.0,,33.0,ERROR,,171192
11509.0,2025/05/05,COQUIMBO,,NORTE,3.0,baja,68.0,TMP-001,,377511
11510.0,Jan-14-2025, vicuna ,Accidente,,11.0,Baja,39.0,,ok,109078
11511.0,2025/05/06,ovalle,robo,Centro,16.0,,17.0,TMP-001,,170493
11512.0,2025-04-27,Coquimbo,Violencia,centro,8.0,baja,43.0,,revisar,192753
11513.0,Dec-09-2024,Coquimbo ,Fraude,NORTE,2.0,Alta,42.0,TMP-002,,259694
11514.0,May-22-2025,illapel, Accidente ,Norte,19.0,ALTA,43.0,,dato ingresado manualmente,816034
11515.0,13/10/2024,Serena,robo,,10.0,baja,15.0,ERROR,,499985
11516.0,sin fecha,Ovalle,Violencia,centro,11.0,Baja,52.0,,,4939
11517.0,,Illapel,ACCIDENTE,Sur,4.0,baja,,TMP-002,,233415
11518.0,Jul-11-2024,Vicuña,Violencia,Norte,4.0,Alta,29.0,,dato ingresado manualmente,57109
11519.0,,Andacollo,,Sur,1.0,,69.0,,,41367
11520.0,2025-08-03,Andacollo,Robo,NORTE,18.0,Alta,21.0,,,34180
11521.0,2024/04/29,LA SERENA,Violencia,rural,15.0,Media,24.0,,,371797
11522.0,2024/01/28,Monte Patria,Accidente,Sur,8.0,Baja,36.0,TMP-002,,451764
11523.0,May-08-2025,Salamanca,,Norte,6.0,Alta,57.0,TMP-001,dato ingresado manualmente,19644
11524.0,2025/12/16,Ovalle,,Sur,13.0,,19.0,TMP-002,revisar,505026
11525.0,08/04/2024,LaSerena,Hurto,Rural,2.0,,21.0,,,423654
11526.0,Aug-19-2024,monte patria,robo,NORTE,14.0,baja,41.0,,,114942
11527.0,2025-10-26,ovalle,robo,Norte,4.0, Alta ,56.0,,,750693
11528.0,Aug-22-2025,Coquimbo ,Hurto,RURAL,16.0,Baja,22.0,TMP-001,sin validar,638297
11529.0,2025/01/31,Monte Patria,Robo,Norte,6.0,media,50.0,,dato ingresado manualmente,227536
11530.0,18/09/2025,La Serena,Fraude,Norte,15.0,,46.0,,,683304
11531.0,,monte patria,Accidente,Rural,18.0,Media,65.0,ERROR,ok,512970
11532.0,Sep-01-2025,Coquimbo ,Violencia,,10.0,ALTA,50.0,TMP-002,sin validar,584441
11533.0,2025/01/26,Serena,robo,Sur,16.0,Alta,34.0,TMP-001,dato ingresado manualmente,817979
11534.0,31/05/2024,coquimbo,,Norte,4.0,Media,39.0,,sin validar,925765
11535.0,30/08/2025, illapel ,Accidente,Centro,10.0,Media,18.0,,revisar,689539
,08/01/2024, vicuna ,robo,NORTE,3.0,,57.0,TMP-001,dato ingresado manualmente,536394
11537.0,Feb-18-2024,coquimbo,Accidente,Rural,17.0,baja,60.0,ERROR,revisar,947627
11538.0,Dec-24-2025,andacollo,Robo,Norte,5.0,ALTA,19.0,ERROR,revisar,353837
11539.0,16/04/2025,COQUIMBO,robo,Sur,18.0,Alta,50.0,TMP-002,sin validar,854686
11540.0,05/05/2025,Andacollo,Hurto,Norte,18.0,baja,40.0,TMP-001,sin validar,415791
11541.0,2025-08-12,Salamanca,Hurto,Rural,14.0,Media,25.0,TMP-001,revisar,465901
,2025/09/28,vicuna,robo,Centro,12.0,ALTA,48.0,ERROR,,900211
11543.0,2024/05/29,coquimbo,Hurto,rural,2.0,baja,60.0,ERROR,ok,115222
,28/03/2025,VICUÑA,Hurto,Rural,10.0,ALTA,23.0,,,943812
11545.0,16/11/2025,Illapel,Fraude,Centro,1.0,,33.0,,ok,967291
11546.0,2025/05/02,Coquimbo,,Sur,6.0,Baja,61.0,ERROR,dato ingresado manualmente,962257
11547.0,2024/02/13,LA SERENA,Accidente,centro,18.0,Alta,69.0,,,589080
11548.0,2025/05/07,Monte Patria,,centro,11.0,ALTA,24.0,TMP-002,,556375
11549.0,,Andacollo,Robo,,16.0,Baja,15.0,,sin validar,46051
11550.0,2025-11-19,VICUÑA,Hurto,Centro,1.0,baja,33.0,TMP-001,sin validar,559126
11551.0,2024/06/29,VICUÑA,Fraude,,13.0,Media,52.0,TMP-001,,360661
11552.0,03/02/2025,coquimbo,,,17.0,ALTA,36.0,,revisar,414472
11553.0,17/02/2025,Vicuña,Fraude,,12.0,,14.0,TMP-002,sin validar,631616
11554.0,,OVALLE,Accidente,Norte,8.0,baja,"64,0",TMP-001,sin validar,955260
11555.0,10/11/2025,Illapel,violencia,centro,19.0,Baja,51.0,,,867740
11556.0,27/05/2025,coquimbo,robo,NORTE,2.0,Baja,44.0,,dato ingresado manualmente,256183
11557.0,2024/09/09,la serena,Fraude,Rural,10.0,Media,19.0,TMP-001,revisar,667546
11558.0,2025/08/12,andacollo,Hurto,Norte,11.0,Baja,47.0,ERROR,,132502
11559.0,2024-07-26,coquimbo,robo,Centro,19.0,Baja,17.0,,sin validar,368919
11560.0,2025/01/12,Serena,robo,Norte,4.0,Media,25.0,,dato ingresado manualmente,8185
11561.0,2025-08-07,La Serena,Accidente,,3.0,Media,68.0,,dato ingresado manualmente,900355
11562.0,Aug-22-2025,ovalle,Violencia,centro,1.0,Media,66.0,,,512692
11563.0,sin fecha,Salamanca,Robo,centro,1.0,Alta,16.0,ERROR,ok,535950
11564.0,2025/03/25,VICUÑA,robo,centro,5.0,,35.0,,,469849
11565.0,20/02/2024,VICUÑA,Fraude,,6.0,,65.0,TMP-002,,654356
11566.0,18/03/2025,coquimbo,,Rural,3.0,Baja,52.0,ERROR,revisar,245626
11567.0,Jan-02-2025,LaSerena,Accidente,Rural,"6,0",ALTA,65.0,,revisar,51975
11568.0,10/10/2025,LA SERENA,Accidente,NORTE,"1,0",Alta,"41,0",ERROR,,360478
11569.0,sin fecha,COQUIMBO,,centro,16.0,,51.0,,revisar,126621
11570.0,2025-08-03,serena,Robo,Rural,19.0,ALTA,16.0,,,62866
11571.0,12/10/2025,Coquimbo,Robo,Sur,13.0,Baja,45.0,TMP-002,revisar,384070
11572.0,2025/12/16,Salamanca,Robo,Sur,,baja,20.0,TMP-001,dato ingresado manualmente,316413
11573.0,,Andacollo,robo,Sur,2.0,Baja,25.0,,sin validar,561762
11574.0,2024/09/30,Coquimbo,robo,Norte,14.0,ALTA,66.0,TMP-001,ok,420171
11575.0,2025/12/10,ovalle,,CENTRO,5.0,Alta,16.0,,dato ingresado manualmente,770894
11576.0,sin fecha,OVALLE,Violencia,Centro,18.0,Media,52.0,TMP-001,ok,228861
11577.0,,Serena,Hurto,Norte,12.0,ALTA,,TMP-002,,21002
11578.0,Jan-02-2024,la serena,Hurto,NORTE,8.0,,,,revisar,647632
11579.0,Jun-13-2025,illapel,robo,NORTE,13.0,Media,65.0,,sin validar,355059
11580.0,03/11/2025,vicuna,Accidente,Rural,7.0,Media,37.0,TMP-002,dato ingresado manualmente,655333
11581.0,23/05/2025,Monte Patria,Accidente,Rural,2.0,ALTA,40.0,TMP-002,dato ingresado manualmente,134764
11582.0,2024-12-08,Montepatria,Fraude,Norte,15.0,Media,17.0,,,729317
11583.0,28/04/2025,LA SERENA,Hurto,NORTE,17.0,baja,63.0,,revisar,327708
11584.0,Nov-16-2025,OVALLE,Violencia,NORTE,1.0, ALTA ,15.0,TMP-001,sin validar,206152
11585.0,Jun-14-2024,OVALLE,Accidente,centro,6.0,baja,39.0,TMP-002,,150312
11586.0,sin fecha,Coquimbo,Hurto,NORTE,14.0,baja,41.0,TMP-001,,854403
11587.0,2025-05-30,ovalle,Fraude,centro,7.0,baja,35.0,,ok,118552
11588.0,Jun-10-2024,Serena,Fraude,centro,9.0,baja,14.0,ERROR,dato ingresado manualmente,718627
11589.0,2025/05/22,LaSerena,Violencia,Norte,3.0,,68.0,,dato ingresado manualmente,729259
,2025-06-22,montepatria,Accidente,centro,5.0,Media,26.0,TMP-002,,886307
11591.0,Jan-16-2024,VICUÑA,robo,,17.0,ALTA,21.0,,,653911
11592.0,01/10/2024,Ovalle,Fraude,Centro,-3.0,Baja,42.0,,,310423
11593.0,2025/07/27,SALAMANCA,robo,Sur,8.0,ALTA,65.0,,ok,469294
11594.0,12/12/2024,LA SERENA,Robo,,"18,0",Media,42.0,,ok,192950
11595.0,2025/02/28,vicuna, Accidente ,,1.0,Alta,59.0,,dato ingresado manualmente,499937
11596.0,,la serena,robo,Sur,19.0,baja,59.0,,dato ingresado manualmente,444014
11597.0,sin fecha,Montepatria,ROBO, centro ,9.0,Baja,30.0,ERROR,,149140
,24/10/2025,LaSerena,,Rural,6.0,Alta,24.0,TMP-001,revisar,669503
11599.0,12/03/2024,Vicuña,Violencia,Rural,17.0,,23.0,TMP-001,,972179
11600.0,sin fecha,Montepatria,Robo,Rural,2.0,ALTA,25.0,TMP-002,revisar,456135
11601.0,24/05/2024,LaSerena,,Centro,10.0,Alta,26.0,TMP-002,revisar,437555
11602.0,2024/01/10,illapel,Hurto,Centro,14.0,Media,53.0,TMP-002,ok,850346
11603.0,,Salamanca,Fraude,,6.0,ALTA,130.0,,sin validar,623133
11604.0,2025/05/14,SALAMANCA,Accidente,Norte,11.0,Baja,28.0,,revisar,530751
11605.0,May-30-2025,ovalle,,Rural,5.0,Baja,40.0,,,797155
11606.0,2024-11-08,Salamanca,Accidente,Rural,19.0,Alta,34.0,,dato ingresado manualmente,508964
11607.0,15/07/2024,monte patria,robo,rural,"8,0",Media,20.0,TMP-001,,200831
11608.0,Jun-09-2024,Serena,Robo,NORTE,13.0,Baja,35.0,TMP-001,ok,7464
11609.0,,COQUIMBO,Accidente,Sur,8.0,baja,34.0,TMP-001,,417196
11610.0,2024-11-10,Andacollo,Accidente,,8.0,,54.0,,,492784
11611.0,2024/03/06,LA SERENA,Robo,NORTE,3.0,Baja,"26,0",,revisar,59048
11612.0,2024/12/13,Serena,Violencia,Centro,8.0,Media,25.0,,sin validar,385677
11613.0,2024-04-12,vicuna,hurto, NORTE ,14.0,,"16,0",,dato ingresado manualmente,292883
11614.0,30/01/2024,Illapel,Robo,Norte,10.0,,31.0,,,917962
11615.0,Dec-27-2025,illapel,Robo,centro,16.0,Baja,64.0,,sin validar,418157
11616.0,Nov-08-2024,Monte Patria,Accidente,Rural,8.0,,32.0,TMP-001,sin validar,183236
11617.0,2024-12-18,monte patria,Accidente,centro,5.0,Baja,15.0,TMP-001,dato ingresado manualmente,965783
11618.0,2024/10/17,Illapel,Violencia,Centro,18.0,baja,,,sin validar,309883
11619.0,sin fecha, andacollo ,,centro,11.0,Alta,32.0,ERROR,dato ingresado manualmente,975357
11620.0,Feb-07-2024,Serena,Accidente,Rural,8.0,,58.0,TMP-001,,872120
11621.0,2025/11/19,LA SERENA,Robo,Sur,"3,0",  ,69.0,,dato ingresado manualmente,14192
,Apr-20-2024,Illapel,Hurto,Sur,9.0,Media,55.0,TMP-001,,324617
11623.0,2024/01/13,ovalle,Fraude,Sur,15.0,Baja,22.0,,,269624
11624.0,,La Serena,robo,Rural,14.0,Media,68.0,ERROR,,557055
11625.0,2024/03/23,Ovalle,robo,Centro,5.0,Alta,65.0,TMP-001,,901009
11626.0,2025-12-03,monte patria,Fraude,Centro,11.0,ALTA,20.0,,,415967
11627.0,2025/12/12,vicuna,Hurto,Rural,19.0,  ,24.0,ERROR,ok,619715
,Sep-02-2024,OVALLE,robo,,9.0,Alta,67.0,ERROR,revisar,394319
11629.0,2025/07/12,monte patria,Robo,,12.0,ALTA,51.0,,,828254
11630.0,Sep-14-2024,ovalle,Violencia,centro,3.0,,55.0,TMP-001,revisar,619978
11631.0,16/03/2024,Illapel,robo,centro,4.0,MEDIA,42.0,ERROR,sin validar,262983
11632.0,Jul-10-2024,COQUIMBO,NAN,centro,14.0,,35.0,TMP-002,revisar,617890
11633.0,2024-04-30,LA SERENA,Accidente,Centro,7.0,baja,44.0,,sin validar,871091
11634.0,19/01/2024,Coquimbo,robo,Sur,16.0,,34.0,TMP-001,,968558
11635.0,06/11/2024,OVALLE,Hurto,Norte,19.0,Alta,54.0,,,429745
11636.0,2025-07-03,SALAMANCA,Robo,,18.0,Media,31.0,TMP-002,dato ingresado manualmente,581299
11637.0,,Andacollo,Hurto,Rural,12.0,Alta,30.0,TMP-002,dato ingresado manualmente,836270
11638.0,Aug-11-2024,Vicuña,robo,NORTE,13.0,Baja,52.0,TMP-001,ok,222017
11639.0,Oct-09-2024,Coquimbo,violencia,,15.0,Alta,"65,0",,dato ingresado manualmente,877293
11640.0,2025-01-21,illapel,Fraude,Sur,17.0,Alta,"22,0",TMP-002,sin validar,661682
11641.0,,Montepatria,robo,Norte,1.0,baja,42.0,TMP-001,dato ingresado manualmente,257410
11642.0,Aug-09-2025,Vicuña,Fraude,Sur,2.0,baja,47.0,,sin validar,985050
11643.0,,Montepatria,robo,  ,9.0,Baja,49.0,ERROR,dato ingresado manualmente,48010
11644.0,2025-07-04,LA SERENA,Fraude,,17.0,baja,15.0,,,759452
11645.0,05/07/2025,LaSerena,Robo,Sur,12.0,baja,64.0,TMP-001,ok,96995
11646.0,03/06/2025,OVALLE,Hurto,Centro,12.0,Baja,50.0,TMP-002,sin validar,826412
11647.0,Sep-26-2024,SALAMANCA,Hurto,Norte,9.0,Baja,61.0,,sin validar,860305
11648.0,Oct-21-2024,andacollo,Violencia,,"7,0",baja,29.0,ERROR,,408227
11649.0,2024-01-19,Montepatria,Hurto,Sur,7.0,baja,24.0,,sin validar,845874
11650.0,04/08/2025,LA SERENA,,,17.0,,49.0,TMP-001,sin validar,189668
11651.0,15/04/2025,OVALLE,Accidente,Rural,6.0,baja,54.0,TMP-002,revisar,723858
11652.0,2025/05/14,Coquimbo ,Robo,Centro,12.0,,32.0,TMP-002,sin validar,612600
11653.0,08/03/2024,Monte Patria,Fraude,,6.0,Alta,26.0,TMP-002,ok,301313
11654.0,2025/10/05,LaSerena,,Rural,11.0,baja,57.0,,sin validar,419418
11655.0,2025/12/02,monte patria,Fraude,Norte,13.0,,67.0,,revisar,844832
11656.0,,Monte Patria,Hurto,Norte,12.0,ALTA,54.0,ERROR,sin validar,311501
11657.0,2024/03/25,Coquimbo,robo,NORTE,7.0,baja,"61,0",,,710477
11658.0,15/12/2024,coquimbo,,,19.0,baja,51.0,,dato ingresado manualmente,831093
11659.0,2025/04/15,Coquimbo ,Fraude,Rural,17.0,ALTA,18.0,ERROR,dato ingresado manualmente,978190
11660.0,2025-06-13,Salamanca,Violencia,Centro,11.0,Media,41.0,TMP-001,dato ingresado manualmente,59373
11661.0,2025/04/16,ovalle,,centro,17.0,ALTA,58.0,TMP-001,,68708
11662.0,2025/04/23,la serena,,centro,19.0,,52.0,ERROR,ok,157340
11663.0,16/03/2025,LASERENA,Robo,Norte,8.0,Media,47.0,TMP-002,revisar,760859
11664.0,10/12/2024,ovalle,Hurto,Rural,11.0,ALTA,65.0,,,354406
11665.0,Nov-09-2024,Illapel,Accidente,Centro,3.0,Baja,,TMP-002,revisar,717752
11666.0,Apr-30-2024,ovalle,Accidente,NORTE,19.0,alta,39.0,,dato ingresado manualmente,489932
11667.0,2025-01-29,LaSerena,robo,Centro,2.0,Media,34.0,TMP-002,sin validar,554575
,11/06/2024,Monte Patria,,centro,15.0,,48.0,,,976726
11669.0,sin fecha,Ovalle, Hurto ,Sur,14.0,Media,21.0,ERROR,revisar,995521
,,Ovalle,Robo,Rural,12.0,Media,"46,0",TMP-001,sin validar,248267
11671.0,2024/02/16,andacollo,Violencia,Sur,13.0,baja,42.0,,dato ingresado manualmente,959459
,05/07/2025,Andacollo,Violencia,Centro,4.0,Media,62.0,TMP-002,ok,40445
11673.0,2025/10/10,Vicuña,Fraude,NORTE,15.0,Baja,61.0,ERROR,sin validar,215492
11674.0,2025-09-26,coquimbo,Violencia,,15.0,Baja,47.0,TMP-001,dato ingresado manualmente,129585
11675.0,27/07/2024,andacollo,Accidente,Centro,8.0,baja,42.0,,dato ingresado manualmente,34848
11676.0,30/12/2024,VICUÑA,Fraude,centro,6.0,,58.0,TMP-001,revisar,767977
11677.0,30/01/2025,Illapel, Violencia ,,4.0,baja,69.0,TMP-001,,823603
11678.0,2025/03/03,COQUIMBO,,Sur,19.0,ALTA,24.0,TMP-001,sin validar,794139
11679.0,,illapel,Accidente,NORTE,7.0,baja,21.0,,ok,842880
11680.0,2025-04-08, VICUÑA ,Violencia,Centro,19.0,Alta,5.0,,revisar,693636
11681.0,18/04/2025,la serena,Accidente,NORTE,17.0,,47.0,TMP-001,ok,507742
11682.0,2024/03/19,SALAMANCA,,Rural,3.0,baja,"27,0",TMP-002,,511937
11683.0,2025/06/30,Ovalle,ACCIDENTE,Centro,"17,0",,45.0,,sin validar,796979
11684.0,Dec-17-2024,La Serena,Accidente,Centro,12.0,Alta,28.0,,,714773
11685.0,2024-05-29,Coquimbo,Violencia,,5.0,baja,50.0,,,273582
11686.0,Jan-06-2025,Illapel,robo, NORTE ,16.0,Baja,50.0,,revisar,979700
11687.0,2024-11-19,andacollo,,Centro,8.0,ALTA,66.0,TMP-001,dato ingresado manualmente,961642
11688.0,2025/01/19, Coquimbo ,Hurto,Rural,12.0,Media,48.0,TMP-001,sin validar,329311
11689.0,Jul-30-2025,vicuna,Robo,Centro,9.0,baja,,,ok,260326
11690.0,sin fecha,SALAMANCA,Fraude,Sur,7.0,Alta,61.0,,ok,432609
11691.0,2025-09-15,Ovalle,robo,centro,"2,0",,26.0,TMP-001,sin validar,107200
11692.0,Apr-09-2024,Montepatria,Violencia,Norte,2.0,baja,22.0,,sin validar,856955
11693.0,,La Serena,Accidente,Norte,3.0,BAJA,64.0,ERROR,sin validar,826571
11694.0,2025/12/16,Ovalle,,NORTE,7.0,ALTA,59.0,TMP-001,ok,585051
11695.0,Sep-12-2024,LaSerena,Accidente,centro,18.0,Media,44.0,,,898266
,Sep-24-2024,LA SERENA,Accidente,Norte,16.0,baja,25.0,TMP-002,,746673
11697.0,2025/10/20,vicuna,robo,NORTE,16.0,Alta,"64,0",,sin validar,609325
11698.0,2024/10/29,OVALLE,Robo,Rural,1.0,,23.0,TMP-002,,831438
11699.0,Feb-22-2025,illapel,,centro,500.0,Baja,15.0,TMP-002,ok,798768
11700.0,05/03/2024,Montepatria,Accidente,centro,7.0,ALTA,35.0,,,417375
,May-04-2024,Monte Patria,,,12.0,Alta,32.0,TMP-002,ok,730912
11702.0,,la serena,robo,centro,1.0,baja,,,sin validar,810835
11703.0,2025/08/29,illapel,Hurto,centro,3.0, Alta ,56.0,TMP-001,,732439
11704.0,10/03/2024,monte patria,robo,Centro,,ALTA,19.0,,revisar,938139
11705.0,10/10/2025,Coquimbo ,Violencia,Centro,17.0,baja,44.0,TMP-002,dato ingresado manualmente,295366
11706.0,Jan-17-2025,LA SERENA,Accidente,Centro,3.0,Baja,58.0,,,664173
11707.0,2025-08-16,vicuna,robo,Rural,5.0,,18.0,ERROR,revisar,481504
11708.0,03/10/2025,coquimbo,Accidente,centro,15.0,,36.0,TMP-002,ok,785774
11709.0,2025/03/12,andacollo,,RURAL,2.0,,59.0,TMP-001,,74721
11710.0,Nov-14-2025,Salamanca,,,1.0,Baja,,,,162822
,2024/04/22,Andacollo,robo, Rural ,16.0,,33.0,TMP-001,sin validar,959690
11712.0,2025-08-16,Andacollo,robo,NORTE,14.0,,46.0,TMP-001,dato ingresado manualmente,943987
11713.0,May-08-2024,monte patria,Violencia,Norte,16.0,,50.0,,,986909
11714.0,2025-10-13,coquimbo,,Rural,13.0,baja,57.0,,dato ingresado manualmente,984702
11715.0,Sep-05-2025,LA SERENA,robo,,13.0,Alta,62.0,,ok,214917
11716.0,Apr-10-2024,VICUÑA,Fraude,Norte,"12,0",ALTA,"35,0",ERROR,,63826
11717.0,2025/01/15,La Serena,Hurto,Norte,8.0,baja,37.0,,sin validar,418956
11718.0,, Andacollo ,Accidente,,7.0,baja,58.0,ERROR,revisar,562902
11719.0,27/03/2024,illapel,nan,Rural,,ALTA,21.0,,revisar,783268
11720.0,2024-09-25,Monte Patria,Violencia,Rural,10.0,ALTA,24.0,,,520809
11721.0,Jun-25-2025,Coquimbo,,Rural,6.0,baja,33.0,,,409110
11722.0,2025/01/01,LaSerena,Hurto,Sur,4.0,Alta,65.0,TMP-001,,289387
11723.0,2025/10/31,ovalle,,,"12,0",Alta,52.0,ERROR,revisar,780267
11724.0,30/11/2025,LA SERENA,Accidente,NORTE,5.0,Media,40.0,TMP-002,ok,349587
11725.0,2025-10-30,Salamanca,robo,NORTE,17.0,,31.0,TMP-002,revisar,857914
11726.0,2025-05-12,Salamanca,Hurto,NORTE,19.0,,66.0,,,627563
11727.0,2025-01-31,La Serena,Accidente,centro,18.0,ALTA,60.0,TMP-001,revisar,529344
11728.0,02/12/2025,LA SERENA,Robo,Norte,18.0,,46.0,,dato ingresado manualmente,362843
11729.0,2024-05-06,illapel,Accidente,NORTE,15.0,Alta,34.0,TMP-001,dato ingresado manualmente,973919
11730.0,sin fecha,SALAMANCA,Violencia,Norte,16.0,,66.0,TMP-001,sin validar,396348
11731.0,sin fecha,Illapel,Accidente,Centro,5.0,,44.0,TMP-001,dato ingresado manualmente,605324
11732.0,2025-08-27,la serena,Violencia,Rural,11.0,baja,55.0,TMP-001,ok,407869
11733.0,,la serena,Accidente,,17.0,Media,67.0,ERROR,ok,567813
11734.0,May-19-2024,Montepatria,Accidente,NORTE,6.0,Baja,32.0,ERROR,revisar,704150
11735.0,2024-10-05, Montepatria ,Violencia,centro,13.0,Media,62.0,TMP-001,sin validar,272586
11736.0,sin fecha,La Serena,Robo,NORTE,2.0,ALTA,130.0,,sin validar,399185
11737.0,2025/08/30,vicuna,Violencia,Rural,5.0,ALTA,"58,0",,revisar,74093
11738.0,,illapel,,Rural,5.0,MEDIA,30.0,,dato ingresado manualmente,483060
11739.0,02/04/2025,monte patria,Fraude,,2.0,Media,55.0,,,34479
11740.0,2024-05-31,Coquimbo ,Fraude,centro,19.0,Baja,43.0,ERROR,,567505
11741.0,26/10/2024,andacollo,Fraude,Sur,12.0,,43.0,TMP-001,revisar,845950
11742.0,27/12/2025,coquimbo,nan,Centro,4.0,Media,63.0,TMP-001,dato ingresado manualmente,581116
11743.0,Feb-20-2025,Coquimbo ,,Centro,3.0,Baja,69.0,ERROR,revisar,133320
,2024-08-29,Salamanca,Violencia,NORTE,14.0,Alta,68.0,TMP-001,sin validar,209576
11745.0,Sep-05-2024,Coquimbo ,Violencia,centro,,,64.0,ERROR,ok,836895
11746.0,,la serena,Hurto,Norte,0.0,,66.0,,dato ingresado manualmente,469474
11747.0,2025-01-21,la serena,Hurto,Centro,2.0,BAJA,52.0,,sin validar,4703
11748.0,2024/11/22,Salamanca,Fraude,Rural,17.0,,60.0,,ok,1938
11749.0,2024-06-25,Coquimbo , Violencia ,Norte,15.0,,17.0,TMP-001,,944641
11750.0,2024-10-02,Montepatria,,,2.0,baja,67.0,,ok,126192
11751.0,2024/07/17,Salamanca,Violencia,Rural,15.0,ALTA,53.0,ERROR,dato ingresado manualmente,880155
11752.0,2024/05/02,Coquimbo ,,Sur,"17,0",Media,17.0,ERROR,sin validar,200437
11753.0,,Montepatria,Hurto,Rural,14.0,Media,52.0,TMP-001,,303215
11754.0,2025/10/19,coquimbo,Accidente,Sur,14.0,Media,31.0,TMP-002,,56704
11755.0,2024-03-19,vicuna,,Rural,13.0,ALTA,,TMP-002,sin validar,314228
11756.0,Dec-07-2025,monte patria,Hurto,NORTE,13.0,Baja,56.0,,dato ingresado manualmente,306398
11757.0,13/10/2025,vicuna,Accidente,Norte,13.0,ALTA,"64,0",ERROR,revisar,526845
11758.0,01/12/2024,VICUÑA,,centro,1.0,ALTA,23.0,TMP-002,revisar,195903
11759.0,29/04/2024,La Serena,accidente,Norte,"13,0",,38.0,,sin validar,422852
11760.0,Apr-14-2024,COQUIMBO,,,18.0,Baja,51.0,ERROR,sin validar,565236
11761.0,Aug-31-2024,Vicuña,robo,,9.0,Alta,,,sin validar,198723
11762.0,2024/10/27,Vicuña,Robo,Sur,8.0,baja,,TMP-002,dato ingresado manualmente,233339
11763.0,,Monte Patria,Accidente,NORTE,7.0,Baja,37.0,,,638831
11764.0,Jul-07-2024,OVALLE,,centro,4.0,ALTA,20.0,TMP-001,,992668
11765.0,2025-10-05,andacollo,Hurto,Rural,19.0,  ,18.0,TMP-002,,691794
11766.0,Jul-06-2025,illapel,Hurto,Norte,17.0,,,,revisar,988125
11767.0,sin fecha,vicuna,,centro,16.0,baja,32.0,TMP-002,sin validar,55921
11768.0,23/02/2024,vicuna,,Centro,15.0,,"29,0",TMP-002,revisar,480419
11769.0,26/09/2025,Salamanca,robo, centro ,,baja,47.0,ERROR,sin validar,133800
11770.0,,Illapel,Fraude,Centro,5.0,,54.0,TMP-002,ok,946134
,,LaSerena,robo,Norte,14.0,ALTA,51.0,,sin validar,509130
11772.0,Nov-29-2024,VICUÑA,Accidente,,,Media,31.0,,ok,31325
11773.0,2024-06-28,COQUIMBO,Accidente,Norte,,Baja,45.0,TMP-001,dato ingresado manualmente,140759
11774.0,03/06/2025,Coquimbo,,Centro,2.0,,37.0,,sin validar,851676
11775.0,sin fecha,Coquimbo,Hurto,,1.0,Media,47.0,TMP-001,ok,406544
11776.0,2024/02/14, la serena ,Robo,Norte,7.0,ALTA,65.0,TMP-002,dato ingresado manualmente,956605
11777.0,2025-05-25,Monte Patria,Accidente,Centro,9.0,Alta,59.0,TMP-001,revisar,277907
11778.0,2024-09-27,Illapel,Violencia,RURAL,4.0,Alta,20.0,TMP-002,dato ingresado manualmente,950201
11779.0,,andacollo,Fraude,,1.0,,21.0,TMP-002,,871469
11780.0,2025/08/16,Illapel,robo,centro,,baja,59.0,TMP-002,revisar,23943
11781.0,02/09/2025,illapel,Hurto,SUR,19.0,Media,18.0,TMP-002,sin validar,249913
11782.0,2024-11-08,Serena,Fraude,Sur,16.0,Alta,68.0,TMP-001,ok,346618
11783.0,2025-09-11,andacollo,Fraude,Sur,19.0,Alta,56.0,TMP-002,sin validar,536018
11784.0,2024/02/19,OVALLE,Violencia,Sur,1.0,Baja,20.0,TMP-002,revisar,390159
11785.0,,illapel,robo,NORTE,1.0,,29.0,TMP-001,sin validar,290220
11786.0,,LA SERENA,Accidente,Centro,14.0,baja,27.0,ERROR,,274872
11787.0,sin fecha,Coquimbo,Violencia,Centro,13.0,Alta,37.0,,,542999
11788.0,Jun-04-2024,Coquimbo ,,Sur,2.0,ALTA,31.0,,ok,818648
11789.0,2024/10/27,monte patria,Hurto,Sur,-3.0,baja,36.0,ERROR,dato ingresado manualmente,837716
11790.0,2024/03/11,Salamanca,Hurto,,4.0,,49.0,ERROR,ok,606116
11791.0,Feb-05-2025,illapel,,Sur,19.0,ALTA,19.0,,dato ingresado manualmente,518270
11792.0,2025/10/04,LaSerena,robo,Sur,6.0,Baja,62.0,,revisar,723688
11793.0,09/06/2024,SALAMANCA,robo,,1.0,Alta,32.0,TMP-001,ok,686183
11794.0,,La Serena,Accidente,Sur,16.0,ALTA,"15,0",ERROR,sin validar,588732
11795.0,2025-06-10,ovalle,Hurto,NORTE,18.0,Baja,29.0,TMP-002,dato ingresado manualmente,793266
11796.0,17/02/2024,monte patria,VIOLENCIA,centro,17.0,Baja,26.0,TMP-001,dato ingresado manualmente,336646
11797.0,21/11/2025,la serena, Fraude ,Centro,15.0,baja,67.0,,dato ingresado manualmente,848230
11798.0,,Montepatria,Hurto,Rural,1.0,,57.0,,,964098
11799.0,May-31-2024,VICUÑA,Hurto,Rural,18.0,Media,55.0,TMP-001,,952607
11800.0,2025/01/17,LaSerena,Accidente,centro,1.0,,29.0,,dato ingresado manualmente,534653
11801.0,23/07/2025,Montepatria,Accidente,NORTE,6.0,Media,31.0,,dato ingresado manualmente,250248
11802.0,Dec-07-2025,Ovalle,robo,,8.0,ALTA,67.0,,ok,493585
11803.0,Dec-04-2025,COQUIMBO,Violencia,centro,7.0,Baja,57.0,,ok,586043
11804.0,sin fecha,LaSerena,,Norte,9.0,Baja,40.0,,sin validar,217724
,,VICUNA,,centro,12.0,Alta,65.0,ERROR,revisar,211718
11806.0,2024-10-27,LaSerena,Violencia,centro,7.0,Baja,42.0,ERROR,,519504
11807.0,24/01/2025,ovalle,Fraude,Rural,"4,0",alta,66.0,,,642897
11808.0,Jan-09-2025,La Serena,Hurto,Norte,15.0,ALTA,60.0,TMP-002,revisar,975764
11809.0,,Vicuña,Fraude,NORTE,,ALTA,29.0,ERROR,,869276
11810.0,2025/03/03,VICUÑA,Fraude,centro,10.0,,38.0,TMP-002,revisar,547426
11811.0,May-23-2024,Salamanca,,NORTE,9.0,baja,64.0,TMP-001,,298023
11812.0,Aug-07-2025,OVALLE,Accidente,Rural,14.0,Alta,16.0,ERROR,ok,804707
11813.0,Jun-20-2024,Salamanca,Hurto,NORTE,2.0,Baja,59.0,ERROR,,611334
11814.0,Jun-24-2025,Andacollo,,CENTRO,12.0,,-1.0,ERROR,,722424
11815.0,2024/06/21,LA SERENA,Fraude,Sur,14.0,baja,63.0,ERROR,,74431
11816.0,14/02/2025,Monte Patria,Robo,Sur,19.0,ALTA,63.0,,,645800
11817.0,Apr-21-2025,Coquimbo ,Violencia,Rural,7.0,Alta,16.0,ERROR,dato ingresado manualmente,410598
11818.0,2024-01-03,OVALLE,,Centro,3.0,ALTA,39.0,,revisar,988174
11819.0,Jul-12-2025,illapel,robo,NORTE,15.0,baja,62.0,TMP-002,ok,424595
11820.0,2025-06-17,monte patria,Violencia,Sur,12.0,baja,17.0,,sin validar,583268
11821.0,Oct-10-2025, Ovalle ,,Centro,11.0,Baja,29.0,,,980736
11822.0,2025-07-02,andacollo,Fraude,Rural,17.0,Alta,54.0,,dato ingresado manualmente,503205
11823.0,2024/04/01,Illapel,,,14.0,Media,61.0,ERROR,,912462
11824.0,2024-02-22,LaSerena,, Sur ,2.0,ALTA,57.0,TMP-002,revisar,80940
11825.0,2024-12-28,LA SERENA,Robo,,2.0,baja,24.0,TMP-002,,4207
11826.0,02/04/2025,Serena,,,15.0,,"60,0",TMP-001,revisar,624672
11827.0,2024-05-16,SALAMANCA,robo,centro,17.0,,68.0,,,857101
11828.0,2025/10/12,vicuna,Fraude,Centro,4.0,,,ERROR,,68078
11829.0,May-12-2024,Monte Patria,Violencia,Norte,10.0,Baja,34.0,ERROR,,736506
11830.0,2024/06/14,SALAMANCA,,,"16,0",baja,14.0,,ok,750287
,08/05/2024,Salamanca,,,11.0,,51.0,,,556045
11832.0,,VICUÑA,Robo,Sur,7.0,media,17.0,ERROR,revisar,93137
11833.0,14/11/2025,Serena,Violencia,centro,,ALTA,22.0,,,582933
11834.0,,Coquimbo ,nan,Centro,1.0,baja,61.0,ERROR,revisar,911364
11835.0,,Monte Patria,Robo,Centro,2.0,Baja,42.0,,sin validar,556327
11836.0,2024/06/10,monte patria,,norte,8.0,ALTA,38.0,TMP-001,,307433
11837.0,,COQUIMBO,robo,norte,5.0,nan,24.0,ERROR,revisar,372539
11838.0,2024/04/23,andacollo,robo,NORTE,10.0,Alta,66.0,TMP-002,sin validar,551231
11839.0,03/01/2024,Vicuña,Robo,Norte,11.0,ALTA,51.0,TMP-001,ok,102332
,2024/04/27,monte patria,,centro,17.0,Baja,64.0,ERROR,dato ingresado manualmente,41085
11841.0,2025-05-25,Ovalle,Accidente,centro,14.0,Baja,18.0,TMP-002,sin validar,499094
11842.0,2025-08-24,illapel,robo,Norte,9.0,Alta,33.0,TMP-001,ok,142819
11843.0,14/04/2025,vicuna,Fraude,Rural,3.0,baja,32.0,,,348536
11844.0,2025-11-18,vicuna,Accidente,centro,3.0,,46.0,ERROR,,933274
11845.0,10/07/2024,Illapel,Accidente,Sur,14.0,Media,17.0,,ok,495795
11846.0,14/01/2025,SALAMANCA,robo, Centro ,"13,0",ALTA,21.0,TMP-002,,761118
11847.0,2024-09-27,La Serena,Violencia,Centro,13.0,Baja,39.0,TMP-002,sin validar,908798
11848.0,2025-02-06,monte patria,fraude,NORTE,10.0,baja,25.0,TMP-002,revisar,864155
11849.0,,illapel,Violencia,,9.0,baja,50.0,TMP-002,ok,739927
11850.0,Oct-08-2025,coquimbo,Hurto,NORTE,11.0,baja,15.0,,ok,679218
11851.0,Mar-04-2025,SALAMANCA,Fraude,Sur,"2,0",ALTA,25.0,TMP-002,sin validar,398503
11852.0,2025-04-24,vicuna,Robo,Sur,8.0,Baja,61.0,,revisar,643036
11853.0,07/07/2025,COQUIMBO,Robo,  ,1.0,,51.0,TMP-002,dato ingresado manualmente,419792
11854.0,2025-10-17,Monte Patria, Robo ,NORTE,10.0,Alta,17.0,TMP-001,sin validar,571594
11855.0,2024-07-05,OVALLE,Hurto,,15.0,Alta,,TMP-001,sin validar,467411
11856.0,,LaSerena,Fraude,Centro,7.0,,52.0,,,932138
11857.0,21/03/2025,LA SERENA,Violencia,,1.0,baja,58.0,,revisar,174176
11858.0,2025/06/13,Vicuña,,,7.0,,62.0,ERROR,,76477
11859.0,2025/11/07,Montepatria,robo,centro,14.0,Media,31.0,,sin validar,31442
11860.0,2024/10/16,SALAMANCA,robo,NORTE,7.0,Baja,38.0,TMP-002,revisar,218280
11861.0,2025-05-27,Coquimbo ,Robo,centro,8.0,Baja,34.0,TMP-002,ok,817314
11862.0,Aug-05-2024,LA SERENA,robo,Norte,8.0,Alta,14.0,TMP-001,,15850
11863.0,29/11/2024,illapel,,Sur,18.0,Baja,42.0,,,469472
11864.0,25/08/2025,vicuna,Violencia,centro,1.0,ALTA,56.0,TMP-002,ok,956742
11865.0,,illapel,robo,Centro,13.0,,39.0,,dato ingresado manualmente,891683
11866.0,Mar-16-2025,monte patria,,Norte,4.0,,36.0,,,652222
11867.0,Feb-22-2024,Andacollo,Robo,centro,11.0,Baja,18.0,,dato ingresado manualmente,268400
11868.0,2024-12-15,Salamanca,Robo,Sur,12.0,baja,65.0,,revisar,649547
11869.0,Jul-10-2025,La Serena,Robo,Sur,13.0,ALTA,15.0,ERROR,revisar,471445
11870.0,11/09/2024,COQUIMBO,Robo,Centro,4.0,baja,25.0,ERROR,revisar,459407
11871.0,2025/02/21,coquimbo,Accidente,Sur,12.0,Alta,27.0,TMP-002,dato ingresado manualmente,480090
11872.0,Feb-17-2024,Salamanca,Fraude,Sur,"8,0",Alta,50.0,TMP-002,,980116
11873.0,sin fecha,coquimbo,Hurto,Rural,6.0,ALTA,18.0,TMP-002,dato ingresado manualmente,381650
11874.0,Jun-12-2024,Serena,,Sur,10.0,baja,40.0,,ok,489870
11875.0,Dec-08-2024,la serena,,centro,"9,0",Baja,30.0,TMP-001,dato ingresado manualmente,50785
11876.0,sin fecha,Coquimbo ,Robo,Rural,18.0,,67.0,,sin validar,678979
11877.0,,Monte Patria,Violencia,Rural,18.0,baja,69.0,TMP-002,ok,254633
11878.0,27/04/2025,salamanca,Fraude,Sur,12.0,Baja,44.0,TMP-001,,858427
11879.0,2025-04-28,Serena,Accidente,NORTE,8.0,ALTA,28.0,TMP-002,,201046
11880.0,2025-04-18,Illapel,Accidente,Rural,15.0,ALTA,29.0,,revisar,536037
11881.0,,Coquimbo ,Fraude,,7.0, baja ,,TMP-001,,889038
11882.0,2024-07-11,la serena,Violencia,,11.0,Media,"14,0",TMP-001,dato ingresado manualmente,434230
11883.0,,monte patria,Hurto,Sur,13.0,Media,22.0,TMP-002,revisar,51262
11884.0,,COQUIMBO,Violencia,Sur,6.0,Media,15.0,ERROR,ok,98414
11885.0,sin fecha,Monte Patria,Fraude,Rural,11.0,Alta,39.0,,,310119
11886.0,2024/04/23,Ovalle,Violencia,Rural,8.0,alta,50.0,,ok,101707
11887.0,2024/02/01,Serena, Violencia ,,13.0,,21.0,,,331854
11888.0,Sep-21-2025,ILLAPEL,Violencia,Rural,7.0,Media,40.0,TMP-001,dato ingresado manualmente,895956
11889.0,12/06/2025,SALAMANCA,Hurto,Norte,,Alta,20.0,,,175504
11890.0,2025/12/16,COQUIMBO,Accidente,,12.0,Alta,47.0,,ok,439986
11891.0,May-20-2025,Coquimbo ,,centro,3.0,Media,32.0,ERROR,ok,195345
,,andacollo,Accidente,NORTE,8.0,,51.0,TMP-002,,166567
11893.0,2025/08/23,Salamanca,Hurto,centro,15.0,Alta,57.0,TMP-001,,491640
11894.0,26/05/2024,COQUIMBO,,Sur,14.0,Alta,18.0,TMP-001,ok,794967
11895.0,10/09/2025,LA SERENA,robo,Centro,14.0,ALTA,27.0,TMP-002,ok,504289
11896.0,, Vicuña ,Accidente,Sur,2.0,baja,20.0,,ok,505915
11897.0,2025-11-01,vicuna,Hurto,Rural,3.0,,66.0,ERROR,revisar,628311
11898.0,2025/01/02,Monte Patria,Violencia,Rural,16.0,baja,31.0,,revisar,43738
11899.0,sin fecha,LA SERENA,Robo,Norte,4.0,Baja,33.0,,ok,978323
11900.0,2024-07-17,coquimbo,Fraude,Norte,19.0,Baja,63.0,TMP-001,ok,737054
11901.0,sin fecha,vicuna,robo,Rural,6.0,Baja,26.0,TMP-002,revisar,350440
11902.0,Nov-28-2025,COQUIMBO,Violencia,,12.0,Baja,49.0,TMP-002,sin validar,244403
11903.0,28/06/2025,Coquimbo ,Hurto,NORTE,1.0,Baja,49.0,TMP-002,dato ingresado manualmente,313117
11904.0,,LaSerena,Hurto,Sur,17.0,,31.0,,revisar,733933
11905.0,2024-03-24,OVALLE,Accidente,Rural,11.0,,32.0,TMP-002,ok,836226
11906.0,,illapel,Accidente,Norte,19.0,Alta,18.0,,revisar,702932
11907.0,,COQUIMBO,Violencia,Norte,"12,0",Alta,59.0,ERROR,dato ingresado manualmente,878688
11908.0,Nov-17-2025,monte patria,Accidente,NORTE,7.0,ALTA,54.0,,sin validar,56117
11909.0,2025/09/25,Monte Patria,robo,Sur,11.0,baja,46.0,,ok,431964
11910.0,2024-04-08,MONTE PATRIA,Robo,Norte,18.0,Baja,"58,0",ERROR,revisar,76832
11911.0,2024-08-15,COQUIMBO,,NORTE,5.0,,68.0,TMP-001,revisar,323741
,19/11/2024,monte patria,Robo,,14.0,Alta,16.0,,,621432
11913.0,Aug-24-2025,la serena,Robo,,1.0,Media,"36,0",,revisar,634066
11914.0,13/11/2025,ovalle,Hurto,NORTE,9.0,Alta,17.0,ERROR,ok,973076
11915.0,sin fecha,LaSerena,robo,NORTE,2.0,baja,64.0,TMP-002,revisar,168099
11916.0,Jun-21-2024,andacollo,Fraude,,2.0,Baja,19.0,TMP-002,,71230
11917.0,,monte patria,,Rural,4.0,Media,15.0,,,56888
11918.0,sin fecha,Montepatria,Accidente,Centro,8.0,baja,34.0,,,257112
11919.0,,Serena,Accidente,Norte,5.0,Media,48.0,TMP-001,,425922
11920.0,,Andacollo,robo,Rural,17.0,baja,43.0,ERROR,dato ingresado manualmente,79158
11921.0,2025-09-19,Montepatria,robo,centro,8.0,Alta,56.0,TMP-002,dato ingresado manualmente,829736
11922.0,28/07/2025,OVALLE,Robo,Rural,"19,0",Alta,35.0,ERROR,dato ingresado manualmente,10621
11923.0,2025/04/10,Coquimbo,Robo,Centro,15.0,,38.0,TMP-002,,357482
11924.0,2025/02/09,Vicuña,,NORTE,11.0,,15.0,ERROR,sin validar,255013
11925.0,2025/11/14,VICUÑA, Robo ,Sur,6.0,Alta,20.0,ERROR,,490480
11926.0,Apr-21-2024,Andacollo,,Norte,10.0,Alta,48.0,ERROR,revisar,289907
11927.0,sin fecha,andacollo,,NORTE,2.0,baja,21.0,,revisar,544685
11928.0,2025/05/01,Coquimbo,Robo,Centro,7.0,baja,16.0,,,539889
11929.0,22/12/2025,VICUÑA,Robo,NORTE,19.0,Media,,,,398009
11930.0,,La Serena,Accidente,NORTE,17.0,baja,51.0,TMP-002,,69738
11931.0,12/05/2024,la serena,Hurto,Centro,11.0,baja,40.0,ERROR,dato ingresado manualmente,16460
11932.0,03/09/2025,LA SERENA,Robo,Rural,17.0,Media,62.0,ERROR,dato ingresado manualmente,857678
11933.0,2025/04/13,Illapel,accidente,NORTE,,Alta,"37,0",TMP-001,dato ingresado manualmente,576613
11934.0,Aug-11-2024,Vicuña,robo,Centro,2.0,,41.0,,dato ingresado manualmente,382588
11935.0,,coquimbo,Robo,Norte,11.0,,56.0,TMP-002,ok,812127
11936.0,sin fecha,Illapel,Violencia,Rural,2.0,baja,37.0,,revisar,905272
11937.0,2024-06-09,Andacollo,,NORTE,16.0,baja,36.0,ERROR,ok,802791
11938.0,02/04/2024,monte patria,robo,Sur,17.0,Alta,44.0,TMP-001,dato ingresado manualmente,905833
,2025/04/16,OVALLE,Hurto,Norte,18.0,baja,"42,0",,,376671
11940.0,sin fecha,VICUÑA,Violencia,Rural,3.0,ALTA,21.0,TMP-002,,853090
11941.0,,Andacollo,Hurto,Rural,nan,,34.0,TMP-001,ok,539736
,2025/09/30,Coquimbo,robo,NORTE,11.0,Baja,22.0,,ok,797014
11943.0,,SALAMANCA,,Norte,8.0,Media,34.0,,dato ingresado manualmente,316062
11944.0,,Salamanca,Violencia,,4.0,Baja,38.0,,sin validar,444207
11945.0,,Montepatria,Accidente,Sur,8.0,baja,61.0,,revisar,712277
11946.0,2025/04/18,OVALLE,Accidente,Centro,15.0,baja,36.0,,ok,322962
11947.0,Mar-29-2025,OVALLE,Accidente,centro,,Baja,40.0,,dato ingresado manualmente,796390
11948.0,20/12/2025,ovalle,Hurto,Norte,2.0,,55.0,,sin validar,397753
11949.0,2025-01-01,VICUÑA,,Centro,1.0,baja,22.0,TMP-002,revisar,891859
11950.0,2024-12-03,Coquimbo ,robo,Sur,6.0,baja,63.0,,,332128
11951.0,01/12/2024,Ovalle,Violencia, NORTE ,3.0,ALTA,56.0,TMP-002,revisar,245027
11952.0,,andacollo,Fraude,NORTE,17.0,ALTA,60.0,ERROR,ok,348688
11953.0,13/07/2025,Andacollo,nan,Rural,5.0,Baja,,TMP-002,dato ingresado manualmente,545697
11954.0,2024/12/20,vicuna,Accidente,,9.0,baja,16.0,TMP-001,,782387
11955.0,2025-07-05,LaSerena,Robo,Centro,1.0,Media,18.0,TMP-002,revisar,84278
11956.0,27/09/2024,monte patria,,NORTE,9.0,baja,52.0,,,856040
11957.0,Jul-26-2024,Serena,HURTO,Rural,9.0,Media,19.0,,ok,42546
11958.0,2025-04-15,LA SERENA,Hurto,Centro,5.0,baja,68.0,,sin validar,29876
11959.0,2024/01/02,coquimbo,ROBO,centro,,baja,31.0,TMP-002,ok,998407
11960.0,Dec-01-2025,SERENA,Robo,,17.0,Media,29.0,TMP-001,,202560
11961.0,23/07/2025,Andacollo,Robo,Norte,12.0,baja,130.0,,revisar,658165
11962.0,2024-05-11,vicuna,Violencia,Norte,"15,0",ALTA,43.0,,,287575
11963.0,21/03/2025,Coquimbo,,,17.0,,47.0,ERROR,,418324
11964.0,2025/11/09,Salamanca,Violencia,Norte,2.0,Alta,29.0,ERROR,sin validar,74116
11965.0,18/02/2024,Vicuña,Accidente,centro,"13,0",Alta,49.0,TMP-001,ok,970514
11966.0,Nov-02-2024,COQUIMBO,Violencia,centro,4.0,Media,37.0,,sin validar,605787
11967.0,sin fecha,La Serena,Hurto,,6.0,Media,53.0,TMP-001,ok,616180
11968.0,09/05/2024,OVALLE,robo,RURAL,12.0,Alta,37.0,TMP-002,sin validar,131182
11969.0,Aug-28-2024,Coquimbo,Robo,NORTE,"1,0",,36.0,ERROR,dato ingresado manualmente,614720
11970.0,Jan-30-2024,OVALLE,Robo,NORTE,1.0,baja,44.0,ERROR,revisar,775203
11971.0,Mar-24-2025,OVALLE,,centro,6.0,Media,26.0,,revisar,495879
11972.0,2025/09/14,Coquimbo ,,,14.0,,48.0,TMP-002,,742032
11973.0,, Salamanca ,Hurto,,6.0,baja,41.0,ERROR,sin validar,683055
,09/04/2024,La Serena,Fraude,centro,10.0,baja,28.0,TMP-002,,861701
11975.0,sin fecha, La Serena ,Hurto,Sur,5.0,Alta,47.0,TMP-002,revisar,115201
11976.0,18/03/2024,monte patria,Violencia,,2.0,Baja,64.0,ERROR,,905965
11977.0,02/08/2024,LA SERENA,Fraude,,500.0,,16.0,,,577696
11978.0,2024-06-15,Illapel, Hurto ,centro,4.0,,51.0,TMP-002,,844996
11979.0,sin fecha,SALAMANCA,Accidente,centro,11.0,baja,40.0,,,121894
11980.0,2024/02/01,Vicuña,,CENTRO,2.0,Media,53.0,ERROR,sin validar,428814
11981.0,,Illapel,Violencia,Norte,14.0,Media,39.0,,,820295
11982.0,Jan-18-2024,la serena,Robo,Centro,"8,0",Media,57.0,TMP-002,sin validar,55438
11983.0,,La Serena,Hurto,Norte,19.0,Alta,64.0,TMP-001,,95538
,2024/02/10,Ovalle,robo,Sur,"19,0",,19.0,TMP-002,revisar,192375
11985.0,Nov-30-2024,SALAMANCA,Accidente,centro,10.0,ALTA,56.0,ERROR,,725250
11986.0,sin fecha,Ovalle,Hurto,Rural,,Alta,33.0,ERROR,,727877
11987.0,sin fecha,Montepatria,robo,Rural,5.0,ALTA,31.0,ERROR,,65146
11988.0,2024/04/17,La Serena,,centro,16.0,Alta,66.0,TMP-002,dato ingresado manualmente,319582
11989.0,Aug-03-2024,monte patria,Accidente,Rural,5.0,ALTA,20.0,,dato ingresado manualmente,725063
11990.0,2024-10-08,COQUIMBO,Fraude,centro,0.0,Media,44.0,TMP-002,ok,742574
11991.0,2025/03/01,Ovalle,Robo,centro,16.0,Media,25.0,,sin validar,42100
11992.0,2024-01-25,Salamanca,Violencia,Centro,4.0,Alta,47.0,TMP-001,dato ingresado manualmente,87712
11993.0,Feb-20-2024,salamanca,,Rural,10.0,Baja,,,revisar,836376
11994.0,06/03/2024,SALAMANCA,Fraude,NORTE,12.0,Media,32.0,,ok,240226
11995.0,sin fecha,vicuna,,NORTE,4.0,ALTA,68.0,,,68268
11996.0,16/12/2025,VICUÑA,robo,centro,"11,0",Baja,43.0,ERROR,,510929
11997.0,2024-06-15,Andacollo,,NORTE,7.0,ALTA,34.0,TMP-002,,627443
11998.0,21/07/2024,COQUIMBO,Accidente,centro,8.0,,52.0,,,332718
11999.0,2024-11-19,La Serena,Fraude,Sur,500.0,baja,60.0,,dato ingresado manualmente,171978
12000.0,2024-12-14,Coquimbo,Hurto,Sur,3.0,BAJA,31.0,,,178947
2752.0,2025-04-03,la serena,,Centro,5.0,ALTA,14.0,TMP-002,sin validar,141866
11439.0,2025-03-05,vicuna,Fraude,Centro,7.0,Alta,28.0,,revisar,751552
9672.0,Feb-02-2025,Coquimbo,Accidente,Centro,3.0,Alta,36.0,ERROR,revisar,298311
5311.0,sin fecha,illapel,Fraude,Rural,6.0,Baja,27.0,ERROR,dato ingresado manualmente,335308
11705.0,10/10/2025,Coquimbo ,Violencia,Centro,17.0,baja,"44,0",,dato ingresado manualmente,189033
2479.0,2025/09/07,Monte Patria,Hurto,Norte,3.0,Alta,53.0,ERROR,ok,399448
5551.0,Mar-07-2025,VICUÑA,robo,centro,7.0,,14.0,TMP-001,dato ingresado manualmente,579962
80.0,Apr-27-2024,Monte Patria,Robo,,13.0,ALTA,"48,0",ERROR,ok,746086
1589.0,20/03/2024,Coquimbo ,,Rural,19.0,ALTA,57.0,,sin validar,572307
92.0,2025/09/04,Ovalle,,Centro,2.0, nan ,69.0,,sin validar,216986
6619.0,,Andacollo,Accidente,,4.0,Baja,,TMP-001,,276217
734.0,Nov-28-2024,coquimbo,robo,Sur,7.0,ALTA,19.0,ERROR,sin validar,98343
5320.0,2024/03/14,Monte Patria,Robo,Rural,19.0,Media,43.0,TMP-001,,962919
8356.0,2024/12/24,SALAMANCA,Violencia,,6.0, Media ,39.0,,ok,796672
7869.0,12/07/2024,andacollo,Accidente,Sur,3.0,,69.0,,dato ingresado manualmente,683007
2355.0,Feb-01-2025,Serena,Fraude,Norte,8.0,baja,16.0,TMP-002,ok,640771
10551.0,2025-09-26,vicuna,robo,,"16,0",,43.0,,,911412
3181.0,2024/01/13,Coquimbo,,Norte,17.0,,14.0,TMP-002,sin validar,551696
1773.0,Aug-08-2024,Montepatria,robo,Norte,19.0,baja,"56,0",,,470332
3678.0,2024/12/09,la serena,Violencia,Centro,13.0,Alta,32.0,,sin validar,307249
6164.0,2025-10-28,Monte Patria,,Centro,-3.0,Baja,17.0,TMP-002,revisar,203417
1636.0,11/01/2025,illapel,robo,Sur,15.0,Baja,62.0,,,210591
1165.0,,VICUÑA,robo,Sur,1.0,,22.0,,,220326
835.0,,La Serena,Accidente,,10.0,Alta,64.0,TMP-002,sin validar,13721
8753.0,2025/03/31,VICUÑA,Violencia,Norte,17.0,,32.0,TMP-002,ok,2787
6288.0,23/03/2025,La Serena,Fraude,NORTE,12.0,Alta,60.0,TMP-002,,634614
9649.0,2025/10/19,La Serena,robo,,13.0,Baja,36.0,,,670109
11410.0,,coquimbo,Violencia,Norte,9.0,,63.0,ERROR,revisar,476641
2297.0,Mar-21-2024,ovalle,,Centro,2.0,Baja,38.0,TMP-002,,776476
1830.0,2024/11/11,vicuna,Violencia,Centro,16.0,Baja,35.0,,revisar,98082
9265.0,21/05/2024,andacollo,Robo,Centro,,ALTA,60.0,TMP-002,revisar,666589
8267.0,10/01/2024,LA SERENA,Violencia,centro,8.0,ALTA,47.0,TMP-002,,732823
2676.0,,coquimbo,robo,NORTE,17.0,baja,18.0,TMP-001,,846483
2729.0,2025-12-20,ovalle,Violencia,NORTE,3.0,baja,42.0,TMP-002,,339178
11501.0,2025-09-26,Coquimbo,,NORTE,16.0,,34.0,ERROR,,436957
1887.0,07/03/2025,la serena,Fraude,,16.0,Media,53.0,,revisar,555927
10279.0,Jul-07-2024,Vicuña,Fraude,,17.0,,27.0,ERROR,,540866
6320.0,2025-02-02,Illapel,Fraude,,7.0,Alta,20.0,ERROR,revisar,323860
8899.0,,Monte Patria,robo, NORTE ,"1,0",Alta,20.0,,sin validar,909973
5646.0,,La Serena,ROBO,Norte,15.0,Media,30.0,,sin validar,47539
10370.0,2025-08-17,monte patria,Accidente,NORTE,"13,0",,66.0,,dato ingresado manualmente,196532
9181.0,2025-09-28,vicuna,Fraude,Norte,"17,0",Alta,31.0,TMP-002,,962616
9458.0,2024-03-11,Monte Patria,Hurto,centro,11.0,baja,37.0,TMP-001,dato ingresado manualmente,134251
3991.0,2024-04-11,Vicuña,Hurto,Norte,10.0,Media,44.0,,revisar,179514
10347.0,05/10/2025,Coquimbo ,Violencia,Sur,18.0,ALTA,,,revisar,120630
10872.0,2024-10-27,la serena,Fraude,Sur,10.0,,17.0,,,118551
1042.0,2024-08-12,Serena,Accidente,,9.0,,23.0,TMP-001,,218035
1675.0,,la serena,robo,Norte,9.0,Media,55.0,TMP-002,ok,169294
7352.0,2025/11/19,coquimbo,,Rural,17.0,baja,,TMP-001,sin validar,265340
6617.0,Mar-01-2024,monte patria,,Rural,14.0,,63.0,TMP-002,ok,571827
9256.0,,coquimbo,Violencia,NORTE,3.0,baja,59.0,,dato ingresado manualmente,396039
7207.0,,COQUIMBO,Robo,Centro,9.0,Media,21.0,,,366677
11306.0,2024/05/09,La Serena,Accidente,centro,7.0,ALTA,62.0,TMP-002,ok,495545
2065.0,,VICUÑA,Accidente,Sur,3.0,baja,68.0,TMP-001,ok,833355
5787.0,16/03/2024,Monte Patria,robo,Norte,,Baja,33.0,ERROR,,723268
881.0,Dec-03-2024,OVALLE,Hurto,Sur,8.0,,64.0,TMP-002,,135979
6115.0,2025-03-11,LA SERENA,,Rural,18.0,Media,,TMP-001,dato ingresado manualmente,27836
1609.0,Jun-16-2024,ovalle,Hurto,Sur,4.0,ALTA,42.0,ERROR,,977049
4928.0,2024/10/15,Montepatria,Accidente,centro,13.0,ALTA,45.0,,dato ingresado manualmente,694335
5063.0,09/07/2025,Coquimbo,Fraude,,11.0,Media,38.0,ERROR,,772880
1576.0,,illapel, robo ,,8.0,baja,"39,0",TMP-001,,486273
6700.0,,andacollo,ACCIDENTE,centro,19.0,,51.0,TMP-002,ok,84366
8373.0,sin fecha,la serena,Violencia,Sur,15.0,Media,47.0,TMP-001,,284366
6553.0,25/10/2024,COQUIMBO,Hurto,Norte,15.0,media,22.0,ERROR,,964017
4347.0,18/08/2025,Salamanca,Robo,Norte,1.0,,46.0,,revisar,56246
3825.0,Apr-06-2025,COQUIMBO,Hurto,NORTE,13.0,,43.0,ERROR,,75812
4654.0,sin fecha,Andacollo,Hurto,Norte,14.0,Baja,30.0,TMP-002,revisar,492975
134.0,17/04/2024,LA SERENA,Hurto,centro,17.0,,63.0,,dato ingresado manualmente,842991
6906.0,,vicuna,Robo,Centro,8.0,Media,58.0,,dato ingresado manualmente,265673
4521.0,2024-02-02,ovalle,robo,NORTE,7.0,Media,48.0,,,738677
4802.0,16/02/2025,La Serena,Violencia,centro,14.0,MEDIA,18.0,,revisar,362977
2706.0,Apr-19-2025,Andacollo,,SUR,16.0,Baja,24.0,,dato ingresado manualmente,365928
1801.0,16/10/2025,COQUIMBO,robo,Sur,16.0,,36.0,ERROR,dato ingresado manualmente,556305
1708.0,04/07/2024,andacollo,Hurto,Centro,9.0,baja,47.0,,,756455
,2024/08/07,andacollo,Accidente,centro,17.0,ALTA,,ERROR,,117712
3228.0,2025/12/07,illapel,,Sur,6.0,Media,42.0,TMP-001,ok,895419
11277.0,2025-01-27,Coquimbo ,Fraude,Rural,2.0,,44.0,,,771184
9983.0,Oct-07-2024,monte patria,Hurto,Sur,12.0,baja,36.0,ERROR,,927382
8198.0,2025-11-06,LaSerena, Hurto ,Sur,,ALTA,43.0,TMP-002,,34342
11473.0,Nov-04-2024,ovalle,robo,centro,5.0, Alta ,29.0,,,445144
5699.0,2024-02-16,coquimbo,Accidente,Sur,7.0,,30.0,,revisar,327812
7511.0,05/06/2025,monte patria,violencia,  ,1.0,Media,42.0,,ok,329889
11648.0,Oct-21-2024,andacollo,Violencia,,7.0,baja,29.0,TMP-001,dato ingresado manualmente,748815
7236.0,2024-03-17,La Serena,,Centro,,baja,27.0,,dato ingresado manualmente,686310
4931.0,10/06/2025,monte patria,Hurto,NORTE,1.0,Media,56.0,TMP-002,sin validar,667244
6138.0,,La Serena,robo,Norte,9.0,Media,33.0,,revisar,625933
11131.0,2025/12/01,illapel,Hurto,Rural,2.0,Media,23.0,TMP-001,revisar,958890
8186.0,May-01-2025,Ovalle,Accidente,Rural,7.0,ALTA,25.0,ERROR,,725288
1847.0,08/05/2025,SALAMANCA,,Rural,9.0,,38.0,TMP-002,,436412
5738.0,Jun-09-2025,monte patria,,NORTE,19.0,Media,"44,0",TMP-001,ok,846133
3254.0,,la serena,Fraude,Centro,8.0,Baja,58.0,TMP-001,,267207
3784.0,2025-02-26,SALAMANCA,robo,centro,12.0,Baja,63.0,TMP-002,,824038
9275.0,2024/09/11,Salamanca,Violencia,Norte,14.0,Alta,33.0,TMP-002,,80310
9490.0,sin fecha,salamanca,robo,Sur,9.0,,40.0,TMP-002,revisar,550498
7394.0,,LaSerena,Violencia,norte,4.0,ALTA,46.0,,ok,184169
427.0,10/10/2025,Montepatria,Robo,NORTE,2.0,baja,60.0,TMP-002,dato ingresado manualmente,819933
8808.0,,Salamanca,Accidente,,15.0,Media,29.0,,revisar,670013
9099.0,21/09/2025,COQUIMBO,Fraude,,,baja,32.0,,sin validar,621051
2461.0,sin fecha, La Serena ,,,10.0,Alta,16.0,TMP-001,revisar,493190
2967.0,2024-05-21,LaSerena,Accidente,Sur,8.0,Media,,TMP-001,,583764
3239.0,2025-01-20,Monte Patria,Violencia,Centro,17.0,Media,63.0,TMP-002,,633136
7407.0,2024/01/09,la serena,Violencia,Centro,5.0,,"26,0",TMP-001,sin validar,497049
1056.0,Aug-24-2025,Andacollo,Robo,Centro,4.0,Alta,"37,0",TMP-002,,103180
5717.0,28/11/2024,Vicuña,Violencia,centro,11.0,Alta,61.0,,,334601
2024.0,31/10/2025,OVALLE,robo,Rural,6.0,,53.0,,revisar,637492
8344.0,03/09/2025,vicuña,Accidente,NORTE,16.0,ALTA,41.0,TMP-002,revisar,641489
4556.0,02/11/2024,ovalle,Robo,Rural,8.0,,5.0,TMP-001,sin validar,445050
11370.0,,ovalle,Robo,centro,13.0,Baja,28.0,,dato ingresado manualmente,479777
11966.0,Nov-02-2024,COQUIMBO,Violencia,centro,4.0,Media,37.0,ERROR,revisar,560005
10039.0,Jul-03-2024,Serena,Accidente,Centro,5.0,Baja,42.0,TMP-002,ok,325937
9363.0,,Serena,VIOLENCIA,,12.0,baja,55.0,TMP-002,,896242
6296.0,Mar-27-2025,La Serena,Robo,Centro,7.0,,49.0,TMP-002,sin validar,568304
7233.0,2025-02-01,SERENA,,,9.0,Media,21.0,TMP-001,dato ingresado manualmente,495766
,Feb-19-2025,Ovalle,Robo,sur,8.0,ALTA,68.0,ERROR,dato ingresado manualmente,559533
9989.0,2025-02-19,vicuna,Robo,Centro,2.0,Media,31.0,,sin validar,885316
7585.0,sin fecha,COQUIMBO,Accidente,,13.0,Baja,51.0,TMP-002,,736747
9297.0,sin fecha,Montepatria,robo,Rural,1.0,,53.0,TMP-001,sin validar,335259
10174.0,Sep-23-2024, Ovalle ,,Sur,9.0,,33.0,,ok,236109
9975.0,,COQUIMBO,Robo,Sur,8.0,Media,55.0,,ok,113192
8080.0,Jan-25-2025,ovalle,robo,,3.0,Alta,43.0,TMP-001,sin validar,363479
1476.0,Nov-08-2024,monte patria,,Norte,17.0,Baja,25.0,,revisar,703520
1121.0,,Salamanca,Violencia,Sur,5.0,Baja,22.0,ERROR,dato ingresado manualmente,621161
6972.0,2024-05-09,Monte Patria,Accidente,NORTE,19.0,Alta,68.0,ERROR,,242379
11176.0,2024-02-20,Andacollo,,Norte,16.0,Baja,43.0,,,318020
2989.0,sin fecha,COQUIMBO,Robo,centro,16.0,Media,46.0,TMP-001,,650791
,,vicuna,Violencia,Rural,8.0,Media,,TMP-001,ok,223758
7689.0,,COQUIMBO,Robo,Norte,10.0,,59.0,,sin validar,409250
2072.0,2025/09/19,SALAMANCA,Hurto,Centro,7.0,Media,44.0,,dato ingresado manualmente,364993
1171.0,Jan-24-2025,Salamanca,Violencia,Norte,5.0,,25.0,,sin validar,468254
4967.0,Apr-01-2025,Serena,Violencia,Sur,nan,baja,32.0,TMP-001,,328441
588.0,2024-09-08,OVALLE,Accidente,Rural,1.0,,55.0,TMP-002,,127324
277.0,Feb-27-2025,Illapel,Robo,Centro,"4,0",Media,22.0,,ok,133456
10407.0,sin fecha,COQUIMBO,,,18.0,Alta,27.0,TMP-001,,887345
1495.0,,monte patria,Fraude,Rural,15.0,Media,37.0,,sin validar,210071
5667.0,sin fecha,Vicuña,Fraude,Rural,15.0,Media,14.0,,,75545
11061.0,,Vicuña,,NORTE,9.0,Alta,17.0,ERROR,dato ingresado manualmente,55830
5544.0,,VICUNA,Robo,NORTE,15.0,baja,25.0,ERROR,sin validar,894319
9047.0,2024/05/15,Andacollo,Robo,Rural,18.0,ALTA,51.0,ERROR,,64237
8816.0,2024/09/28,Salamanca,Hurto,Sur,,Baja,16.0,,,42660
2277.0,2025/07/03,monte patria,Robo,Norte,12.0,,46.0,,,834924
8936.0,2025/06/06,vicuna,Robo,Centro,15.0,ALTA,31.0,TMP-001,dato ingresado manualmente,717952
6027.0,2024-09-23,monte patria,Fraude,Centro,nan,,47.0,ERROR,revisar,794049
429.0,sin fecha,SALAMANCA,Accidente,,4.0,ALTA,55.0,TMP-001,,753808
1544.0,,illapel,robo,Centro,14.0,,16.0,TMP-002,sin validar,236898
35.0,2024/11/10,Coquimbo ,Fraude,Sur,19.0,,22.0,,,575848
9754.0,26/06/2024,Illapel,Violencia,,12.0,baja,17.0,TMP-002,,679836
9419.0,2024/12/19,andacollo,Robo,Norte,10.0,Alta,18.0,,ok,545353
2135.0,sin fecha,monte patria,Fraude,centro,17.0,Media,28.0,TMP-001,sin validar,908617
3355.0,,Andacollo,,Norte,11.0,Alta,"14,0",,,65198
7967.0,Jul-26-2025,Illapel,Fraude,,6.0,ALTA,14.0,,revisar,278892
4155.0,2024-02-29,Coquimbo ,,NORTE,4.0,baja,20.0,,ok,483689
1527.0,2025/02/20,andacollo,,Norte,8.0,Alta,24.0,TMP-001,ok,935268
1091.0,07/11/2024,LaSerena,robo,NORTE,,Alta,54.0,ERROR,,692868
,2024-04-01,Vicuña,Hurto,centro,10.0,Media,43.0,,dato ingresado manualmente,769063
11119.0,10/03/2024,coquimbo,,Norte,13.0,Media,25.0,,,728351
1353.0,,VICUÑA,Fraude,Rural,2.0,baja,58.0,TMP-001,dato ingresado manualmente,610561
11788.0,Jun-04-2024,Coquimbo ,,Sur,2.0,ALTA,31.0,ERROR,ok,595826
6913.0,27/10/2025, Coquimbo ,robo,,,Baja,53.0,TMP-002,,677865
8468.0,2024-12-03,illapel,Violencia,Centro,11.0,Alta,18.0,TMP-002,dato ingresado manualmente,496542
2873.0,2025-04-17,Vicuña,robo,Rural,15.0,ALTA,42.0,TMP-001,,761481
4458.0,2024-01-21,Monte Patria,,Rural,8.0,,19.0,TMP-002,dato ingresado manualmente,331565
11342.0,Apr-13-2025,OVALLE,,Rural,7.0,baja,63.0,TMP-001,,214062
,,vicuna,robo,Sur,0.0,baja,48.0,TMP-002,,379133
8021.0,2024-01-31,COQUIMBO,Violencia,Norte,16.0,ALTA,29.0,TMP-002,ok,777020
8852.0,,la serena,,NORTE,7.0,Baja,43.0,,dato ingresado manualmente,575648
8847.0,Apr-30-2025,SALAMANCA,,NORTE,13.0,Baja,20.0,,ok,146664
7201.0,2025/03/14,LaSerena,Fraude,Centro,7.0,,52.0,TMP-001,,958220
7471.0,Jul-07-2024,SALAMANCA,,Sur,10.0,,,,ok,64999
9557.0,Aug-25-2025,vicuna,  ,centro,12.0,Alta,29.0,TMP-001,revisar,678672
10244.0,12/01/2025,VICUÑA,Accidente,Sur,,baja,52.0,TMP-002,,38947
4866.0,Jul-01-2024,Illapel,Fraude,centro,3.0,Baja,65.0,ERROR,ok,425997
11835.0,,Monte Patria,Robo,Centro,2.0,Baja,42.0,,,228000
5451.0,2025-11-18,coquimbo,Violencia,centro,15.0,baja,43.0,TMP-002,,825466
6283.0,2025/06/09,illapel,Robo,NORTE,8.0,baja,54.0,ERROR,,702857
1663.0,29/06/2025,LA SERENA,Robo,Sur,2.0,Alta,32.0,,,339988
9026.0,2025-09-17,illapel,,,18.0,,19.0,TMP-002,,74549
1356.0,22/08/2024,SALAMANCA,,centro,13.0,Baja,46.0,TMP-002,,842155
10660.0,2024-09-30,Ovalle,,Norte,1.0,ALTA,36.0,TMP-002,sin validar,360542
1294.0,2024-02-02,Salamanca,Violencia,Sur,15.0,Alta,"26,0",TMP-001,dato ingresado manualmente,20332
8126.0,02/11/2025,OVALLE,Fraude,Norte,6.0,Media,35.0,ERROR,ok,967668
1475.0,09/10/2024,OVALLE,Robo,centro,,,33.0,ERROR,sin validar,504402
8723.0,2025/03/24,coquimbo,Accidente, Sur ,7.0,Alta,50.0,,,681750
3180.0,2024/05/22,OVALLE,Accidente,centro,2.0,baja,"38,0",TMP-002,revisar,275385
8927.0,Mar-06-2024,LaSerena,Fraude,NORTE,11.0,,56.0,ERROR,revisar,159189
6533.0,2025-01-23,illapel,robo,Rural,2.0,,37.0,,revisar,312976
4197.0,,LaSerena,,Sur,16.0,baja,38.0,TMP-002,revisar,588856
2776.0,04/06/2024,vicuna,robo,Norte,5.0, Alta ,69.0,,dato ingresado manualmente,885683
3200.0,18/08/2024,La Serena,Robo, centro ,18.0,Alta,65.0,ERROR,sin validar,911491
5678.0,sin fecha,monte patria,Violencia,,1.0,,31.0,ERROR,,780456
3441.0,2024-03-27,Andacollo,,NORTE,13.0,Media,57.0,,dato ingresado manualmente,978724
2339.0,Jun-25-2024,ovalle,Hurto,,3.0,baja,"61,0",TMP-001,,870871
7834.0,sin fecha,ovalle,Hurto,NORTE,16.0,,51.0,TMP-001,ok,43322
6517.0,Sep-13-2025,Serena,,Rural,15.0,Alta,21.0,,sin validar,974732
5423.0,26/09/2024,la serena,Robo,  ,10.0,Baja,47.0,,,75617
1720.0,Aug-05-2024, Illapel ,Accidente,Norte,4.0,Alta,41.0,,,707533
,2024-05-10,andacollo,robo,,15.0,ALTA,16.0,TMP-001,sin validar,293201
10192.0,sin fecha,Andacollo,Robo,Centro,12.0,ALTA,55.0,TMP-001,revisar,877206
1948.0,2024/02/21,OVALLE,,NORTE,17.0,,33.0,TMP-001,sin validar,986631
4889.0,31/03/2025,la serena,Violencia,Norte,7.0,Baja,50.0,TMP-002,sin validar,764789
7007.0,, Coquimbo , Violencia ,Centro,5.0,baja,nan,ERROR,,848150
3144.0,2024/01/01,la serena,Fraude,centro,17.0,Baja,-1.0,TMP-001,,371481
560.0,,Serena,Robo,Sur,17.0,Media,55.0,,dato ingresado manualmente,270235
3114.0,,Coquimbo ,,Rural,17.0,ALTA,63.0,TMP-001,sin validar,366004
6591.0,2025-09-14,coquimbo,, Rural ,,ALTA,43.0,ERROR,,13950
9583.0,08/09/2024,vicuna,robo,Norte,7.0,,16.0,,,595476
6155.0,17/02/2024,salamanca,,NORTE,12.0,,60.0,TMP-002,ok,970590
3961.0,2025-05-19,Coquimbo,,,,Media,51.0,,dato ingresado manualmente,779079
415.0,2025-10-15,serena,robo,NORTE,1.0,Baja,44.0,,dato ingresado manualmente,849666
1661.0,2024-12-13,illapel,Robo,Sur,3.0,Media,25.0,TMP-001,,854036
5185.0,2025-05-21,andacollo,Fraude,centro,2.0,baja,51.0,,dato ingresado manualmente,867469
1893.0,,Salamanca,Violencia,NORTE,15.0,Alta,46.0,TMP-002,revisar,137648
7626.0,sin fecha,Illapel,Fraude,Norte,13.0,,20.0,TMP-001,,578682
180.0,Sep-14-2025,Andacollo,Fraude,NORTE,9.0,baja,41.0,TMP-002,sin validar,568977
6497.0,08/11/2025,VICUÑA,robo,Norte,16.0,baja,64.0,TMP-002,sin validar,733522
1531.0,2024-05-13,Serena,Robo,Norte,6.0,,50.0,TMP-002,dato ingresado manualmente,935933
10559.0,19/07/2024,coquimbo,hurto,,18.0,baja,51.0,ERROR,,453877
3099.0,Oct-18-2024,Andacollo,Accidente,Sur,6.0,,41.0,TMP-001,revisar,134910
7163.0,Feb-08-2024,Montepatria,Violencia,Rural,8.0,baja,51.0,TMP-001,,435547
9007.0,2025-09-06,OVALLE,Fraude,Sur,1.0,,51.0,TMP-002,,463048
3307.0,Apr-28-2025,OVALLE,robo,NORTE,18.0,Baja,53.0,TMP-001,,743314
786.0,2024-09-18,Serena,Fraude,Rural,11.0,baja,41.0,,sin validar,913306
2558.0,Nov-23-2024,coquimbo,Robo,centro,15.0,Media,68.0,TMP-001,revisar,256390
3121.0,sin fecha,La Serena,robo,Centro,19.0,Media,27.0,TMP-002,dato ingresado manualmente,466830
6202.0,23/02/2024,La Serena,Fraude,Norte,7.0,,59.0,ERROR,revisar,757506
8570.0,17/01/2025,ovalle,,Sur,11.0,,15.0,TMP-002,sin validar,789545
10978.0,2024/12/12,Vicuña,,Norte,6.0,,15.0,,revisar,229859
1065.0,Sep-14-2025, Salamanca ,robo,NORTE,13.0,Baja,43.0,,,890877
3188.0,,ovalle,robo,NORTE,6.0, nan ,40.0,ERROR,sin validar,378314
7251.0,sin fecha,COQUIMBO,Hurto,Rural,6.0,,45.0,,,677667
3061.0,26/07/2025,la serena,robo,NORTE,"10,0",,50.0,,ok,330234
9637.0,,andacollo,,Norte,1.0,ALTA,62.0,TMP-002,ok,950054
9288.0,2024-11-09,Montepatria,Violencia,Norte,15.0,baja,,TMP-002,revisar,282604
8181.0,Apr-01-2025,Ovalle,Accidente,Rural,8.0,Baja,35.0,,,97817
2310.0,,Andacollo,Violencia,Rural,9.0,Baja,33.0,,,951984
10481.0,sin fecha,LaSerena,robo,CENTRO,16.0,Media,42.0,TMP-001,revisar,894000
7543.0,Aug-05-2025,Ovalle,Accidente,Centro,17.0,ALTA,,,dato ingresado manualmente,610131
8420.0,sin fecha,Illapel,robo,Centro,3.0,baja,67.0,TMP-001,,730203
697.0,2025/11/28,Coquimbo ,Robo,Sur,2.0,baja,41.0,,,493988
6536.0,2025-01-30,Montepatria,,Sur,17.0,baja,53.0,,dato ingresado manualmente,770516
10902.0,Jun-03-2024,Salamanca,Accidente,centro,4.0,,45.0,,,961769
